ISO-10303-21;
HEADER;
/* Generated by software containing ST-Developer
 * from STEP Tools, Inc. (www.steptools.com) 
 */

FILE_DESCRIPTION(
/* description */ (''),
/* implementation_level */ '2;1');

FILE_NAME(
/* name */ 'Top.step',
/* time_stamp */ '2025-10-29T00:15:25+05:30',
/* author */ (''),
/* organization */ (''),
/* preprocessor_version */ 'ST-DEVELOPER v20.1',
/* originating_system */ 'Autodesk Translation Framework v14.10.0.0',
/* authorisation */ '');

FILE_SCHEMA (('AUTOMOTIVE_DESIGN { 1 0 10303 214 3 1 1 }'));
ENDSEC;

DATA;
#10=MECHANICAL_DESIGN_GEOMETRIC_PRESENTATION_REPRESENTATION('',(#13),#6102);
#11=SHAPE_REPRESENTATION_RELATIONSHIP('SRR','None',#6109,#12);
#12=ADVANCED_BREP_SHAPE_REPRESENTATION('',(#14),#6101);
#13=STYLED_ITEM('',(#6119),#14);
#14=MANIFOLD_SOLID_BREP('Top',#3552);
#15=B_SPLINE_SURFACE_WITH_KNOTS('',3,3,((#5852,#5853,#5854,#5855,#5856),
(#5857,#5858,#5859,#5860,#5861),(#5862,#5863,#5864,#5865,#5866),(#5867,
#5868,#5869,#5870,#5871)),.UNSPECIFIED.,.F.,.F.,.F.,(4,4),(4,1,4),(0.,1.),
(-2.66453525910038E-15,0.656445892931413,1.53170708350663),
 .UNSPECIFIED.);
#16=B_SPLINE_SURFACE_WITH_KNOTS('',3,3,((#5885,#5886,#5887,#5888,#5889),
(#5890,#5891,#5892,#5893,#5894),(#5895,#5896,#5897,#5898,#5899),(#5900,
#5901,#5902,#5903,#5904)),.UNSPECIFIED.,.F.,.F.,.F.,(4,4),(4,1,4),(0.,1.),
(-1.53170708350663,-0.875261190575218,8.88178419700125E-16),
 .UNSPECIFIED.);
#17=B_SPLINE_SURFACE_WITH_KNOTS('',3,3,((#5934,#5935,#5936,#5937),(#5938,
#5939,#5940,#5941),(#5942,#5943,#5944,#5945),(#5946,#5947,#5948,#5949)),
 .UNSPECIFIED.,.F.,.F.,.F.,(4,4),(4,4),(0.,1.),(1.53170708350663,1.5707963267949),
 .UNSPECIFIED.);
#18=B_SPLINE_SURFACE_WITH_KNOTS('',3,3,((#5954,#5955,#5956,#5957),(#5958,
#5959,#5960,#5961),(#5962,#5963,#5964,#5965),(#5966,#5967,#5968,#5969)),
 .UNSPECIFIED.,.F.,.F.,.F.,(4,4),(4,4),(0.,1.),(-1.5707963267949,-1.53170708350663),
 .UNSPECIFIED.);
#19=B_SPLINE_CURVE_WITH_KNOTS('',3,(#5317,#5318,#5319,#5320),
 .UNSPECIFIED.,.F.,.F.,(4,4),(1.53170708350663,1.5707963267949),
 .UNSPECIFIED.);
#20=B_SPLINE_CURVE_WITH_KNOTS('',3,(#5322,#5323,#5324,#5325,#5326),
 .UNSPECIFIED.,.F.,.F.,(4,1,4),(-2.66453525910038E-15,0.656445892931413,
1.53170708350663),.UNSPECIFIED.);
#21=B_SPLINE_CURVE_WITH_KNOTS('',3,(#5330,#5331,#5332,#5333,#5334),
 .UNSPECIFIED.,.F.,.F.,(4,1,4),(-1.53170708350663,-0.875261190575218,8.88178419700125E-16),
 .UNSPECIFIED.);
#22=B_SPLINE_CURVE_WITH_KNOTS('',3,(#5335,#5336,#5337,#5338),
 .UNSPECIFIED.,.F.,.F.,(4,4),(-1.5707963267949,-1.53170708350663),
 .UNSPECIFIED.);
#23=B_SPLINE_CURVE_WITH_KNOTS('',3,(#5875,#5876,#5877,#5878,#5879),
 .UNSPECIFIED.,.F.,.F.,(4,1,4),(-1.53170708350663,-0.656445892931413,2.66453525910038E-15),
 .UNSPECIFIED.);
#24=B_SPLINE_CURVE_WITH_KNOTS('',3,(#5907,#5908,#5909,#5910,#5911),
 .UNSPECIFIED.,.F.,.F.,(4,1,4),(-8.88178419700125E-16,0.875261190575218,
1.53170708350663),.UNSPECIFIED.);
#25=B_SPLINE_CURVE_WITH_KNOTS('',3,(#5950,#5951,#5952,#5953),
 .UNSPECIFIED.,.F.,.F.,(4,4),(1.53170708350663,1.5707963267949),
 .UNSPECIFIED.);
#26=B_SPLINE_CURVE_WITH_KNOTS('',3,(#5970,#5971,#5972,#5973),
 .UNSPECIFIED.,.F.,.F.,(4,4),(-1.5707963267949,-1.53170708350663),
 .UNSPECIFIED.);
#27=CYLINDRICAL_SURFACE('',#3623,2.00000000000003);
#28=CYLINDRICAL_SURFACE('',#3627,1.99999999999999);
#29=CYLINDRICAL_SURFACE('',#3631,2.);
#30=CYLINDRICAL_SURFACE('',#3635,2.);
#31=CYLINDRICAL_SURFACE('',#3639,1.99999999999999);
#32=CYLINDRICAL_SURFACE('',#3643,2.00000000000003);
#33=CYLINDRICAL_SURFACE('',#3667,0.500000000000007);
#34=CYLINDRICAL_SURFACE('',#3669,0.500000000000007);
#35=CYLINDRICAL_SURFACE('',#3735,0.500000000000007);
#36=CYLINDRICAL_SURFACE('',#3737,0.499999999999972);
#37=CYLINDRICAL_SURFACE('',#3739,0.500000000000007);
#38=CYLINDRICAL_SURFACE('',#3741,0.500000000000007);
#39=CYLINDRICAL_SURFACE('',#3767,0.500000000000025);
#40=CYLINDRICAL_SURFACE('',#3769,0.500000000000007);
#41=CYLINDRICAL_SURFACE('',#3771,0.499999999999989);
#42=CYLINDRICAL_SURFACE('',#3773,0.500000000000007);
#43=CYLINDRICAL_SURFACE('',#3787,0.499999999999998);
#44=CYLINDRICAL_SURFACE('',#3789,0.500000000000007);
#45=CYLINDRICAL_SURFACE('',#3803,0.499999999999998);
#46=CYLINDRICAL_SURFACE('',#3805,0.500000000000007);
#47=CYLINDRICAL_SURFACE('',#3819,0.499999999999998);
#48=CYLINDRICAL_SURFACE('',#3821,0.500000000000007);
#49=CYLINDRICAL_SURFACE('',#3835,0.499999999999998);
#50=CYLINDRICAL_SURFACE('',#3837,0.500000000000007);
#51=CYLINDRICAL_SURFACE('',#3851,0.499999999999998);
#52=CYLINDRICAL_SURFACE('',#3853,0.499999999999998);
#53=CYLINDRICAL_SURFACE('',#3864,4.);
#54=CYLINDRICAL_SURFACE('',#3866,4.);
#55=CYLINDRICAL_SURFACE('',#3867,4.);
#56=CYLINDRICAL_SURFACE('',#3869,4.);
#57=CYLINDRICAL_SURFACE('',#3870,0.500000000000043);
#58=CYLINDRICAL_SURFACE('',#3873,0.499999999999998);
#59=CYLINDRICAL_SURFACE('',#3876,0.499999999999972);
#60=CYLINDRICAL_SURFACE('',#3879,0.5);
#61=CYLINDRICAL_SURFACE('',#3884,3.99999999999999);
#62=CYLINDRICAL_SURFACE('',#3885,0.499999999999972);
#63=CYLINDRICAL_SURFACE('',#3887,0.499999999999998);
#64=CYLINDRICAL_SURFACE('',#3889,0.499999999999998);
#65=CYLINDRICAL_SURFACE('',#3891,0.5);
#66=CYLINDRICAL_SURFACE('',#3893,0.5);
#67=CYLINDRICAL_SURFACE('',#3895,0.5);
#68=CYLINDRICAL_SURFACE('',#3897,0.5);
#69=CYLINDRICAL_SURFACE('',#3899,0.500000000000007);
#70=CYLINDRICAL_SURFACE('',#3901,0.500000000000025);
#71=CYLINDRICAL_SURFACE('',#3903,0.500000000000007);
#72=CYLINDRICAL_SURFACE('',#3905,0.500000000000007);
#73=CYLINDRICAL_SURFACE('',#3907,0.499999999999972);
#74=CYLINDRICAL_SURFACE('',#3909,0.499999999999998);
#75=CYLINDRICAL_SURFACE('',#3911,0.50000000000001);
#76=CYLINDRICAL_SURFACE('',#3913,0.499999999999989);
#77=CYLINDRICAL_SURFACE('',#3915,0.500000000000007);
#78=CYLINDRICAL_SURFACE('',#3917,0.5);
#79=CYLINDRICAL_SURFACE('',#3919,0.500000000000007);
#80=CYLINDRICAL_SURFACE('',#3921,0.5);
#81=CYLINDRICAL_SURFACE('',#3923,0.499999999999989);
#82=FACE_BOUND('',#420,.T.);
#83=FACE_BOUND('',#421,.T.);
#84=FACE_BOUND('',#422,.T.);
#85=FACE_BOUND('',#423,.T.);
#86=FACE_BOUND('',#424,.T.);
#87=FACE_BOUND('',#425,.T.);
#88=FACE_BOUND('',#426,.T.);
#89=FACE_BOUND('',#427,.T.);
#90=FACE_BOUND('',#428,.T.);
#91=FACE_BOUND('',#429,.T.);
#92=FACE_BOUND('',#430,.T.);
#93=FACE_BOUND('',#431,.T.);
#94=FACE_BOUND('',#432,.T.);
#95=FACE_BOUND('',#433,.T.);
#96=FACE_BOUND('',#434,.T.);
#97=FACE_BOUND('',#465,.T.);
#98=FACE_BOUND('',#466,.T.);
#99=FACE_BOUND('',#467,.T.);
#100=FACE_BOUND('',#468,.T.);
#101=FACE_BOUND('',#469,.T.);
#102=FACE_BOUND('',#470,.T.);
#103=FACE_BOUND('',#471,.T.);
#104=FACE_BOUND('',#472,.T.);
#105=FACE_BOUND('',#473,.T.);
#106=FACE_BOUND('',#608,.T.);
#107=ELLIPSE('',#3572,4.04986050315201,4.);
#108=ELLIPSE('',#3573,4.04986050315201,4.);
#109=PLANE('',#3569);
#110=PLANE('',#3645);
#111=PLANE('',#3646);
#112=PLANE('',#3647);
#113=PLANE('',#3648);
#114=PLANE('',#3649);
#115=PLANE('',#3650);
#116=PLANE('',#3651);
#117=PLANE('',#3655);
#118=PLANE('',#3659);
#119=PLANE('',#3663);
#120=PLANE('',#3668);
#121=PLANE('',#3670);
#122=PLANE('',#3671);
#123=PLANE('',#3711);
#124=PLANE('',#3714);
#125=PLANE('',#3717);
#126=PLANE('',#3720);
#127=PLANE('',#3723);
#128=PLANE('',#3726);
#129=PLANE('',#3729);
#130=PLANE('',#3732);
#131=PLANE('',#3736);
#132=PLANE('',#3738);
#133=PLANE('',#3740);
#134=PLANE('',#3742);
#135=PLANE('',#3743);
#136=PLANE('',#3746);
#137=PLANE('',#3749);
#138=PLANE('',#3752);
#139=PLANE('',#3755);
#140=PLANE('',#3758);
#141=PLANE('',#3761);
#142=PLANE('',#3764);
#143=PLANE('',#3768);
#144=PLANE('',#3770);
#145=PLANE('',#3772);
#146=PLANE('',#3774);
#147=PLANE('',#3775);
#148=PLANE('',#3778);
#149=PLANE('',#3781);
#150=PLANE('',#3784);
#151=PLANE('',#3788);
#152=PLANE('',#3790);
#153=PLANE('',#3791);
#154=PLANE('',#3794);
#155=PLANE('',#3797);
#156=PLANE('',#3800);
#157=PLANE('',#3804);
#158=PLANE('',#3806);
#159=PLANE('',#3807);
#160=PLANE('',#3810);
#161=PLANE('',#3813);
#162=PLANE('',#3816);
#163=PLANE('',#3820);
#164=PLANE('',#3822);
#165=PLANE('',#3823);
#166=PLANE('',#3826);
#167=PLANE('',#3829);
#168=PLANE('',#3832);
#169=PLANE('',#3836);
#170=PLANE('',#3838);
#171=PLANE('',#3839);
#172=PLANE('',#3842);
#173=PLANE('',#3845);
#174=PLANE('',#3848);
#175=PLANE('',#3852);
#176=PLANE('',#3854);
#177=PLANE('',#3855);
#178=PLANE('',#3856);
#179=PLANE('',#3859);
#180=PLANE('',#3862);
#181=PLANE('',#3863);
#182=PLANE('',#3865);
#183=PLANE('',#3868);
#184=PLANE('',#3872);
#185=PLANE('',#3875);
#186=PLANE('',#3878);
#187=PLANE('',#3881);
#188=PLANE('',#3882);
#189=PLANE('',#3886);
#190=PLANE('',#3888);
#191=PLANE('',#3890);
#192=PLANE('',#3892);
#193=PLANE('',#3894);
#194=PLANE('',#3896);
#195=PLANE('',#3898);
#196=PLANE('',#3900);
#197=PLANE('',#3902);
#198=PLANE('',#3904);
#199=PLANE('',#3906);
#200=PLANE('',#3908);
#201=PLANE('',#3910);
#202=PLANE('',#3912);
#203=PLANE('',#3914);
#204=PLANE('',#3916);
#205=PLANE('',#3918);
#206=PLANE('',#3920);
#207=PLANE('',#3922);
#208=PLANE('',#3924);
#209=PLANE('',#3925);
#210=FACE_OUTER_BOUND('',#418,.T.);
#211=FACE_OUTER_BOUND('',#419,.T.);
#212=FACE_OUTER_BOUND('',#435,.T.);
#213=FACE_OUTER_BOUND('',#436,.T.);
#214=FACE_OUTER_BOUND('',#437,.T.);
#215=FACE_OUTER_BOUND('',#438,.T.);
#216=FACE_OUTER_BOUND('',#439,.T.);
#217=FACE_OUTER_BOUND('',#440,.T.);
#218=FACE_OUTER_BOUND('',#441,.T.);
#219=FACE_OUTER_BOUND('',#442,.T.);
#220=FACE_OUTER_BOUND('',#443,.T.);
#221=FACE_OUTER_BOUND('',#444,.T.);
#222=FACE_OUTER_BOUND('',#445,.T.);
#223=FACE_OUTER_BOUND('',#446,.T.);
#224=FACE_OUTER_BOUND('',#447,.T.);
#225=FACE_OUTER_BOUND('',#448,.T.);
#226=FACE_OUTER_BOUND('',#449,.T.);
#227=FACE_OUTER_BOUND('',#450,.T.);
#228=FACE_OUTER_BOUND('',#451,.T.);
#229=FACE_OUTER_BOUND('',#452,.T.);
#230=FACE_OUTER_BOUND('',#453,.T.);
#231=FACE_OUTER_BOUND('',#454,.T.);
#232=FACE_OUTER_BOUND('',#455,.T.);
#233=FACE_OUTER_BOUND('',#456,.T.);
#234=FACE_OUTER_BOUND('',#457,.T.);
#235=FACE_OUTER_BOUND('',#458,.T.);
#236=FACE_OUTER_BOUND('',#459,.T.);
#237=FACE_OUTER_BOUND('',#460,.T.);
#238=FACE_OUTER_BOUND('',#461,.T.);
#239=FACE_OUTER_BOUND('',#462,.T.);
#240=FACE_OUTER_BOUND('',#463,.T.);
#241=FACE_OUTER_BOUND('',#464,.T.);
#242=FACE_OUTER_BOUND('',#474,.T.);
#243=FACE_OUTER_BOUND('',#475,.T.);
#244=FACE_OUTER_BOUND('',#476,.T.);
#245=FACE_OUTER_BOUND('',#477,.T.);
#246=FACE_OUTER_BOUND('',#478,.T.);
#247=FACE_OUTER_BOUND('',#479,.T.);
#248=FACE_OUTER_BOUND('',#480,.T.);
#249=FACE_OUTER_BOUND('',#481,.T.);
#250=FACE_OUTER_BOUND('',#482,.T.);
#251=FACE_OUTER_BOUND('',#483,.T.);
#252=FACE_OUTER_BOUND('',#484,.T.);
#253=FACE_OUTER_BOUND('',#485,.T.);
#254=FACE_OUTER_BOUND('',#486,.T.);
#255=FACE_OUTER_BOUND('',#487,.T.);
#256=FACE_OUTER_BOUND('',#488,.T.);
#257=FACE_OUTER_BOUND('',#489,.T.);
#258=FACE_OUTER_BOUND('',#490,.T.);
#259=FACE_OUTER_BOUND('',#491,.T.);
#260=FACE_OUTER_BOUND('',#492,.T.);
#261=FACE_OUTER_BOUND('',#493,.T.);
#262=FACE_OUTER_BOUND('',#494,.T.);
#263=FACE_OUTER_BOUND('',#495,.T.);
#264=FACE_OUTER_BOUND('',#496,.T.);
#265=FACE_OUTER_BOUND('',#497,.T.);
#266=FACE_OUTER_BOUND('',#498,.T.);
#267=FACE_OUTER_BOUND('',#499,.T.);
#268=FACE_OUTER_BOUND('',#500,.T.);
#269=FACE_OUTER_BOUND('',#501,.T.);
#270=FACE_OUTER_BOUND('',#502,.T.);
#271=FACE_OUTER_BOUND('',#503,.T.);
#272=FACE_OUTER_BOUND('',#504,.T.);
#273=FACE_OUTER_BOUND('',#505,.T.);
#274=FACE_OUTER_BOUND('',#506,.T.);
#275=FACE_OUTER_BOUND('',#507,.T.);
#276=FACE_OUTER_BOUND('',#508,.T.);
#277=FACE_OUTER_BOUND('',#509,.T.);
#278=FACE_OUTER_BOUND('',#510,.T.);
#279=FACE_OUTER_BOUND('',#511,.T.);
#280=FACE_OUTER_BOUND('',#512,.T.);
#281=FACE_OUTER_BOUND('',#513,.T.);
#282=FACE_OUTER_BOUND('',#514,.T.);
#283=FACE_OUTER_BOUND('',#515,.T.);
#284=FACE_OUTER_BOUND('',#516,.T.);
#285=FACE_OUTER_BOUND('',#517,.T.);
#286=FACE_OUTER_BOUND('',#518,.T.);
#287=FACE_OUTER_BOUND('',#519,.T.);
#288=FACE_OUTER_BOUND('',#520,.T.);
#289=FACE_OUTER_BOUND('',#521,.T.);
#290=FACE_OUTER_BOUND('',#522,.T.);
#291=FACE_OUTER_BOUND('',#523,.T.);
#292=FACE_OUTER_BOUND('',#524,.T.);
#293=FACE_OUTER_BOUND('',#525,.T.);
#294=FACE_OUTER_BOUND('',#526,.T.);
#295=FACE_OUTER_BOUND('',#527,.T.);
#296=FACE_OUTER_BOUND('',#528,.T.);
#297=FACE_OUTER_BOUND('',#529,.T.);
#298=FACE_OUTER_BOUND('',#530,.T.);
#299=FACE_OUTER_BOUND('',#531,.T.);
#300=FACE_OUTER_BOUND('',#532,.T.);
#301=FACE_OUTER_BOUND('',#533,.T.);
#302=FACE_OUTER_BOUND('',#534,.T.);
#303=FACE_OUTER_BOUND('',#535,.T.);
#304=FACE_OUTER_BOUND('',#536,.T.);
#305=FACE_OUTER_BOUND('',#537,.T.);
#306=FACE_OUTER_BOUND('',#538,.T.);
#307=FACE_OUTER_BOUND('',#539,.T.);
#308=FACE_OUTER_BOUND('',#540,.T.);
#309=FACE_OUTER_BOUND('',#541,.T.);
#310=FACE_OUTER_BOUND('',#542,.T.);
#311=FACE_OUTER_BOUND('',#543,.T.);
#312=FACE_OUTER_BOUND('',#544,.T.);
#313=FACE_OUTER_BOUND('',#545,.T.);
#314=FACE_OUTER_BOUND('',#546,.T.);
#315=FACE_OUTER_BOUND('',#547,.T.);
#316=FACE_OUTER_BOUND('',#548,.T.);
#317=FACE_OUTER_BOUND('',#549,.T.);
#318=FACE_OUTER_BOUND('',#550,.T.);
#319=FACE_OUTER_BOUND('',#551,.T.);
#320=FACE_OUTER_BOUND('',#552,.T.);
#321=FACE_OUTER_BOUND('',#553,.T.);
#322=FACE_OUTER_BOUND('',#554,.T.);
#323=FACE_OUTER_BOUND('',#555,.T.);
#324=FACE_OUTER_BOUND('',#556,.T.);
#325=FACE_OUTER_BOUND('',#557,.T.);
#326=FACE_OUTER_BOUND('',#558,.T.);
#327=FACE_OUTER_BOUND('',#559,.T.);
#328=FACE_OUTER_BOUND('',#560,.T.);
#329=FACE_OUTER_BOUND('',#561,.T.);
#330=FACE_OUTER_BOUND('',#562,.T.);
#331=FACE_OUTER_BOUND('',#563,.T.);
#332=FACE_OUTER_BOUND('',#564,.T.);
#333=FACE_OUTER_BOUND('',#565,.T.);
#334=FACE_OUTER_BOUND('',#566,.T.);
#335=FACE_OUTER_BOUND('',#567,.T.);
#336=FACE_OUTER_BOUND('',#568,.T.);
#337=FACE_OUTER_BOUND('',#569,.T.);
#338=FACE_OUTER_BOUND('',#570,.T.);
#339=FACE_OUTER_BOUND('',#571,.T.);
#340=FACE_OUTER_BOUND('',#572,.T.);
#341=FACE_OUTER_BOUND('',#573,.T.);
#342=FACE_OUTER_BOUND('',#574,.T.);
#343=FACE_OUTER_BOUND('',#575,.T.);
#344=FACE_OUTER_BOUND('',#576,.T.);
#345=FACE_OUTER_BOUND('',#577,.T.);
#346=FACE_OUTER_BOUND('',#578,.T.);
#347=FACE_OUTER_BOUND('',#579,.T.);
#348=FACE_OUTER_BOUND('',#580,.T.);
#349=FACE_OUTER_BOUND('',#581,.T.);
#350=FACE_OUTER_BOUND('',#582,.T.);
#351=FACE_OUTER_BOUND('',#583,.T.);
#352=FACE_OUTER_BOUND('',#584,.T.);
#353=FACE_OUTER_BOUND('',#585,.T.);
#354=FACE_OUTER_BOUND('',#586,.T.);
#355=FACE_OUTER_BOUND('',#587,.T.);
#356=FACE_OUTER_BOUND('',#588,.T.);
#357=FACE_OUTER_BOUND('',#589,.T.);
#358=FACE_OUTER_BOUND('',#590,.T.);
#359=FACE_OUTER_BOUND('',#591,.T.);
#360=FACE_OUTER_BOUND('',#592,.T.);
#361=FACE_OUTER_BOUND('',#593,.T.);
#362=FACE_OUTER_BOUND('',#594,.T.);
#363=FACE_OUTER_BOUND('',#595,.T.);
#364=FACE_OUTER_BOUND('',#596,.T.);
#365=FACE_OUTER_BOUND('',#597,.T.);
#366=FACE_OUTER_BOUND('',#598,.T.);
#367=FACE_OUTER_BOUND('',#599,.T.);
#368=FACE_OUTER_BOUND('',#600,.T.);
#369=FACE_OUTER_BOUND('',#601,.T.);
#370=FACE_OUTER_BOUND('',#602,.T.);
#371=FACE_OUTER_BOUND('',#603,.T.);
#372=FACE_OUTER_BOUND('',#604,.T.);
#373=FACE_OUTER_BOUND('',#605,.T.);
#374=FACE_OUTER_BOUND('',#606,.T.);
#375=FACE_OUTER_BOUND('',#607,.T.);
#376=FACE_OUTER_BOUND('',#609,.T.);
#377=FACE_OUTER_BOUND('',#610,.T.);
#378=FACE_OUTER_BOUND('',#611,.T.);
#379=FACE_OUTER_BOUND('',#612,.T.);
#380=FACE_OUTER_BOUND('',#613,.T.);
#381=FACE_OUTER_BOUND('',#614,.T.);
#382=FACE_OUTER_BOUND('',#615,.T.);
#383=FACE_OUTER_BOUND('',#616,.T.);
#384=FACE_OUTER_BOUND('',#617,.T.);
#385=FACE_OUTER_BOUND('',#618,.T.);
#386=FACE_OUTER_BOUND('',#619,.T.);
#387=FACE_OUTER_BOUND('',#620,.T.);
#388=FACE_OUTER_BOUND('',#621,.T.);
#389=FACE_OUTER_BOUND('',#622,.T.);
#390=FACE_OUTER_BOUND('',#623,.T.);
#391=FACE_OUTER_BOUND('',#624,.T.);
#392=FACE_OUTER_BOUND('',#625,.T.);
#393=FACE_OUTER_BOUND('',#626,.T.);
#394=FACE_OUTER_BOUND('',#627,.T.);
#395=FACE_OUTER_BOUND('',#628,.T.);
#396=FACE_OUTER_BOUND('',#629,.T.);
#397=FACE_OUTER_BOUND('',#630,.T.);
#398=FACE_OUTER_BOUND('',#631,.T.);
#399=FACE_OUTER_BOUND('',#632,.T.);
#400=FACE_OUTER_BOUND('',#633,.T.);
#401=FACE_OUTER_BOUND('',#634,.T.);
#402=FACE_OUTER_BOUND('',#635,.T.);
#403=FACE_OUTER_BOUND('',#636,.T.);
#404=FACE_OUTER_BOUND('',#637,.T.);
#405=FACE_OUTER_BOUND('',#638,.T.);
#406=FACE_OUTER_BOUND('',#639,.T.);
#407=FACE_OUTER_BOUND('',#640,.T.);
#408=FACE_OUTER_BOUND('',#641,.T.);
#409=FACE_OUTER_BOUND('',#642,.T.);
#410=FACE_OUTER_BOUND('',#643,.T.);
#411=FACE_OUTER_BOUND('',#644,.T.);
#412=FACE_OUTER_BOUND('',#645,.T.);
#413=FACE_OUTER_BOUND('',#646,.T.);
#414=FACE_OUTER_BOUND('',#647,.T.);
#415=FACE_OUTER_BOUND('',#648,.T.);
#416=FACE_OUTER_BOUND('',#649,.T.);
#417=FACE_OUTER_BOUND('',#650,.T.);
#418=EDGE_LOOP('',(#2290,#2291,#2292,#2293));
#419=EDGE_LOOP('',(#2294,#2295,#2296,#2297,#2298,#2299,#2300,#2301));
#420=EDGE_LOOP('',(#2302));
#421=EDGE_LOOP('',(#2303));
#422=EDGE_LOOP('',(#2304));
#423=EDGE_LOOP('',(#2305,#2306,#2307,#2308,#2309,#2310,#2311,#2312));
#424=EDGE_LOOP('',(#2313,#2314,#2315,#2316,#2317,#2318,#2319,#2320));
#425=EDGE_LOOP('',(#2321,#2322,#2323,#2324,#2325,#2326,#2327,#2328));
#426=EDGE_LOOP('',(#2329,#2330,#2331,#2332,#2333,#2334,#2335,#2336,#2337,
#2338,#2339,#2340,#2341,#2342,#2343,#2344));
#427=EDGE_LOOP('',(#2345,#2346,#2347,#2348,#2349,#2350,#2351,#2352,#2353,
#2354,#2355,#2356,#2357,#2358,#2359,#2360));
#428=EDGE_LOOP('',(#2361,#2362,#2363,#2364,#2365,#2366,#2367,#2368));
#429=EDGE_LOOP('',(#2369,#2370,#2371,#2372,#2373,#2374,#2375,#2376));
#430=EDGE_LOOP('',(#2377,#2378,#2379,#2380,#2381,#2382,#2383,#2384));
#431=EDGE_LOOP('',(#2385,#2386,#2387,#2388,#2389,#2390,#2391,#2392));
#432=EDGE_LOOP('',(#2393));
#433=EDGE_LOOP('',(#2394));
#434=EDGE_LOOP('',(#2395));
#435=EDGE_LOOP('',(#2396,#2397,#2398,#2399));
#436=EDGE_LOOP('',(#2400,#2401,#2402,#2403));
#437=EDGE_LOOP('',(#2404,#2405,#2406,#2407));
#438=EDGE_LOOP('',(#2408,#2409,#2410,#2411));
#439=EDGE_LOOP('',(#2412,#2413,#2414,#2415));
#440=EDGE_LOOP('',(#2416,#2417,#2418,#2419));
#441=EDGE_LOOP('',(#2420,#2421,#2422,#2423));
#442=EDGE_LOOP('',(#2424,#2425,#2426,#2427));
#443=EDGE_LOOP('',(#2428,#2429,#2430,#2431));
#444=EDGE_LOOP('',(#2432,#2433,#2434,#2435));
#445=EDGE_LOOP('',(#2436,#2437,#2438,#2439));
#446=EDGE_LOOP('',(#2440));
#447=EDGE_LOOP('',(#2441));
#448=EDGE_LOOP('',(#2442));
#449=EDGE_LOOP('',(#2443));
#450=EDGE_LOOP('',(#2444));
#451=EDGE_LOOP('',(#2445));
#452=EDGE_LOOP('',(#2446,#2447,#2448,#2449));
#453=EDGE_LOOP('',(#2450,#2451,#2452,#2453));
#454=EDGE_LOOP('',(#2454,#2455,#2456,#2457));
#455=EDGE_LOOP('',(#2458,#2459,#2460,#2461));
#456=EDGE_LOOP('',(#2462,#2463,#2464,#2465));
#457=EDGE_LOOP('',(#2466,#2467,#2468,#2469));
#458=EDGE_LOOP('',(#2470,#2471,#2472,#2473));
#459=EDGE_LOOP('',(#2474,#2475,#2476,#2477));
#460=EDGE_LOOP('',(#2478,#2479,#2480,#2481));
#461=EDGE_LOOP('',(#2482,#2483,#2484,#2485));
#462=EDGE_LOOP('',(#2486,#2487,#2488,#2489));
#463=EDGE_LOOP('',(#2490,#2491,#2492,#2493));
#464=EDGE_LOOP('',(#2494,#2495,#2496,#2497,#2498,#2499,#2500,#2501,#2502,
#2503));
#465=EDGE_LOOP('',(#2504,#2505,#2506,#2507,#2508,#2509,#2510,#2511,#2512,
#2513,#2514,#2515,#2516,#2517,#2518,#2519));
#466=EDGE_LOOP('',(#2520,#2521,#2522,#2523,#2524,#2525,#2526,#2527));
#467=EDGE_LOOP('',(#2528,#2529,#2530,#2531,#2532,#2533,#2534,#2535));
#468=EDGE_LOOP('',(#2536,#2537,#2538,#2539,#2540,#2541,#2542,#2543));
#469=EDGE_LOOP('',(#2544));
#470=EDGE_LOOP('',(#2545,#2546,#2547,#2548,#2549,#2550,#2551,#2552));
#471=EDGE_LOOP('',(#2553,#2554,#2555,#2556,#2557,#2558,#2559,#2560));
#472=EDGE_LOOP('',(#2561,#2562,#2563,#2564,#2565,#2566,#2567,#2568,#2569,
#2570,#2571,#2572,#2573,#2574,#2575,#2576));
#473=EDGE_LOOP('',(#2577,#2578,#2579,#2580,#2581,#2582,#2583,#2584));
#474=EDGE_LOOP('',(#2585,#2586,#2587,#2588));
#475=EDGE_LOOP('',(#2589,#2590,#2591,#2592));
#476=EDGE_LOOP('',(#2593,#2594,#2595,#2596));
#477=EDGE_LOOP('',(#2597,#2598,#2599,#2600));
#478=EDGE_LOOP('',(#2601,#2602,#2603,#2604));
#479=EDGE_LOOP('',(#2605,#2606,#2607,#2608));
#480=EDGE_LOOP('',(#2609,#2610,#2611,#2612));
#481=EDGE_LOOP('',(#2613,#2614,#2615,#2616));
#482=EDGE_LOOP('',(#2617,#2618,#2619,#2620));
#483=EDGE_LOOP('',(#2621,#2622,#2623,#2624));
#484=EDGE_LOOP('',(#2625,#2626,#2627,#2628));
#485=EDGE_LOOP('',(#2629,#2630,#2631,#2632));
#486=EDGE_LOOP('',(#2633,#2634,#2635,#2636));
#487=EDGE_LOOP('',(#2637,#2638,#2639,#2640));
#488=EDGE_LOOP('',(#2641,#2642,#2643,#2644));
#489=EDGE_LOOP('',(#2645,#2646,#2647,#2648));
#490=EDGE_LOOP('',(#2649,#2650,#2651,#2652));
#491=EDGE_LOOP('',(#2653,#2654,#2655,#2656));
#492=EDGE_LOOP('',(#2657,#2658,#2659,#2660));
#493=EDGE_LOOP('',(#2661,#2662,#2663,#2664));
#494=EDGE_LOOP('',(#2665,#2666,#2667,#2668));
#495=EDGE_LOOP('',(#2669,#2670,#2671,#2672));
#496=EDGE_LOOP('',(#2673,#2674,#2675,#2676));
#497=EDGE_LOOP('',(#2677,#2678,#2679,#2680));
#498=EDGE_LOOP('',(#2681,#2682,#2683,#2684));
#499=EDGE_LOOP('',(#2685,#2686,#2687,#2688));
#500=EDGE_LOOP('',(#2689,#2690,#2691,#2692));
#501=EDGE_LOOP('',(#2693,#2694,#2695,#2696));
#502=EDGE_LOOP('',(#2697,#2698,#2699,#2700));
#503=EDGE_LOOP('',(#2701,#2702,#2703,#2704));
#504=EDGE_LOOP('',(#2705,#2706,#2707,#2708));
#505=EDGE_LOOP('',(#2709,#2710,#2711,#2712));
#506=EDGE_LOOP('',(#2713,#2714,#2715,#2716));
#507=EDGE_LOOP('',(#2717,#2718,#2719,#2720));
#508=EDGE_LOOP('',(#2721,#2722,#2723,#2724));
#509=EDGE_LOOP('',(#2725,#2726,#2727,#2728));
#510=EDGE_LOOP('',(#2729,#2730,#2731,#2732));
#511=EDGE_LOOP('',(#2733,#2734,#2735,#2736));
#512=EDGE_LOOP('',(#2737,#2738,#2739,#2740));
#513=EDGE_LOOP('',(#2741,#2742,#2743,#2744));
#514=EDGE_LOOP('',(#2745,#2746,#2747,#2748));
#515=EDGE_LOOP('',(#2749,#2750,#2751,#2752));
#516=EDGE_LOOP('',(#2753,#2754,#2755,#2756));
#517=EDGE_LOOP('',(#2757,#2758,#2759,#2760));
#518=EDGE_LOOP('',(#2761,#2762,#2763,#2764));
#519=EDGE_LOOP('',(#2765,#2766,#2767,#2768));
#520=EDGE_LOOP('',(#2769,#2770,#2771,#2772));
#521=EDGE_LOOP('',(#2773,#2774,#2775,#2776));
#522=EDGE_LOOP('',(#2777,#2778,#2779,#2780));
#523=EDGE_LOOP('',(#2781,#2782,#2783,#2784));
#524=EDGE_LOOP('',(#2785,#2786,#2787,#2788));
#525=EDGE_LOOP('',(#2789,#2790,#2791,#2792));
#526=EDGE_LOOP('',(#2793,#2794,#2795,#2796));
#527=EDGE_LOOP('',(#2797,#2798,#2799,#2800));
#528=EDGE_LOOP('',(#2801,#2802,#2803,#2804));
#529=EDGE_LOOP('',(#2805,#2806,#2807,#2808));
#530=EDGE_LOOP('',(#2809,#2810,#2811,#2812));
#531=EDGE_LOOP('',(#2813,#2814,#2815,#2816));
#532=EDGE_LOOP('',(#2817,#2818,#2819,#2820));
#533=EDGE_LOOP('',(#2821,#2822,#2823,#2824));
#534=EDGE_LOOP('',(#2825,#2826,#2827,#2828));
#535=EDGE_LOOP('',(#2829,#2830,#2831,#2832));
#536=EDGE_LOOP('',(#2833,#2834,#2835,#2836));
#537=EDGE_LOOP('',(#2837,#2838,#2839,#2840));
#538=EDGE_LOOP('',(#2841,#2842,#2843,#2844));
#539=EDGE_LOOP('',(#2845,#2846,#2847,#2848));
#540=EDGE_LOOP('',(#2849,#2850,#2851,#2852));
#541=EDGE_LOOP('',(#2853,#2854,#2855,#2856));
#542=EDGE_LOOP('',(#2857,#2858,#2859,#2860));
#543=EDGE_LOOP('',(#2861,#2862,#2863,#2864));
#544=EDGE_LOOP('',(#2865,#2866,#2867,#2868));
#545=EDGE_LOOP('',(#2869,#2870,#2871,#2872));
#546=EDGE_LOOP('',(#2873,#2874,#2875,#2876));
#547=EDGE_LOOP('',(#2877,#2878,#2879,#2880));
#548=EDGE_LOOP('',(#2881,#2882,#2883,#2884));
#549=EDGE_LOOP('',(#2885,#2886,#2887,#2888));
#550=EDGE_LOOP('',(#2889,#2890,#2891,#2892));
#551=EDGE_LOOP('',(#2893,#2894,#2895,#2896));
#552=EDGE_LOOP('',(#2897,#2898,#2899,#2900));
#553=EDGE_LOOP('',(#2901,#2902,#2903,#2904));
#554=EDGE_LOOP('',(#2905,#2906,#2907,#2908));
#555=EDGE_LOOP('',(#2909,#2910,#2911,#2912));
#556=EDGE_LOOP('',(#2913,#2914,#2915,#2916));
#557=EDGE_LOOP('',(#2917,#2918,#2919,#2920));
#558=EDGE_LOOP('',(#2921,#2922,#2923,#2924));
#559=EDGE_LOOP('',(#2925,#2926,#2927,#2928));
#560=EDGE_LOOP('',(#2929,#2930,#2931,#2932));
#561=EDGE_LOOP('',(#2933,#2934,#2935,#2936));
#562=EDGE_LOOP('',(#2937,#2938,#2939,#2940));
#563=EDGE_LOOP('',(#2941,#2942,#2943,#2944));
#564=EDGE_LOOP('',(#2945,#2946,#2947,#2948));
#565=EDGE_LOOP('',(#2949,#2950,#2951,#2952));
#566=EDGE_LOOP('',(#2953,#2954,#2955,#2956));
#567=EDGE_LOOP('',(#2957,#2958,#2959,#2960));
#568=EDGE_LOOP('',(#2961,#2962,#2963,#2964));
#569=EDGE_LOOP('',(#2965,#2966,#2967,#2968));
#570=EDGE_LOOP('',(#2969,#2970,#2971,#2972));
#571=EDGE_LOOP('',(#2973,#2974,#2975,#2976));
#572=EDGE_LOOP('',(#2977,#2978,#2979,#2980));
#573=EDGE_LOOP('',(#2981,#2982,#2983,#2984));
#574=EDGE_LOOP('',(#2985,#2986,#2987,#2988));
#575=EDGE_LOOP('',(#2989,#2990,#2991,#2992));
#576=EDGE_LOOP('',(#2993,#2994,#2995,#2996));
#577=EDGE_LOOP('',(#2997,#2998,#2999,#3000));
#578=EDGE_LOOP('',(#3001,#3002,#3003,#3004));
#579=EDGE_LOOP('',(#3005,#3006,#3007,#3008));
#580=EDGE_LOOP('',(#3009,#3010,#3011,#3012));
#581=EDGE_LOOP('',(#3013,#3014,#3015,#3016));
#582=EDGE_LOOP('',(#3017,#3018,#3019,#3020));
#583=EDGE_LOOP('',(#3021,#3022,#3023,#3024));
#584=EDGE_LOOP('',(#3025,#3026,#3027,#3028));
#585=EDGE_LOOP('',(#3029,#3030,#3031,#3032));
#586=EDGE_LOOP('',(#3033,#3034,#3035,#3036));
#587=EDGE_LOOP('',(#3037,#3038,#3039,#3040));
#588=EDGE_LOOP('',(#3041,#3042,#3043,#3044));
#589=EDGE_LOOP('',(#3045,#3046,#3047,#3048));
#590=EDGE_LOOP('',(#3049,#3050,#3051,#3052));
#591=EDGE_LOOP('',(#3053,#3054,#3055,#3056));
#592=EDGE_LOOP('',(#3057,#3058,#3059,#3060,#3061));
#593=EDGE_LOOP('',(#3062,#3063,#3064,#3065));
#594=EDGE_LOOP('',(#3066,#3067,#3068,#3069));
#595=EDGE_LOOP('',(#3070,#3071,#3072,#3073));
#596=EDGE_LOOP('',(#3074,#3075,#3076,#3077));
#597=EDGE_LOOP('',(#3078,#3079,#3080,#3081));
#598=EDGE_LOOP('',(#3082,#3083,#3084,#3085));
#599=EDGE_LOOP('',(#3086,#3087,#3088,#3089));
#600=EDGE_LOOP('',(#3090,#3091,#3092,#3093));
#601=EDGE_LOOP('',(#3094,#3095,#3096,#3097));
#602=EDGE_LOOP('',(#3098,#3099,#3100,#3101));
#603=EDGE_LOOP('',(#3102,#3103,#3104,#3105));
#604=EDGE_LOOP('',(#3106,#3107,#3108,#3109));
#605=EDGE_LOOP('',(#3110,#3111,#3112,#3113));
#606=EDGE_LOOP('',(#3114,#3115,#3116,#3117));
#607=EDGE_LOOP('',(#3118,#3119,#3120,#3121,#3122,#3123,#3124,#3125));
#608=EDGE_LOOP('',(#3126));
#609=EDGE_LOOP('',(#3127,#3128,#3129,#3130));
#610=EDGE_LOOP('',(#3131,#3132,#3133,#3134));
#611=EDGE_LOOP('',(#3135,#3136,#3137,#3138));
#612=EDGE_LOOP('',(#3139,#3140,#3141,#3142));
#613=EDGE_LOOP('',(#3143,#3144,#3145,#3146));
#614=EDGE_LOOP('',(#3147,#3148,#3149,#3150));
#615=EDGE_LOOP('',(#3151,#3152,#3153,#3154));
#616=EDGE_LOOP('',(#3155,#3156,#3157,#3158));
#617=EDGE_LOOP('',(#3159,#3160,#3161,#3162));
#618=EDGE_LOOP('',(#3163,#3164,#3165,#3166));
#619=EDGE_LOOP('',(#3167,#3168,#3169,#3170));
#620=EDGE_LOOP('',(#3171,#3172,#3173,#3174));
#621=EDGE_LOOP('',(#3175,#3176,#3177,#3178));
#622=EDGE_LOOP('',(#3179,#3180,#3181,#3182));
#623=EDGE_LOOP('',(#3183,#3184,#3185,#3186));
#624=EDGE_LOOP('',(#3187,#3188,#3189,#3190));
#625=EDGE_LOOP('',(#3191,#3192,#3193,#3194));
#626=EDGE_LOOP('',(#3195,#3196,#3197,#3198));
#627=EDGE_LOOP('',(#3199,#3200,#3201,#3202));
#628=EDGE_LOOP('',(#3203,#3204,#3205,#3206));
#629=EDGE_LOOP('',(#3207,#3208,#3209,#3210));
#630=EDGE_LOOP('',(#3211,#3212,#3213,#3214));
#631=EDGE_LOOP('',(#3215,#3216,#3217,#3218));
#632=EDGE_LOOP('',(#3219,#3220,#3221,#3222));
#633=EDGE_LOOP('',(#3223,#3224,#3225,#3226));
#634=EDGE_LOOP('',(#3227,#3228,#3229,#3230));
#635=EDGE_LOOP('',(#3231,#3232,#3233,#3234));
#636=EDGE_LOOP('',(#3235,#3236,#3237,#3238));
#637=EDGE_LOOP('',(#3239,#3240,#3241,#3242));
#638=EDGE_LOOP('',(#3243,#3244,#3245,#3246));
#639=EDGE_LOOP('',(#3247,#3248,#3249,#3250));
#640=EDGE_LOOP('',(#3251,#3252,#3253,#3254));
#641=EDGE_LOOP('',(#3255,#3256,#3257,#3258));
#642=EDGE_LOOP('',(#3259,#3260,#3261,#3262));
#643=EDGE_LOOP('',(#3263,#3264,#3265,#3266));
#644=EDGE_LOOP('',(#3267,#3268,#3269,#3270));
#645=EDGE_LOOP('',(#3271,#3272,#3273,#3274));
#646=EDGE_LOOP('',(#3275,#3276,#3277,#3278));
#647=EDGE_LOOP('',(#3279,#3280,#3281,#3282));
#648=EDGE_LOOP('',(#3283,#3284,#3285,#3286));
#649=EDGE_LOOP('',(#3287,#3288,#3289,#3290));
#650=EDGE_LOOP('',(#3291,#3292,#3293,#3294,#3295));
#651=LINE('',#4992,#990);
#652=LINE('',#4999,#991);
#653=LINE('',#5003,#992);
#654=LINE('',#5007,#993);
#655=LINE('',#5010,#994);
#656=LINE('',#5021,#995);
#657=LINE('',#5025,#996);
#658=LINE('',#5029,#997);
#659=LINE('',#5032,#998);
#660=LINE('',#5035,#999);
#661=LINE('',#5039,#1000);
#662=LINE('',#5043,#1001);
#663=LINE('',#5047,#1002);
#664=LINE('',#5051,#1003);
#665=LINE('',#5055,#1004);
#666=LINE('',#5059,#1005);
#667=LINE('',#5063,#1006);
#668=LINE('',#5069,#1007);
#669=LINE('',#5073,#1008);
#670=LINE('',#5077,#1009);
#671=LINE('',#5081,#1010);
#672=LINE('',#5085,#1011);
#673=LINE('',#5089,#1012);
#674=LINE('',#5093,#1013);
#675=LINE('',#5096,#1014);
#676=LINE('',#5099,#1015);
#677=LINE('',#5103,#1016);
#678=LINE('',#5107,#1017);
#679=LINE('',#5111,#1018);
#680=LINE('',#5115,#1019);
#681=LINE('',#5119,#1020);
#682=LINE('',#5123,#1021);
#683=LINE('',#5127,#1022);
#684=LINE('',#5131,#1023);
#685=LINE('',#5135,#1024);
#686=LINE('',#5139,#1025);
#687=LINE('',#5143,#1026);
#688=LINE('',#5147,#1027);
#689=LINE('',#5151,#1028);
#690=LINE('',#5155,#1029);
#691=LINE('',#5159,#1030);
#692=LINE('',#5163,#1031);
#693=LINE('',#5167,#1032);
#694=LINE('',#5171,#1033);
#695=LINE('',#5175,#1034);
#696=LINE('',#5179,#1035);
#697=LINE('',#5183,#1036);
#698=LINE('',#5187,#1037);
#699=LINE('',#5191,#1038);
#700=LINE('',#5199,#1039);
#701=LINE('',#5203,#1040);
#702=LINE('',#5207,#1041);
#703=LINE('',#5211,#1042);
#704=LINE('',#5215,#1043);
#705=LINE('',#5219,#1044);
#706=LINE('',#5223,#1045);
#707=LINE('',#5227,#1046);
#708=LINE('',#5231,#1047);
#709=LINE('',#5235,#1048);
#710=LINE('',#5239,#1049);
#711=LINE('',#5250,#1050);
#712=LINE('',#5252,#1051);
#713=LINE('',#5254,#1052);
#714=LINE('',#5255,#1053);
#715=LINE('',#5259,#1054);
#716=LINE('',#5265,#1055);
#717=LINE('',#5266,#1056);
#718=LINE('',#5267,#1057);
#719=LINE('',#5271,#1058);
#720=LINE('',#5277,#1059);
#721=LINE('',#5278,#1060);
#722=LINE('',#5279,#1061);
#723=LINE('',#5283,#1062);
#724=LINE('',#5289,#1063);
#725=LINE('',#5290,#1064);
#726=LINE('',#5291,#1065);
#727=LINE('',#5296,#1066);
#728=LINE('',#5297,#1067);
#729=LINE('',#5299,#1068);
#730=LINE('',#5301,#1069);
#731=LINE('',#5303,#1070);
#732=LINE('',#5307,#1071);
#733=LINE('',#5311,#1072);
#734=LINE('',#5315,#1073);
#735=LINE('',#5328,#1074);
#736=LINE('',#5341,#1075);
#737=LINE('',#5345,#1076);
#738=LINE('',#5349,#1077);
#739=LINE('',#5353,#1078);
#740=LINE('',#5357,#1079);
#741=LINE('',#5361,#1080);
#742=LINE('',#5365,#1081);
#743=LINE('',#5369,#1082);
#744=LINE('',#5373,#1083);
#745=LINE('',#5377,#1084);
#746=LINE('',#5381,#1085);
#747=LINE('',#5385,#1086);
#748=LINE('',#5389,#1087);
#749=LINE('',#5393,#1088);
#750=LINE('',#5397,#1089);
#751=LINE('',#5401,#1090);
#752=LINE('',#5405,#1091);
#753=LINE('',#5409,#1092);
#754=LINE('',#5413,#1093);
#755=LINE('',#5417,#1094);
#756=LINE('',#5423,#1095);
#757=LINE('',#5427,#1096);
#758=LINE('',#5431,#1097);
#759=LINE('',#5435,#1098);
#760=LINE('',#5439,#1099);
#761=LINE('',#5443,#1100);
#762=LINE('',#5447,#1101);
#763=LINE('',#5451,#1102);
#764=LINE('',#5455,#1103);
#765=LINE('',#5459,#1104);
#766=LINE('',#5463,#1105);
#767=LINE('',#5467,#1106);
#768=LINE('',#5471,#1107);
#769=LINE('',#5475,#1108);
#770=LINE('',#5479,#1109);
#771=LINE('',#5483,#1110);
#772=LINE('',#5487,#1111);
#773=LINE('',#5489,#1112);
#774=LINE('',#5490,#1113);
#775=LINE('',#5493,#1114);
#776=LINE('',#5497,#1115);
#777=LINE('',#5498,#1116);
#778=LINE('',#5501,#1117);
#779=LINE('',#5505,#1118);
#780=LINE('',#5506,#1119);
#781=LINE('',#5509,#1120);
#782=LINE('',#5513,#1121);
#783=LINE('',#5514,#1122);
#784=LINE('',#5517,#1123);
#785=LINE('',#5521,#1124);
#786=LINE('',#5522,#1125);
#787=LINE('',#5525,#1126);
#788=LINE('',#5529,#1127);
#789=LINE('',#5530,#1128);
#790=LINE('',#5533,#1129);
#791=LINE('',#5537,#1130);
#792=LINE('',#5538,#1131);
#793=LINE('',#5541,#1132);
#794=LINE('',#5545,#1133);
#795=LINE('',#5546,#1134);
#796=LINE('',#5550,#1135);
#797=LINE('',#5551,#1136);
#798=LINE('',#5553,#1137);
#799=LINE('',#5555,#1138);
#800=LINE('',#5557,#1139);
#801=LINE('',#5559,#1140);
#802=LINE('',#5561,#1141);
#803=LINE('',#5563,#1142);
#804=LINE('',#5565,#1143);
#805=LINE('',#5568,#1144);
#806=LINE('',#5570,#1145);
#807=LINE('',#5571,#1146);
#808=LINE('',#5574,#1147);
#809=LINE('',#5578,#1148);
#810=LINE('',#5579,#1149);
#811=LINE('',#5582,#1150);
#812=LINE('',#5586,#1151);
#813=LINE('',#5587,#1152);
#814=LINE('',#5590,#1153);
#815=LINE('',#5594,#1154);
#816=LINE('',#5595,#1155);
#817=LINE('',#5598,#1156);
#818=LINE('',#5602,#1157);
#819=LINE('',#5603,#1158);
#820=LINE('',#5606,#1159);
#821=LINE('',#5610,#1160);
#822=LINE('',#5611,#1161);
#823=LINE('',#5614,#1162);
#824=LINE('',#5618,#1163);
#825=LINE('',#5619,#1164);
#826=LINE('',#5622,#1165);
#827=LINE('',#5626,#1166);
#828=LINE('',#5627,#1167);
#829=LINE('',#5631,#1168);
#830=LINE('',#5632,#1169);
#831=LINE('',#5634,#1170);
#832=LINE('',#5636,#1171);
#833=LINE('',#5638,#1172);
#834=LINE('',#5640,#1173);
#835=LINE('',#5642,#1174);
#836=LINE('',#5644,#1175);
#837=LINE('',#5646,#1176);
#838=LINE('',#5649,#1177);
#839=LINE('',#5651,#1178);
#840=LINE('',#5652,#1179);
#841=LINE('',#5655,#1180);
#842=LINE('',#5659,#1181);
#843=LINE('',#5660,#1182);
#844=LINE('',#5663,#1183);
#845=LINE('',#5667,#1184);
#846=LINE('',#5668,#1185);
#847=LINE('',#5671,#1186);
#848=LINE('',#5675,#1187);
#849=LINE('',#5676,#1188);
#850=LINE('',#5680,#1189);
#851=LINE('',#5681,#1190);
#852=LINE('',#5683,#1191);
#853=LINE('',#5685,#1192);
#854=LINE('',#5687,#1193);
#855=LINE('',#5690,#1194);
#856=LINE('',#5692,#1195);
#857=LINE('',#5693,#1196);
#858=LINE('',#5696,#1197);
#859=LINE('',#5700,#1198);
#860=LINE('',#5701,#1199);
#861=LINE('',#5704,#1200);
#862=LINE('',#5708,#1201);
#863=LINE('',#5709,#1202);
#864=LINE('',#5712,#1203);
#865=LINE('',#5716,#1204);
#866=LINE('',#5717,#1205);
#867=LINE('',#5721,#1206);
#868=LINE('',#5722,#1207);
#869=LINE('',#5724,#1208);
#870=LINE('',#5726,#1209);
#871=LINE('',#5728,#1210);
#872=LINE('',#5731,#1211);
#873=LINE('',#5733,#1212);
#874=LINE('',#5734,#1213);
#875=LINE('',#5737,#1214);
#876=LINE('',#5741,#1215);
#877=LINE('',#5742,#1216);
#878=LINE('',#5745,#1217);
#879=LINE('',#5749,#1218);
#880=LINE('',#5750,#1219);
#881=LINE('',#5753,#1220);
#882=LINE('',#5757,#1221);
#883=LINE('',#5758,#1222);
#884=LINE('',#5762,#1223);
#885=LINE('',#5763,#1224);
#886=LINE('',#5765,#1225);
#887=LINE('',#5767,#1226);
#888=LINE('',#5769,#1227);
#889=LINE('',#5772,#1228);
#890=LINE('',#5774,#1229);
#891=LINE('',#5775,#1230);
#892=LINE('',#5778,#1231);
#893=LINE('',#5782,#1232);
#894=LINE('',#5783,#1233);
#895=LINE('',#5786,#1234);
#896=LINE('',#5790,#1235);
#897=LINE('',#5791,#1236);
#898=LINE('',#5794,#1237);
#899=LINE('',#5798,#1238);
#900=LINE('',#5799,#1239);
#901=LINE('',#5803,#1240);
#902=LINE('',#5804,#1241);
#903=LINE('',#5806,#1242);
#904=LINE('',#5808,#1243);
#905=LINE('',#5810,#1244);
#906=LINE('',#5813,#1245);
#907=LINE('',#5815,#1246);
#908=LINE('',#5816,#1247);
#909=LINE('',#5819,#1248);
#910=LINE('',#5823,#1249);
#911=LINE('',#5824,#1250);
#912=LINE('',#5827,#1251);
#913=LINE('',#5831,#1252);
#914=LINE('',#5832,#1253);
#915=LINE('',#5835,#1254);
#916=LINE('',#5839,#1255);
#917=LINE('',#5840,#1256);
#918=LINE('',#5844,#1257);
#919=LINE('',#5845,#1258);
#920=LINE('',#5847,#1259);
#921=LINE('',#5849,#1260);
#922=LINE('',#5851,#1261);
#923=LINE('',#5873,#1262);
#924=LINE('',#5880,#1263);
#925=LINE('',#5883,#1264);
#926=LINE('',#5884,#1265);
#927=LINE('',#5906,#1266);
#928=LINE('',#5914,#1267);
#929=LINE('',#5916,#1268);
#930=LINE('',#5917,#1269);
#931=LINE('',#5921,#1270);
#932=LINE('',#5924,#1271);
#933=LINE('',#5925,#1272);
#934=LINE('',#5929,#1273);
#935=LINE('',#5932,#1274);
#936=LINE('',#5933,#1275);
#937=LINE('',#5975,#1276);
#938=LINE('',#5976,#1277);
#939=LINE('',#5978,#1278);
#940=LINE('',#5980,#1279);
#941=LINE('',#5982,#1280);
#942=LINE('',#5984,#1281);
#943=LINE('',#5986,#1282);
#944=LINE('',#5988,#1283);
#945=LINE('',#5991,#1284);
#946=LINE('',#5994,#1285);
#947=LINE('',#5997,#1286);
#948=LINE('',#5998,#1287);
#949=LINE('',#6001,#1288);
#950=LINE('',#6005,#1289);
#951=LINE('',#6006,#1290);
#952=LINE('',#6009,#1291);
#953=LINE('',#6013,#1292);
#954=LINE('',#6014,#1293);
#955=LINE('',#6017,#1294);
#956=LINE('',#6020,#1295);
#957=LINE('',#6025,#1296);
#958=LINE('',#6027,#1297);
#959=LINE('',#6029,#1298);
#960=LINE('',#6031,#1299);
#961=LINE('',#6034,#1300);
#962=LINE('',#6035,#1301);
#963=LINE('',#6038,#1302);
#964=LINE('',#6041,#1303);
#965=LINE('',#6042,#1304);
#966=LINE('',#6045,#1305);
#967=LINE('',#6048,#1306);
#968=LINE('',#6050,#1307);
#969=LINE('',#6052,#1308);
#970=LINE('',#6055,#1309);
#971=LINE('',#6057,#1310);
#972=LINE('',#6059,#1311);
#973=LINE('',#6061,#1312);
#974=LINE('',#6063,#1313);
#975=LINE('',#6065,#1314);
#976=LINE('',#6067,#1315);
#977=LINE('',#6070,#1316);
#978=LINE('',#6072,#1317);
#979=LINE('',#6074,#1318);
#980=LINE('',#6076,#1319);
#981=LINE('',#6078,#1320);
#982=LINE('',#6080,#1321);
#983=LINE('',#6082,#1322);
#984=LINE('',#6085,#1323);
#985=LINE('',#6087,#1324);
#986=LINE('',#6089,#1325);
#987=LINE('',#6092,#1326);
#988=LINE('',#6094,#1327);
#989=LINE('',#6096,#1328);
#990=VECTOR('',#3932,2.15000000000003);
#991=VECTOR('',#3939,10.);
#992=VECTOR('',#3942,10.);
#993=VECTOR('',#3945,10.);
#994=VECTOR('',#3948,10.);
#995=VECTOR('',#3957,10.);
#996=VECTOR('',#3960,10.);
#997=VECTOR('',#3963,10.);
#998=VECTOR('',#3966,10.);
#999=VECTOR('',#3967,10.);
#1000=VECTOR('',#3970,10.);
#1001=VECTOR('',#3973,10.);
#1002=VECTOR('',#3976,10.);
#1003=VECTOR('',#3979,10.);
#1004=VECTOR('',#3982,10.);
#1005=VECTOR('',#3985,10.);
#1006=VECTOR('',#3988,10.);
#1007=VECTOR('',#3993,10.);
#1008=VECTOR('',#3996,10.);
#1009=VECTOR('',#3999,10.);
#1010=VECTOR('',#4002,10.);
#1011=VECTOR('',#4005,10.);
#1012=VECTOR('',#4008,10.);
#1013=VECTOR('',#4011,10.);
#1014=VECTOR('',#4014,10.);
#1015=VECTOR('',#4015,10.);
#1016=VECTOR('',#4018,10.);
#1017=VECTOR('',#4021,10.);
#1018=VECTOR('',#4024,10.);
#1019=VECTOR('',#4027,10.);
#1020=VECTOR('',#4030,10.);
#1021=VECTOR('',#4033,10.);
#1022=VECTOR('',#4036,10.);
#1023=VECTOR('',#4039,10.);
#1024=VECTOR('',#4042,10.);
#1025=VECTOR('',#4045,10.);
#1026=VECTOR('',#4048,10.);
#1027=VECTOR('',#4051,10.);
#1028=VECTOR('',#4054,10.);
#1029=VECTOR('',#4057,10.);
#1030=VECTOR('',#4060,10.);
#1031=VECTOR('',#4063,10.);
#1032=VECTOR('',#4066,10.);
#1033=VECTOR('',#4069,10.);
#1034=VECTOR('',#4072,10.);
#1035=VECTOR('',#4075,10.);
#1036=VECTOR('',#4078,10.);
#1037=VECTOR('',#4081,10.);
#1038=VECTOR('',#4084,10.);
#1039=VECTOR('',#4093,2.00000000000003);
#1040=VECTOR('',#4098,2.15);
#1041=VECTOR('',#4103,1.99999999999999);
#1042=VECTOR('',#4108,2.15);
#1043=VECTOR('',#4113,2.);
#1044=VECTOR('',#4118,2.15);
#1045=VECTOR('',#4123,2.);
#1046=VECTOR('',#4128,2.15);
#1047=VECTOR('',#4133,1.99999999999999);
#1048=VECTOR('',#4138,2.15000000000003);
#1049=VECTOR('',#4143,2.00000000000003);
#1050=VECTOR('',#4160,10.);
#1051=VECTOR('',#4161,10.);
#1052=VECTOR('',#4162,10.);
#1053=VECTOR('',#4163,10.);
#1054=VECTOR('',#4166,10.);
#1055=VECTOR('',#4173,10.);
#1056=VECTOR('',#4174,10.);
#1057=VECTOR('',#4175,10.);
#1058=VECTOR('',#4178,10.);
#1059=VECTOR('',#4185,10.);
#1060=VECTOR('',#4186,10.);
#1061=VECTOR('',#4187,10.);
#1062=VECTOR('',#4190,10.);
#1063=VECTOR('',#4197,10.);
#1064=VECTOR('',#4198,10.);
#1065=VECTOR('',#4199,10.);
#1066=VECTOR('',#4208,10.);
#1067=VECTOR('',#4209,10.);
#1068=VECTOR('',#4212,10.);
#1069=VECTOR('',#4215,10.);
#1070=VECTOR('',#4218,10.);
#1071=VECTOR('',#4221,10.);
#1072=VECTOR('',#4224,10.);
#1073=VECTOR('',#4227,10.);
#1074=VECTOR('',#4228,10.);
#1075=VECTOR('',#4229,10.);
#1076=VECTOR('',#4232,10.);
#1077=VECTOR('',#4235,10.);
#1078=VECTOR('',#4238,10.);
#1079=VECTOR('',#4241,10.);
#1080=VECTOR('',#4244,10.);
#1081=VECTOR('',#4247,10.);
#1082=VECTOR('',#4250,10.);
#1083=VECTOR('',#4253,10.);
#1084=VECTOR('',#4256,10.);
#1085=VECTOR('',#4259,10.);
#1086=VECTOR('',#4262,10.);
#1087=VECTOR('',#4265,10.);
#1088=VECTOR('',#4268,10.);
#1089=VECTOR('',#4271,10.);
#1090=VECTOR('',#4274,10.);
#1091=VECTOR('',#4277,10.);
#1092=VECTOR('',#4280,10.);
#1093=VECTOR('',#4283,10.);
#1094=VECTOR('',#4286,10.);
#1095=VECTOR('',#4291,10.);
#1096=VECTOR('',#4294,10.);
#1097=VECTOR('',#4297,10.);
#1098=VECTOR('',#4300,10.);
#1099=VECTOR('',#4303,10.);
#1100=VECTOR('',#4306,10.);
#1101=VECTOR('',#4309,10.);
#1102=VECTOR('',#4312,10.);
#1103=VECTOR('',#4315,10.);
#1104=VECTOR('',#4318,10.);
#1105=VECTOR('',#4321,10.);
#1106=VECTOR('',#4324,10.);
#1107=VECTOR('',#4327,10.);
#1108=VECTOR('',#4330,10.);
#1109=VECTOR('',#4333,10.);
#1110=VECTOR('',#4336,10.);
#1111=VECTOR('',#4341,10.);
#1112=VECTOR('',#4342,10.);
#1113=VECTOR('',#4343,10.);
#1114=VECTOR('',#4346,10.);
#1115=VECTOR('',#4351,10.);
#1116=VECTOR('',#4352,10.);
#1117=VECTOR('',#4355,10.);
#1118=VECTOR('',#4360,10.);
#1119=VECTOR('',#4361,10.);
#1120=VECTOR('',#4364,10.);
#1121=VECTOR('',#4369,10.);
#1122=VECTOR('',#4370,10.);
#1123=VECTOR('',#4373,10.);
#1124=VECTOR('',#4378,10.);
#1125=VECTOR('',#4379,10.);
#1126=VECTOR('',#4382,10.);
#1127=VECTOR('',#4387,10.);
#1128=VECTOR('',#4388,10.);
#1129=VECTOR('',#4391,10.);
#1130=VECTOR('',#4396,10.);
#1131=VECTOR('',#4397,10.);
#1132=VECTOR('',#4400,10.);
#1133=VECTOR('',#4405,10.);
#1134=VECTOR('',#4406,10.);
#1135=VECTOR('',#4413,10.);
#1136=VECTOR('',#4414,10.);
#1137=VECTOR('',#4417,10.);
#1138=VECTOR('',#4420,10.);
#1139=VECTOR('',#4423,10.);
#1140=VECTOR('',#4426,10.);
#1141=VECTOR('',#4429,10.);
#1142=VECTOR('',#4432,10.);
#1143=VECTOR('',#4435,10.);
#1144=VECTOR('',#4438,10.);
#1145=VECTOR('',#4439,10.);
#1146=VECTOR('',#4440,10.);
#1147=VECTOR('',#4443,10.);
#1148=VECTOR('',#4448,10.);
#1149=VECTOR('',#4449,10.);
#1150=VECTOR('',#4452,10.);
#1151=VECTOR('',#4457,10.);
#1152=VECTOR('',#4458,10.);
#1153=VECTOR('',#4461,10.);
#1154=VECTOR('',#4466,10.);
#1155=VECTOR('',#4467,10.);
#1156=VECTOR('',#4470,10.);
#1157=VECTOR('',#4475,10.);
#1158=VECTOR('',#4476,10.);
#1159=VECTOR('',#4479,10.);
#1160=VECTOR('',#4484,10.);
#1161=VECTOR('',#4485,10.);
#1162=VECTOR('',#4488,10.);
#1163=VECTOR('',#4493,10.);
#1164=VECTOR('',#4494,10.);
#1165=VECTOR('',#4497,10.);
#1166=VECTOR('',#4502,10.);
#1167=VECTOR('',#4503,10.);
#1168=VECTOR('',#4510,10.);
#1169=VECTOR('',#4511,10.);
#1170=VECTOR('',#4514,10.);
#1171=VECTOR('',#4517,10.);
#1172=VECTOR('',#4520,10.);
#1173=VECTOR('',#4523,10.);
#1174=VECTOR('',#4526,10.);
#1175=VECTOR('',#4529,10.);
#1176=VECTOR('',#4532,10.);
#1177=VECTOR('',#4535,10.);
#1178=VECTOR('',#4536,10.);
#1179=VECTOR('',#4537,10.);
#1180=VECTOR('',#4540,10.);
#1181=VECTOR('',#4545,10.);
#1182=VECTOR('',#4546,10.);
#1183=VECTOR('',#4549,10.);
#1184=VECTOR('',#4554,10.);
#1185=VECTOR('',#4555,10.);
#1186=VECTOR('',#4558,10.);
#1187=VECTOR('',#4563,10.);
#1188=VECTOR('',#4564,10.);
#1189=VECTOR('',#4571,10.);
#1190=VECTOR('',#4572,10.);
#1191=VECTOR('',#4575,10.);
#1192=VECTOR('',#4578,10.);
#1193=VECTOR('',#4581,10.);
#1194=VECTOR('',#4584,10.);
#1195=VECTOR('',#4585,10.);
#1196=VECTOR('',#4586,10.);
#1197=VECTOR('',#4589,10.);
#1198=VECTOR('',#4594,10.);
#1199=VECTOR('',#4595,10.);
#1200=VECTOR('',#4598,10.);
#1201=VECTOR('',#4603,10.);
#1202=VECTOR('',#4604,10.);
#1203=VECTOR('',#4607,10.);
#1204=VECTOR('',#4612,10.);
#1205=VECTOR('',#4613,10.);
#1206=VECTOR('',#4620,10.);
#1207=VECTOR('',#4621,10.);
#1208=VECTOR('',#4624,10.);
#1209=VECTOR('',#4627,10.);
#1210=VECTOR('',#4630,10.);
#1211=VECTOR('',#4633,10.);
#1212=VECTOR('',#4634,10.);
#1213=VECTOR('',#4635,10.);
#1214=VECTOR('',#4638,10.);
#1215=VECTOR('',#4643,10.);
#1216=VECTOR('',#4644,10.);
#1217=VECTOR('',#4647,10.);
#1218=VECTOR('',#4652,10.);
#1219=VECTOR('',#4653,10.);
#1220=VECTOR('',#4656,10.);
#1221=VECTOR('',#4661,10.);
#1222=VECTOR('',#4662,10.);
#1223=VECTOR('',#4669,10.);
#1224=VECTOR('',#4670,10.);
#1225=VECTOR('',#4673,10.);
#1226=VECTOR('',#4676,10.);
#1227=VECTOR('',#4679,10.);
#1228=VECTOR('',#4682,10.);
#1229=VECTOR('',#4683,10.);
#1230=VECTOR('',#4684,10.);
#1231=VECTOR('',#4687,10.);
#1232=VECTOR('',#4692,10.);
#1233=VECTOR('',#4693,10.);
#1234=VECTOR('',#4696,10.);
#1235=VECTOR('',#4701,10.);
#1236=VECTOR('',#4702,10.);
#1237=VECTOR('',#4705,10.);
#1238=VECTOR('',#4710,10.);
#1239=VECTOR('',#4711,10.);
#1240=VECTOR('',#4718,10.);
#1241=VECTOR('',#4719,10.);
#1242=VECTOR('',#4722,10.);
#1243=VECTOR('',#4725,10.);
#1244=VECTOR('',#4728,10.);
#1245=VECTOR('',#4731,10.);
#1246=VECTOR('',#4732,10.);
#1247=VECTOR('',#4733,10.);
#1248=VECTOR('',#4736,10.);
#1249=VECTOR('',#4741,10.);
#1250=VECTOR('',#4742,10.);
#1251=VECTOR('',#4745,10.);
#1252=VECTOR('',#4750,10.);
#1253=VECTOR('',#4751,10.);
#1254=VECTOR('',#4754,10.);
#1255=VECTOR('',#4759,10.);
#1256=VECTOR('',#4760,10.);
#1257=VECTOR('',#4767,10.);
#1258=VECTOR('',#4768,10.);
#1259=VECTOR('',#4771,10.);
#1260=VECTOR('',#4774,10.);
#1261=VECTOR('',#4777,10.);
#1262=VECTOR('',#4778,10.);
#1263=VECTOR('',#4779,10.);
#1264=VECTOR('',#4782,10.);
#1265=VECTOR('',#4783,10.);
#1266=VECTOR('',#4784,10.);
#1267=VECTOR('',#4787,10.);
#1268=VECTOR('',#4788,10.);
#1269=VECTOR('',#4789,10.);
#1270=VECTOR('',#4794,10.);
#1271=VECTOR('',#4797,10.);
#1272=VECTOR('',#4798,10.);
#1273=VECTOR('',#4803,10.);
#1274=VECTOR('',#4806,10.);
#1275=VECTOR('',#4807,10.);
#1276=VECTOR('',#4810,10.);
#1277=VECTOR('',#4811,10.);
#1278=VECTOR('',#4814,10.);
#1279=VECTOR('',#4817,10.);
#1280=VECTOR('',#4820,10.);
#1281=VECTOR('',#4823,10.);
#1282=VECTOR('',#4826,10.);
#1283=VECTOR('',#4829,10.);
#1284=VECTOR('',#4832,10.);
#1285=VECTOR('',#4835,10.);
#1286=VECTOR('',#4838,10.);
#1287=VECTOR('',#4839,10.);
#1288=VECTOR('',#4842,10.);
#1289=VECTOR('',#4847,10.);
#1290=VECTOR('',#4848,10.);
#1291=VECTOR('',#4851,10.);
#1292=VECTOR('',#4856,10.);
#1293=VECTOR('',#4857,10.);
#1294=VECTOR('',#4860,10.);
#1295=VECTOR('',#4865,10.);
#1296=VECTOR('',#4872,3.99999999999999);
#1297=VECTOR('',#4875,10.);
#1298=VECTOR('',#4878,10.);
#1299=VECTOR('',#4881,10.);
#1300=VECTOR('',#4886,10.);
#1301=VECTOR('',#4887,10.);
#1302=VECTOR('',#4892,10.);
#1303=VECTOR('',#4897,10.);
#1304=VECTOR('',#4898,10.);
#1305=VECTOR('',#4903,10.);
#1306=VECTOR('',#4908,10.);
#1307=VECTOR('',#4911,10.);
#1308=VECTOR('',#4914,10.);
#1309=VECTOR('',#4919,10.);
#1310=VECTOR('',#4922,10.);
#1311=VECTOR('',#4925,10.);
#1312=VECTOR('',#4928,10.);
#1313=VECTOR('',#4931,10.);
#1314=VECTOR('',#4934,10.);
#1315=VECTOR('',#4937,10.);
#1316=VECTOR('',#4942,10.);
#1317=VECTOR('',#4945,10.);
#1318=VECTOR('',#4948,10.);
#1319=VECTOR('',#4951,10.);
#1320=VECTOR('',#4954,10.);
#1321=VECTOR('',#4957,10.);
#1322=VECTOR('',#4960,10.);
#1323=VECTOR('',#4965,10.);
#1324=VECTOR('',#4968,10.);
#1325=VECTOR('',#4971,10.);
#1326=VECTOR('',#4976,10.);
#1327=VECTOR('',#4979,10.);
#1328=VECTOR('',#4982,10.);
#1329=CIRCLE('',#3567,2.30000000000004);
#1330=CIRCLE('',#3568,2.00000000000003);
#1331=CIRCLE('',#3570,4.);
#1332=CIRCLE('',#3571,4.);
#1333=CIRCLE('',#3574,2.3);
#1334=CIRCLE('',#3575,2.3);
#1335=CIRCLE('',#3576,2.30000000000004);
#1336=CIRCLE('',#3577,0.500000000000043);
#1337=CIRCLE('',#3578,0.5);
#1338=CIRCLE('',#3579,0.499999999999972);
#1339=CIRCLE('',#3580,0.499999999999998);
#1340=CIRCLE('',#3581,0.5);
#1341=CIRCLE('',#3582,0.499999999999989);
#1342=CIRCLE('',#3583,0.499999999999998);
#1343=CIRCLE('',#3584,0.500000000000007);
#1344=CIRCLE('',#3585,0.499999999999998);
#1345=CIRCLE('',#3586,0.500000000000007);
#1346=CIRCLE('',#3587,0.5);
#1347=CIRCLE('',#3588,0.500000000000007);
#1348=CIRCLE('',#3589,0.499999999999989);
#1349=CIRCLE('',#3590,0.500000000000007);
#1350=CIRCLE('',#3591,0.499999999999998);
#1351=CIRCLE('',#3592,0.50000000000001);
#1352=CIRCLE('',#3593,0.499999999999989);
#1353=CIRCLE('',#3594,0.500000000000007);
#1354=CIRCLE('',#3595,0.500000000000025);
#1355=CIRCLE('',#3596,0.500000000000007);
#1356=CIRCLE('',#3597,0.500000000000007);
#1357=CIRCLE('',#3598,0.500000000000007);
#1358=CIRCLE('',#3599,0.500000000000025);
#1359=CIRCLE('',#3600,0.500000000000007);
#1360=CIRCLE('',#3601,0.500000000000007);
#1361=CIRCLE('',#3602,0.499999999999972);
#1362=CIRCLE('',#3603,0.500000000000007);
#1363=CIRCLE('',#3604,0.499999999999972);
#1364=CIRCLE('',#3605,0.5);
#1365=CIRCLE('',#3606,0.500000000000007);
#1366=CIRCLE('',#3607,0.499999999999998);
#1367=CIRCLE('',#3608,0.500000000000007);
#1368=CIRCLE('',#3609,0.5);
#1369=CIRCLE('',#3610,0.499999999999998);
#1370=CIRCLE('',#3611,0.499999999999998);
#1371=CIRCLE('',#3612,0.5);
#1372=CIRCLE('',#3613,0.499999999999998);
#1373=CIRCLE('',#3614,0.499999999999998);
#1374=CIRCLE('',#3615,0.500000000000007);
#1375=CIRCLE('',#3616,0.5);
#1376=CIRCLE('',#3617,0.500000000000007);
#1377=CIRCLE('',#3618,0.500000000000007);
#1378=CIRCLE('',#3619,0.499999999999972);
#1379=CIRCLE('',#3620,0.499999999999998);
#1380=CIRCLE('',#3621,2.3);
#1381=CIRCLE('',#3622,2.3);
#1382=CIRCLE('',#3624,2.00000000000003);
#1383=CIRCLE('',#3626,1.99999999999999);
#1384=CIRCLE('',#3628,1.99999999999999);
#1385=CIRCLE('',#3630,2.);
#1386=CIRCLE('',#3632,2.);
#1387=CIRCLE('',#3634,2.);
#1388=CIRCLE('',#3636,2.);
#1389=CIRCLE('',#3638,1.99999999999999);
#1390=CIRCLE('',#3640,1.99999999999999);
#1391=CIRCLE('',#3642,2.00000000000003);
#1392=CIRCLE('',#3644,2.00000000000003);
#1393=CIRCLE('',#3653,0.899999999999996);
#1394=CIRCLE('',#3654,0.500000000000007);
#1395=CIRCLE('',#3657,0.899999999999996);
#1396=CIRCLE('',#3658,0.500000000000007);
#1397=CIRCLE('',#3661,0.899999999999987);
#1398=CIRCLE('',#3662,0.499999999999998);
#1399=CIRCLE('',#3665,0.899999999999964);
#1400=CIRCLE('',#3666,0.499999999999972);
#1401=CIRCLE('',#3672,2.99999999999996);
#1402=CIRCLE('',#3673,3.);
#1403=CIRCLE('',#3674,0.100000000000018);
#1404=CIRCLE('',#3675,0.899999999999996);
#1405=CIRCLE('',#3676,0.899999999999961);
#1406=CIRCLE('',#3677,0.100000000000018);
#1407=CIRCLE('',#3678,0.899999999999961);
#1408=CIRCLE('',#3679,0.899999999999996);
#1409=CIRCLE('',#3680,0.899999999999996);
#1410=CIRCLE('',#3681,0.900000000000014);
#1411=CIRCLE('',#3682,0.900000000000002);
#1412=CIRCLE('',#3683,0.899999999999987);
#1413=CIRCLE('',#3684,0.900000000000003);
#1414=CIRCLE('',#3685,0.899999999999996);
#1415=CIRCLE('',#3686,0.900000000000002);
#1416=CIRCLE('',#3687,0.899999999999987);
#1417=CIRCLE('',#3688,0.899999999999985);
#1418=CIRCLE('',#3689,0.899999999999992);
#1419=CIRCLE('',#3690,0.899999999999999);
#1420=CIRCLE('',#3691,0.9);
#1421=CIRCLE('',#3692,0.900000000000002);
#1422=CIRCLE('',#3693,0.900000000000001);
#1423=CIRCLE('',#3694,3.99999999999999);
#1424=CIRCLE('',#3695,0.899999999999997);
#1425=CIRCLE('',#3696,0.899999999999991);
#1426=CIRCLE('',#3697,0.9);
#1427=CIRCLE('',#3698,0.900000000000002);
#1428=CIRCLE('',#3699,0.900000000000002);
#1429=CIRCLE('',#3700,0.899999999999987);
#1430=CIRCLE('',#3701,0.900000000000003);
#1431=CIRCLE('',#3702,0.899999999999996);
#1432=CIRCLE('',#3703,0.900000000000009);
#1433=CIRCLE('',#3704,0.899999999999978);
#1434=CIRCLE('',#3705,0.100000000000018);
#1435=CIRCLE('',#3706,0.900000000000027);
#1436=CIRCLE('',#3707,0.100000000000005);
#1437=CIRCLE('',#3708,0.899999999999978);
#1438=CIRCLE('',#3709,0.900000000000004);
#1439=CIRCLE('',#3710,0.899999999999999);
#1440=CIRCLE('',#3713,0.500000000000007);
#1441=CIRCLE('',#3716,0.500000000000007);
#1442=CIRCLE('',#3719,0.499999999999972);
#1443=CIRCLE('',#3722,0.500000000000007);
#1444=CIRCLE('',#3725,0.499999999999972);
#1445=CIRCLE('',#3728,0.500000000000007);
#1446=CIRCLE('',#3731,0.500000000000007);
#1447=CIRCLE('',#3734,0.500000000000025);
#1448=CIRCLE('',#3745,0.500000000000007);
#1449=CIRCLE('',#3748,0.499999999999989);
#1450=CIRCLE('',#3751,0.500000000000007);
#1451=CIRCLE('',#3754,0.500000000000025);
#1452=CIRCLE('',#3757,0.500000000000007);
#1453=CIRCLE('',#3760,0.499999999999989);
#1454=CIRCLE('',#3763,0.50000000000001);
#1455=CIRCLE('',#3766,0.499999999999998);
#1456=CIRCLE('',#3777,0.500000000000007);
#1457=CIRCLE('',#3780,0.499999999999998);
#1458=CIRCLE('',#3783,0.500000000000007);
#1459=CIRCLE('',#3786,0.5);
#1460=CIRCLE('',#3793,0.500000000000007);
#1461=CIRCLE('',#3796,0.499999999999998);
#1462=CIRCLE('',#3799,0.500000000000007);
#1463=CIRCLE('',#3802,0.5);
#1464=CIRCLE('',#3809,0.500000000000007);
#1465=CIRCLE('',#3812,0.499999999999998);
#1466=CIRCLE('',#3815,0.499999999999989);
#1467=CIRCLE('',#3818,0.5);
#1468=CIRCLE('',#3825,0.500000000000007);
#1469=CIRCLE('',#3828,0.499999999999998);
#1470=CIRCLE('',#3831,0.499999999999998);
#1471=CIRCLE('',#3834,0.5);
#1472=CIRCLE('',#3841,0.499999999999998);
#1473=CIRCLE('',#3844,0.499999999999998);
#1474=CIRCLE('',#3847,0.5);
#1475=CIRCLE('',#3850,0.5);
#1476=CIRCLE('',#3858,4.);
#1477=CIRCLE('',#3861,4.);
#1478=CIRCLE('',#3871,0.500000000000043);
#1479=CIRCLE('',#3874,0.499999999999998);
#1480=CIRCLE('',#3877,0.499999999999972);
#1481=CIRCLE('',#3880,0.5);
#1482=CIRCLE('',#3883,3.99999999999999);
#1483=VERTEX_POINT('',#4989);
#1484=VERTEX_POINT('',#4991);
#1485=VERTEX_POINT('',#4995);
#1486=VERTEX_POINT('',#4996);
#1487=VERTEX_POINT('',#4998);
#1488=VERTEX_POINT('',#5000);
#1489=VERTEX_POINT('',#5002);
#1490=VERTEX_POINT('',#5004);
#1491=VERTEX_POINT('',#5006);
#1492=VERTEX_POINT('',#5008);
#1493=VERTEX_POINT('',#5011);
#1494=VERTEX_POINT('',#5013);
#1495=VERTEX_POINT('',#5015);
#1496=VERTEX_POINT('',#5017);
#1497=VERTEX_POINT('',#5018);
#1498=VERTEX_POINT('',#5020);
#1499=VERTEX_POINT('',#5022);
#1500=VERTEX_POINT('',#5024);
#1501=VERTEX_POINT('',#5026);
#1502=VERTEX_POINT('',#5028);
#1503=VERTEX_POINT('',#5030);
#1504=VERTEX_POINT('',#5033);
#1505=VERTEX_POINT('',#5034);
#1506=VERTEX_POINT('',#5036);
#1507=VERTEX_POINT('',#5038);
#1508=VERTEX_POINT('',#5040);
#1509=VERTEX_POINT('',#5042);
#1510=VERTEX_POINT('',#5044);
#1511=VERTEX_POINT('',#5046);
#1512=VERTEX_POINT('',#5049);
#1513=VERTEX_POINT('',#5050);
#1514=VERTEX_POINT('',#5052);
#1515=VERTEX_POINT('',#5054);
#1516=VERTEX_POINT('',#5056);
#1517=VERTEX_POINT('',#5058);
#1518=VERTEX_POINT('',#5060);
#1519=VERTEX_POINT('',#5062);
#1520=VERTEX_POINT('',#5065);
#1521=VERTEX_POINT('',#5066);
#1522=VERTEX_POINT('',#5068);
#1523=VERTEX_POINT('',#5070);
#1524=VERTEX_POINT('',#5072);
#1525=VERTEX_POINT('',#5074);
#1526=VERTEX_POINT('',#5076);
#1527=VERTEX_POINT('',#5078);
#1528=VERTEX_POINT('',#5080);
#1529=VERTEX_POINT('',#5082);
#1530=VERTEX_POINT('',#5084);
#1531=VERTEX_POINT('',#5086);
#1532=VERTEX_POINT('',#5088);
#1533=VERTEX_POINT('',#5090);
#1534=VERTEX_POINT('',#5092);
#1535=VERTEX_POINT('',#5094);
#1536=VERTEX_POINT('',#5097);
#1537=VERTEX_POINT('',#5098);
#1538=VERTEX_POINT('',#5100);
#1539=VERTEX_POINT('',#5102);
#1540=VERTEX_POINT('',#5104);
#1541=VERTEX_POINT('',#5106);
#1542=VERTEX_POINT('',#5108);
#1543=VERTEX_POINT('',#5110);
#1544=VERTEX_POINT('',#5112);
#1545=VERTEX_POINT('',#5114);
#1546=VERTEX_POINT('',#5116);
#1547=VERTEX_POINT('',#5118);
#1548=VERTEX_POINT('',#5120);
#1549=VERTEX_POINT('',#5122);
#1550=VERTEX_POINT('',#5124);
#1551=VERTEX_POINT('',#5126);
#1552=VERTEX_POINT('',#5129);
#1553=VERTEX_POINT('',#5130);
#1554=VERTEX_POINT('',#5132);
#1555=VERTEX_POINT('',#5134);
#1556=VERTEX_POINT('',#5136);
#1557=VERTEX_POINT('',#5138);
#1558=VERTEX_POINT('',#5140);
#1559=VERTEX_POINT('',#5142);
#1560=VERTEX_POINT('',#5145);
#1561=VERTEX_POINT('',#5146);
#1562=VERTEX_POINT('',#5148);
#1563=VERTEX_POINT('',#5150);
#1564=VERTEX_POINT('',#5152);
#1565=VERTEX_POINT('',#5154);
#1566=VERTEX_POINT('',#5156);
#1567=VERTEX_POINT('',#5158);
#1568=VERTEX_POINT('',#5161);
#1569=VERTEX_POINT('',#5162);
#1570=VERTEX_POINT('',#5164);
#1571=VERTEX_POINT('',#5166);
#1572=VERTEX_POINT('',#5168);
#1573=VERTEX_POINT('',#5170);
#1574=VERTEX_POINT('',#5172);
#1575=VERTEX_POINT('',#5174);
#1576=VERTEX_POINT('',#5177);
#1577=VERTEX_POINT('',#5178);
#1578=VERTEX_POINT('',#5180);
#1579=VERTEX_POINT('',#5182);
#1580=VERTEX_POINT('',#5184);
#1581=VERTEX_POINT('',#5186);
#1582=VERTEX_POINT('',#5188);
#1583=VERTEX_POINT('',#5190);
#1584=VERTEX_POINT('',#5193);
#1585=VERTEX_POINT('',#5195);
#1586=VERTEX_POINT('',#5198);
#1587=VERTEX_POINT('',#5202);
#1588=VERTEX_POINT('',#5206);
#1589=VERTEX_POINT('',#5210);
#1590=VERTEX_POINT('',#5214);
#1591=VERTEX_POINT('',#5218);
#1592=VERTEX_POINT('',#5222);
#1593=VERTEX_POINT('',#5226);
#1594=VERTEX_POINT('',#5230);
#1595=VERTEX_POINT('',#5234);
#1596=VERTEX_POINT('',#5238);
#1597=VERTEX_POINT('',#5248);
#1598=VERTEX_POINT('',#5249);
#1599=VERTEX_POINT('',#5251);
#1600=VERTEX_POINT('',#5253);
#1601=VERTEX_POINT('',#5257);
#1602=VERTEX_POINT('',#5258);
#1603=VERTEX_POINT('',#5263);
#1604=VERTEX_POINT('',#5264);
#1605=VERTEX_POINT('',#5269);
#1606=VERTEX_POINT('',#5270);
#1607=VERTEX_POINT('',#5275);
#1608=VERTEX_POINT('',#5276);
#1609=VERTEX_POINT('',#5281);
#1610=VERTEX_POINT('',#5282);
#1611=VERTEX_POINT('',#5287);
#1612=VERTEX_POINT('',#5288);
#1613=VERTEX_POINT('',#5305);
#1614=VERTEX_POINT('',#5306);
#1615=VERTEX_POINT('',#5308);
#1616=VERTEX_POINT('',#5310);
#1617=VERTEX_POINT('',#5312);
#1618=VERTEX_POINT('',#5314);
#1619=VERTEX_POINT('',#5316);
#1620=VERTEX_POINT('',#5321);
#1621=VERTEX_POINT('',#5327);
#1622=VERTEX_POINT('',#5329);
#1623=VERTEX_POINT('',#5339);
#1624=VERTEX_POINT('',#5340);
#1625=VERTEX_POINT('',#5342);
#1626=VERTEX_POINT('',#5344);
#1627=VERTEX_POINT('',#5346);
#1628=VERTEX_POINT('',#5348);
#1629=VERTEX_POINT('',#5350);
#1630=VERTEX_POINT('',#5352);
#1631=VERTEX_POINT('',#5354);
#1632=VERTEX_POINT('',#5356);
#1633=VERTEX_POINT('',#5358);
#1634=VERTEX_POINT('',#5360);
#1635=VERTEX_POINT('',#5362);
#1636=VERTEX_POINT('',#5364);
#1637=VERTEX_POINT('',#5366);
#1638=VERTEX_POINT('',#5368);
#1639=VERTEX_POINT('',#5371);
#1640=VERTEX_POINT('',#5372);
#1641=VERTEX_POINT('',#5374);
#1642=VERTEX_POINT('',#5376);
#1643=VERTEX_POINT('',#5378);
#1644=VERTEX_POINT('',#5380);
#1645=VERTEX_POINT('',#5382);
#1646=VERTEX_POINT('',#5384);
#1647=VERTEX_POINT('',#5387);
#1648=VERTEX_POINT('',#5388);
#1649=VERTEX_POINT('',#5390);
#1650=VERTEX_POINT('',#5392);
#1651=VERTEX_POINT('',#5394);
#1652=VERTEX_POINT('',#5396);
#1653=VERTEX_POINT('',#5398);
#1654=VERTEX_POINT('',#5400);
#1655=VERTEX_POINT('',#5403);
#1656=VERTEX_POINT('',#5404);
#1657=VERTEX_POINT('',#5406);
#1658=VERTEX_POINT('',#5408);
#1659=VERTEX_POINT('',#5410);
#1660=VERTEX_POINT('',#5412);
#1661=VERTEX_POINT('',#5414);
#1662=VERTEX_POINT('',#5416);
#1663=VERTEX_POINT('',#5419);
#1664=VERTEX_POINT('',#5421);
#1665=VERTEX_POINT('',#5422);
#1666=VERTEX_POINT('',#5424);
#1667=VERTEX_POINT('',#5426);
#1668=VERTEX_POINT('',#5428);
#1669=VERTEX_POINT('',#5430);
#1670=VERTEX_POINT('',#5432);
#1671=VERTEX_POINT('',#5434);
#1672=VERTEX_POINT('',#5437);
#1673=VERTEX_POINT('',#5438);
#1674=VERTEX_POINT('',#5440);
#1675=VERTEX_POINT('',#5442);
#1676=VERTEX_POINT('',#5444);
#1677=VERTEX_POINT('',#5446);
#1678=VERTEX_POINT('',#5448);
#1679=VERTEX_POINT('',#5450);
#1680=VERTEX_POINT('',#5453);
#1681=VERTEX_POINT('',#5454);
#1682=VERTEX_POINT('',#5456);
#1683=VERTEX_POINT('',#5458);
#1684=VERTEX_POINT('',#5460);
#1685=VERTEX_POINT('',#5462);
#1686=VERTEX_POINT('',#5464);
#1687=VERTEX_POINT('',#5466);
#1688=VERTEX_POINT('',#5468);
#1689=VERTEX_POINT('',#5470);
#1690=VERTEX_POINT('',#5472);
#1691=VERTEX_POINT('',#5474);
#1692=VERTEX_POINT('',#5476);
#1693=VERTEX_POINT('',#5478);
#1694=VERTEX_POINT('',#5480);
#1695=VERTEX_POINT('',#5482);
#1696=VERTEX_POINT('',#5486);
#1697=VERTEX_POINT('',#5488);
#1698=VERTEX_POINT('',#5492);
#1699=VERTEX_POINT('',#5496);
#1700=VERTEX_POINT('',#5500);
#1701=VERTEX_POINT('',#5504);
#1702=VERTEX_POINT('',#5508);
#1703=VERTEX_POINT('',#5512);
#1704=VERTEX_POINT('',#5516);
#1705=VERTEX_POINT('',#5520);
#1706=VERTEX_POINT('',#5524);
#1707=VERTEX_POINT('',#5528);
#1708=VERTEX_POINT('',#5532);
#1709=VERTEX_POINT('',#5536);
#1710=VERTEX_POINT('',#5540);
#1711=VERTEX_POINT('',#5544);
#1712=VERTEX_POINT('',#5567);
#1713=VERTEX_POINT('',#5569);
#1714=VERTEX_POINT('',#5573);
#1715=VERTEX_POINT('',#5577);
#1716=VERTEX_POINT('',#5581);
#1717=VERTEX_POINT('',#5585);
#1718=VERTEX_POINT('',#5589);
#1719=VERTEX_POINT('',#5593);
#1720=VERTEX_POINT('',#5597);
#1721=VERTEX_POINT('',#5601);
#1722=VERTEX_POINT('',#5605);
#1723=VERTEX_POINT('',#5609);
#1724=VERTEX_POINT('',#5613);
#1725=VERTEX_POINT('',#5617);
#1726=VERTEX_POINT('',#5621);
#1727=VERTEX_POINT('',#5625);
#1728=VERTEX_POINT('',#5648);
#1729=VERTEX_POINT('',#5650);
#1730=VERTEX_POINT('',#5654);
#1731=VERTEX_POINT('',#5658);
#1732=VERTEX_POINT('',#5662);
#1733=VERTEX_POINT('',#5666);
#1734=VERTEX_POINT('',#5670);
#1735=VERTEX_POINT('',#5674);
#1736=VERTEX_POINT('',#5689);
#1737=VERTEX_POINT('',#5691);
#1738=VERTEX_POINT('',#5695);
#1739=VERTEX_POINT('',#5699);
#1740=VERTEX_POINT('',#5703);
#1741=VERTEX_POINT('',#5707);
#1742=VERTEX_POINT('',#5711);
#1743=VERTEX_POINT('',#5715);
#1744=VERTEX_POINT('',#5730);
#1745=VERTEX_POINT('',#5732);
#1746=VERTEX_POINT('',#5736);
#1747=VERTEX_POINT('',#5740);
#1748=VERTEX_POINT('',#5744);
#1749=VERTEX_POINT('',#5748);
#1750=VERTEX_POINT('',#5752);
#1751=VERTEX_POINT('',#5756);
#1752=VERTEX_POINT('',#5771);
#1753=VERTEX_POINT('',#5773);
#1754=VERTEX_POINT('',#5777);
#1755=VERTEX_POINT('',#5781);
#1756=VERTEX_POINT('',#5785);
#1757=VERTEX_POINT('',#5789);
#1758=VERTEX_POINT('',#5793);
#1759=VERTEX_POINT('',#5797);
#1760=VERTEX_POINT('',#5812);
#1761=VERTEX_POINT('',#5814);
#1762=VERTEX_POINT('',#5818);
#1763=VERTEX_POINT('',#5822);
#1764=VERTEX_POINT('',#5826);
#1765=VERTEX_POINT('',#5830);
#1766=VERTEX_POINT('',#5834);
#1767=VERTEX_POINT('',#5838);
#1768=VERTEX_POINT('',#5872);
#1769=VERTEX_POINT('',#5874);
#1770=VERTEX_POINT('',#5882);
#1771=VERTEX_POINT('',#5905);
#1772=VERTEX_POINT('',#5913);
#1773=VERTEX_POINT('',#5915);
#1774=VERTEX_POINT('',#5919);
#1775=VERTEX_POINT('',#5923);
#1776=VERTEX_POINT('',#5927);
#1777=VERTEX_POINT('',#5931);
#1778=VERTEX_POINT('',#5990);
#1779=VERTEX_POINT('',#5992);
#1780=VERTEX_POINT('',#5996);
#1781=VERTEX_POINT('',#6000);
#1782=VERTEX_POINT('',#6004);
#1783=VERTEX_POINT('',#6008);
#1784=VERTEX_POINT('',#6012);
#1785=VERTEX_POINT('',#6016);
#1786=VERTEX_POINT('',#6022);
#1787=EDGE_CURVE('',#1483,#1483,#1329,.T.);
#1788=EDGE_CURVE('',#1483,#1484,#651,.T.);
#1789=EDGE_CURVE('',#1484,#1484,#1330,.T.);
#1790=EDGE_CURVE('',#1485,#1486,#1331,.T.);
#1791=EDGE_CURVE('',#1485,#1487,#652,.T.);
#1792=EDGE_CURVE('',#1488,#1487,#1332,.T.);
#1793=EDGE_CURVE('',#1488,#1489,#653,.T.);
#1794=EDGE_CURVE('',#1490,#1489,#107,.T.);
#1795=EDGE_CURVE('',#1490,#1491,#654,.T.);
#1796=EDGE_CURVE('',#1492,#1491,#108,.T.);
#1797=EDGE_CURVE('',#1492,#1486,#655,.T.);
#1798=EDGE_CURVE('',#1493,#1493,#1333,.T.);
#1799=EDGE_CURVE('',#1494,#1494,#1334,.T.);
#1800=EDGE_CURVE('',#1495,#1495,#1335,.T.);
#1801=EDGE_CURVE('',#1496,#1497,#1336,.T.);
#1802=EDGE_CURVE('',#1497,#1498,#656,.T.);
#1803=EDGE_CURVE('',#1498,#1499,#1337,.T.);
#1804=EDGE_CURVE('',#1499,#1500,#657,.T.);
#1805=EDGE_CURVE('',#1500,#1501,#1338,.T.);
#1806=EDGE_CURVE('',#1501,#1502,#658,.T.);
#1807=EDGE_CURVE('',#1502,#1503,#1339,.T.);
#1808=EDGE_CURVE('',#1503,#1496,#659,.T.);
#1809=EDGE_CURVE('',#1504,#1505,#660,.T.);
#1810=EDGE_CURVE('',#1505,#1506,#1340,.T.);
#1811=EDGE_CURVE('',#1506,#1507,#661,.T.);
#1812=EDGE_CURVE('',#1507,#1508,#1341,.T.);
#1813=EDGE_CURVE('',#1508,#1509,#662,.T.);
#1814=EDGE_CURVE('',#1509,#1510,#1342,.T.);
#1815=EDGE_CURVE('',#1510,#1511,#663,.T.);
#1816=EDGE_CURVE('',#1511,#1504,#1343,.T.);
#1817=EDGE_CURVE('',#1512,#1513,#664,.T.);
#1818=EDGE_CURVE('',#1513,#1514,#1344,.T.);
#1819=EDGE_CURVE('',#1514,#1515,#665,.T.);
#1820=EDGE_CURVE('',#1515,#1516,#1345,.T.);
#1821=EDGE_CURVE('',#1516,#1517,#666,.T.);
#1822=EDGE_CURVE('',#1517,#1518,#1346,.T.);
#1823=EDGE_CURVE('',#1518,#1519,#667,.T.);
#1824=EDGE_CURVE('',#1519,#1512,#1347,.T.);
#1825=EDGE_CURVE('',#1520,#1521,#1348,.T.);
#1826=EDGE_CURVE('',#1521,#1522,#668,.T.);
#1827=EDGE_CURVE('',#1522,#1523,#1349,.T.);
#1828=EDGE_CURVE('',#1523,#1524,#669,.T.);
#1829=EDGE_CURVE('',#1524,#1525,#1350,.T.);
#1830=EDGE_CURVE('',#1525,#1526,#670,.T.);
#1831=EDGE_CURVE('',#1526,#1527,#1351,.T.);
#1832=EDGE_CURVE('',#1527,#1528,#671,.T.);
#1833=EDGE_CURVE('',#1528,#1529,#1352,.T.);
#1834=EDGE_CURVE('',#1529,#1530,#672,.T.);
#1835=EDGE_CURVE('',#1530,#1531,#1353,.T.);
#1836=EDGE_CURVE('',#1531,#1532,#673,.T.);
#1837=EDGE_CURVE('',#1532,#1533,#1354,.T.);
#1838=EDGE_CURVE('',#1533,#1534,#674,.T.);
#1839=EDGE_CURVE('',#1534,#1535,#1355,.T.);
#1840=EDGE_CURVE('',#1535,#1520,#675,.T.);
#1841=EDGE_CURVE('',#1536,#1537,#676,.T.);
#1842=EDGE_CURVE('',#1537,#1538,#1356,.T.);
#1843=EDGE_CURVE('',#1538,#1539,#677,.T.);
#1844=EDGE_CURVE('',#1539,#1540,#1357,.T.);
#1845=EDGE_CURVE('',#1540,#1541,#678,.T.);
#1846=EDGE_CURVE('',#1541,#1542,#1358,.T.);
#1847=EDGE_CURVE('',#1542,#1543,#679,.T.);
#1848=EDGE_CURVE('',#1543,#1544,#1359,.T.);
#1849=EDGE_CURVE('',#1544,#1545,#680,.T.);
#1850=EDGE_CURVE('',#1545,#1546,#1360,.T.);
#1851=EDGE_CURVE('',#1546,#1547,#681,.T.);
#1852=EDGE_CURVE('',#1547,#1548,#1361,.T.);
#1853=EDGE_CURVE('',#1548,#1549,#682,.T.);
#1854=EDGE_CURVE('',#1549,#1550,#1362,.T.);
#1855=EDGE_CURVE('',#1550,#1551,#683,.T.);
#1856=EDGE_CURVE('',#1551,#1536,#1363,.T.);
#1857=EDGE_CURVE('',#1552,#1553,#684,.T.);
#1858=EDGE_CURVE('',#1553,#1554,#1364,.T.);
#1859=EDGE_CURVE('',#1554,#1555,#685,.T.);
#1860=EDGE_CURVE('',#1555,#1556,#1365,.T.);
#1861=EDGE_CURVE('',#1556,#1557,#686,.T.);
#1862=EDGE_CURVE('',#1557,#1558,#1366,.T.);
#1863=EDGE_CURVE('',#1558,#1559,#687,.T.);
#1864=EDGE_CURVE('',#1559,#1552,#1367,.T.);
#1865=EDGE_CURVE('',#1560,#1561,#688,.T.);
#1866=EDGE_CURVE('',#1561,#1562,#1368,.T.);
#1867=EDGE_CURVE('',#1562,#1563,#689,.T.);
#1868=EDGE_CURVE('',#1563,#1564,#1369,.T.);
#1869=EDGE_CURVE('',#1564,#1565,#690,.T.);
#1870=EDGE_CURVE('',#1565,#1566,#1370,.T.);
#1871=EDGE_CURVE('',#1566,#1567,#691,.T.);
#1872=EDGE_CURVE('',#1567,#1560,#1371,.T.);
#1873=EDGE_CURVE('',#1568,#1569,#692,.T.);
#1874=EDGE_CURVE('',#1569,#1570,#1372,.T.);
#1875=EDGE_CURVE('',#1570,#1571,#693,.T.);
#1876=EDGE_CURVE('',#1571,#1572,#1373,.T.);
#1877=EDGE_CURVE('',#1572,#1573,#694,.T.);
#1878=EDGE_CURVE('',#1573,#1574,#1374,.T.);
#1879=EDGE_CURVE('',#1574,#1575,#695,.T.);
#1880=EDGE_CURVE('',#1575,#1568,#1375,.T.);
#1881=EDGE_CURVE('',#1576,#1577,#696,.T.);
#1882=EDGE_CURVE('',#1577,#1578,#1376,.T.);
#1883=EDGE_CURVE('',#1578,#1579,#697,.T.);
#1884=EDGE_CURVE('',#1579,#1580,#1377,.T.);
#1885=EDGE_CURVE('',#1580,#1581,#698,.T.);
#1886=EDGE_CURVE('',#1581,#1582,#1378,.T.);
#1887=EDGE_CURVE('',#1582,#1583,#699,.T.);
#1888=EDGE_CURVE('',#1583,#1576,#1379,.T.);
#1889=EDGE_CURVE('',#1584,#1584,#1380,.T.);
#1890=EDGE_CURVE('',#1585,#1585,#1381,.T.);
#1891=EDGE_CURVE('',#1484,#1586,#700,.T.);
#1892=EDGE_CURVE('',#1586,#1586,#1382,.T.);
#1893=EDGE_CURVE('',#1493,#1587,#701,.T.);
#1894=EDGE_CURVE('',#1587,#1587,#1383,.T.);
#1895=EDGE_CURVE('',#1587,#1588,#702,.T.);
#1896=EDGE_CURVE('',#1588,#1588,#1384,.T.);
#1897=EDGE_CURVE('',#1585,#1589,#703,.T.);
#1898=EDGE_CURVE('',#1589,#1589,#1385,.T.);
#1899=EDGE_CURVE('',#1589,#1590,#704,.T.);
#1900=EDGE_CURVE('',#1590,#1590,#1386,.T.);
#1901=EDGE_CURVE('',#1494,#1591,#705,.T.);
#1902=EDGE_CURVE('',#1591,#1591,#1387,.T.);
#1903=EDGE_CURVE('',#1591,#1592,#706,.T.);
#1904=EDGE_CURVE('',#1592,#1592,#1388,.T.);
#1905=EDGE_CURVE('',#1584,#1593,#707,.T.);
#1906=EDGE_CURVE('',#1593,#1593,#1389,.T.);
#1907=EDGE_CURVE('',#1593,#1594,#708,.T.);
#1908=EDGE_CURVE('',#1594,#1594,#1390,.T.);
#1909=EDGE_CURVE('',#1495,#1595,#709,.T.);
#1910=EDGE_CURVE('',#1595,#1595,#1391,.T.);
#1911=EDGE_CURVE('',#1595,#1596,#710,.T.);
#1912=EDGE_CURVE('',#1596,#1596,#1392,.T.);
#1913=EDGE_CURVE('',#1597,#1598,#711,.T.);
#1914=EDGE_CURVE('',#1598,#1599,#712,.T.);
#1915=EDGE_CURVE('',#1599,#1600,#713,.T.);
#1916=EDGE_CURVE('',#1600,#1597,#714,.T.);
#1917=EDGE_CURVE('',#1601,#1602,#715,.T.);
#1918=EDGE_CURVE('',#1602,#1598,#1393,.T.);
#1919=EDGE_CURVE('',#1597,#1601,#1394,.T.);
#1920=EDGE_CURVE('',#1603,#1604,#716,.T.);
#1921=EDGE_CURVE('',#1604,#1602,#717,.T.);
#1922=EDGE_CURVE('',#1601,#1603,#718,.T.);
#1923=EDGE_CURVE('',#1605,#1606,#719,.T.);
#1924=EDGE_CURVE('',#1606,#1604,#1395,.T.);
#1925=EDGE_CURVE('',#1603,#1605,#1396,.T.);
#1926=EDGE_CURVE('',#1607,#1608,#720,.T.);
#1927=EDGE_CURVE('',#1608,#1606,#721,.T.);
#1928=EDGE_CURVE('',#1605,#1607,#722,.T.);
#1929=EDGE_CURVE('',#1609,#1610,#723,.T.);
#1930=EDGE_CURVE('',#1610,#1608,#1397,.T.);
#1931=EDGE_CURVE('',#1607,#1609,#1398,.T.);
#1932=EDGE_CURVE('',#1611,#1612,#724,.T.);
#1933=EDGE_CURVE('',#1612,#1610,#725,.T.);
#1934=EDGE_CURVE('',#1609,#1611,#726,.T.);
#1935=EDGE_CURVE('',#1599,#1612,#1399,.T.);
#1936=EDGE_CURVE('',#1611,#1600,#1400,.T.);
#1937=EDGE_CURVE('',#1578,#1603,#727,.T.);
#1938=EDGE_CURVE('',#1577,#1605,#728,.T.);
#1939=EDGE_CURVE('',#1579,#1601,#729,.T.);
#1940=EDGE_CURVE('',#1580,#1597,#730,.T.);
#1941=EDGE_CURVE('',#1581,#1600,#731,.T.);
#1942=EDGE_CURVE('',#1613,#1614,#732,.T.);
#1943=EDGE_CURVE('',#1615,#1613,#1401,.T.);
#1944=EDGE_CURVE('',#1616,#1615,#733,.T.);
#1945=EDGE_CURVE('',#1617,#1616,#1402,.T.);
#1946=EDGE_CURVE('',#1618,#1617,#734,.T.);
#1947=EDGE_CURVE('',#1619,#1618,#19,.T.);
#1948=EDGE_CURVE('',#1620,#1619,#20,.T.);
#1949=EDGE_CURVE('',#1621,#1620,#735,.T.);
#1950=EDGE_CURVE('',#1622,#1621,#21,.T.);
#1951=EDGE_CURVE('',#1614,#1622,#22,.T.);
#1952=EDGE_CURVE('',#1623,#1624,#736,.T.);
#1953=EDGE_CURVE('',#1625,#1623,#1403,.T.);
#1954=EDGE_CURVE('',#1626,#1625,#737,.T.);
#1955=EDGE_CURVE('',#1627,#1626,#1404,.T.);
#1956=EDGE_CURVE('',#1628,#1627,#738,.T.);
#1957=EDGE_CURVE('',#1629,#1628,#1405,.T.);
#1958=EDGE_CURVE('',#1630,#1629,#739,.T.);
#1959=EDGE_CURVE('',#1631,#1630,#1406,.T.);
#1960=EDGE_CURVE('',#1632,#1631,#740,.T.);
#1961=EDGE_CURVE('',#1633,#1632,#1407,.T.);
#1962=EDGE_CURVE('',#1634,#1633,#741,.T.);
#1963=EDGE_CURVE('',#1635,#1634,#1408,.T.);
#1964=EDGE_CURVE('',#1636,#1635,#742,.T.);
#1965=EDGE_CURVE('',#1637,#1636,#1409,.T.);
#1966=EDGE_CURVE('',#1638,#1637,#743,.T.);
#1967=EDGE_CURVE('',#1624,#1638,#1410,.T.);
#1968=EDGE_CURVE('',#1639,#1640,#744,.T.);
#1969=EDGE_CURVE('',#1641,#1639,#1411,.T.);
#1970=EDGE_CURVE('',#1642,#1641,#745,.T.);
#1971=EDGE_CURVE('',#1643,#1642,#1412,.T.);
#1972=EDGE_CURVE('',#1644,#1643,#746,.T.);
#1973=EDGE_CURVE('',#1645,#1644,#1413,.T.);
#1974=EDGE_CURVE('',#1646,#1645,#747,.T.);
#1975=EDGE_CURVE('',#1640,#1646,#1414,.T.);
#1976=EDGE_CURVE('',#1647,#1648,#748,.T.);
#1977=EDGE_CURVE('',#1649,#1647,#1415,.T.);
#1978=EDGE_CURVE('',#1650,#1649,#749,.T.);
#1979=EDGE_CURVE('',#1651,#1650,#1416,.T.);
#1980=EDGE_CURVE('',#1652,#1651,#750,.T.);
#1981=EDGE_CURVE('',#1653,#1652,#1417,.T.);
#1982=EDGE_CURVE('',#1654,#1653,#751,.T.);
#1983=EDGE_CURVE('',#1648,#1654,#1418,.T.);
#1984=EDGE_CURVE('',#1655,#1656,#752,.T.);
#1985=EDGE_CURVE('',#1657,#1655,#1419,.T.);
#1986=EDGE_CURVE('',#1658,#1657,#753,.T.);
#1987=EDGE_CURVE('',#1659,#1658,#1420,.T.);
#1988=EDGE_CURVE('',#1660,#1659,#754,.T.);
#1989=EDGE_CURVE('',#1661,#1660,#1421,.T.);
#1990=EDGE_CURVE('',#1662,#1661,#755,.T.);
#1991=EDGE_CURVE('',#1656,#1662,#1422,.T.);
#1992=EDGE_CURVE('',#1663,#1663,#1423,.T.);
#1993=EDGE_CURVE('',#1664,#1665,#756,.T.);
#1994=EDGE_CURVE('',#1666,#1664,#1424,.T.);
#1995=EDGE_CURVE('',#1667,#1666,#757,.T.);
#1996=EDGE_CURVE('',#1668,#1667,#1425,.T.);
#1997=EDGE_CURVE('',#1669,#1668,#758,.T.);
#1998=EDGE_CURVE('',#1670,#1669,#1426,.T.);
#1999=EDGE_CURVE('',#1671,#1670,#759,.T.);
#2000=EDGE_CURVE('',#1665,#1671,#1427,.T.);
#2001=EDGE_CURVE('',#1672,#1673,#760,.T.);
#2002=EDGE_CURVE('',#1674,#1672,#1428,.T.);
#2003=EDGE_CURVE('',#1675,#1674,#761,.T.);
#2004=EDGE_CURVE('',#1676,#1675,#1429,.T.);
#2005=EDGE_CURVE('',#1677,#1676,#762,.T.);
#2006=EDGE_CURVE('',#1678,#1677,#1430,.T.);
#2007=EDGE_CURVE('',#1679,#1678,#763,.T.);
#2008=EDGE_CURVE('',#1673,#1679,#1431,.T.);
#2009=EDGE_CURVE('',#1680,#1681,#764,.T.);
#2010=EDGE_CURVE('',#1682,#1680,#1432,.T.);
#2011=EDGE_CURVE('',#1683,#1682,#765,.T.);
#2012=EDGE_CURVE('',#1684,#1683,#1433,.T.);
#2013=EDGE_CURVE('',#1685,#1684,#766,.T.);
#2014=EDGE_CURVE('',#1686,#1685,#1434,.T.);
#2015=EDGE_CURVE('',#1687,#1686,#767,.T.);
#2016=EDGE_CURVE('',#1688,#1687,#1435,.T.);
#2017=EDGE_CURVE('',#1689,#1688,#768,.T.);
#2018=EDGE_CURVE('',#1690,#1689,#1436,.T.);
#2019=EDGE_CURVE('',#1691,#1690,#769,.T.);
#2020=EDGE_CURVE('',#1692,#1691,#1437,.T.);
#2021=EDGE_CURVE('',#1693,#1692,#770,.T.);
#2022=EDGE_CURVE('',#1694,#1693,#1438,.T.);
#2023=EDGE_CURVE('',#1695,#1694,#771,.T.);
#2024=EDGE_CURVE('',#1681,#1695,#1439,.T.);
#2025=EDGE_CURVE('',#1696,#1623,#772,.T.);
#2026=EDGE_CURVE('',#1624,#1697,#773,.T.);
#2027=EDGE_CURVE('',#1697,#1696,#774,.T.);
#2028=EDGE_CURVE('',#1698,#1625,#775,.T.);
#2029=EDGE_CURVE('',#1696,#1698,#1440,.T.);
#2030=EDGE_CURVE('',#1699,#1626,#776,.T.);
#2031=EDGE_CURVE('',#1698,#1699,#777,.T.);
#2032=EDGE_CURVE('',#1700,#1627,#778,.T.);
#2033=EDGE_CURVE('',#1699,#1700,#1441,.T.);
#2034=EDGE_CURVE('',#1701,#1628,#779,.T.);
#2035=EDGE_CURVE('',#1700,#1701,#780,.T.);
#2036=EDGE_CURVE('',#1702,#1629,#781,.T.);
#2037=EDGE_CURVE('',#1701,#1702,#1442,.T.);
#2038=EDGE_CURVE('',#1703,#1630,#782,.T.);
#2039=EDGE_CURVE('',#1702,#1703,#783,.T.);
#2040=EDGE_CURVE('',#1704,#1631,#784,.T.);
#2041=EDGE_CURVE('',#1703,#1704,#1443,.T.);
#2042=EDGE_CURVE('',#1705,#1632,#785,.T.);
#2043=EDGE_CURVE('',#1704,#1705,#786,.T.);
#2044=EDGE_CURVE('',#1706,#1633,#787,.T.);
#2045=EDGE_CURVE('',#1705,#1706,#1444,.T.);
#2046=EDGE_CURVE('',#1707,#1634,#788,.T.);
#2047=EDGE_CURVE('',#1706,#1707,#789,.T.);
#2048=EDGE_CURVE('',#1708,#1635,#790,.T.);
#2049=EDGE_CURVE('',#1707,#1708,#1445,.T.);
#2050=EDGE_CURVE('',#1709,#1636,#791,.T.);
#2051=EDGE_CURVE('',#1708,#1709,#792,.T.);
#2052=EDGE_CURVE('',#1710,#1637,#793,.T.);
#2053=EDGE_CURVE('',#1709,#1710,#1446,.T.);
#2054=EDGE_CURVE('',#1711,#1638,#794,.T.);
#2055=EDGE_CURVE('',#1710,#1711,#795,.T.);
#2056=EDGE_CURVE('',#1711,#1697,#1447,.T.);
#2057=EDGE_CURVE('',#1550,#1703,#796,.T.);
#2058=EDGE_CURVE('',#1549,#1704,#797,.T.);
#2059=EDGE_CURVE('',#1551,#1702,#798,.T.);
#2060=EDGE_CURVE('',#1536,#1701,#799,.T.);
#2061=EDGE_CURVE('',#1537,#1700,#800,.T.);
#2062=EDGE_CURVE('',#1538,#1699,#801,.T.);
#2063=EDGE_CURVE('',#1539,#1698,#802,.T.);
#2064=EDGE_CURVE('',#1540,#1696,#803,.T.);
#2065=EDGE_CURVE('',#1541,#1697,#804,.T.);
#2066=EDGE_CURVE('',#1712,#1680,#805,.T.);
#2067=EDGE_CURVE('',#1681,#1713,#806,.T.);
#2068=EDGE_CURVE('',#1713,#1712,#807,.T.);
#2069=EDGE_CURVE('',#1714,#1682,#808,.T.);
#2070=EDGE_CURVE('',#1712,#1714,#1448,.T.);
#2071=EDGE_CURVE('',#1715,#1683,#809,.T.);
#2072=EDGE_CURVE('',#1714,#1715,#810,.T.);
#2073=EDGE_CURVE('',#1716,#1684,#811,.T.);
#2074=EDGE_CURVE('',#1715,#1716,#1449,.T.);
#2075=EDGE_CURVE('',#1717,#1685,#812,.T.);
#2076=EDGE_CURVE('',#1716,#1717,#813,.T.);
#2077=EDGE_CURVE('',#1718,#1686,#814,.T.);
#2078=EDGE_CURVE('',#1717,#1718,#1450,.T.);
#2079=EDGE_CURVE('',#1719,#1687,#815,.T.);
#2080=EDGE_CURVE('',#1718,#1719,#816,.T.);
#2081=EDGE_CURVE('',#1720,#1688,#817,.T.);
#2082=EDGE_CURVE('',#1719,#1720,#1451,.T.);
#2083=EDGE_CURVE('',#1721,#1689,#818,.T.);
#2084=EDGE_CURVE('',#1720,#1721,#819,.T.);
#2085=EDGE_CURVE('',#1722,#1690,#820,.T.);
#2086=EDGE_CURVE('',#1721,#1722,#1452,.T.);
#2087=EDGE_CURVE('',#1723,#1691,#821,.T.);
#2088=EDGE_CURVE('',#1722,#1723,#822,.T.);
#2089=EDGE_CURVE('',#1724,#1692,#823,.T.);
#2090=EDGE_CURVE('',#1723,#1724,#1453,.T.);
#2091=EDGE_CURVE('',#1725,#1693,#824,.T.);
#2092=EDGE_CURVE('',#1724,#1725,#825,.T.);
#2093=EDGE_CURVE('',#1726,#1694,#826,.T.);
#2094=EDGE_CURVE('',#1725,#1726,#1454,.T.);
#2095=EDGE_CURVE('',#1727,#1695,#827,.T.);
#2096=EDGE_CURVE('',#1726,#1727,#828,.T.);
#2097=EDGE_CURVE('',#1727,#1713,#1455,.T.);
#2098=EDGE_CURVE('',#1533,#1719,#829,.T.);
#2099=EDGE_CURVE('',#1532,#1720,#830,.T.);
#2100=EDGE_CURVE('',#1534,#1718,#831,.T.);
#2101=EDGE_CURVE('',#1535,#1717,#832,.T.);
#2102=EDGE_CURVE('',#1520,#1716,#833,.T.);
#2103=EDGE_CURVE('',#1521,#1715,#834,.T.);
#2104=EDGE_CURVE('',#1522,#1714,#835,.T.);
#2105=EDGE_CURVE('',#1523,#1712,#836,.T.);
#2106=EDGE_CURVE('',#1524,#1713,#837,.T.);
#2107=EDGE_CURVE('',#1728,#1639,#838,.T.);
#2108=EDGE_CURVE('',#1640,#1729,#839,.T.);
#2109=EDGE_CURVE('',#1729,#1728,#840,.T.);
#2110=EDGE_CURVE('',#1730,#1641,#841,.T.);
#2111=EDGE_CURVE('',#1728,#1730,#1456,.T.);
#2112=EDGE_CURVE('',#1731,#1642,#842,.T.);
#2113=EDGE_CURVE('',#1730,#1731,#843,.T.);
#2114=EDGE_CURVE('',#1732,#1643,#844,.T.);
#2115=EDGE_CURVE('',#1731,#1732,#1457,.T.);
#2116=EDGE_CURVE('',#1733,#1644,#845,.T.);
#2117=EDGE_CURVE('',#1732,#1733,#846,.T.);
#2118=EDGE_CURVE('',#1734,#1645,#847,.T.);
#2119=EDGE_CURVE('',#1733,#1734,#1458,.T.);
#2120=EDGE_CURVE('',#1735,#1646,#848,.T.);
#2121=EDGE_CURVE('',#1734,#1735,#849,.T.);
#2122=EDGE_CURVE('',#1735,#1729,#1459,.T.);
#2123=EDGE_CURVE('',#1514,#1731,#850,.T.);
#2124=EDGE_CURVE('',#1513,#1732,#851,.T.);
#2125=EDGE_CURVE('',#1515,#1730,#852,.T.);
#2126=EDGE_CURVE('',#1516,#1728,#853,.T.);
#2127=EDGE_CURVE('',#1517,#1729,#854,.T.);
#2128=EDGE_CURVE('',#1736,#1672,#855,.T.);
#2129=EDGE_CURVE('',#1673,#1737,#856,.T.);
#2130=EDGE_CURVE('',#1737,#1736,#857,.T.);
#2131=EDGE_CURVE('',#1738,#1674,#858,.T.);
#2132=EDGE_CURVE('',#1736,#1738,#1460,.T.);
#2133=EDGE_CURVE('',#1739,#1675,#859,.T.);
#2134=EDGE_CURVE('',#1738,#1739,#860,.T.);
#2135=EDGE_CURVE('',#1740,#1676,#861,.T.);
#2136=EDGE_CURVE('',#1739,#1740,#1461,.T.);
#2137=EDGE_CURVE('',#1741,#1677,#862,.T.);
#2138=EDGE_CURVE('',#1740,#1741,#863,.T.);
#2139=EDGE_CURVE('',#1742,#1678,#864,.T.);
#2140=EDGE_CURVE('',#1741,#1742,#1462,.T.);
#2141=EDGE_CURVE('',#1743,#1679,#865,.T.);
#2142=EDGE_CURVE('',#1742,#1743,#866,.T.);
#2143=EDGE_CURVE('',#1743,#1737,#1463,.T.);
#2144=EDGE_CURVE('',#1558,#1739,#867,.T.);
#2145=EDGE_CURVE('',#1557,#1740,#868,.T.);
#2146=EDGE_CURVE('',#1559,#1738,#869,.T.);
#2147=EDGE_CURVE('',#1552,#1736,#870,.T.);
#2148=EDGE_CURVE('',#1553,#1737,#871,.T.);
#2149=EDGE_CURVE('',#1744,#1647,#872,.T.);
#2150=EDGE_CURVE('',#1648,#1745,#873,.T.);
#2151=EDGE_CURVE('',#1745,#1744,#874,.T.);
#2152=EDGE_CURVE('',#1746,#1649,#875,.T.);
#2153=EDGE_CURVE('',#1744,#1746,#1464,.T.);
#2154=EDGE_CURVE('',#1747,#1650,#876,.T.);
#2155=EDGE_CURVE('',#1746,#1747,#877,.T.);
#2156=EDGE_CURVE('',#1748,#1651,#878,.T.);
#2157=EDGE_CURVE('',#1747,#1748,#1465,.T.);
#2158=EDGE_CURVE('',#1749,#1652,#879,.T.);
#2159=EDGE_CURVE('',#1748,#1749,#880,.T.);
#2160=EDGE_CURVE('',#1750,#1653,#881,.T.);
#2161=EDGE_CURVE('',#1749,#1750,#1466,.T.);
#2162=EDGE_CURVE('',#1751,#1654,#882,.T.);
#2163=EDGE_CURVE('',#1750,#1751,#883,.T.);
#2164=EDGE_CURVE('',#1751,#1745,#1467,.T.);
#2165=EDGE_CURVE('',#1510,#1747,#884,.T.);
#2166=EDGE_CURVE('',#1509,#1748,#885,.T.);
#2167=EDGE_CURVE('',#1511,#1746,#886,.T.);
#2168=EDGE_CURVE('',#1504,#1744,#887,.T.);
#2169=EDGE_CURVE('',#1505,#1745,#888,.T.);
#2170=EDGE_CURVE('',#1752,#1664,#889,.T.);
#2171=EDGE_CURVE('',#1665,#1753,#890,.T.);
#2172=EDGE_CURVE('',#1753,#1752,#891,.T.);
#2173=EDGE_CURVE('',#1754,#1666,#892,.T.);
#2174=EDGE_CURVE('',#1752,#1754,#1468,.T.);
#2175=EDGE_CURVE('',#1755,#1667,#893,.T.);
#2176=EDGE_CURVE('',#1754,#1755,#894,.T.);
#2177=EDGE_CURVE('',#1756,#1668,#895,.T.);
#2178=EDGE_CURVE('',#1755,#1756,#1469,.T.);
#2179=EDGE_CURVE('',#1757,#1669,#896,.T.);
#2180=EDGE_CURVE('',#1756,#1757,#897,.T.);
#2181=EDGE_CURVE('',#1758,#1670,#898,.T.);
#2182=EDGE_CURVE('',#1757,#1758,#1470,.T.);
#2183=EDGE_CURVE('',#1759,#1671,#899,.T.);
#2184=EDGE_CURVE('',#1758,#1759,#900,.T.);
#2185=EDGE_CURVE('',#1759,#1753,#1471,.T.);
#2186=EDGE_CURVE('',#1572,#1755,#901,.T.);
#2187=EDGE_CURVE('',#1571,#1756,#902,.T.);
#2188=EDGE_CURVE('',#1573,#1754,#903,.T.);
#2189=EDGE_CURVE('',#1574,#1752,#904,.T.);
#2190=EDGE_CURVE('',#1575,#1753,#905,.T.);
#2191=EDGE_CURVE('',#1760,#1655,#906,.T.);
#2192=EDGE_CURVE('',#1656,#1761,#907,.T.);
#2193=EDGE_CURVE('',#1761,#1760,#908,.T.);
#2194=EDGE_CURVE('',#1762,#1657,#909,.T.);
#2195=EDGE_CURVE('',#1760,#1762,#1472,.T.);
#2196=EDGE_CURVE('',#1763,#1658,#910,.T.);
#2197=EDGE_CURVE('',#1762,#1763,#911,.T.);
#2198=EDGE_CURVE('',#1764,#1659,#912,.T.);
#2199=EDGE_CURVE('',#1763,#1764,#1473,.T.);
#2200=EDGE_CURVE('',#1765,#1660,#913,.T.);
#2201=EDGE_CURVE('',#1764,#1765,#914,.T.);
#2202=EDGE_CURVE('',#1766,#1661,#915,.T.);
#2203=EDGE_CURVE('',#1765,#1766,#1474,.T.);
#2204=EDGE_CURVE('',#1767,#1662,#916,.T.);
#2205=EDGE_CURVE('',#1766,#1767,#917,.T.);
#2206=EDGE_CURVE('',#1767,#1761,#1475,.T.);
#2207=EDGE_CURVE('',#1564,#1763,#918,.T.);
#2208=EDGE_CURVE('',#1563,#1764,#919,.T.);
#2209=EDGE_CURVE('',#1565,#1762,#920,.T.);
#2210=EDGE_CURVE('',#1566,#1760,#921,.T.);
#2211=EDGE_CURVE('',#1567,#1761,#922,.T.);
#2212=EDGE_CURVE('',#1619,#1768,#923,.T.);
#2213=EDGE_CURVE('',#1768,#1769,#23,.T.);
#2214=EDGE_CURVE('',#1769,#1620,#924,.T.);
#2215=EDGE_CURVE('',#1770,#1621,#925,.T.);
#2216=EDGE_CURVE('',#1769,#1770,#926,.T.);
#2217=EDGE_CURVE('',#1771,#1622,#927,.T.);
#2218=EDGE_CURVE('',#1770,#1771,#24,.T.);
#2219=EDGE_CURVE('',#1772,#1613,#928,.T.);
#2220=EDGE_CURVE('',#1614,#1773,#929,.T.);
#2221=EDGE_CURVE('',#1773,#1772,#930,.T.);
#2222=EDGE_CURVE('',#1772,#1774,#1476,.T.);
#2223=EDGE_CURVE('',#1774,#1615,#931,.T.);
#2224=EDGE_CURVE('',#1775,#1616,#932,.T.);
#2225=EDGE_CURVE('',#1774,#1775,#933,.T.);
#2226=EDGE_CURVE('',#1775,#1776,#1477,.T.);
#2227=EDGE_CURVE('',#1776,#1617,#934,.T.);
#2228=EDGE_CURVE('',#1777,#1618,#935,.T.);
#2229=EDGE_CURVE('',#1776,#1777,#936,.T.);
#2230=EDGE_CURVE('',#1771,#1773,#25,.T.);
#2231=EDGE_CURVE('',#1777,#1768,#26,.T.);
#2232=EDGE_CURVE('',#1486,#1776,#937,.T.);
#2233=EDGE_CURVE('',#1768,#1492,#938,.T.);
#2234=EDGE_CURVE('',#1775,#1485,#939,.T.);
#2235=EDGE_CURVE('',#1487,#1774,#940,.T.);
#2236=EDGE_CURVE('',#1772,#1488,#941,.T.);
#2237=EDGE_CURVE('',#1491,#1769,#942,.T.);
#2238=EDGE_CURVE('',#1770,#1490,#943,.T.);
#2239=EDGE_CURVE('',#1489,#1771,#944,.T.);
#2240=EDGE_CURVE('',#1496,#1778,#945,.T.);
#2241=EDGE_CURVE('',#1778,#1779,#1478,.T.);
#2242=EDGE_CURVE('',#1497,#1779,#946,.T.);
#2243=EDGE_CURVE('',#1503,#1780,#947,.T.);
#2244=EDGE_CURVE('',#1780,#1778,#948,.T.);
#2245=EDGE_CURVE('',#1502,#1781,#949,.T.);
#2246=EDGE_CURVE('',#1781,#1780,#1479,.T.);
#2247=EDGE_CURVE('',#1501,#1782,#950,.T.);
#2248=EDGE_CURVE('',#1782,#1781,#951,.T.);
#2249=EDGE_CURVE('',#1500,#1783,#952,.T.);
#2250=EDGE_CURVE('',#1783,#1782,#1480,.T.);
#2251=EDGE_CURVE('',#1499,#1784,#953,.T.);
#2252=EDGE_CURVE('',#1784,#1783,#954,.T.);
#2253=EDGE_CURVE('',#1498,#1785,#955,.T.);
#2254=EDGE_CURVE('',#1785,#1784,#1481,.T.);
#2255=EDGE_CURVE('',#1779,#1785,#956,.T.);
#2256=EDGE_CURVE('',#1786,#1786,#1482,.T.);
#2257=EDGE_CURVE('',#1663,#1786,#957,.T.);
#2258=EDGE_CURVE('',#1582,#1611,#958,.T.);
#2259=EDGE_CURVE('',#1583,#1609,#959,.T.);
#2260=EDGE_CURVE('',#1576,#1607,#960,.T.);
#2261=EDGE_CURVE('',#1570,#1757,#961,.T.);
#2262=EDGE_CURVE('',#1569,#1758,#962,.T.);
#2263=EDGE_CURVE('',#1568,#1759,#963,.T.);
#2264=EDGE_CURVE('',#1562,#1765,#964,.T.);
#2265=EDGE_CURVE('',#1561,#1766,#965,.T.);
#2266=EDGE_CURVE('',#1560,#1767,#966,.T.);
#2267=EDGE_CURVE('',#1554,#1743,#967,.T.);
#2268=EDGE_CURVE('',#1555,#1742,#968,.T.);
#2269=EDGE_CURVE('',#1556,#1741,#969,.T.);
#2270=EDGE_CURVE('',#1542,#1711,#970,.T.);
#2271=EDGE_CURVE('',#1543,#1710,#971,.T.);
#2272=EDGE_CURVE('',#1544,#1709,#972,.T.);
#2273=EDGE_CURVE('',#1545,#1708,#973,.T.);
#2274=EDGE_CURVE('',#1546,#1707,#974,.T.);
#2275=EDGE_CURVE('',#1547,#1706,#975,.T.);
#2276=EDGE_CURVE('',#1548,#1705,#976,.T.);
#2277=EDGE_CURVE('',#1525,#1727,#977,.T.);
#2278=EDGE_CURVE('',#1526,#1726,#978,.T.);
#2279=EDGE_CURVE('',#1527,#1725,#979,.T.);
#2280=EDGE_CURVE('',#1528,#1724,#980,.T.);
#2281=EDGE_CURVE('',#1529,#1723,#981,.T.);
#2282=EDGE_CURVE('',#1530,#1722,#982,.T.);
#2283=EDGE_CURVE('',#1531,#1721,#983,.T.);
#2284=EDGE_CURVE('',#1518,#1735,#984,.T.);
#2285=EDGE_CURVE('',#1519,#1734,#985,.T.);
#2286=EDGE_CURVE('',#1512,#1733,#986,.T.);
#2287=EDGE_CURVE('',#1506,#1751,#987,.T.);
#2288=EDGE_CURVE('',#1507,#1750,#988,.T.);
#2289=EDGE_CURVE('',#1508,#1749,#989,.T.);
#2290=ORIENTED_EDGE('',*,*,#1787,.T.);
#2291=ORIENTED_EDGE('',*,*,#1788,.T.);
#2292=ORIENTED_EDGE('',*,*,#1789,.T.);
#2293=ORIENTED_EDGE('',*,*,#1788,.F.);
#2294=ORIENTED_EDGE('',*,*,#1790,.F.);
#2295=ORIENTED_EDGE('',*,*,#1791,.T.);
#2296=ORIENTED_EDGE('',*,*,#1792,.F.);
#2297=ORIENTED_EDGE('',*,*,#1793,.T.);
#2298=ORIENTED_EDGE('',*,*,#1794,.F.);
#2299=ORIENTED_EDGE('',*,*,#1795,.T.);
#2300=ORIENTED_EDGE('',*,*,#1796,.F.);
#2301=ORIENTED_EDGE('',*,*,#1797,.T.);
#2302=ORIENTED_EDGE('',*,*,#1798,.F.);
#2303=ORIENTED_EDGE('',*,*,#1799,.F.);
#2304=ORIENTED_EDGE('',*,*,#1800,.F.);
#2305=ORIENTED_EDGE('',*,*,#1801,.T.);
#2306=ORIENTED_EDGE('',*,*,#1802,.T.);
#2307=ORIENTED_EDGE('',*,*,#1803,.T.);
#2308=ORIENTED_EDGE('',*,*,#1804,.T.);
#2309=ORIENTED_EDGE('',*,*,#1805,.T.);
#2310=ORIENTED_EDGE('',*,*,#1806,.T.);
#2311=ORIENTED_EDGE('',*,*,#1807,.T.);
#2312=ORIENTED_EDGE('',*,*,#1808,.T.);
#2313=ORIENTED_EDGE('',*,*,#1809,.T.);
#2314=ORIENTED_EDGE('',*,*,#1810,.T.);
#2315=ORIENTED_EDGE('',*,*,#1811,.T.);
#2316=ORIENTED_EDGE('',*,*,#1812,.T.);
#2317=ORIENTED_EDGE('',*,*,#1813,.T.);
#2318=ORIENTED_EDGE('',*,*,#1814,.T.);
#2319=ORIENTED_EDGE('',*,*,#1815,.T.);
#2320=ORIENTED_EDGE('',*,*,#1816,.T.);
#2321=ORIENTED_EDGE('',*,*,#1817,.T.);
#2322=ORIENTED_EDGE('',*,*,#1818,.T.);
#2323=ORIENTED_EDGE('',*,*,#1819,.T.);
#2324=ORIENTED_EDGE('',*,*,#1820,.T.);
#2325=ORIENTED_EDGE('',*,*,#1821,.T.);
#2326=ORIENTED_EDGE('',*,*,#1822,.T.);
#2327=ORIENTED_EDGE('',*,*,#1823,.T.);
#2328=ORIENTED_EDGE('',*,*,#1824,.T.);
#2329=ORIENTED_EDGE('',*,*,#1825,.T.);
#2330=ORIENTED_EDGE('',*,*,#1826,.T.);
#2331=ORIENTED_EDGE('',*,*,#1827,.T.);
#2332=ORIENTED_EDGE('',*,*,#1828,.T.);
#2333=ORIENTED_EDGE('',*,*,#1829,.T.);
#2334=ORIENTED_EDGE('',*,*,#1830,.T.);
#2335=ORIENTED_EDGE('',*,*,#1831,.T.);
#2336=ORIENTED_EDGE('',*,*,#1832,.T.);
#2337=ORIENTED_EDGE('',*,*,#1833,.T.);
#2338=ORIENTED_EDGE('',*,*,#1834,.T.);
#2339=ORIENTED_EDGE('',*,*,#1835,.T.);
#2340=ORIENTED_EDGE('',*,*,#1836,.T.);
#2341=ORIENTED_EDGE('',*,*,#1837,.T.);
#2342=ORIENTED_EDGE('',*,*,#1838,.T.);
#2343=ORIENTED_EDGE('',*,*,#1839,.T.);
#2344=ORIENTED_EDGE('',*,*,#1840,.T.);
#2345=ORIENTED_EDGE('',*,*,#1841,.T.);
#2346=ORIENTED_EDGE('',*,*,#1842,.T.);
#2347=ORIENTED_EDGE('',*,*,#1843,.T.);
#2348=ORIENTED_EDGE('',*,*,#1844,.T.);
#2349=ORIENTED_EDGE('',*,*,#1845,.T.);
#2350=ORIENTED_EDGE('',*,*,#1846,.T.);
#2351=ORIENTED_EDGE('',*,*,#1847,.T.);
#2352=ORIENTED_EDGE('',*,*,#1848,.T.);
#2353=ORIENTED_EDGE('',*,*,#1849,.T.);
#2354=ORIENTED_EDGE('',*,*,#1850,.T.);
#2355=ORIENTED_EDGE('',*,*,#1851,.T.);
#2356=ORIENTED_EDGE('',*,*,#1852,.T.);
#2357=ORIENTED_EDGE('',*,*,#1853,.T.);
#2358=ORIENTED_EDGE('',*,*,#1854,.T.);
#2359=ORIENTED_EDGE('',*,*,#1855,.T.);
#2360=ORIENTED_EDGE('',*,*,#1856,.T.);
#2361=ORIENTED_EDGE('',*,*,#1857,.T.);
#2362=ORIENTED_EDGE('',*,*,#1858,.T.);
#2363=ORIENTED_EDGE('',*,*,#1859,.T.);
#2364=ORIENTED_EDGE('',*,*,#1860,.T.);
#2365=ORIENTED_EDGE('',*,*,#1861,.T.);
#2366=ORIENTED_EDGE('',*,*,#1862,.T.);
#2367=ORIENTED_EDGE('',*,*,#1863,.T.);
#2368=ORIENTED_EDGE('',*,*,#1864,.T.);
#2369=ORIENTED_EDGE('',*,*,#1865,.T.);
#2370=ORIENTED_EDGE('',*,*,#1866,.T.);
#2371=ORIENTED_EDGE('',*,*,#1867,.T.);
#2372=ORIENTED_EDGE('',*,*,#1868,.T.);
#2373=ORIENTED_EDGE('',*,*,#1869,.T.);
#2374=ORIENTED_EDGE('',*,*,#1870,.T.);
#2375=ORIENTED_EDGE('',*,*,#1871,.T.);
#2376=ORIENTED_EDGE('',*,*,#1872,.T.);
#2377=ORIENTED_EDGE('',*,*,#1873,.T.);
#2378=ORIENTED_EDGE('',*,*,#1874,.T.);
#2379=ORIENTED_EDGE('',*,*,#1875,.T.);
#2380=ORIENTED_EDGE('',*,*,#1876,.T.);
#2381=ORIENTED_EDGE('',*,*,#1877,.T.);
#2382=ORIENTED_EDGE('',*,*,#1878,.T.);
#2383=ORIENTED_EDGE('',*,*,#1879,.T.);
#2384=ORIENTED_EDGE('',*,*,#1880,.T.);
#2385=ORIENTED_EDGE('',*,*,#1881,.T.);
#2386=ORIENTED_EDGE('',*,*,#1882,.T.);
#2387=ORIENTED_EDGE('',*,*,#1883,.T.);
#2388=ORIENTED_EDGE('',*,*,#1884,.T.);
#2389=ORIENTED_EDGE('',*,*,#1885,.T.);
#2390=ORIENTED_EDGE('',*,*,#1886,.T.);
#2391=ORIENTED_EDGE('',*,*,#1887,.T.);
#2392=ORIENTED_EDGE('',*,*,#1888,.T.);
#2393=ORIENTED_EDGE('',*,*,#1889,.F.);
#2394=ORIENTED_EDGE('',*,*,#1890,.F.);
#2395=ORIENTED_EDGE('',*,*,#1787,.F.);
#2396=ORIENTED_EDGE('',*,*,#1789,.F.);
#2397=ORIENTED_EDGE('',*,*,#1891,.T.);
#2398=ORIENTED_EDGE('',*,*,#1892,.T.);
#2399=ORIENTED_EDGE('',*,*,#1891,.F.);
#2400=ORIENTED_EDGE('',*,*,#1798,.T.);
#2401=ORIENTED_EDGE('',*,*,#1893,.T.);
#2402=ORIENTED_EDGE('',*,*,#1894,.T.);
#2403=ORIENTED_EDGE('',*,*,#1893,.F.);
#2404=ORIENTED_EDGE('',*,*,#1894,.F.);
#2405=ORIENTED_EDGE('',*,*,#1895,.T.);
#2406=ORIENTED_EDGE('',*,*,#1896,.T.);
#2407=ORIENTED_EDGE('',*,*,#1895,.F.);
#2408=ORIENTED_EDGE('',*,*,#1890,.T.);
#2409=ORIENTED_EDGE('',*,*,#1897,.T.);
#2410=ORIENTED_EDGE('',*,*,#1898,.T.);
#2411=ORIENTED_EDGE('',*,*,#1897,.F.);
#2412=ORIENTED_EDGE('',*,*,#1898,.F.);
#2413=ORIENTED_EDGE('',*,*,#1899,.T.);
#2414=ORIENTED_EDGE('',*,*,#1900,.T.);
#2415=ORIENTED_EDGE('',*,*,#1899,.F.);
#2416=ORIENTED_EDGE('',*,*,#1799,.T.);
#2417=ORIENTED_EDGE('',*,*,#1901,.T.);
#2418=ORIENTED_EDGE('',*,*,#1902,.T.);
#2419=ORIENTED_EDGE('',*,*,#1901,.F.);
#2420=ORIENTED_EDGE('',*,*,#1902,.F.);
#2421=ORIENTED_EDGE('',*,*,#1903,.T.);
#2422=ORIENTED_EDGE('',*,*,#1904,.T.);
#2423=ORIENTED_EDGE('',*,*,#1903,.F.);
#2424=ORIENTED_EDGE('',*,*,#1889,.T.);
#2425=ORIENTED_EDGE('',*,*,#1905,.T.);
#2426=ORIENTED_EDGE('',*,*,#1906,.T.);
#2427=ORIENTED_EDGE('',*,*,#1905,.F.);
#2428=ORIENTED_EDGE('',*,*,#1906,.F.);
#2429=ORIENTED_EDGE('',*,*,#1907,.T.);
#2430=ORIENTED_EDGE('',*,*,#1908,.T.);
#2431=ORIENTED_EDGE('',*,*,#1907,.F.);
#2432=ORIENTED_EDGE('',*,*,#1800,.T.);
#2433=ORIENTED_EDGE('',*,*,#1909,.T.);
#2434=ORIENTED_EDGE('',*,*,#1910,.T.);
#2435=ORIENTED_EDGE('',*,*,#1909,.F.);
#2436=ORIENTED_EDGE('',*,*,#1910,.F.);
#2437=ORIENTED_EDGE('',*,*,#1911,.T.);
#2438=ORIENTED_EDGE('',*,*,#1912,.T.);
#2439=ORIENTED_EDGE('',*,*,#1911,.F.);
#2440=ORIENTED_EDGE('',*,*,#1892,.F.);
#2441=ORIENTED_EDGE('',*,*,#1904,.F.);
#2442=ORIENTED_EDGE('',*,*,#1896,.F.);
#2443=ORIENTED_EDGE('',*,*,#1912,.F.);
#2444=ORIENTED_EDGE('',*,*,#1908,.F.);
#2445=ORIENTED_EDGE('',*,*,#1900,.F.);
#2446=ORIENTED_EDGE('',*,*,#1913,.T.);
#2447=ORIENTED_EDGE('',*,*,#1914,.T.);
#2448=ORIENTED_EDGE('',*,*,#1915,.T.);
#2449=ORIENTED_EDGE('',*,*,#1916,.T.);
#2450=ORIENTED_EDGE('',*,*,#1917,.T.);
#2451=ORIENTED_EDGE('',*,*,#1918,.T.);
#2452=ORIENTED_EDGE('',*,*,#1913,.F.);
#2453=ORIENTED_EDGE('',*,*,#1919,.T.);
#2454=ORIENTED_EDGE('',*,*,#1920,.T.);
#2455=ORIENTED_EDGE('',*,*,#1921,.T.);
#2456=ORIENTED_EDGE('',*,*,#1917,.F.);
#2457=ORIENTED_EDGE('',*,*,#1922,.T.);
#2458=ORIENTED_EDGE('',*,*,#1923,.T.);
#2459=ORIENTED_EDGE('',*,*,#1924,.T.);
#2460=ORIENTED_EDGE('',*,*,#1920,.F.);
#2461=ORIENTED_EDGE('',*,*,#1925,.T.);
#2462=ORIENTED_EDGE('',*,*,#1926,.T.);
#2463=ORIENTED_EDGE('',*,*,#1927,.T.);
#2464=ORIENTED_EDGE('',*,*,#1923,.F.);
#2465=ORIENTED_EDGE('',*,*,#1928,.T.);
#2466=ORIENTED_EDGE('',*,*,#1929,.T.);
#2467=ORIENTED_EDGE('',*,*,#1930,.T.);
#2468=ORIENTED_EDGE('',*,*,#1926,.F.);
#2469=ORIENTED_EDGE('',*,*,#1931,.T.);
#2470=ORIENTED_EDGE('',*,*,#1932,.T.);
#2471=ORIENTED_EDGE('',*,*,#1933,.T.);
#2472=ORIENTED_EDGE('',*,*,#1929,.F.);
#2473=ORIENTED_EDGE('',*,*,#1934,.T.);
#2474=ORIENTED_EDGE('',*,*,#1915,.F.);
#2475=ORIENTED_EDGE('',*,*,#1935,.T.);
#2476=ORIENTED_EDGE('',*,*,#1932,.F.);
#2477=ORIENTED_EDGE('',*,*,#1936,.T.);
#2478=ORIENTED_EDGE('',*,*,#1925,.F.);
#2479=ORIENTED_EDGE('',*,*,#1937,.F.);
#2480=ORIENTED_EDGE('',*,*,#1882,.F.);
#2481=ORIENTED_EDGE('',*,*,#1938,.T.);
#2482=ORIENTED_EDGE('',*,*,#1922,.F.);
#2483=ORIENTED_EDGE('',*,*,#1939,.F.);
#2484=ORIENTED_EDGE('',*,*,#1883,.F.);
#2485=ORIENTED_EDGE('',*,*,#1937,.T.);
#2486=ORIENTED_EDGE('',*,*,#1919,.F.);
#2487=ORIENTED_EDGE('',*,*,#1940,.F.);
#2488=ORIENTED_EDGE('',*,*,#1884,.F.);
#2489=ORIENTED_EDGE('',*,*,#1939,.T.);
#2490=ORIENTED_EDGE('',*,*,#1916,.F.);
#2491=ORIENTED_EDGE('',*,*,#1941,.F.);
#2492=ORIENTED_EDGE('',*,*,#1885,.F.);
#2493=ORIENTED_EDGE('',*,*,#1940,.T.);
#2494=ORIENTED_EDGE('',*,*,#1942,.F.);
#2495=ORIENTED_EDGE('',*,*,#1943,.F.);
#2496=ORIENTED_EDGE('',*,*,#1944,.F.);
#2497=ORIENTED_EDGE('',*,*,#1945,.F.);
#2498=ORIENTED_EDGE('',*,*,#1946,.F.);
#2499=ORIENTED_EDGE('',*,*,#1947,.F.);
#2500=ORIENTED_EDGE('',*,*,#1948,.F.);
#2501=ORIENTED_EDGE('',*,*,#1949,.F.);
#2502=ORIENTED_EDGE('',*,*,#1950,.F.);
#2503=ORIENTED_EDGE('',*,*,#1951,.F.);
#2504=ORIENTED_EDGE('',*,*,#1952,.F.);
#2505=ORIENTED_EDGE('',*,*,#1953,.F.);
#2506=ORIENTED_EDGE('',*,*,#1954,.F.);
#2507=ORIENTED_EDGE('',*,*,#1955,.F.);
#2508=ORIENTED_EDGE('',*,*,#1956,.F.);
#2509=ORIENTED_EDGE('',*,*,#1957,.F.);
#2510=ORIENTED_EDGE('',*,*,#1958,.F.);
#2511=ORIENTED_EDGE('',*,*,#1959,.F.);
#2512=ORIENTED_EDGE('',*,*,#1960,.F.);
#2513=ORIENTED_EDGE('',*,*,#1961,.F.);
#2514=ORIENTED_EDGE('',*,*,#1962,.F.);
#2515=ORIENTED_EDGE('',*,*,#1963,.F.);
#2516=ORIENTED_EDGE('',*,*,#1964,.F.);
#2517=ORIENTED_EDGE('',*,*,#1965,.F.);
#2518=ORIENTED_EDGE('',*,*,#1966,.F.);
#2519=ORIENTED_EDGE('',*,*,#1967,.F.);
#2520=ORIENTED_EDGE('',*,*,#1968,.F.);
#2521=ORIENTED_EDGE('',*,*,#1969,.F.);
#2522=ORIENTED_EDGE('',*,*,#1970,.F.);
#2523=ORIENTED_EDGE('',*,*,#1971,.F.);
#2524=ORIENTED_EDGE('',*,*,#1972,.F.);
#2525=ORIENTED_EDGE('',*,*,#1973,.F.);
#2526=ORIENTED_EDGE('',*,*,#1974,.F.);
#2527=ORIENTED_EDGE('',*,*,#1975,.F.);
#2528=ORIENTED_EDGE('',*,*,#1976,.F.);
#2529=ORIENTED_EDGE('',*,*,#1977,.F.);
#2530=ORIENTED_EDGE('',*,*,#1978,.F.);
#2531=ORIENTED_EDGE('',*,*,#1979,.F.);
#2532=ORIENTED_EDGE('',*,*,#1980,.F.);
#2533=ORIENTED_EDGE('',*,*,#1981,.F.);
#2534=ORIENTED_EDGE('',*,*,#1982,.F.);
#2535=ORIENTED_EDGE('',*,*,#1983,.F.);
#2536=ORIENTED_EDGE('',*,*,#1984,.F.);
#2537=ORIENTED_EDGE('',*,*,#1985,.F.);
#2538=ORIENTED_EDGE('',*,*,#1986,.F.);
#2539=ORIENTED_EDGE('',*,*,#1987,.F.);
#2540=ORIENTED_EDGE('',*,*,#1988,.F.);
#2541=ORIENTED_EDGE('',*,*,#1989,.F.);
#2542=ORIENTED_EDGE('',*,*,#1990,.F.);
#2543=ORIENTED_EDGE('',*,*,#1991,.F.);
#2544=ORIENTED_EDGE('',*,*,#1992,.T.);
#2545=ORIENTED_EDGE('',*,*,#1993,.F.);
#2546=ORIENTED_EDGE('',*,*,#1994,.F.);
#2547=ORIENTED_EDGE('',*,*,#1995,.F.);
#2548=ORIENTED_EDGE('',*,*,#1996,.F.);
#2549=ORIENTED_EDGE('',*,*,#1997,.F.);
#2550=ORIENTED_EDGE('',*,*,#1998,.F.);
#2551=ORIENTED_EDGE('',*,*,#1999,.F.);
#2552=ORIENTED_EDGE('',*,*,#2000,.F.);
#2553=ORIENTED_EDGE('',*,*,#2001,.F.);
#2554=ORIENTED_EDGE('',*,*,#2002,.F.);
#2555=ORIENTED_EDGE('',*,*,#2003,.F.);
#2556=ORIENTED_EDGE('',*,*,#2004,.F.);
#2557=ORIENTED_EDGE('',*,*,#2005,.F.);
#2558=ORIENTED_EDGE('',*,*,#2006,.F.);
#2559=ORIENTED_EDGE('',*,*,#2007,.F.);
#2560=ORIENTED_EDGE('',*,*,#2008,.F.);
#2561=ORIENTED_EDGE('',*,*,#2009,.F.);
#2562=ORIENTED_EDGE('',*,*,#2010,.F.);
#2563=ORIENTED_EDGE('',*,*,#2011,.F.);
#2564=ORIENTED_EDGE('',*,*,#2012,.F.);
#2565=ORIENTED_EDGE('',*,*,#2013,.F.);
#2566=ORIENTED_EDGE('',*,*,#2014,.F.);
#2567=ORIENTED_EDGE('',*,*,#2015,.F.);
#2568=ORIENTED_EDGE('',*,*,#2016,.F.);
#2569=ORIENTED_EDGE('',*,*,#2017,.F.);
#2570=ORIENTED_EDGE('',*,*,#2018,.F.);
#2571=ORIENTED_EDGE('',*,*,#2019,.F.);
#2572=ORIENTED_EDGE('',*,*,#2020,.F.);
#2573=ORIENTED_EDGE('',*,*,#2021,.F.);
#2574=ORIENTED_EDGE('',*,*,#2022,.F.);
#2575=ORIENTED_EDGE('',*,*,#2023,.F.);
#2576=ORIENTED_EDGE('',*,*,#2024,.F.);
#2577=ORIENTED_EDGE('',*,*,#1914,.F.);
#2578=ORIENTED_EDGE('',*,*,#1918,.F.);
#2579=ORIENTED_EDGE('',*,*,#1921,.F.);
#2580=ORIENTED_EDGE('',*,*,#1924,.F.);
#2581=ORIENTED_EDGE('',*,*,#1927,.F.);
#2582=ORIENTED_EDGE('',*,*,#1930,.F.);
#2583=ORIENTED_EDGE('',*,*,#1933,.F.);
#2584=ORIENTED_EDGE('',*,*,#1935,.F.);
#2585=ORIENTED_EDGE('',*,*,#2025,.T.);
#2586=ORIENTED_EDGE('',*,*,#1952,.T.);
#2587=ORIENTED_EDGE('',*,*,#2026,.T.);
#2588=ORIENTED_EDGE('',*,*,#2027,.T.);
#2589=ORIENTED_EDGE('',*,*,#2028,.T.);
#2590=ORIENTED_EDGE('',*,*,#1953,.T.);
#2591=ORIENTED_EDGE('',*,*,#2025,.F.);
#2592=ORIENTED_EDGE('',*,*,#2029,.T.);
#2593=ORIENTED_EDGE('',*,*,#2030,.T.);
#2594=ORIENTED_EDGE('',*,*,#1954,.T.);
#2595=ORIENTED_EDGE('',*,*,#2028,.F.);
#2596=ORIENTED_EDGE('',*,*,#2031,.T.);
#2597=ORIENTED_EDGE('',*,*,#2032,.T.);
#2598=ORIENTED_EDGE('',*,*,#1955,.T.);
#2599=ORIENTED_EDGE('',*,*,#2030,.F.);
#2600=ORIENTED_EDGE('',*,*,#2033,.T.);
#2601=ORIENTED_EDGE('',*,*,#2034,.T.);
#2602=ORIENTED_EDGE('',*,*,#1956,.T.);
#2603=ORIENTED_EDGE('',*,*,#2032,.F.);
#2604=ORIENTED_EDGE('',*,*,#2035,.T.);
#2605=ORIENTED_EDGE('',*,*,#2036,.T.);
#2606=ORIENTED_EDGE('',*,*,#1957,.T.);
#2607=ORIENTED_EDGE('',*,*,#2034,.F.);
#2608=ORIENTED_EDGE('',*,*,#2037,.T.);
#2609=ORIENTED_EDGE('',*,*,#2038,.T.);
#2610=ORIENTED_EDGE('',*,*,#1958,.T.);
#2611=ORIENTED_EDGE('',*,*,#2036,.F.);
#2612=ORIENTED_EDGE('',*,*,#2039,.T.);
#2613=ORIENTED_EDGE('',*,*,#2040,.T.);
#2614=ORIENTED_EDGE('',*,*,#1959,.T.);
#2615=ORIENTED_EDGE('',*,*,#2038,.F.);
#2616=ORIENTED_EDGE('',*,*,#2041,.T.);
#2617=ORIENTED_EDGE('',*,*,#2042,.T.);
#2618=ORIENTED_EDGE('',*,*,#1960,.T.);
#2619=ORIENTED_EDGE('',*,*,#2040,.F.);
#2620=ORIENTED_EDGE('',*,*,#2043,.T.);
#2621=ORIENTED_EDGE('',*,*,#2044,.T.);
#2622=ORIENTED_EDGE('',*,*,#1961,.T.);
#2623=ORIENTED_EDGE('',*,*,#2042,.F.);
#2624=ORIENTED_EDGE('',*,*,#2045,.T.);
#2625=ORIENTED_EDGE('',*,*,#2046,.T.);
#2626=ORIENTED_EDGE('',*,*,#1962,.T.);
#2627=ORIENTED_EDGE('',*,*,#2044,.F.);
#2628=ORIENTED_EDGE('',*,*,#2047,.T.);
#2629=ORIENTED_EDGE('',*,*,#2048,.T.);
#2630=ORIENTED_EDGE('',*,*,#1963,.T.);
#2631=ORIENTED_EDGE('',*,*,#2046,.F.);
#2632=ORIENTED_EDGE('',*,*,#2049,.T.);
#2633=ORIENTED_EDGE('',*,*,#2050,.T.);
#2634=ORIENTED_EDGE('',*,*,#1964,.T.);
#2635=ORIENTED_EDGE('',*,*,#2048,.F.);
#2636=ORIENTED_EDGE('',*,*,#2051,.T.);
#2637=ORIENTED_EDGE('',*,*,#2052,.T.);
#2638=ORIENTED_EDGE('',*,*,#1965,.T.);
#2639=ORIENTED_EDGE('',*,*,#2050,.F.);
#2640=ORIENTED_EDGE('',*,*,#2053,.T.);
#2641=ORIENTED_EDGE('',*,*,#2054,.T.);
#2642=ORIENTED_EDGE('',*,*,#1966,.T.);
#2643=ORIENTED_EDGE('',*,*,#2052,.F.);
#2644=ORIENTED_EDGE('',*,*,#2055,.T.);
#2645=ORIENTED_EDGE('',*,*,#2026,.F.);
#2646=ORIENTED_EDGE('',*,*,#1967,.T.);
#2647=ORIENTED_EDGE('',*,*,#2054,.F.);
#2648=ORIENTED_EDGE('',*,*,#2056,.T.);
#2649=ORIENTED_EDGE('',*,*,#2041,.F.);
#2650=ORIENTED_EDGE('',*,*,#2057,.F.);
#2651=ORIENTED_EDGE('',*,*,#1854,.F.);
#2652=ORIENTED_EDGE('',*,*,#2058,.T.);
#2653=ORIENTED_EDGE('',*,*,#2039,.F.);
#2654=ORIENTED_EDGE('',*,*,#2059,.F.);
#2655=ORIENTED_EDGE('',*,*,#1855,.F.);
#2656=ORIENTED_EDGE('',*,*,#2057,.T.);
#2657=ORIENTED_EDGE('',*,*,#2037,.F.);
#2658=ORIENTED_EDGE('',*,*,#2060,.F.);
#2659=ORIENTED_EDGE('',*,*,#1856,.F.);
#2660=ORIENTED_EDGE('',*,*,#2059,.T.);
#2661=ORIENTED_EDGE('',*,*,#2035,.F.);
#2662=ORIENTED_EDGE('',*,*,#2061,.F.);
#2663=ORIENTED_EDGE('',*,*,#1841,.F.);
#2664=ORIENTED_EDGE('',*,*,#2060,.T.);
#2665=ORIENTED_EDGE('',*,*,#2033,.F.);
#2666=ORIENTED_EDGE('',*,*,#2062,.F.);
#2667=ORIENTED_EDGE('',*,*,#1842,.F.);
#2668=ORIENTED_EDGE('',*,*,#2061,.T.);
#2669=ORIENTED_EDGE('',*,*,#2031,.F.);
#2670=ORIENTED_EDGE('',*,*,#2063,.F.);
#2671=ORIENTED_EDGE('',*,*,#1843,.F.);
#2672=ORIENTED_EDGE('',*,*,#2062,.T.);
#2673=ORIENTED_EDGE('',*,*,#2029,.F.);
#2674=ORIENTED_EDGE('',*,*,#2064,.F.);
#2675=ORIENTED_EDGE('',*,*,#1844,.F.);
#2676=ORIENTED_EDGE('',*,*,#2063,.T.);
#2677=ORIENTED_EDGE('',*,*,#2027,.F.);
#2678=ORIENTED_EDGE('',*,*,#2065,.F.);
#2679=ORIENTED_EDGE('',*,*,#1845,.F.);
#2680=ORIENTED_EDGE('',*,*,#2064,.T.);
#2681=ORIENTED_EDGE('',*,*,#2066,.T.);
#2682=ORIENTED_EDGE('',*,*,#2009,.T.);
#2683=ORIENTED_EDGE('',*,*,#2067,.T.);
#2684=ORIENTED_EDGE('',*,*,#2068,.T.);
#2685=ORIENTED_EDGE('',*,*,#2069,.T.);
#2686=ORIENTED_EDGE('',*,*,#2010,.T.);
#2687=ORIENTED_EDGE('',*,*,#2066,.F.);
#2688=ORIENTED_EDGE('',*,*,#2070,.T.);
#2689=ORIENTED_EDGE('',*,*,#2071,.T.);
#2690=ORIENTED_EDGE('',*,*,#2011,.T.);
#2691=ORIENTED_EDGE('',*,*,#2069,.F.);
#2692=ORIENTED_EDGE('',*,*,#2072,.T.);
#2693=ORIENTED_EDGE('',*,*,#2073,.T.);
#2694=ORIENTED_EDGE('',*,*,#2012,.T.);
#2695=ORIENTED_EDGE('',*,*,#2071,.F.);
#2696=ORIENTED_EDGE('',*,*,#2074,.T.);
#2697=ORIENTED_EDGE('',*,*,#2075,.T.);
#2698=ORIENTED_EDGE('',*,*,#2013,.T.);
#2699=ORIENTED_EDGE('',*,*,#2073,.F.);
#2700=ORIENTED_EDGE('',*,*,#2076,.T.);
#2701=ORIENTED_EDGE('',*,*,#2077,.T.);
#2702=ORIENTED_EDGE('',*,*,#2014,.T.);
#2703=ORIENTED_EDGE('',*,*,#2075,.F.);
#2704=ORIENTED_EDGE('',*,*,#2078,.T.);
#2705=ORIENTED_EDGE('',*,*,#2079,.T.);
#2706=ORIENTED_EDGE('',*,*,#2015,.T.);
#2707=ORIENTED_EDGE('',*,*,#2077,.F.);
#2708=ORIENTED_EDGE('',*,*,#2080,.T.);
#2709=ORIENTED_EDGE('',*,*,#2081,.T.);
#2710=ORIENTED_EDGE('',*,*,#2016,.T.);
#2711=ORIENTED_EDGE('',*,*,#2079,.F.);
#2712=ORIENTED_EDGE('',*,*,#2082,.T.);
#2713=ORIENTED_EDGE('',*,*,#2083,.T.);
#2714=ORIENTED_EDGE('',*,*,#2017,.T.);
#2715=ORIENTED_EDGE('',*,*,#2081,.F.);
#2716=ORIENTED_EDGE('',*,*,#2084,.T.);
#2717=ORIENTED_EDGE('',*,*,#2085,.T.);
#2718=ORIENTED_EDGE('',*,*,#2018,.T.);
#2719=ORIENTED_EDGE('',*,*,#2083,.F.);
#2720=ORIENTED_EDGE('',*,*,#2086,.T.);
#2721=ORIENTED_EDGE('',*,*,#2087,.T.);
#2722=ORIENTED_EDGE('',*,*,#2019,.T.);
#2723=ORIENTED_EDGE('',*,*,#2085,.F.);
#2724=ORIENTED_EDGE('',*,*,#2088,.T.);
#2725=ORIENTED_EDGE('',*,*,#2089,.T.);
#2726=ORIENTED_EDGE('',*,*,#2020,.T.);
#2727=ORIENTED_EDGE('',*,*,#2087,.F.);
#2728=ORIENTED_EDGE('',*,*,#2090,.T.);
#2729=ORIENTED_EDGE('',*,*,#2091,.T.);
#2730=ORIENTED_EDGE('',*,*,#2021,.T.);
#2731=ORIENTED_EDGE('',*,*,#2089,.F.);
#2732=ORIENTED_EDGE('',*,*,#2092,.T.);
#2733=ORIENTED_EDGE('',*,*,#2093,.T.);
#2734=ORIENTED_EDGE('',*,*,#2022,.T.);
#2735=ORIENTED_EDGE('',*,*,#2091,.F.);
#2736=ORIENTED_EDGE('',*,*,#2094,.T.);
#2737=ORIENTED_EDGE('',*,*,#2095,.T.);
#2738=ORIENTED_EDGE('',*,*,#2023,.T.);
#2739=ORIENTED_EDGE('',*,*,#2093,.F.);
#2740=ORIENTED_EDGE('',*,*,#2096,.T.);
#2741=ORIENTED_EDGE('',*,*,#2067,.F.);
#2742=ORIENTED_EDGE('',*,*,#2024,.T.);
#2743=ORIENTED_EDGE('',*,*,#2095,.F.);
#2744=ORIENTED_EDGE('',*,*,#2097,.T.);
#2745=ORIENTED_EDGE('',*,*,#2082,.F.);
#2746=ORIENTED_EDGE('',*,*,#2098,.F.);
#2747=ORIENTED_EDGE('',*,*,#1837,.F.);
#2748=ORIENTED_EDGE('',*,*,#2099,.T.);
#2749=ORIENTED_EDGE('',*,*,#2080,.F.);
#2750=ORIENTED_EDGE('',*,*,#2100,.F.);
#2751=ORIENTED_EDGE('',*,*,#1838,.F.);
#2752=ORIENTED_EDGE('',*,*,#2098,.T.);
#2753=ORIENTED_EDGE('',*,*,#2078,.F.);
#2754=ORIENTED_EDGE('',*,*,#2101,.F.);
#2755=ORIENTED_EDGE('',*,*,#1839,.F.);
#2756=ORIENTED_EDGE('',*,*,#2100,.T.);
#2757=ORIENTED_EDGE('',*,*,#2076,.F.);
#2758=ORIENTED_EDGE('',*,*,#2102,.F.);
#2759=ORIENTED_EDGE('',*,*,#1840,.F.);
#2760=ORIENTED_EDGE('',*,*,#2101,.T.);
#2761=ORIENTED_EDGE('',*,*,#2074,.F.);
#2762=ORIENTED_EDGE('',*,*,#2103,.F.);
#2763=ORIENTED_EDGE('',*,*,#1825,.F.);
#2764=ORIENTED_EDGE('',*,*,#2102,.T.);
#2765=ORIENTED_EDGE('',*,*,#2072,.F.);
#2766=ORIENTED_EDGE('',*,*,#2104,.F.);
#2767=ORIENTED_EDGE('',*,*,#1826,.F.);
#2768=ORIENTED_EDGE('',*,*,#2103,.T.);
#2769=ORIENTED_EDGE('',*,*,#2070,.F.);
#2770=ORIENTED_EDGE('',*,*,#2105,.F.);
#2771=ORIENTED_EDGE('',*,*,#1827,.F.);
#2772=ORIENTED_EDGE('',*,*,#2104,.T.);
#2773=ORIENTED_EDGE('',*,*,#2068,.F.);
#2774=ORIENTED_EDGE('',*,*,#2106,.F.);
#2775=ORIENTED_EDGE('',*,*,#1828,.F.);
#2776=ORIENTED_EDGE('',*,*,#2105,.T.);
#2777=ORIENTED_EDGE('',*,*,#2107,.T.);
#2778=ORIENTED_EDGE('',*,*,#1968,.T.);
#2779=ORIENTED_EDGE('',*,*,#2108,.T.);
#2780=ORIENTED_EDGE('',*,*,#2109,.T.);
#2781=ORIENTED_EDGE('',*,*,#2110,.T.);
#2782=ORIENTED_EDGE('',*,*,#1969,.T.);
#2783=ORIENTED_EDGE('',*,*,#2107,.F.);
#2784=ORIENTED_EDGE('',*,*,#2111,.T.);
#2785=ORIENTED_EDGE('',*,*,#2112,.T.);
#2786=ORIENTED_EDGE('',*,*,#1970,.T.);
#2787=ORIENTED_EDGE('',*,*,#2110,.F.);
#2788=ORIENTED_EDGE('',*,*,#2113,.T.);
#2789=ORIENTED_EDGE('',*,*,#2114,.T.);
#2790=ORIENTED_EDGE('',*,*,#1971,.T.);
#2791=ORIENTED_EDGE('',*,*,#2112,.F.);
#2792=ORIENTED_EDGE('',*,*,#2115,.T.);
#2793=ORIENTED_EDGE('',*,*,#2116,.T.);
#2794=ORIENTED_EDGE('',*,*,#1972,.T.);
#2795=ORIENTED_EDGE('',*,*,#2114,.F.);
#2796=ORIENTED_EDGE('',*,*,#2117,.T.);
#2797=ORIENTED_EDGE('',*,*,#2118,.T.);
#2798=ORIENTED_EDGE('',*,*,#1973,.T.);
#2799=ORIENTED_EDGE('',*,*,#2116,.F.);
#2800=ORIENTED_EDGE('',*,*,#2119,.T.);
#2801=ORIENTED_EDGE('',*,*,#2120,.T.);
#2802=ORIENTED_EDGE('',*,*,#1974,.T.);
#2803=ORIENTED_EDGE('',*,*,#2118,.F.);
#2804=ORIENTED_EDGE('',*,*,#2121,.T.);
#2805=ORIENTED_EDGE('',*,*,#2108,.F.);
#2806=ORIENTED_EDGE('',*,*,#1975,.T.);
#2807=ORIENTED_EDGE('',*,*,#2120,.F.);
#2808=ORIENTED_EDGE('',*,*,#2122,.T.);
#2809=ORIENTED_EDGE('',*,*,#2115,.F.);
#2810=ORIENTED_EDGE('',*,*,#2123,.F.);
#2811=ORIENTED_EDGE('',*,*,#1818,.F.);
#2812=ORIENTED_EDGE('',*,*,#2124,.T.);
#2813=ORIENTED_EDGE('',*,*,#2113,.F.);
#2814=ORIENTED_EDGE('',*,*,#2125,.F.);
#2815=ORIENTED_EDGE('',*,*,#1819,.F.);
#2816=ORIENTED_EDGE('',*,*,#2123,.T.);
#2817=ORIENTED_EDGE('',*,*,#2111,.F.);
#2818=ORIENTED_EDGE('',*,*,#2126,.F.);
#2819=ORIENTED_EDGE('',*,*,#1820,.F.);
#2820=ORIENTED_EDGE('',*,*,#2125,.T.);
#2821=ORIENTED_EDGE('',*,*,#2109,.F.);
#2822=ORIENTED_EDGE('',*,*,#2127,.F.);
#2823=ORIENTED_EDGE('',*,*,#1821,.F.);
#2824=ORIENTED_EDGE('',*,*,#2126,.T.);
#2825=ORIENTED_EDGE('',*,*,#2128,.T.);
#2826=ORIENTED_EDGE('',*,*,#2001,.T.);
#2827=ORIENTED_EDGE('',*,*,#2129,.T.);
#2828=ORIENTED_EDGE('',*,*,#2130,.T.);
#2829=ORIENTED_EDGE('',*,*,#2131,.T.);
#2830=ORIENTED_EDGE('',*,*,#2002,.T.);
#2831=ORIENTED_EDGE('',*,*,#2128,.F.);
#2832=ORIENTED_EDGE('',*,*,#2132,.T.);
#2833=ORIENTED_EDGE('',*,*,#2133,.T.);
#2834=ORIENTED_EDGE('',*,*,#2003,.T.);
#2835=ORIENTED_EDGE('',*,*,#2131,.F.);
#2836=ORIENTED_EDGE('',*,*,#2134,.T.);
#2837=ORIENTED_EDGE('',*,*,#2135,.T.);
#2838=ORIENTED_EDGE('',*,*,#2004,.T.);
#2839=ORIENTED_EDGE('',*,*,#2133,.F.);
#2840=ORIENTED_EDGE('',*,*,#2136,.T.);
#2841=ORIENTED_EDGE('',*,*,#2137,.T.);
#2842=ORIENTED_EDGE('',*,*,#2005,.T.);
#2843=ORIENTED_EDGE('',*,*,#2135,.F.);
#2844=ORIENTED_EDGE('',*,*,#2138,.T.);
#2845=ORIENTED_EDGE('',*,*,#2139,.T.);
#2846=ORIENTED_EDGE('',*,*,#2006,.T.);
#2847=ORIENTED_EDGE('',*,*,#2137,.F.);
#2848=ORIENTED_EDGE('',*,*,#2140,.T.);
#2849=ORIENTED_EDGE('',*,*,#2141,.T.);
#2850=ORIENTED_EDGE('',*,*,#2007,.T.);
#2851=ORIENTED_EDGE('',*,*,#2139,.F.);
#2852=ORIENTED_EDGE('',*,*,#2142,.T.);
#2853=ORIENTED_EDGE('',*,*,#2129,.F.);
#2854=ORIENTED_EDGE('',*,*,#2008,.T.);
#2855=ORIENTED_EDGE('',*,*,#2141,.F.);
#2856=ORIENTED_EDGE('',*,*,#2143,.T.);
#2857=ORIENTED_EDGE('',*,*,#2136,.F.);
#2858=ORIENTED_EDGE('',*,*,#2144,.F.);
#2859=ORIENTED_EDGE('',*,*,#1862,.F.);
#2860=ORIENTED_EDGE('',*,*,#2145,.T.);
#2861=ORIENTED_EDGE('',*,*,#2134,.F.);
#2862=ORIENTED_EDGE('',*,*,#2146,.F.);
#2863=ORIENTED_EDGE('',*,*,#1863,.F.);
#2864=ORIENTED_EDGE('',*,*,#2144,.T.);
#2865=ORIENTED_EDGE('',*,*,#2132,.F.);
#2866=ORIENTED_EDGE('',*,*,#2147,.F.);
#2867=ORIENTED_EDGE('',*,*,#1864,.F.);
#2868=ORIENTED_EDGE('',*,*,#2146,.T.);
#2869=ORIENTED_EDGE('',*,*,#2130,.F.);
#2870=ORIENTED_EDGE('',*,*,#2148,.F.);
#2871=ORIENTED_EDGE('',*,*,#1857,.F.);
#2872=ORIENTED_EDGE('',*,*,#2147,.T.);
#2873=ORIENTED_EDGE('',*,*,#2149,.T.);
#2874=ORIENTED_EDGE('',*,*,#1976,.T.);
#2875=ORIENTED_EDGE('',*,*,#2150,.T.);
#2876=ORIENTED_EDGE('',*,*,#2151,.T.);
#2877=ORIENTED_EDGE('',*,*,#2152,.T.);
#2878=ORIENTED_EDGE('',*,*,#1977,.T.);
#2879=ORIENTED_EDGE('',*,*,#2149,.F.);
#2880=ORIENTED_EDGE('',*,*,#2153,.T.);
#2881=ORIENTED_EDGE('',*,*,#2154,.T.);
#2882=ORIENTED_EDGE('',*,*,#1978,.T.);
#2883=ORIENTED_EDGE('',*,*,#2152,.F.);
#2884=ORIENTED_EDGE('',*,*,#2155,.T.);
#2885=ORIENTED_EDGE('',*,*,#2156,.T.);
#2886=ORIENTED_EDGE('',*,*,#1979,.T.);
#2887=ORIENTED_EDGE('',*,*,#2154,.F.);
#2888=ORIENTED_EDGE('',*,*,#2157,.T.);
#2889=ORIENTED_EDGE('',*,*,#2158,.T.);
#2890=ORIENTED_EDGE('',*,*,#1980,.T.);
#2891=ORIENTED_EDGE('',*,*,#2156,.F.);
#2892=ORIENTED_EDGE('',*,*,#2159,.T.);
#2893=ORIENTED_EDGE('',*,*,#2160,.T.);
#2894=ORIENTED_EDGE('',*,*,#1981,.T.);
#2895=ORIENTED_EDGE('',*,*,#2158,.F.);
#2896=ORIENTED_EDGE('',*,*,#2161,.T.);
#2897=ORIENTED_EDGE('',*,*,#2162,.T.);
#2898=ORIENTED_EDGE('',*,*,#1982,.T.);
#2899=ORIENTED_EDGE('',*,*,#2160,.F.);
#2900=ORIENTED_EDGE('',*,*,#2163,.T.);
#2901=ORIENTED_EDGE('',*,*,#2150,.F.);
#2902=ORIENTED_EDGE('',*,*,#1983,.T.);
#2903=ORIENTED_EDGE('',*,*,#2162,.F.);
#2904=ORIENTED_EDGE('',*,*,#2164,.T.);
#2905=ORIENTED_EDGE('',*,*,#2157,.F.);
#2906=ORIENTED_EDGE('',*,*,#2165,.F.);
#2907=ORIENTED_EDGE('',*,*,#1814,.F.);
#2908=ORIENTED_EDGE('',*,*,#2166,.T.);
#2909=ORIENTED_EDGE('',*,*,#2155,.F.);
#2910=ORIENTED_EDGE('',*,*,#2167,.F.);
#2911=ORIENTED_EDGE('',*,*,#1815,.F.);
#2912=ORIENTED_EDGE('',*,*,#2165,.T.);
#2913=ORIENTED_EDGE('',*,*,#2153,.F.);
#2914=ORIENTED_EDGE('',*,*,#2168,.F.);
#2915=ORIENTED_EDGE('',*,*,#1816,.F.);
#2916=ORIENTED_EDGE('',*,*,#2167,.T.);
#2917=ORIENTED_EDGE('',*,*,#2151,.F.);
#2918=ORIENTED_EDGE('',*,*,#2169,.F.);
#2919=ORIENTED_EDGE('',*,*,#1809,.F.);
#2920=ORIENTED_EDGE('',*,*,#2168,.T.);
#2921=ORIENTED_EDGE('',*,*,#2170,.T.);
#2922=ORIENTED_EDGE('',*,*,#1993,.T.);
#2923=ORIENTED_EDGE('',*,*,#2171,.T.);
#2924=ORIENTED_EDGE('',*,*,#2172,.T.);
#2925=ORIENTED_EDGE('',*,*,#2173,.T.);
#2926=ORIENTED_EDGE('',*,*,#1994,.T.);
#2927=ORIENTED_EDGE('',*,*,#2170,.F.);
#2928=ORIENTED_EDGE('',*,*,#2174,.T.);
#2929=ORIENTED_EDGE('',*,*,#2175,.T.);
#2930=ORIENTED_EDGE('',*,*,#1995,.T.);
#2931=ORIENTED_EDGE('',*,*,#2173,.F.);
#2932=ORIENTED_EDGE('',*,*,#2176,.T.);
#2933=ORIENTED_EDGE('',*,*,#2177,.T.);
#2934=ORIENTED_EDGE('',*,*,#1996,.T.);
#2935=ORIENTED_EDGE('',*,*,#2175,.F.);
#2936=ORIENTED_EDGE('',*,*,#2178,.T.);
#2937=ORIENTED_EDGE('',*,*,#2179,.T.);
#2938=ORIENTED_EDGE('',*,*,#1997,.T.);
#2939=ORIENTED_EDGE('',*,*,#2177,.F.);
#2940=ORIENTED_EDGE('',*,*,#2180,.T.);
#2941=ORIENTED_EDGE('',*,*,#2181,.T.);
#2942=ORIENTED_EDGE('',*,*,#1998,.T.);
#2943=ORIENTED_EDGE('',*,*,#2179,.F.);
#2944=ORIENTED_EDGE('',*,*,#2182,.T.);
#2945=ORIENTED_EDGE('',*,*,#2183,.T.);
#2946=ORIENTED_EDGE('',*,*,#1999,.T.);
#2947=ORIENTED_EDGE('',*,*,#2181,.F.);
#2948=ORIENTED_EDGE('',*,*,#2184,.T.);
#2949=ORIENTED_EDGE('',*,*,#2171,.F.);
#2950=ORIENTED_EDGE('',*,*,#2000,.T.);
#2951=ORIENTED_EDGE('',*,*,#2183,.F.);
#2952=ORIENTED_EDGE('',*,*,#2185,.T.);
#2953=ORIENTED_EDGE('',*,*,#2178,.F.);
#2954=ORIENTED_EDGE('',*,*,#2186,.F.);
#2955=ORIENTED_EDGE('',*,*,#1876,.F.);
#2956=ORIENTED_EDGE('',*,*,#2187,.T.);
#2957=ORIENTED_EDGE('',*,*,#2176,.F.);
#2958=ORIENTED_EDGE('',*,*,#2188,.F.);
#2959=ORIENTED_EDGE('',*,*,#1877,.F.);
#2960=ORIENTED_EDGE('',*,*,#2186,.T.);
#2961=ORIENTED_EDGE('',*,*,#2174,.F.);
#2962=ORIENTED_EDGE('',*,*,#2189,.F.);
#2963=ORIENTED_EDGE('',*,*,#1878,.F.);
#2964=ORIENTED_EDGE('',*,*,#2188,.T.);
#2965=ORIENTED_EDGE('',*,*,#2172,.F.);
#2966=ORIENTED_EDGE('',*,*,#2190,.F.);
#2967=ORIENTED_EDGE('',*,*,#1879,.F.);
#2968=ORIENTED_EDGE('',*,*,#2189,.T.);
#2969=ORIENTED_EDGE('',*,*,#2191,.T.);
#2970=ORIENTED_EDGE('',*,*,#1984,.T.);
#2971=ORIENTED_EDGE('',*,*,#2192,.T.);
#2972=ORIENTED_EDGE('',*,*,#2193,.T.);
#2973=ORIENTED_EDGE('',*,*,#2194,.T.);
#2974=ORIENTED_EDGE('',*,*,#1985,.T.);
#2975=ORIENTED_EDGE('',*,*,#2191,.F.);
#2976=ORIENTED_EDGE('',*,*,#2195,.T.);
#2977=ORIENTED_EDGE('',*,*,#2196,.T.);
#2978=ORIENTED_EDGE('',*,*,#1986,.T.);
#2979=ORIENTED_EDGE('',*,*,#2194,.F.);
#2980=ORIENTED_EDGE('',*,*,#2197,.T.);
#2981=ORIENTED_EDGE('',*,*,#2198,.T.);
#2982=ORIENTED_EDGE('',*,*,#1987,.T.);
#2983=ORIENTED_EDGE('',*,*,#2196,.F.);
#2984=ORIENTED_EDGE('',*,*,#2199,.T.);
#2985=ORIENTED_EDGE('',*,*,#2200,.T.);
#2986=ORIENTED_EDGE('',*,*,#1988,.T.);
#2987=ORIENTED_EDGE('',*,*,#2198,.F.);
#2988=ORIENTED_EDGE('',*,*,#2201,.T.);
#2989=ORIENTED_EDGE('',*,*,#2202,.T.);
#2990=ORIENTED_EDGE('',*,*,#1989,.T.);
#2991=ORIENTED_EDGE('',*,*,#2200,.F.);
#2992=ORIENTED_EDGE('',*,*,#2203,.T.);
#2993=ORIENTED_EDGE('',*,*,#2204,.T.);
#2994=ORIENTED_EDGE('',*,*,#1990,.T.);
#2995=ORIENTED_EDGE('',*,*,#2202,.F.);
#2996=ORIENTED_EDGE('',*,*,#2205,.T.);
#2997=ORIENTED_EDGE('',*,*,#2192,.F.);
#2998=ORIENTED_EDGE('',*,*,#1991,.T.);
#2999=ORIENTED_EDGE('',*,*,#2204,.F.);
#3000=ORIENTED_EDGE('',*,*,#2206,.T.);
#3001=ORIENTED_EDGE('',*,*,#2199,.F.);
#3002=ORIENTED_EDGE('',*,*,#2207,.F.);
#3003=ORIENTED_EDGE('',*,*,#1868,.F.);
#3004=ORIENTED_EDGE('',*,*,#2208,.T.);
#3005=ORIENTED_EDGE('',*,*,#2197,.F.);
#3006=ORIENTED_EDGE('',*,*,#2209,.F.);
#3007=ORIENTED_EDGE('',*,*,#1869,.F.);
#3008=ORIENTED_EDGE('',*,*,#2207,.T.);
#3009=ORIENTED_EDGE('',*,*,#2195,.F.);
#3010=ORIENTED_EDGE('',*,*,#2210,.F.);
#3011=ORIENTED_EDGE('',*,*,#1870,.F.);
#3012=ORIENTED_EDGE('',*,*,#2209,.T.);
#3013=ORIENTED_EDGE('',*,*,#2193,.F.);
#3014=ORIENTED_EDGE('',*,*,#2211,.F.);
#3015=ORIENTED_EDGE('',*,*,#1871,.F.);
#3016=ORIENTED_EDGE('',*,*,#2210,.T.);
#3017=ORIENTED_EDGE('',*,*,#2212,.T.);
#3018=ORIENTED_EDGE('',*,*,#2213,.T.);
#3019=ORIENTED_EDGE('',*,*,#2214,.T.);
#3020=ORIENTED_EDGE('',*,*,#1948,.T.);
#3021=ORIENTED_EDGE('',*,*,#2215,.T.);
#3022=ORIENTED_EDGE('',*,*,#1949,.T.);
#3023=ORIENTED_EDGE('',*,*,#2214,.F.);
#3024=ORIENTED_EDGE('',*,*,#2216,.T.);
#3025=ORIENTED_EDGE('',*,*,#2217,.T.);
#3026=ORIENTED_EDGE('',*,*,#1950,.T.);
#3027=ORIENTED_EDGE('',*,*,#2215,.F.);
#3028=ORIENTED_EDGE('',*,*,#2218,.T.);
#3029=ORIENTED_EDGE('',*,*,#2219,.T.);
#3030=ORIENTED_EDGE('',*,*,#1942,.T.);
#3031=ORIENTED_EDGE('',*,*,#2220,.T.);
#3032=ORIENTED_EDGE('',*,*,#2221,.T.);
#3033=ORIENTED_EDGE('',*,*,#2219,.F.);
#3034=ORIENTED_EDGE('',*,*,#2222,.T.);
#3035=ORIENTED_EDGE('',*,*,#2223,.T.);
#3036=ORIENTED_EDGE('',*,*,#1943,.T.);
#3037=ORIENTED_EDGE('',*,*,#2224,.T.);
#3038=ORIENTED_EDGE('',*,*,#1944,.T.);
#3039=ORIENTED_EDGE('',*,*,#2223,.F.);
#3040=ORIENTED_EDGE('',*,*,#2225,.T.);
#3041=ORIENTED_EDGE('',*,*,#2224,.F.);
#3042=ORIENTED_EDGE('',*,*,#2226,.T.);
#3043=ORIENTED_EDGE('',*,*,#2227,.T.);
#3044=ORIENTED_EDGE('',*,*,#1945,.T.);
#3045=ORIENTED_EDGE('',*,*,#2228,.T.);
#3046=ORIENTED_EDGE('',*,*,#1946,.T.);
#3047=ORIENTED_EDGE('',*,*,#2227,.F.);
#3048=ORIENTED_EDGE('',*,*,#2229,.T.);
#3049=ORIENTED_EDGE('',*,*,#2220,.F.);
#3050=ORIENTED_EDGE('',*,*,#1951,.T.);
#3051=ORIENTED_EDGE('',*,*,#2217,.F.);
#3052=ORIENTED_EDGE('',*,*,#2230,.T.);
#3053=ORIENTED_EDGE('',*,*,#2212,.F.);
#3054=ORIENTED_EDGE('',*,*,#1947,.T.);
#3055=ORIENTED_EDGE('',*,*,#2228,.F.);
#3056=ORIENTED_EDGE('',*,*,#2231,.T.);
#3057=ORIENTED_EDGE('',*,*,#2231,.F.);
#3058=ORIENTED_EDGE('',*,*,#2229,.F.);
#3059=ORIENTED_EDGE('',*,*,#2232,.F.);
#3060=ORIENTED_EDGE('',*,*,#1797,.F.);
#3061=ORIENTED_EDGE('',*,*,#2233,.F.);
#3062=ORIENTED_EDGE('',*,*,#2226,.F.);
#3063=ORIENTED_EDGE('',*,*,#2234,.T.);
#3064=ORIENTED_EDGE('',*,*,#1790,.T.);
#3065=ORIENTED_EDGE('',*,*,#2232,.T.);
#3066=ORIENTED_EDGE('',*,*,#2225,.F.);
#3067=ORIENTED_EDGE('',*,*,#2235,.F.);
#3068=ORIENTED_EDGE('',*,*,#1791,.F.);
#3069=ORIENTED_EDGE('',*,*,#2234,.F.);
#3070=ORIENTED_EDGE('',*,*,#2222,.F.);
#3071=ORIENTED_EDGE('',*,*,#2236,.T.);
#3072=ORIENTED_EDGE('',*,*,#1792,.T.);
#3073=ORIENTED_EDGE('',*,*,#2235,.T.);
#3074=ORIENTED_EDGE('',*,*,#2213,.F.);
#3075=ORIENTED_EDGE('',*,*,#2233,.T.);
#3076=ORIENTED_EDGE('',*,*,#1796,.T.);
#3077=ORIENTED_EDGE('',*,*,#2237,.T.);
#3078=ORIENTED_EDGE('',*,*,#2216,.F.);
#3079=ORIENTED_EDGE('',*,*,#2237,.F.);
#3080=ORIENTED_EDGE('',*,*,#1795,.F.);
#3081=ORIENTED_EDGE('',*,*,#2238,.F.);
#3082=ORIENTED_EDGE('',*,*,#2218,.F.);
#3083=ORIENTED_EDGE('',*,*,#2238,.T.);
#3084=ORIENTED_EDGE('',*,*,#1794,.T.);
#3085=ORIENTED_EDGE('',*,*,#2239,.T.);
#3086=ORIENTED_EDGE('',*,*,#1801,.F.);
#3087=ORIENTED_EDGE('',*,*,#2240,.T.);
#3088=ORIENTED_EDGE('',*,*,#2241,.T.);
#3089=ORIENTED_EDGE('',*,*,#2242,.F.);
#3090=ORIENTED_EDGE('',*,*,#1808,.F.);
#3091=ORIENTED_EDGE('',*,*,#2243,.T.);
#3092=ORIENTED_EDGE('',*,*,#2244,.T.);
#3093=ORIENTED_EDGE('',*,*,#2240,.F.);
#3094=ORIENTED_EDGE('',*,*,#1807,.F.);
#3095=ORIENTED_EDGE('',*,*,#2245,.T.);
#3096=ORIENTED_EDGE('',*,*,#2246,.T.);
#3097=ORIENTED_EDGE('',*,*,#2243,.F.);
#3098=ORIENTED_EDGE('',*,*,#1806,.F.);
#3099=ORIENTED_EDGE('',*,*,#2247,.T.);
#3100=ORIENTED_EDGE('',*,*,#2248,.T.);
#3101=ORIENTED_EDGE('',*,*,#2245,.F.);
#3102=ORIENTED_EDGE('',*,*,#1805,.F.);
#3103=ORIENTED_EDGE('',*,*,#2249,.T.);
#3104=ORIENTED_EDGE('',*,*,#2250,.T.);
#3105=ORIENTED_EDGE('',*,*,#2247,.F.);
#3106=ORIENTED_EDGE('',*,*,#1804,.F.);
#3107=ORIENTED_EDGE('',*,*,#2251,.T.);
#3108=ORIENTED_EDGE('',*,*,#2252,.T.);
#3109=ORIENTED_EDGE('',*,*,#2249,.F.);
#3110=ORIENTED_EDGE('',*,*,#1803,.F.);
#3111=ORIENTED_EDGE('',*,*,#2253,.T.);
#3112=ORIENTED_EDGE('',*,*,#2254,.T.);
#3113=ORIENTED_EDGE('',*,*,#2251,.F.);
#3114=ORIENTED_EDGE('',*,*,#1802,.F.);
#3115=ORIENTED_EDGE('',*,*,#2242,.T.);
#3116=ORIENTED_EDGE('',*,*,#2255,.T.);
#3117=ORIENTED_EDGE('',*,*,#2253,.F.);
#3118=ORIENTED_EDGE('',*,*,#2255,.F.);
#3119=ORIENTED_EDGE('',*,*,#2241,.F.);
#3120=ORIENTED_EDGE('',*,*,#2244,.F.);
#3121=ORIENTED_EDGE('',*,*,#2246,.F.);
#3122=ORIENTED_EDGE('',*,*,#2248,.F.);
#3123=ORIENTED_EDGE('',*,*,#2250,.F.);
#3124=ORIENTED_EDGE('',*,*,#2252,.F.);
#3125=ORIENTED_EDGE('',*,*,#2254,.F.);
#3126=ORIENTED_EDGE('',*,*,#2256,.F.);
#3127=ORIENTED_EDGE('',*,*,#1992,.F.);
#3128=ORIENTED_EDGE('',*,*,#2257,.T.);
#3129=ORIENTED_EDGE('',*,*,#2256,.T.);
#3130=ORIENTED_EDGE('',*,*,#2257,.F.);
#3131=ORIENTED_EDGE('',*,*,#1936,.F.);
#3132=ORIENTED_EDGE('',*,*,#2258,.F.);
#3133=ORIENTED_EDGE('',*,*,#1886,.F.);
#3134=ORIENTED_EDGE('',*,*,#1941,.T.);
#3135=ORIENTED_EDGE('',*,*,#1934,.F.);
#3136=ORIENTED_EDGE('',*,*,#2259,.F.);
#3137=ORIENTED_EDGE('',*,*,#1887,.F.);
#3138=ORIENTED_EDGE('',*,*,#2258,.T.);
#3139=ORIENTED_EDGE('',*,*,#1931,.F.);
#3140=ORIENTED_EDGE('',*,*,#2260,.F.);
#3141=ORIENTED_EDGE('',*,*,#1888,.F.);
#3142=ORIENTED_EDGE('',*,*,#2259,.T.);
#3143=ORIENTED_EDGE('',*,*,#1928,.F.);
#3144=ORIENTED_EDGE('',*,*,#1938,.F.);
#3145=ORIENTED_EDGE('',*,*,#1881,.F.);
#3146=ORIENTED_EDGE('',*,*,#2260,.T.);
#3147=ORIENTED_EDGE('',*,*,#2182,.F.);
#3148=ORIENTED_EDGE('',*,*,#2261,.F.);
#3149=ORIENTED_EDGE('',*,*,#1874,.F.);
#3150=ORIENTED_EDGE('',*,*,#2262,.T.);
#3151=ORIENTED_EDGE('',*,*,#2180,.F.);
#3152=ORIENTED_EDGE('',*,*,#2187,.F.);
#3153=ORIENTED_EDGE('',*,*,#1875,.F.);
#3154=ORIENTED_EDGE('',*,*,#2261,.T.);
#3155=ORIENTED_EDGE('',*,*,#2185,.F.);
#3156=ORIENTED_EDGE('',*,*,#2263,.F.);
#3157=ORIENTED_EDGE('',*,*,#1880,.F.);
#3158=ORIENTED_EDGE('',*,*,#2190,.T.);
#3159=ORIENTED_EDGE('',*,*,#2184,.F.);
#3160=ORIENTED_EDGE('',*,*,#2262,.F.);
#3161=ORIENTED_EDGE('',*,*,#1873,.F.);
#3162=ORIENTED_EDGE('',*,*,#2263,.T.);
#3163=ORIENTED_EDGE('',*,*,#2203,.F.);
#3164=ORIENTED_EDGE('',*,*,#2264,.F.);
#3165=ORIENTED_EDGE('',*,*,#1866,.F.);
#3166=ORIENTED_EDGE('',*,*,#2265,.T.);
#3167=ORIENTED_EDGE('',*,*,#2201,.F.);
#3168=ORIENTED_EDGE('',*,*,#2208,.F.);
#3169=ORIENTED_EDGE('',*,*,#1867,.F.);
#3170=ORIENTED_EDGE('',*,*,#2264,.T.);
#3171=ORIENTED_EDGE('',*,*,#2206,.F.);
#3172=ORIENTED_EDGE('',*,*,#2266,.F.);
#3173=ORIENTED_EDGE('',*,*,#1872,.F.);
#3174=ORIENTED_EDGE('',*,*,#2211,.T.);
#3175=ORIENTED_EDGE('',*,*,#2205,.F.);
#3176=ORIENTED_EDGE('',*,*,#2265,.F.);
#3177=ORIENTED_EDGE('',*,*,#1865,.F.);
#3178=ORIENTED_EDGE('',*,*,#2266,.T.);
#3179=ORIENTED_EDGE('',*,*,#2143,.F.);
#3180=ORIENTED_EDGE('',*,*,#2267,.F.);
#3181=ORIENTED_EDGE('',*,*,#1858,.F.);
#3182=ORIENTED_EDGE('',*,*,#2148,.T.);
#3183=ORIENTED_EDGE('',*,*,#2142,.F.);
#3184=ORIENTED_EDGE('',*,*,#2268,.F.);
#3185=ORIENTED_EDGE('',*,*,#1859,.F.);
#3186=ORIENTED_EDGE('',*,*,#2267,.T.);
#3187=ORIENTED_EDGE('',*,*,#2140,.F.);
#3188=ORIENTED_EDGE('',*,*,#2269,.F.);
#3189=ORIENTED_EDGE('',*,*,#1860,.F.);
#3190=ORIENTED_EDGE('',*,*,#2268,.T.);
#3191=ORIENTED_EDGE('',*,*,#2138,.F.);
#3192=ORIENTED_EDGE('',*,*,#2145,.F.);
#3193=ORIENTED_EDGE('',*,*,#1861,.F.);
#3194=ORIENTED_EDGE('',*,*,#2269,.T.);
#3195=ORIENTED_EDGE('',*,*,#2056,.F.);
#3196=ORIENTED_EDGE('',*,*,#2270,.F.);
#3197=ORIENTED_EDGE('',*,*,#1846,.F.);
#3198=ORIENTED_EDGE('',*,*,#2065,.T.);
#3199=ORIENTED_EDGE('',*,*,#2055,.F.);
#3200=ORIENTED_EDGE('',*,*,#2271,.F.);
#3201=ORIENTED_EDGE('',*,*,#1847,.F.);
#3202=ORIENTED_EDGE('',*,*,#2270,.T.);
#3203=ORIENTED_EDGE('',*,*,#2053,.F.);
#3204=ORIENTED_EDGE('',*,*,#2272,.F.);
#3205=ORIENTED_EDGE('',*,*,#1848,.F.);
#3206=ORIENTED_EDGE('',*,*,#2271,.T.);
#3207=ORIENTED_EDGE('',*,*,#2051,.F.);
#3208=ORIENTED_EDGE('',*,*,#2273,.F.);
#3209=ORIENTED_EDGE('',*,*,#1849,.F.);
#3210=ORIENTED_EDGE('',*,*,#2272,.T.);
#3211=ORIENTED_EDGE('',*,*,#2049,.F.);
#3212=ORIENTED_EDGE('',*,*,#2274,.F.);
#3213=ORIENTED_EDGE('',*,*,#1850,.F.);
#3214=ORIENTED_EDGE('',*,*,#2273,.T.);
#3215=ORIENTED_EDGE('',*,*,#2047,.F.);
#3216=ORIENTED_EDGE('',*,*,#2275,.F.);
#3217=ORIENTED_EDGE('',*,*,#1851,.F.);
#3218=ORIENTED_EDGE('',*,*,#2274,.T.);
#3219=ORIENTED_EDGE('',*,*,#2045,.F.);
#3220=ORIENTED_EDGE('',*,*,#2276,.F.);
#3221=ORIENTED_EDGE('',*,*,#1852,.F.);
#3222=ORIENTED_EDGE('',*,*,#2275,.T.);
#3223=ORIENTED_EDGE('',*,*,#2043,.F.);
#3224=ORIENTED_EDGE('',*,*,#2058,.F.);
#3225=ORIENTED_EDGE('',*,*,#1853,.F.);
#3226=ORIENTED_EDGE('',*,*,#2276,.T.);
#3227=ORIENTED_EDGE('',*,*,#2097,.F.);
#3228=ORIENTED_EDGE('',*,*,#2277,.F.);
#3229=ORIENTED_EDGE('',*,*,#1829,.F.);
#3230=ORIENTED_EDGE('',*,*,#2106,.T.);
#3231=ORIENTED_EDGE('',*,*,#2096,.F.);
#3232=ORIENTED_EDGE('',*,*,#2278,.F.);
#3233=ORIENTED_EDGE('',*,*,#1830,.F.);
#3234=ORIENTED_EDGE('',*,*,#2277,.T.);
#3235=ORIENTED_EDGE('',*,*,#2094,.F.);
#3236=ORIENTED_EDGE('',*,*,#2279,.F.);
#3237=ORIENTED_EDGE('',*,*,#1831,.F.);
#3238=ORIENTED_EDGE('',*,*,#2278,.T.);
#3239=ORIENTED_EDGE('',*,*,#2092,.F.);
#3240=ORIENTED_EDGE('',*,*,#2280,.F.);
#3241=ORIENTED_EDGE('',*,*,#1832,.F.);
#3242=ORIENTED_EDGE('',*,*,#2279,.T.);
#3243=ORIENTED_EDGE('',*,*,#2090,.F.);
#3244=ORIENTED_EDGE('',*,*,#2281,.F.);
#3245=ORIENTED_EDGE('',*,*,#1833,.F.);
#3246=ORIENTED_EDGE('',*,*,#2280,.T.);
#3247=ORIENTED_EDGE('',*,*,#2088,.F.);
#3248=ORIENTED_EDGE('',*,*,#2282,.F.);
#3249=ORIENTED_EDGE('',*,*,#1834,.F.);
#3250=ORIENTED_EDGE('',*,*,#2281,.T.);
#3251=ORIENTED_EDGE('',*,*,#2086,.F.);
#3252=ORIENTED_EDGE('',*,*,#2283,.F.);
#3253=ORIENTED_EDGE('',*,*,#1835,.F.);
#3254=ORIENTED_EDGE('',*,*,#2282,.T.);
#3255=ORIENTED_EDGE('',*,*,#2084,.F.);
#3256=ORIENTED_EDGE('',*,*,#2099,.F.);
#3257=ORIENTED_EDGE('',*,*,#1836,.F.);
#3258=ORIENTED_EDGE('',*,*,#2283,.T.);
#3259=ORIENTED_EDGE('',*,*,#2122,.F.);
#3260=ORIENTED_EDGE('',*,*,#2284,.F.);
#3261=ORIENTED_EDGE('',*,*,#1822,.F.);
#3262=ORIENTED_EDGE('',*,*,#2127,.T.);
#3263=ORIENTED_EDGE('',*,*,#2121,.F.);
#3264=ORIENTED_EDGE('',*,*,#2285,.F.);
#3265=ORIENTED_EDGE('',*,*,#1823,.F.);
#3266=ORIENTED_EDGE('',*,*,#2284,.T.);
#3267=ORIENTED_EDGE('',*,*,#2119,.F.);
#3268=ORIENTED_EDGE('',*,*,#2286,.F.);
#3269=ORIENTED_EDGE('',*,*,#1824,.F.);
#3270=ORIENTED_EDGE('',*,*,#2285,.T.);
#3271=ORIENTED_EDGE('',*,*,#2117,.F.);
#3272=ORIENTED_EDGE('',*,*,#2124,.F.);
#3273=ORIENTED_EDGE('',*,*,#1817,.F.);
#3274=ORIENTED_EDGE('',*,*,#2286,.T.);
#3275=ORIENTED_EDGE('',*,*,#2164,.F.);
#3276=ORIENTED_EDGE('',*,*,#2287,.F.);
#3277=ORIENTED_EDGE('',*,*,#1810,.F.);
#3278=ORIENTED_EDGE('',*,*,#2169,.T.);
#3279=ORIENTED_EDGE('',*,*,#2163,.F.);
#3280=ORIENTED_EDGE('',*,*,#2288,.F.);
#3281=ORIENTED_EDGE('',*,*,#1811,.F.);
#3282=ORIENTED_EDGE('',*,*,#2287,.T.);
#3283=ORIENTED_EDGE('',*,*,#2161,.F.);
#3284=ORIENTED_EDGE('',*,*,#2289,.F.);
#3285=ORIENTED_EDGE('',*,*,#1812,.F.);
#3286=ORIENTED_EDGE('',*,*,#2288,.T.);
#3287=ORIENTED_EDGE('',*,*,#2159,.F.);
#3288=ORIENTED_EDGE('',*,*,#2166,.F.);
#3289=ORIENTED_EDGE('',*,*,#1813,.F.);
#3290=ORIENTED_EDGE('',*,*,#2289,.T.);
#3291=ORIENTED_EDGE('',*,*,#2230,.F.);
#3292=ORIENTED_EDGE('',*,*,#2239,.F.);
#3293=ORIENTED_EDGE('',*,*,#1793,.F.);
#3294=ORIENTED_EDGE('',*,*,#2236,.F.);
#3295=ORIENTED_EDGE('',*,*,#2221,.F.);
#3296=CONICAL_SURFACE('',#3566,2.15000000000003,0.785398163397467);
#3297=CONICAL_SURFACE('',#3625,2.15,0.785398163397467);
#3298=CONICAL_SURFACE('',#3629,2.15,0.785398163397448);
#3299=CONICAL_SURFACE('',#3633,2.15,0.785398163397448);
#3300=CONICAL_SURFACE('',#3637,2.15,0.785398163397467);
#3301=CONICAL_SURFACE('',#3641,2.15000000000003,0.785398163397467);
#3302=CONICAL_SURFACE('',#3652,0.700000000000002,0.785398163397434);
#3303=CONICAL_SURFACE('',#3656,0.700000000000002,0.785398163397434);
#3304=CONICAL_SURFACE('',#3660,0.699999999999993,0.785398163397434);
#3305=CONICAL_SURFACE('',#3664,0.699999999999968,0.785398163397438);
#3306=CONICAL_SURFACE('',#3712,0.300000000000013,0.785398163397434);
#3307=CONICAL_SURFACE('',#3715,0.700000000000002,0.785398163397434);
#3308=CONICAL_SURFACE('',#3718,0.699999999999966,0.785398163397434);
#3309=CONICAL_SURFACE('',#3721,0.300000000000013,0.785398163397434);
#3310=CONICAL_SURFACE('',#3724,0.699999999999966,0.785398163397434);
#3311=CONICAL_SURFACE('',#3727,0.700000000000002,0.785398163397434);
#3312=CONICAL_SURFACE('',#3730,0.700000000000002,0.785398163397434);
#3313=CONICAL_SURFACE('',#3733,0.700000000000019,0.785398163397434);
#3314=CONICAL_SURFACE('',#3744,0.700000000000008,0.78539816339745);
#3315=CONICAL_SURFACE('',#3747,0.699999999999984,0.785398163397434);
#3316=CONICAL_SURFACE('',#3750,0.300000000000013,0.785398163397434);
#3317=CONICAL_SURFACE('',#3753,0.700000000000026,0.78539816339745);
#3318=CONICAL_SURFACE('',#3756,0.300000000000006,0.78539816339745);
#3319=CONICAL_SURFACE('',#3759,0.699999999999984,0.785398163397434);
#3320=CONICAL_SURFACE('',#3762,0.700000000000007,0.78539816339744);
#3321=CONICAL_SURFACE('',#3765,0.699999999999999,0.785398163397449);
#3322=CONICAL_SURFACE('',#3776,0.700000000000005,0.785398163397442);
#3323=CONICAL_SURFACE('',#3779,0.699999999999993,0.785398163397434);
#3324=CONICAL_SURFACE('',#3782,0.700000000000005,0.785398163397442);
#3325=CONICAL_SURFACE('',#3785,0.699999999999998,0.785398163397443);
#3326=CONICAL_SURFACE('',#3792,0.700000000000005,0.785398163397442);
#3327=CONICAL_SURFACE('',#3795,0.699999999999993,0.785398163397434);
#3328=CONICAL_SURFACE('',#3798,0.700000000000005,0.785398163397442);
#3329=CONICAL_SURFACE('',#3801,0.699999999999998,0.785398163397443);
#3330=CONICAL_SURFACE('',#3808,0.700000000000005,0.785398163397442);
#3331=CONICAL_SURFACE('',#3811,0.699999999999993,0.785398163397434);
#3332=CONICAL_SURFACE('',#3814,0.699999999999987,0.785398163397442);
#3333=CONICAL_SURFACE('',#3817,0.699999999999996,0.785398163397438);
#3334=CONICAL_SURFACE('',#3824,0.700000000000002,0.785398163397436);
#3335=CONICAL_SURFACE('',#3827,0.699999999999994,0.785398163397438);
#3336=CONICAL_SURFACE('',#3830,0.699999999999999,0.78539816339745);
#3337=CONICAL_SURFACE('',#3833,0.700000000000001,0.78539816339745);
#3338=CONICAL_SURFACE('',#3840,0.699999999999999,0.785398163397449);
#3339=CONICAL_SURFACE('',#3843,0.699999999999999,0.78539816339745);
#3340=CONICAL_SURFACE('',#3846,0.700000000000001,0.78539816339745);
#3341=CONICAL_SURFACE('',#3849,0.700000000000001,0.785398163397448);
#3342=CONICAL_SURFACE('',#3857,3.49999999999998,0.785398163397466);
#3343=CONICAL_SURFACE('',#3860,3.5,0.785398163397447);
#3344=ADVANCED_FACE('',(#210),#3296,.F.);
#3345=ADVANCED_FACE('',(#211,#82,#83,#84,#85,#86,#87,#88,#89,#90,#91,#92,
#93,#94,#95,#96),#109,.F.);
#3346=ADVANCED_FACE('',(#212),#27,.F.);
#3347=ADVANCED_FACE('',(#213),#3297,.F.);
#3348=ADVANCED_FACE('',(#214),#28,.F.);
#3349=ADVANCED_FACE('',(#215),#3298,.F.);
#3350=ADVANCED_FACE('',(#216),#29,.F.);
#3351=ADVANCED_FACE('',(#217),#3299,.F.);
#3352=ADVANCED_FACE('',(#218),#30,.F.);
#3353=ADVANCED_FACE('',(#219),#3300,.F.);
#3354=ADVANCED_FACE('',(#220),#31,.F.);
#3355=ADVANCED_FACE('',(#221),#3301,.F.);
#3356=ADVANCED_FACE('',(#222),#32,.F.);
#3357=ADVANCED_FACE('',(#223),#110,.T.);
#3358=ADVANCED_FACE('',(#224),#111,.T.);
#3359=ADVANCED_FACE('',(#225),#112,.T.);
#3360=ADVANCED_FACE('',(#226),#113,.T.);
#3361=ADVANCED_FACE('',(#227),#114,.T.);
#3362=ADVANCED_FACE('',(#228),#115,.T.);
#3363=ADVANCED_FACE('',(#229),#116,.T.);
#3364=ADVANCED_FACE('',(#230),#3302,.F.);
#3365=ADVANCED_FACE('',(#231),#117,.T.);
#3366=ADVANCED_FACE('',(#232),#3303,.F.);
#3367=ADVANCED_FACE('',(#233),#118,.T.);
#3368=ADVANCED_FACE('',(#234),#3304,.F.);
#3369=ADVANCED_FACE('',(#235),#119,.T.);
#3370=ADVANCED_FACE('',(#236),#3305,.F.);
#3371=ADVANCED_FACE('',(#237),#33,.F.);
#3372=ADVANCED_FACE('',(#238),#120,.T.);
#3373=ADVANCED_FACE('',(#239),#34,.F.);
#3374=ADVANCED_FACE('',(#240),#121,.T.);
#3375=ADVANCED_FACE('',(#241,#97,#98,#99,#100,#101,#102,#103,#104,#105),
#122,.T.);
#3376=ADVANCED_FACE('',(#242),#123,.T.);
#3377=ADVANCED_FACE('',(#243),#3306,.T.);
#3378=ADVANCED_FACE('',(#244),#124,.T.);
#3379=ADVANCED_FACE('',(#245),#3307,.F.);
#3380=ADVANCED_FACE('',(#246),#125,.T.);
#3381=ADVANCED_FACE('',(#247),#3308,.F.);
#3382=ADVANCED_FACE('',(#248),#126,.T.);
#3383=ADVANCED_FACE('',(#249),#3309,.T.);
#3384=ADVANCED_FACE('',(#250),#127,.T.);
#3385=ADVANCED_FACE('',(#251),#3310,.F.);
#3386=ADVANCED_FACE('',(#252),#128,.T.);
#3387=ADVANCED_FACE('',(#253),#3311,.F.);
#3388=ADVANCED_FACE('',(#254),#129,.T.);
#3389=ADVANCED_FACE('',(#255),#3312,.F.);
#3390=ADVANCED_FACE('',(#256),#130,.T.);
#3391=ADVANCED_FACE('',(#257),#3313,.F.);
#3392=ADVANCED_FACE('',(#258),#35,.T.);
#3393=ADVANCED_FACE('',(#259),#131,.T.);
#3394=ADVANCED_FACE('',(#260),#36,.F.);
#3395=ADVANCED_FACE('',(#261),#132,.T.);
#3396=ADVANCED_FACE('',(#262),#37,.F.);
#3397=ADVANCED_FACE('',(#263),#133,.T.);
#3398=ADVANCED_FACE('',(#264),#38,.T.);
#3399=ADVANCED_FACE('',(#265),#134,.T.);
#3400=ADVANCED_FACE('',(#266),#135,.T.);
#3401=ADVANCED_FACE('',(#267),#3314,.F.);
#3402=ADVANCED_FACE('',(#268),#136,.T.);
#3403=ADVANCED_FACE('',(#269),#3315,.F.);
#3404=ADVANCED_FACE('',(#270),#137,.T.);
#3405=ADVANCED_FACE('',(#271),#3316,.T.);
#3406=ADVANCED_FACE('',(#272),#138,.T.);
#3407=ADVANCED_FACE('',(#273),#3317,.F.);
#3408=ADVANCED_FACE('',(#274),#139,.T.);
#3409=ADVANCED_FACE('',(#275),#3318,.T.);
#3410=ADVANCED_FACE('',(#276),#140,.T.);
#3411=ADVANCED_FACE('',(#277),#3319,.F.);
#3412=ADVANCED_FACE('',(#278),#141,.T.);
#3413=ADVANCED_FACE('',(#279),#3320,.F.);
#3414=ADVANCED_FACE('',(#280),#142,.T.);
#3415=ADVANCED_FACE('',(#281),#3321,.F.);
#3416=ADVANCED_FACE('',(#282),#39,.F.);
#3417=ADVANCED_FACE('',(#283),#143,.T.);
#3418=ADVANCED_FACE('',(#284),#40,.T.);
#3419=ADVANCED_FACE('',(#285),#144,.T.);
#3420=ADVANCED_FACE('',(#286),#41,.F.);
#3421=ADVANCED_FACE('',(#287),#145,.T.);
#3422=ADVANCED_FACE('',(#288),#42,.F.);
#3423=ADVANCED_FACE('',(#289),#146,.T.);
#3424=ADVANCED_FACE('',(#290),#147,.T.);
#3425=ADVANCED_FACE('',(#291),#3322,.F.);
#3426=ADVANCED_FACE('',(#292),#148,.T.);
#3427=ADVANCED_FACE('',(#293),#3323,.F.);
#3428=ADVANCED_FACE('',(#294),#149,.T.);
#3429=ADVANCED_FACE('',(#295),#3324,.F.);
#3430=ADVANCED_FACE('',(#296),#150,.T.);
#3431=ADVANCED_FACE('',(#297),#3325,.F.);
#3432=ADVANCED_FACE('',(#298),#43,.F.);
#3433=ADVANCED_FACE('',(#299),#151,.T.);
#3434=ADVANCED_FACE('',(#300),#44,.F.);
#3435=ADVANCED_FACE('',(#301),#152,.T.);
#3436=ADVANCED_FACE('',(#302),#153,.T.);
#3437=ADVANCED_FACE('',(#303),#3326,.F.);
#3438=ADVANCED_FACE('',(#304),#154,.T.);
#3439=ADVANCED_FACE('',(#305),#3327,.F.);
#3440=ADVANCED_FACE('',(#306),#155,.T.);
#3441=ADVANCED_FACE('',(#307),#3328,.F.);
#3442=ADVANCED_FACE('',(#308),#156,.T.);
#3443=ADVANCED_FACE('',(#309),#3329,.F.);
#3444=ADVANCED_FACE('',(#310),#45,.F.);
#3445=ADVANCED_FACE('',(#311),#157,.T.);
#3446=ADVANCED_FACE('',(#312),#46,.F.);
#3447=ADVANCED_FACE('',(#313),#158,.T.);
#3448=ADVANCED_FACE('',(#314),#159,.T.);
#3449=ADVANCED_FACE('',(#315),#3330,.F.);
#3450=ADVANCED_FACE('',(#316),#160,.T.);
#3451=ADVANCED_FACE('',(#317),#3331,.F.);
#3452=ADVANCED_FACE('',(#318),#161,.T.);
#3453=ADVANCED_FACE('',(#319),#3332,.F.);
#3454=ADVANCED_FACE('',(#320),#162,.T.);
#3455=ADVANCED_FACE('',(#321),#3333,.F.);
#3456=ADVANCED_FACE('',(#322),#47,.F.);
#3457=ADVANCED_FACE('',(#323),#163,.T.);
#3458=ADVANCED_FACE('',(#324),#48,.F.);
#3459=ADVANCED_FACE('',(#325),#164,.T.);
#3460=ADVANCED_FACE('',(#326),#165,.T.);
#3461=ADVANCED_FACE('',(#327),#3334,.F.);
#3462=ADVANCED_FACE('',(#328),#166,.T.);
#3463=ADVANCED_FACE('',(#329),#3335,.F.);
#3464=ADVANCED_FACE('',(#330),#167,.T.);
#3465=ADVANCED_FACE('',(#331),#3336,.F.);
#3466=ADVANCED_FACE('',(#332),#168,.T.);
#3467=ADVANCED_FACE('',(#333),#3337,.F.);
#3468=ADVANCED_FACE('',(#334),#49,.F.);
#3469=ADVANCED_FACE('',(#335),#169,.T.);
#3470=ADVANCED_FACE('',(#336),#50,.F.);
#3471=ADVANCED_FACE('',(#337),#170,.T.);
#3472=ADVANCED_FACE('',(#338),#171,.T.);
#3473=ADVANCED_FACE('',(#339),#3338,.F.);
#3474=ADVANCED_FACE('',(#340),#172,.T.);
#3475=ADVANCED_FACE('',(#341),#3339,.F.);
#3476=ADVANCED_FACE('',(#342),#173,.T.);
#3477=ADVANCED_FACE('',(#343),#3340,.F.);
#3478=ADVANCED_FACE('',(#344),#174,.T.);
#3479=ADVANCED_FACE('',(#345),#3341,.F.);
#3480=ADVANCED_FACE('',(#346),#51,.F.);
#3481=ADVANCED_FACE('',(#347),#175,.T.);
#3482=ADVANCED_FACE('',(#348),#52,.F.);
#3483=ADVANCED_FACE('',(#349),#176,.T.);
#3484=ADVANCED_FACE('',(#350),#15,.T.);
#3485=ADVANCED_FACE('',(#351),#177,.T.);
#3486=ADVANCED_FACE('',(#352),#16,.T.);
#3487=ADVANCED_FACE('',(#353),#178,.T.);
#3488=ADVANCED_FACE('',(#354),#3342,.T.);
#3489=ADVANCED_FACE('',(#355),#179,.T.);
#3490=ADVANCED_FACE('',(#356),#3343,.T.);
#3491=ADVANCED_FACE('',(#357),#180,.T.);
#3492=ADVANCED_FACE('',(#358),#17,.T.);
#3493=ADVANCED_FACE('',(#359),#18,.T.);
#3494=ADVANCED_FACE('',(#360),#181,.T.);
#3495=ADVANCED_FACE('',(#361),#53,.T.);
#3496=ADVANCED_FACE('',(#362),#182,.T.);
#3497=ADVANCED_FACE('',(#363),#54,.T.);
#3498=ADVANCED_FACE('',(#364),#55,.T.);
#3499=ADVANCED_FACE('',(#365),#183,.T.);
#3500=ADVANCED_FACE('',(#366),#56,.T.);
#3501=ADVANCED_FACE('',(#367),#57,.F.);
#3502=ADVANCED_FACE('',(#368),#184,.F.);
#3503=ADVANCED_FACE('',(#369),#58,.F.);
#3504=ADVANCED_FACE('',(#370),#185,.F.);
#3505=ADVANCED_FACE('',(#371),#59,.F.);
#3506=ADVANCED_FACE('',(#372),#186,.F.);
#3507=ADVANCED_FACE('',(#373),#60,.F.);
#3508=ADVANCED_FACE('',(#374),#187,.F.);
#3509=ADVANCED_FACE('',(#375,#106),#188,.F.);
#3510=ADVANCED_FACE('',(#376),#61,.F.);
#3511=ADVANCED_FACE('',(#377),#62,.F.);
#3512=ADVANCED_FACE('',(#378),#189,.T.);
#3513=ADVANCED_FACE('',(#379),#63,.F.);
#3514=ADVANCED_FACE('',(#380),#190,.T.);
#3515=ADVANCED_FACE('',(#381),#64,.F.);
#3516=ADVANCED_FACE('',(#382),#191,.T.);
#3517=ADVANCED_FACE('',(#383),#65,.F.);
#3518=ADVANCED_FACE('',(#384),#192,.T.);
#3519=ADVANCED_FACE('',(#385),#66,.F.);
#3520=ADVANCED_FACE('',(#386),#193,.T.);
#3521=ADVANCED_FACE('',(#387),#67,.F.);
#3522=ADVANCED_FACE('',(#388),#194,.T.);
#3523=ADVANCED_FACE('',(#389),#68,.F.);
#3524=ADVANCED_FACE('',(#390),#195,.T.);
#3525=ADVANCED_FACE('',(#391),#69,.F.);
#3526=ADVANCED_FACE('',(#392),#196,.T.);
#3527=ADVANCED_FACE('',(#393),#70,.F.);
#3528=ADVANCED_FACE('',(#394),#197,.T.);
#3529=ADVANCED_FACE('',(#395),#71,.F.);
#3530=ADVANCED_FACE('',(#396),#198,.T.);
#3531=ADVANCED_FACE('',(#397),#72,.F.);
#3532=ADVANCED_FACE('',(#398),#199,.T.);
#3533=ADVANCED_FACE('',(#399),#73,.F.);
#3534=ADVANCED_FACE('',(#400),#200,.T.);
#3535=ADVANCED_FACE('',(#401),#74,.F.);
#3536=ADVANCED_FACE('',(#402),#201,.T.);
#3537=ADVANCED_FACE('',(#403),#75,.F.);
#3538=ADVANCED_FACE('',(#404),#202,.T.);
#3539=ADVANCED_FACE('',(#405),#76,.F.);
#3540=ADVANCED_FACE('',(#406),#203,.T.);
#3541=ADVANCED_FACE('',(#407),#77,.T.);
#3542=ADVANCED_FACE('',(#408),#204,.T.);
#3543=ADVANCED_FACE('',(#409),#78,.F.);
#3544=ADVANCED_FACE('',(#410),#205,.T.);
#3545=ADVANCED_FACE('',(#411),#79,.F.);
#3546=ADVANCED_FACE('',(#412),#206,.T.);
#3547=ADVANCED_FACE('',(#413),#80,.F.);
#3548=ADVANCED_FACE('',(#414),#207,.T.);
#3549=ADVANCED_FACE('',(#415),#81,.F.);
#3550=ADVANCED_FACE('',(#416),#208,.T.);
#3551=ADVANCED_FACE('',(#417),#209,.T.);
#3552=CLOSED_SHELL('',(#3344,#3345,#3346,#3347,#3348,#3349,#3350,#3351,
#3352,#3353,#3354,#3355,#3356,#3357,#3358,#3359,#3360,#3361,#3362,#3363,
#3364,#3365,#3366,#3367,#3368,#3369,#3370,#3371,#3372,#3373,#3374,#3375,
#3376,#3377,#3378,#3379,#3380,#3381,#3382,#3383,#3384,#3385,#3386,#3387,
#3388,#3389,#3390,#3391,#3392,#3393,#3394,#3395,#3396,#3397,#3398,#3399,
#3400,#3401,#3402,#3403,#3404,#3405,#3406,#3407,#3408,#3409,#3410,#3411,
#3412,#3413,#3414,#3415,#3416,#3417,#3418,#3419,#3420,#3421,#3422,#3423,
#3424,#3425,#3426,#3427,#3428,#3429,#3430,#3431,#3432,#3433,#3434,#3435,
#3436,#3437,#3438,#3439,#3440,#3441,#3442,#3443,#3444,#3445,#3446,#3447,
#3448,#3449,#3450,#3451,#3452,#3453,#3454,#3455,#3456,#3457,#3458,#3459,
#3460,#3461,#3462,#3463,#3464,#3465,#3466,#3467,#3468,#3469,#3470,#3471,
#3472,#3473,#3474,#3475,#3476,#3477,#3478,#3479,#3480,#3481,#3482,#3483,
#3484,#3485,#3486,#3487,#3488,#3489,#3490,#3491,#3492,#3493,#3494,#3495,
#3496,#3497,#3498,#3499,#3500,#3501,#3502,#3503,#3504,#3505,#3506,#3507,
#3508,#3509,#3510,#3511,#3512,#3513,#3514,#3515,#3516,#3517,#3518,#3519,
#3520,#3521,#3522,#3523,#3524,#3525,#3526,#3527,#3528,#3529,#3530,#3531,
#3532,#3533,#3534,#3535,#3536,#3537,#3538,#3539,#3540,#3541,#3542,#3543,
#3544,#3545,#3546,#3547,#3548,#3549,#3550,#3551));
#3553=DERIVED_UNIT_ELEMENT(#3555,1.);
#3554=DERIVED_UNIT_ELEMENT(#6104,-3.);
#3555=(
MASS_UNIT()
NAMED_UNIT(*)
SI_UNIT(.KILO.,.GRAM.)
);
#3556=DERIVED_UNIT((#3553,#3554));
#3557=MEASURE_REPRESENTATION_ITEM('density measure',
POSITIVE_RATIO_MEASURE(7850.),#3556);
#3558=PROPERTY_DEFINITION_REPRESENTATION(#3563,#3560);
#3559=PROPERTY_DEFINITION_REPRESENTATION(#3564,#3561);
#3560=REPRESENTATION('material name',(#3562),#6101);
#3561=REPRESENTATION('density',(#3557),#6101);
#3562=DESCRIPTIVE_REPRESENTATION_ITEM('Steel','Steel');
#3563=PROPERTY_DEFINITION('material property','material name',#6111);
#3564=PROPERTY_DEFINITION('material property','density of part',#6111);
#3565=AXIS2_PLACEMENT_3D('',#4987,#3926,#3927);
#3566=AXIS2_PLACEMENT_3D('',#4988,#3928,#3929);
#3567=AXIS2_PLACEMENT_3D('',#4990,#3930,#3931);
#3568=AXIS2_PLACEMENT_3D('',#4993,#3933,#3934);
#3569=AXIS2_PLACEMENT_3D('',#4994,#3935,#3936);
#3570=AXIS2_PLACEMENT_3D('',#4997,#3937,#3938);
#3571=AXIS2_PLACEMENT_3D('',#5001,#3940,#3941);
#3572=AXIS2_PLACEMENT_3D('',#5005,#3943,#3944);
#3573=AXIS2_PLACEMENT_3D('',#5009,#3946,#3947);
#3574=AXIS2_PLACEMENT_3D('',#5012,#3949,#3950);
#3575=AXIS2_PLACEMENT_3D('',#5014,#3951,#3952);
#3576=AXIS2_PLACEMENT_3D('',#5016,#3953,#3954);
#3577=AXIS2_PLACEMENT_3D('',#5019,#3955,#3956);
#3578=AXIS2_PLACEMENT_3D('',#5023,#3958,#3959);
#3579=AXIS2_PLACEMENT_3D('',#5027,#3961,#3962);
#3580=AXIS2_PLACEMENT_3D('',#5031,#3964,#3965);
#3581=AXIS2_PLACEMENT_3D('',#5037,#3968,#3969);
#3582=AXIS2_PLACEMENT_3D('',#5041,#3971,#3972);
#3583=AXIS2_PLACEMENT_3D('',#5045,#3974,#3975);
#3584=AXIS2_PLACEMENT_3D('',#5048,#3977,#3978);
#3585=AXIS2_PLACEMENT_3D('',#5053,#3980,#3981);
#3586=AXIS2_PLACEMENT_3D('',#5057,#3983,#3984);
#3587=AXIS2_PLACEMENT_3D('',#5061,#3986,#3987);
#3588=AXIS2_PLACEMENT_3D('',#5064,#3989,#3990);
#3589=AXIS2_PLACEMENT_3D('',#5067,#3991,#3992);
#3590=AXIS2_PLACEMENT_3D('',#5071,#3994,#3995);
#3591=AXIS2_PLACEMENT_3D('',#5075,#3997,#3998);
#3592=AXIS2_PLACEMENT_3D('',#5079,#4000,#4001);
#3593=AXIS2_PLACEMENT_3D('',#5083,#4003,#4004);
#3594=AXIS2_PLACEMENT_3D('',#5087,#4006,#4007);
#3595=AXIS2_PLACEMENT_3D('',#5091,#4009,#4010);
#3596=AXIS2_PLACEMENT_3D('',#5095,#4012,#4013);
#3597=AXIS2_PLACEMENT_3D('',#5101,#4016,#4017);
#3598=AXIS2_PLACEMENT_3D('',#5105,#4019,#4020);
#3599=AXIS2_PLACEMENT_3D('',#5109,#4022,#4023);
#3600=AXIS2_PLACEMENT_3D('',#5113,#4025,#4026);
#3601=AXIS2_PLACEMENT_3D('',#5117,#4028,#4029);
#3602=AXIS2_PLACEMENT_3D('',#5121,#4031,#4032);
#3603=AXIS2_PLACEMENT_3D('',#5125,#4034,#4035);
#3604=AXIS2_PLACEMENT_3D('',#5128,#4037,#4038);
#3605=AXIS2_PLACEMENT_3D('',#5133,#4040,#4041);
#3606=AXIS2_PLACEMENT_3D('',#5137,#4043,#4044);
#3607=AXIS2_PLACEMENT_3D('',#5141,#4046,#4047);
#3608=AXIS2_PLACEMENT_3D('',#5144,#4049,#4050);
#3609=AXIS2_PLACEMENT_3D('',#5149,#4052,#4053);
#3610=AXIS2_PLACEMENT_3D('',#5153,#4055,#4056);
#3611=AXIS2_PLACEMENT_3D('',#5157,#4058,#4059);
#3612=AXIS2_PLACEMENT_3D('',#5160,#4061,#4062);
#3613=AXIS2_PLACEMENT_3D('',#5165,#4064,#4065);
#3614=AXIS2_PLACEMENT_3D('',#5169,#4067,#4068);
#3615=AXIS2_PLACEMENT_3D('',#5173,#4070,#4071);
#3616=AXIS2_PLACEMENT_3D('',#5176,#4073,#4074);
#3617=AXIS2_PLACEMENT_3D('',#5181,#4076,#4077);
#3618=AXIS2_PLACEMENT_3D('',#5185,#4079,#4080);
#3619=AXIS2_PLACEMENT_3D('',#5189,#4082,#4083);
#3620=AXIS2_PLACEMENT_3D('',#5192,#4085,#4086);
#3621=AXIS2_PLACEMENT_3D('',#5194,#4087,#4088);
#3622=AXIS2_PLACEMENT_3D('',#5196,#4089,#4090);
#3623=AXIS2_PLACEMENT_3D('',#5197,#4091,#4092);
#3624=AXIS2_PLACEMENT_3D('',#5200,#4094,#4095);
#3625=AXIS2_PLACEMENT_3D('',#5201,#4096,#4097);
#3626=AXIS2_PLACEMENT_3D('',#5204,#4099,#4100);
#3627=AXIS2_PLACEMENT_3D('',#5205,#4101,#4102);
#3628=AXIS2_PLACEMENT_3D('',#5208,#4104,#4105);
#3629=AXIS2_PLACEMENT_3D('',#5209,#4106,#4107);
#3630=AXIS2_PLACEMENT_3D('',#5212,#4109,#4110);
#3631=AXIS2_PLACEMENT_3D('',#5213,#4111,#4112);
#3632=AXIS2_PLACEMENT_3D('',#5216,#4114,#4115);
#3633=AXIS2_PLACEMENT_3D('',#5217,#4116,#4117);
#3634=AXIS2_PLACEMENT_3D('',#5220,#4119,#4120);
#3635=AXIS2_PLACEMENT_3D('',#5221,#4121,#4122);
#3636=AXIS2_PLACEMENT_3D('',#5224,#4124,#4125);
#3637=AXIS2_PLACEMENT_3D('',#5225,#4126,#4127);
#3638=AXIS2_PLACEMENT_3D('',#5228,#4129,#4130);
#3639=AXIS2_PLACEMENT_3D('',#5229,#4131,#4132);
#3640=AXIS2_PLACEMENT_3D('',#5232,#4134,#4135);
#3641=AXIS2_PLACEMENT_3D('',#5233,#4136,#4137);
#3642=AXIS2_PLACEMENT_3D('',#5236,#4139,#4140);
#3643=AXIS2_PLACEMENT_3D('',#5237,#4141,#4142);
#3644=AXIS2_PLACEMENT_3D('',#5240,#4144,#4145);
#3645=AXIS2_PLACEMENT_3D('',#5241,#4146,#4147);
#3646=AXIS2_PLACEMENT_3D('',#5242,#4148,#4149);
#3647=AXIS2_PLACEMENT_3D('',#5243,#4150,#4151);
#3648=AXIS2_PLACEMENT_3D('',#5244,#4152,#4153);
#3649=AXIS2_PLACEMENT_3D('',#5245,#4154,#4155);
#3650=AXIS2_PLACEMENT_3D('',#5246,#4156,#4157);
#3651=AXIS2_PLACEMENT_3D('',#5247,#4158,#4159);
#3652=AXIS2_PLACEMENT_3D('',#5256,#4164,#4165);
#3653=AXIS2_PLACEMENT_3D('',#5260,#4167,#4168);
#3654=AXIS2_PLACEMENT_3D('',#5261,#4169,#4170);
#3655=AXIS2_PLACEMENT_3D('',#5262,#4171,#4172);
#3656=AXIS2_PLACEMENT_3D('',#5268,#4176,#4177);
#3657=AXIS2_PLACEMENT_3D('',#5272,#4179,#4180);
#3658=AXIS2_PLACEMENT_3D('',#5273,#4181,#4182);
#3659=AXIS2_PLACEMENT_3D('',#5274,#4183,#4184);
#3660=AXIS2_PLACEMENT_3D('',#5280,#4188,#4189);
#3661=AXIS2_PLACEMENT_3D('',#5284,#4191,#4192);
#3662=AXIS2_PLACEMENT_3D('',#5285,#4193,#4194);
#3663=AXIS2_PLACEMENT_3D('',#5286,#4195,#4196);
#3664=AXIS2_PLACEMENT_3D('',#5292,#4200,#4201);
#3665=AXIS2_PLACEMENT_3D('',#5293,#4202,#4203);
#3666=AXIS2_PLACEMENT_3D('',#5294,#4204,#4205);
#3667=AXIS2_PLACEMENT_3D('',#5295,#4206,#4207);
#3668=AXIS2_PLACEMENT_3D('',#5298,#4210,#4211);
#3669=AXIS2_PLACEMENT_3D('',#5300,#4213,#4214);
#3670=AXIS2_PLACEMENT_3D('',#5302,#4216,#4217);
#3671=AXIS2_PLACEMENT_3D('',#5304,#4219,#4220);
#3672=AXIS2_PLACEMENT_3D('',#5309,#4222,#4223);
#3673=AXIS2_PLACEMENT_3D('',#5313,#4225,#4226);
#3674=AXIS2_PLACEMENT_3D('',#5343,#4230,#4231);
#3675=AXIS2_PLACEMENT_3D('',#5347,#4233,#4234);
#3676=AXIS2_PLACEMENT_3D('',#5351,#4236,#4237);
#3677=AXIS2_PLACEMENT_3D('',#5355,#4239,#4240);
#3678=AXIS2_PLACEMENT_3D('',#5359,#4242,#4243);
#3679=AXIS2_PLACEMENT_3D('',#5363,#4245,#4246);
#3680=AXIS2_PLACEMENT_3D('',#5367,#4248,#4249);
#3681=AXIS2_PLACEMENT_3D('',#5370,#4251,#4252);
#3682=AXIS2_PLACEMENT_3D('',#5375,#4254,#4255);
#3683=AXIS2_PLACEMENT_3D('',#5379,#4257,#4258);
#3684=AXIS2_PLACEMENT_3D('',#5383,#4260,#4261);
#3685=AXIS2_PLACEMENT_3D('',#5386,#4263,#4264);
#3686=AXIS2_PLACEMENT_3D('',#5391,#4266,#4267);
#3687=AXIS2_PLACEMENT_3D('',#5395,#4269,#4270);
#3688=AXIS2_PLACEMENT_3D('',#5399,#4272,#4273);
#3689=AXIS2_PLACEMENT_3D('',#5402,#4275,#4276);
#3690=AXIS2_PLACEMENT_3D('',#5407,#4278,#4279);
#3691=AXIS2_PLACEMENT_3D('',#5411,#4281,#4282);
#3692=AXIS2_PLACEMENT_3D('',#5415,#4284,#4285);
#3693=AXIS2_PLACEMENT_3D('',#5418,#4287,#4288);
#3694=AXIS2_PLACEMENT_3D('',#5420,#4289,#4290);
#3695=AXIS2_PLACEMENT_3D('',#5425,#4292,#4293);
#3696=AXIS2_PLACEMENT_3D('',#5429,#4295,#4296);
#3697=AXIS2_PLACEMENT_3D('',#5433,#4298,#4299);
#3698=AXIS2_PLACEMENT_3D('',#5436,#4301,#4302);
#3699=AXIS2_PLACEMENT_3D('',#5441,#4304,#4305);
#3700=AXIS2_PLACEMENT_3D('',#5445,#4307,#4308);
#3701=AXIS2_PLACEMENT_3D('',#5449,#4310,#4311);
#3702=AXIS2_PLACEMENT_3D('',#5452,#4313,#4314);
#3703=AXIS2_PLACEMENT_3D('',#5457,#4316,#4317);
#3704=AXIS2_PLACEMENT_3D('',#5461,#4319,#4320);
#3705=AXIS2_PLACEMENT_3D('',#5465,#4322,#4323);
#3706=AXIS2_PLACEMENT_3D('',#5469,#4325,#4326);
#3707=AXIS2_PLACEMENT_3D('',#5473,#4328,#4329);
#3708=AXIS2_PLACEMENT_3D('',#5477,#4331,#4332);
#3709=AXIS2_PLACEMENT_3D('',#5481,#4334,#4335);
#3710=AXIS2_PLACEMENT_3D('',#5484,#4337,#4338);
#3711=AXIS2_PLACEMENT_3D('',#5485,#4339,#4340);
#3712=AXIS2_PLACEMENT_3D('',#5491,#4344,#4345);
#3713=AXIS2_PLACEMENT_3D('',#5494,#4347,#4348);
#3714=AXIS2_PLACEMENT_3D('',#5495,#4349,#4350);
#3715=AXIS2_PLACEMENT_3D('',#5499,#4353,#4354);
#3716=AXIS2_PLACEMENT_3D('',#5502,#4356,#4357);
#3717=AXIS2_PLACEMENT_3D('',#5503,#4358,#4359);
#3718=AXIS2_PLACEMENT_3D('',#5507,#4362,#4363);
#3719=AXIS2_PLACEMENT_3D('',#5510,#4365,#4366);
#3720=AXIS2_PLACEMENT_3D('',#5511,#4367,#4368);
#3721=AXIS2_PLACEMENT_3D('',#5515,#4371,#4372);
#3722=AXIS2_PLACEMENT_3D('',#5518,#4374,#4375);
#3723=AXIS2_PLACEMENT_3D('',#5519,#4376,#4377);
#3724=AXIS2_PLACEMENT_3D('',#5523,#4380,#4381);
#3725=AXIS2_PLACEMENT_3D('',#5526,#4383,#4384);
#3726=AXIS2_PLACEMENT_3D('',#5527,#4385,#4386);
#3727=AXIS2_PLACEMENT_3D('',#5531,#4389,#4390);
#3728=AXIS2_PLACEMENT_3D('',#5534,#4392,#4393);
#3729=AXIS2_PLACEMENT_3D('',#5535,#4394,#4395);
#3730=AXIS2_PLACEMENT_3D('',#5539,#4398,#4399);
#3731=AXIS2_PLACEMENT_3D('',#5542,#4401,#4402);
#3732=AXIS2_PLACEMENT_3D('',#5543,#4403,#4404);
#3733=AXIS2_PLACEMENT_3D('',#5547,#4407,#4408);
#3734=AXIS2_PLACEMENT_3D('',#5548,#4409,#4410);
#3735=AXIS2_PLACEMENT_3D('',#5549,#4411,#4412);
#3736=AXIS2_PLACEMENT_3D('',#5552,#4415,#4416);
#3737=AXIS2_PLACEMENT_3D('',#5554,#4418,#4419);
#3738=AXIS2_PLACEMENT_3D('',#5556,#4421,#4422);
#3739=AXIS2_PLACEMENT_3D('',#5558,#4424,#4425);
#3740=AXIS2_PLACEMENT_3D('',#5560,#4427,#4428);
#3741=AXIS2_PLACEMENT_3D('',#5562,#4430,#4431);
#3742=AXIS2_PLACEMENT_3D('',#5564,#4433,#4434);
#3743=AXIS2_PLACEMENT_3D('',#5566,#4436,#4437);
#3744=AXIS2_PLACEMENT_3D('',#5572,#4441,#4442);
#3745=AXIS2_PLACEMENT_3D('',#5575,#4444,#4445);
#3746=AXIS2_PLACEMENT_3D('',#5576,#4446,#4447);
#3747=AXIS2_PLACEMENT_3D('',#5580,#4450,#4451);
#3748=AXIS2_PLACEMENT_3D('',#5583,#4453,#4454);
#3749=AXIS2_PLACEMENT_3D('',#5584,#4455,#4456);
#3750=AXIS2_PLACEMENT_3D('',#5588,#4459,#4460);
#3751=AXIS2_PLACEMENT_3D('',#5591,#4462,#4463);
#3752=AXIS2_PLACEMENT_3D('',#5592,#4464,#4465);
#3753=AXIS2_PLACEMENT_3D('',#5596,#4468,#4469);
#3754=AXIS2_PLACEMENT_3D('',#5599,#4471,#4472);
#3755=AXIS2_PLACEMENT_3D('',#5600,#4473,#4474);
#3756=AXIS2_PLACEMENT_3D('',#5604,#4477,#4478);
#3757=AXIS2_PLACEMENT_3D('',#5607,#4480,#4481);
#3758=AXIS2_PLACEMENT_3D('',#5608,#4482,#4483);
#3759=AXIS2_PLACEMENT_3D('',#5612,#4486,#4487);
#3760=AXIS2_PLACEMENT_3D('',#5615,#4489,#4490);
#3761=AXIS2_PLACEMENT_3D('',#5616,#4491,#4492);
#3762=AXIS2_PLACEMENT_3D('',#5620,#4495,#4496);
#3763=AXIS2_PLACEMENT_3D('',#5623,#4498,#4499);
#3764=AXIS2_PLACEMENT_3D('',#5624,#4500,#4501);
#3765=AXIS2_PLACEMENT_3D('',#5628,#4504,#4505);
#3766=AXIS2_PLACEMENT_3D('',#5629,#4506,#4507);
#3767=AXIS2_PLACEMENT_3D('',#5630,#4508,#4509);
#3768=AXIS2_PLACEMENT_3D('',#5633,#4512,#4513);
#3769=AXIS2_PLACEMENT_3D('',#5635,#4515,#4516);
#3770=AXIS2_PLACEMENT_3D('',#5637,#4518,#4519);
#3771=AXIS2_PLACEMENT_3D('',#5639,#4521,#4522);
#3772=AXIS2_PLACEMENT_3D('',#5641,#4524,#4525);
#3773=AXIS2_PLACEMENT_3D('',#5643,#4527,#4528);
#3774=AXIS2_PLACEMENT_3D('',#5645,#4530,#4531);
#3775=AXIS2_PLACEMENT_3D('',#5647,#4533,#4534);
#3776=AXIS2_PLACEMENT_3D('',#5653,#4538,#4539);
#3777=AXIS2_PLACEMENT_3D('',#5656,#4541,#4542);
#3778=AXIS2_PLACEMENT_3D('',#5657,#4543,#4544);
#3779=AXIS2_PLACEMENT_3D('',#5661,#4547,#4548);
#3780=AXIS2_PLACEMENT_3D('',#5664,#4550,#4551);
#3781=AXIS2_PLACEMENT_3D('',#5665,#4552,#4553);
#3782=AXIS2_PLACEMENT_3D('',#5669,#4556,#4557);
#3783=AXIS2_PLACEMENT_3D('',#5672,#4559,#4560);
#3784=AXIS2_PLACEMENT_3D('',#5673,#4561,#4562);
#3785=AXIS2_PLACEMENT_3D('',#5677,#4565,#4566);
#3786=AXIS2_PLACEMENT_3D('',#5678,#4567,#4568);
#3787=AXIS2_PLACEMENT_3D('',#5679,#4569,#4570);
#3788=AXIS2_PLACEMENT_3D('',#5682,#4573,#4574);
#3789=AXIS2_PLACEMENT_3D('',#5684,#4576,#4577);
#3790=AXIS2_PLACEMENT_3D('',#5686,#4579,#4580);
#3791=AXIS2_PLACEMENT_3D('',#5688,#4582,#4583);
#3792=AXIS2_PLACEMENT_3D('',#5694,#4587,#4588);
#3793=AXIS2_PLACEMENT_3D('',#5697,#4590,#4591);
#3794=AXIS2_PLACEMENT_3D('',#5698,#4592,#4593);
#3795=AXIS2_PLACEMENT_3D('',#5702,#4596,#4597);
#3796=AXIS2_PLACEMENT_3D('',#5705,#4599,#4600);
#3797=AXIS2_PLACEMENT_3D('',#5706,#4601,#4602);
#3798=AXIS2_PLACEMENT_3D('',#5710,#4605,#4606);
#3799=AXIS2_PLACEMENT_3D('',#5713,#4608,#4609);
#3800=AXIS2_PLACEMENT_3D('',#5714,#4610,#4611);
#3801=AXIS2_PLACEMENT_3D('',#5718,#4614,#4615);
#3802=AXIS2_PLACEMENT_3D('',#5719,#4616,#4617);
#3803=AXIS2_PLACEMENT_3D('',#5720,#4618,#4619);
#3804=AXIS2_PLACEMENT_3D('',#5723,#4622,#4623);
#3805=AXIS2_PLACEMENT_3D('',#5725,#4625,#4626);
#3806=AXIS2_PLACEMENT_3D('',#5727,#4628,#4629);
#3807=AXIS2_PLACEMENT_3D('',#5729,#4631,#4632);
#3808=AXIS2_PLACEMENT_3D('',#5735,#4636,#4637);
#3809=AXIS2_PLACEMENT_3D('',#5738,#4639,#4640);
#3810=AXIS2_PLACEMENT_3D('',#5739,#4641,#4642);
#3811=AXIS2_PLACEMENT_3D('',#5743,#4645,#4646);
#3812=AXIS2_PLACEMENT_3D('',#5746,#4648,#4649);
#3813=AXIS2_PLACEMENT_3D('',#5747,#4650,#4651);
#3814=AXIS2_PLACEMENT_3D('',#5751,#4654,#4655);
#3815=AXIS2_PLACEMENT_3D('',#5754,#4657,#4658);
#3816=AXIS2_PLACEMENT_3D('',#5755,#4659,#4660);
#3817=AXIS2_PLACEMENT_3D('',#5759,#4663,#4664);
#3818=AXIS2_PLACEMENT_3D('',#5760,#4665,#4666);
#3819=AXIS2_PLACEMENT_3D('',#5761,#4667,#4668);
#3820=AXIS2_PLACEMENT_3D('',#5764,#4671,#4672);
#3821=AXIS2_PLACEMENT_3D('',#5766,#4674,#4675);
#3822=AXIS2_PLACEMENT_3D('',#5768,#4677,#4678);
#3823=AXIS2_PLACEMENT_3D('',#5770,#4680,#4681);
#3824=AXIS2_PLACEMENT_3D('',#5776,#4685,#4686);
#3825=AXIS2_PLACEMENT_3D('',#5779,#4688,#4689);
#3826=AXIS2_PLACEMENT_3D('',#5780,#4690,#4691);
#3827=AXIS2_PLACEMENT_3D('',#5784,#4694,#4695);
#3828=AXIS2_PLACEMENT_3D('',#5787,#4697,#4698);
#3829=AXIS2_PLACEMENT_3D('',#5788,#4699,#4700);
#3830=AXIS2_PLACEMENT_3D('',#5792,#4703,#4704);
#3831=AXIS2_PLACEMENT_3D('',#5795,#4706,#4707);
#3832=AXIS2_PLACEMENT_3D('',#5796,#4708,#4709);
#3833=AXIS2_PLACEMENT_3D('',#5800,#4712,#4713);
#3834=AXIS2_PLACEMENT_3D('',#5801,#4714,#4715);
#3835=AXIS2_PLACEMENT_3D('',#5802,#4716,#4717);
#3836=AXIS2_PLACEMENT_3D('',#5805,#4720,#4721);
#3837=AXIS2_PLACEMENT_3D('',#5807,#4723,#4724);
#3838=AXIS2_PLACEMENT_3D('',#5809,#4726,#4727);
#3839=AXIS2_PLACEMENT_3D('',#5811,#4729,#4730);
#3840=AXIS2_PLACEMENT_3D('',#5817,#4734,#4735);
#3841=AXIS2_PLACEMENT_3D('',#5820,#4737,#4738);
#3842=AXIS2_PLACEMENT_3D('',#5821,#4739,#4740);
#3843=AXIS2_PLACEMENT_3D('',#5825,#4743,#4744);
#3844=AXIS2_PLACEMENT_3D('',#5828,#4746,#4747);
#3845=AXIS2_PLACEMENT_3D('',#5829,#4748,#4749);
#3846=AXIS2_PLACEMENT_3D('',#5833,#4752,#4753);
#3847=AXIS2_PLACEMENT_3D('',#5836,#4755,#4756);
#3848=AXIS2_PLACEMENT_3D('',#5837,#4757,#4758);
#3849=AXIS2_PLACEMENT_3D('',#5841,#4761,#4762);
#3850=AXIS2_PLACEMENT_3D('',#5842,#4763,#4764);
#3851=AXIS2_PLACEMENT_3D('',#5843,#4765,#4766);
#3852=AXIS2_PLACEMENT_3D('',#5846,#4769,#4770);
#3853=AXIS2_PLACEMENT_3D('',#5848,#4772,#4773);
#3854=AXIS2_PLACEMENT_3D('',#5850,#4775,#4776);
#3855=AXIS2_PLACEMENT_3D('',#5881,#4780,#4781);
#3856=AXIS2_PLACEMENT_3D('',#5912,#4785,#4786);
#3857=AXIS2_PLACEMENT_3D('',#5918,#4790,#4791);
#3858=AXIS2_PLACEMENT_3D('',#5920,#4792,#4793);
#3859=AXIS2_PLACEMENT_3D('',#5922,#4795,#4796);
#3860=AXIS2_PLACEMENT_3D('',#5926,#4799,#4800);
#3861=AXIS2_PLACEMENT_3D('',#5928,#4801,#4802);
#3862=AXIS2_PLACEMENT_3D('',#5930,#4804,#4805);
#3863=AXIS2_PLACEMENT_3D('',#5974,#4808,#4809);
#3864=AXIS2_PLACEMENT_3D('',#5977,#4812,#4813);
#3865=AXIS2_PLACEMENT_3D('',#5979,#4815,#4816);
#3866=AXIS2_PLACEMENT_3D('',#5981,#4818,#4819);
#3867=AXIS2_PLACEMENT_3D('',#5983,#4821,#4822);
#3868=AXIS2_PLACEMENT_3D('',#5985,#4824,#4825);
#3869=AXIS2_PLACEMENT_3D('',#5987,#4827,#4828);
#3870=AXIS2_PLACEMENT_3D('',#5989,#4830,#4831);
#3871=AXIS2_PLACEMENT_3D('',#5993,#4833,#4834);
#3872=AXIS2_PLACEMENT_3D('',#5995,#4836,#4837);
#3873=AXIS2_PLACEMENT_3D('',#5999,#4840,#4841);
#3874=AXIS2_PLACEMENT_3D('',#6002,#4843,#4844);
#3875=AXIS2_PLACEMENT_3D('',#6003,#4845,#4846);
#3876=AXIS2_PLACEMENT_3D('',#6007,#4849,#4850);
#3877=AXIS2_PLACEMENT_3D('',#6010,#4852,#4853);
#3878=AXIS2_PLACEMENT_3D('',#6011,#4854,#4855);
#3879=AXIS2_PLACEMENT_3D('',#6015,#4858,#4859);
#3880=AXIS2_PLACEMENT_3D('',#6018,#4861,#4862);
#3881=AXIS2_PLACEMENT_3D('',#6019,#4863,#4864);
#3882=AXIS2_PLACEMENT_3D('',#6021,#4866,#4867);
#3883=AXIS2_PLACEMENT_3D('',#6023,#4868,#4869);
#3884=AXIS2_PLACEMENT_3D('',#6024,#4870,#4871);
#3885=AXIS2_PLACEMENT_3D('',#6026,#4873,#4874);
#3886=AXIS2_PLACEMENT_3D('',#6028,#4876,#4877);
#3887=AXIS2_PLACEMENT_3D('',#6030,#4879,#4880);
#3888=AXIS2_PLACEMENT_3D('',#6032,#4882,#4883);
#3889=AXIS2_PLACEMENT_3D('',#6033,#4884,#4885);
#3890=AXIS2_PLACEMENT_3D('',#6036,#4888,#4889);
#3891=AXIS2_PLACEMENT_3D('',#6037,#4890,#4891);
#3892=AXIS2_PLACEMENT_3D('',#6039,#4893,#4894);
#3893=AXIS2_PLACEMENT_3D('',#6040,#4895,#4896);
#3894=AXIS2_PLACEMENT_3D('',#6043,#4899,#4900);
#3895=AXIS2_PLACEMENT_3D('',#6044,#4901,#4902);
#3896=AXIS2_PLACEMENT_3D('',#6046,#4904,#4905);
#3897=AXIS2_PLACEMENT_3D('',#6047,#4906,#4907);
#3898=AXIS2_PLACEMENT_3D('',#6049,#4909,#4910);
#3899=AXIS2_PLACEMENT_3D('',#6051,#4912,#4913);
#3900=AXIS2_PLACEMENT_3D('',#6053,#4915,#4916);
#3901=AXIS2_PLACEMENT_3D('',#6054,#4917,#4918);
#3902=AXIS2_PLACEMENT_3D('',#6056,#4920,#4921);
#3903=AXIS2_PLACEMENT_3D('',#6058,#4923,#4924);
#3904=AXIS2_PLACEMENT_3D('',#6060,#4926,#4927);
#3905=AXIS2_PLACEMENT_3D('',#6062,#4929,#4930);
#3906=AXIS2_PLACEMENT_3D('',#6064,#4932,#4933);
#3907=AXIS2_PLACEMENT_3D('',#6066,#4935,#4936);
#3908=AXIS2_PLACEMENT_3D('',#6068,#4938,#4939);
#3909=AXIS2_PLACEMENT_3D('',#6069,#4940,#4941);
#3910=AXIS2_PLACEMENT_3D('',#6071,#4943,#4944);
#3911=AXIS2_PLACEMENT_3D('',#6073,#4946,#4947);
#3912=AXIS2_PLACEMENT_3D('',#6075,#4949,#4950);
#3913=AXIS2_PLACEMENT_3D('',#6077,#4952,#4953);
#3914=AXIS2_PLACEMENT_3D('',#6079,#4955,#4956);
#3915=AXIS2_PLACEMENT_3D('',#6081,#4958,#4959);
#3916=AXIS2_PLACEMENT_3D('',#6083,#4961,#4962);
#3917=AXIS2_PLACEMENT_3D('',#6084,#4963,#4964);
#3918=AXIS2_PLACEMENT_3D('',#6086,#4966,#4967);
#3919=AXIS2_PLACEMENT_3D('',#6088,#4969,#4970);
#3920=AXIS2_PLACEMENT_3D('',#6090,#4972,#4973);
#3921=AXIS2_PLACEMENT_3D('',#6091,#4974,#4975);
#3922=AXIS2_PLACEMENT_3D('',#6093,#4977,#4978);
#3923=AXIS2_PLACEMENT_3D('',#6095,#4980,#4981);
#3924=AXIS2_PLACEMENT_3D('',#6097,#4983,#4984);
#3925=AXIS2_PLACEMENT_3D('',#6098,#4985,#4986);
#3926=DIRECTION('axis',(0.,0.,1.));
#3927=DIRECTION('refdir',(1.,0.,0.));
#3928=DIRECTION('center_axis',(0.,0.,-1.));
#3929=DIRECTION('ref_axis',(1.,0.,0.));
#3930=DIRECTION('center_axis',(0.,0.,-1.));
#3931=DIRECTION('ref_axis',(1.,0.,0.));
#3932=DIRECTION('',(0.707106781186561,-8.65956056235509E-17,0.707106781186534));
#3933=DIRECTION('center_axis',(0.,0.,1.));
#3934=DIRECTION('ref_axis',(1.,0.,0.));
#3935=DIRECTION('center_axis',(0.,0.,1.));
#3936=DIRECTION('ref_axis',(1.,0.,0.));
#3937=DIRECTION('center_axis',(0.,0.,1.));
#3938=DIRECTION('ref_axis',(-0.707106781186546,0.707106781186549,0.));
#3939=DIRECTION('',(1.,0.,0.));
#3940=DIRECTION('center_axis',(0.,0.,1.));
#3941=DIRECTION('ref_axis',(0.707106781186552,0.707106781186543,0.));
#3942=DIRECTION('',(0.,-1.,0.));
#3943=DIRECTION('center_axis',(0.,0.,1.));
#3944=DIRECTION('ref_axis',(7.53881106606743E-16,-1.,0.));
#3945=DIRECTION('',(-1.,0.,0.));
#3946=DIRECTION('center_axis',(0.,0.,1.));
#3947=DIRECTION('ref_axis',(-5.48277168441268E-16,-1.,0.));
#3948=DIRECTION('',(0.,1.,0.));
#3949=DIRECTION('center_axis',(0.,0.,-1.));
#3950=DIRECTION('ref_axis',(1.,0.,0.));
#3951=DIRECTION('center_axis',(0.,0.,-1.));
#3952=DIRECTION('ref_axis',(1.,0.,0.));
#3953=DIRECTION('center_axis',(0.,0.,-1.));
#3954=DIRECTION('ref_axis',(1.,0.,0.));
#3955=DIRECTION('center_axis',(0.,0.,1.));
#3956=DIRECTION('ref_axis',(1.,2.22044604925012E-15,0.));
#3957=DIRECTION('',(-1.,0.,0.));
#3958=DIRECTION('center_axis',(0.,0.,1.));
#3959=DIRECTION('ref_axis',(0.,1.,0.));
#3960=DIRECTION('',(0.,-1.,0.));
#3961=DIRECTION('center_axis',(0.,0.,1.));
#3962=DIRECTION('ref_axis',(-1.,4.44089209850088E-14,0.));
#3963=DIRECTION('',(1.,-8.88178419700125E-16,0.));
#3964=DIRECTION('center_axis',(0.,0.,1.));
#3965=DIRECTION('ref_axis',(0.,-1.,0.));
#3966=DIRECTION('',(2.368475785867E-15,1.,0.));
#3967=DIRECTION('',(-1.,0.,0.));
#3968=DIRECTION('center_axis',(0.,0.,1.));
#3969=DIRECTION('ref_axis',(0.,1.,0.));
#3970=DIRECTION('',(0.,-1.,0.));
#3971=DIRECTION('center_axis',(0.,0.,1.));
#3972=DIRECTION('ref_axis',(-1.,0.,0.));
#3973=DIRECTION('',(1.,0.,0.));
#3974=DIRECTION('center_axis',(0.,0.,1.));
#3975=DIRECTION('ref_axis',(0.,-1.,0.));
#3976=DIRECTION('',(0.,1.,0.));
#3977=DIRECTION('center_axis',(0.,0.,1.));
#3978=DIRECTION('ref_axis',(1.,0.,0.));
#3979=DIRECTION('',(1.,0.,0.));
#3980=DIRECTION('center_axis',(0.,0.,1.));
#3981=DIRECTION('ref_axis',(0.,-1.,0.));
#3982=DIRECTION('',(0.,1.,0.));
#3983=DIRECTION('center_axis',(0.,0.,1.));
#3984=DIRECTION('ref_axis',(1.,0.,0.));
#3985=DIRECTION('',(-1.,0.,0.));
#3986=DIRECTION('center_axis',(0.,0.,1.));
#3987=DIRECTION('ref_axis',(0.,1.,0.));
#3988=DIRECTION('',(0.,-1.,0.));
#3989=DIRECTION('center_axis',(0.,0.,1.));
#3990=DIRECTION('ref_axis',(-1.,0.,0.));
#3991=DIRECTION('center_axis',(0.,0.,1.));
#3992=DIRECTION('ref_axis',(0.,-1.,0.));
#3993=DIRECTION('',(6.27687929116696E-16,1.,0.));
#3994=DIRECTION('center_axis',(0.,0.,1.));
#3995=DIRECTION('ref_axis',(1.,8.88178419700113E-15,0.));
#3996=DIRECTION('',(-1.,0.,0.));
#3997=DIRECTION('center_axis',(0.,0.,1.));
#3998=DIRECTION('ref_axis',(2.22044604925032E-15,1.,0.));
#3999=DIRECTION('',(-1.17235799854821E-17,-1.,0.));
#4000=DIRECTION('center_axis',(0.,0.,1.));
#4001=DIRECTION('ref_axis',(-1.,0.,0.));
#4002=DIRECTION('',(1.,0.,0.));
#4003=DIRECTION('center_axis',(0.,0.,1.));
#4004=DIRECTION('ref_axis',(0.,-1.,0.));
#4005=DIRECTION('',(1.96826242592825E-15,1.,0.));
#4006=DIRECTION('center_axis',(0.,0.,-1.));
#4007=DIRECTION('ref_axis',(0.,1.,0.));
#4008=DIRECTION('',(1.,9.84131212964128E-16,0.));
#4009=DIRECTION('center_axis',(0.,0.,1.));
#4010=DIRECTION('ref_axis',(0.,-1.,0.));
#4011=DIRECTION('',(-1.96826242592826E-15,1.,0.));
#4012=DIRECTION('center_axis',(0.,0.,-1.));
#4013=DIRECTION('ref_axis',(0.,1.,0.));
#4014=DIRECTION('',(1.,-9.84131212964128E-16,0.));
#4015=DIRECTION('',(-1.,0.,0.));
#4016=DIRECTION('center_axis',(0.,0.,1.));
#4017=DIRECTION('ref_axis',(0.,1.,0.));
#4018=DIRECTION('',(0.,-1.,0.));
#4019=DIRECTION('center_axis',(0.,0.,-1.));
#4020=DIRECTION('ref_axis',(0.,-1.,0.));
#4021=DIRECTION('',(-1.,9.84131212964128E-16,0.));
#4022=DIRECTION('center_axis',(0.,0.,1.));
#4023=DIRECTION('ref_axis',(0.,1.,0.));
#4024=DIRECTION('',(0.,-1.,0.));
#4025=DIRECTION('center_axis',(0.,0.,1.));
#4026=DIRECTION('ref_axis',(-1.,0.,0.));
#4027=DIRECTION('',(1.,0.,0.));
#4028=DIRECTION('center_axis',(0.,0.,1.));
#4029=DIRECTION('ref_axis',(0.,-1.,0.));
#4030=DIRECTION('',(0.,1.,0.));
#4031=DIRECTION('center_axis',(0.,0.,1.));
#4032=DIRECTION('ref_axis',(1.,0.,0.));
#4033=DIRECTION('',(-1.,0.,0.));
#4034=DIRECTION('center_axis',(0.,0.,-1.));
#4035=DIRECTION('ref_axis',(-1.,0.,0.));
#4036=DIRECTION('',(0.,1.,0.));
#4037=DIRECTION('center_axis',(0.,0.,1.));
#4038=DIRECTION('ref_axis',(1.,0.,0.));
#4039=DIRECTION('',(-1.,0.,0.));
#4040=DIRECTION('center_axis',(0.,0.,1.));
#4041=DIRECTION('ref_axis',(0.,1.,0.));
#4042=DIRECTION('',(0.,-1.,0.));
#4043=DIRECTION('center_axis',(0.,0.,1.));
#4044=DIRECTION('ref_axis',(-1.,0.,0.));
#4045=DIRECTION('',(1.,0.,0.));
#4046=DIRECTION('center_axis',(0.,0.,1.));
#4047=DIRECTION('ref_axis',(0.,-1.,0.));
#4048=DIRECTION('',(0.,1.,0.));
#4049=DIRECTION('center_axis',(0.,0.,1.));
#4050=DIRECTION('ref_axis',(1.,0.,0.));
#4051=DIRECTION('',(0.,-1.,0.));
#4052=DIRECTION('center_axis',(0.,0.,1.));
#4053=DIRECTION('ref_axis',(-1.,0.,0.));
#4054=DIRECTION('',(1.,0.,0.));
#4055=DIRECTION('center_axis',(0.,0.,1.));
#4056=DIRECTION('ref_axis',(0.,-1.,0.));
#4057=DIRECTION('',(0.,1.,0.));
#4058=DIRECTION('center_axis',(0.,0.,1.));
#4059=DIRECTION('ref_axis',(1.,0.,0.));
#4060=DIRECTION('',(-1.,0.,0.));
#4061=DIRECTION('center_axis',(0.,0.,1.));
#4062=DIRECTION('ref_axis',(0.,1.,0.));
#4063=DIRECTION('',(0.,-1.,0.));
#4064=DIRECTION('center_axis',(0.,0.,1.));
#4065=DIRECTION('ref_axis',(-1.,0.,0.));
#4066=DIRECTION('',(1.,0.,0.));
#4067=DIRECTION('center_axis',(0.,0.,1.));
#4068=DIRECTION('ref_axis',(0.,-1.,0.));
#4069=DIRECTION('',(0.,1.,0.));
#4070=DIRECTION('center_axis',(0.,0.,1.));
#4071=DIRECTION('ref_axis',(1.,0.,0.));
#4072=DIRECTION('',(-1.,0.,0.));
#4073=DIRECTION('center_axis',(0.,0.,1.));
#4074=DIRECTION('ref_axis',(0.,1.,0.));
#4075=DIRECTION('',(0.,-1.,0.));
#4076=DIRECTION('center_axis',(0.,0.,1.));
#4077=DIRECTION('ref_axis',(-1.,0.,0.));
#4078=DIRECTION('',(1.,0.,0.));
#4079=DIRECTION('center_axis',(0.,0.,1.));
#4080=DIRECTION('ref_axis',(0.,-1.,0.));
#4081=DIRECTION('',(0.,1.,0.));
#4082=DIRECTION('center_axis',(0.,0.,1.));
#4083=DIRECTION('ref_axis',(1.,0.,0.));
#4084=DIRECTION('',(-1.,0.,0.));
#4085=DIRECTION('center_axis',(0.,0.,1.));
#4086=DIRECTION('ref_axis',(0.,1.,0.));
#4087=DIRECTION('center_axis',(0.,0.,-1.));
#4088=DIRECTION('ref_axis',(1.,0.,0.));
#4089=DIRECTION('center_axis',(0.,0.,-1.));
#4090=DIRECTION('ref_axis',(1.,0.,0.));
#4091=DIRECTION('center_axis',(0.,0.,1.));
#4092=DIRECTION('ref_axis',(1.,0.,0.));
#4093=DIRECTION('',(0.,0.,1.));
#4094=DIRECTION('center_axis',(0.,0.,1.));
#4095=DIRECTION('ref_axis',(1.,0.,0.));
#4096=DIRECTION('center_axis',(0.,0.,-1.));
#4097=DIRECTION('ref_axis',(1.,0.,0.));
#4098=DIRECTION('',(0.707106781186561,-8.65956056235509E-17,0.707106781186534));
#4099=DIRECTION('center_axis',(0.,0.,1.));
#4100=DIRECTION('ref_axis',(1.,0.,0.));
#4101=DIRECTION('center_axis',(0.,0.,1.));
#4102=DIRECTION('ref_axis',(1.,0.,0.));
#4103=DIRECTION('',(0.,0.,1.));
#4104=DIRECTION('center_axis',(0.,0.,1.));
#4105=DIRECTION('ref_axis',(1.,0.,0.));
#4106=DIRECTION('center_axis',(0.,0.,-1.));
#4107=DIRECTION('ref_axis',(1.,0.,0.));
#4108=DIRECTION('',(0.707106781186547,-8.65956056235493E-17,0.707106781186547));
#4109=DIRECTION('center_axis',(0.,0.,1.));
#4110=DIRECTION('ref_axis',(1.,0.,0.));
#4111=DIRECTION('center_axis',(0.,0.,1.));
#4112=DIRECTION('ref_axis',(1.,0.,0.));
#4113=DIRECTION('',(0.,0.,1.));
#4114=DIRECTION('center_axis',(0.,0.,1.));
#4115=DIRECTION('ref_axis',(1.,0.,0.));
#4116=DIRECTION('center_axis',(0.,0.,-1.));
#4117=DIRECTION('ref_axis',(1.,0.,0.));
#4118=DIRECTION('',(0.707106781186547,-8.65956056235493E-17,0.707106781186547));
#4119=DIRECTION('center_axis',(0.,0.,1.));
#4120=DIRECTION('ref_axis',(1.,0.,0.));
#4121=DIRECTION('center_axis',(0.,0.,1.));
#4122=DIRECTION('ref_axis',(1.,0.,0.));
#4123=DIRECTION('',(0.,0.,1.));
#4124=DIRECTION('center_axis',(0.,0.,1.));
#4125=DIRECTION('ref_axis',(1.,0.,0.));
#4126=DIRECTION('center_axis',(0.,0.,-1.));
#4127=DIRECTION('ref_axis',(1.,0.,0.));
#4128=DIRECTION('',(0.707106781186561,-8.65956056235509E-17,0.707106781186534));
#4129=DIRECTION('center_axis',(0.,0.,1.));
#4130=DIRECTION('ref_axis',(1.,0.,0.));
#4131=DIRECTION('center_axis',(0.,0.,1.));
#4132=DIRECTION('ref_axis',(1.,0.,0.));
#4133=DIRECTION('',(0.,0.,1.));
#4134=DIRECTION('center_axis',(0.,0.,1.));
#4135=DIRECTION('ref_axis',(1.,0.,0.));
#4136=DIRECTION('center_axis',(0.,0.,-1.));
#4137=DIRECTION('ref_axis',(1.,0.,0.));
#4138=DIRECTION('',(0.707106781186561,-8.65956056235509E-17,0.707106781186534));
#4139=DIRECTION('center_axis',(0.,0.,1.));
#4140=DIRECTION('ref_axis',(1.,0.,0.));
#4141=DIRECTION('center_axis',(0.,0.,1.));
#4142=DIRECTION('ref_axis',(1.,0.,0.));
#4143=DIRECTION('',(0.,0.,1.));
#4144=DIRECTION('center_axis',(0.,0.,1.));
#4145=DIRECTION('ref_axis',(1.,0.,0.));
#4146=DIRECTION('center_axis',(0.,0.,-1.));
#4147=DIRECTION('ref_axis',(-1.,0.,0.));
#4148=DIRECTION('center_axis',(0.,0.,-1.));
#4149=DIRECTION('ref_axis',(-1.,0.,0.));
#4150=DIRECTION('center_axis',(0.,0.,-1.));
#4151=DIRECTION('ref_axis',(-1.,0.,0.));
#4152=DIRECTION('center_axis',(0.,0.,-1.));
#4153=DIRECTION('ref_axis',(-1.,0.,0.));
#4154=DIRECTION('center_axis',(0.,0.,-1.));
#4155=DIRECTION('ref_axis',(-1.,0.,0.));
#4156=DIRECTION('center_axis',(0.,0.,-1.));
#4157=DIRECTION('ref_axis',(-1.,0.,0.));
#4158=DIRECTION('center_axis',(-0.707106781186555,0.,0.70710678118654));
#4159=DIRECTION('ref_axis',(0.70710678118654,0.,0.707106781186555));
#4160=DIRECTION('',(0.70710678118654,0.,0.707106781186555));
#4161=DIRECTION('',(0.,1.,0.));
#4162=DIRECTION('',(-0.70710678118654,0.,-0.707106781186555));
#4163=DIRECTION('',(0.,-1.,0.));
#4164=DIRECTION('center_axis',(0.,0.,1.));
#4165=DIRECTION('ref_axis',(0.,-1.,0.));
#4166=DIRECTION('',(0.,-0.70710678118654,0.707106781186555));
#4167=DIRECTION('center_axis',(0.,0.,1.));
#4168=DIRECTION('ref_axis',(0.,-1.,0.));
#4169=DIRECTION('center_axis',(0.,0.,-1.));
#4170=DIRECTION('ref_axis',(0.,-1.,0.));
#4171=DIRECTION('center_axis',(0.,0.707106781186555,0.70710678118654));
#4172=DIRECTION('ref_axis',(1.,0.,0.));
#4173=DIRECTION('',(0.,-0.70710678118654,0.707106781186555));
#4174=DIRECTION('',(1.,0.,0.));
#4175=DIRECTION('',(-1.,0.,0.));
#4176=DIRECTION('center_axis',(0.,0.,1.));
#4177=DIRECTION('ref_axis',(-1.,0.,0.));
#4178=DIRECTION('',(-0.70710678118654,0.,0.707106781186555));
#4179=DIRECTION('center_axis',(0.,0.,1.));
#4180=DIRECTION('ref_axis',(-1.,0.,0.));
#4181=DIRECTION('center_axis',(0.,0.,-1.));
#4182=DIRECTION('ref_axis',(-1.,0.,0.));
#4183=DIRECTION('center_axis',(0.707106781186555,0.,0.70710678118654));
#4184=DIRECTION('ref_axis',(0.70710678118654,0.,-0.707106781186555));
#4185=DIRECTION('',(-0.70710678118654,0.,0.707106781186555));
#4186=DIRECTION('',(0.,-1.,0.));
#4187=DIRECTION('',(0.,1.,0.));
#4188=DIRECTION('center_axis',(0.,0.,1.));
#4189=DIRECTION('ref_axis',(0.,1.,0.));
#4190=DIRECTION('',(0.,0.70710678118654,0.707106781186555));
#4191=DIRECTION('center_axis',(0.,0.,1.));
#4192=DIRECTION('ref_axis',(0.,1.,0.));
#4193=DIRECTION('center_axis',(0.,0.,-1.));
#4194=DIRECTION('ref_axis',(0.,1.,0.));
#4195=DIRECTION('center_axis',(0.,-0.707106781186548,0.707106781186548));
#4196=DIRECTION('ref_axis',(1.,0.,0.));
#4197=DIRECTION('',(0.,0.707106781186551,0.707106781186544));
#4198=DIRECTION('',(-1.,0.,0.));
#4199=DIRECTION('',(1.,0.,0.));
#4200=DIRECTION('center_axis',(0.,0.,1.));
#4201=DIRECTION('ref_axis',(1.,0.,0.));
#4202=DIRECTION('center_axis',(0.,0.,1.));
#4203=DIRECTION('ref_axis',(1.,0.,0.));
#4204=DIRECTION('center_axis',(0.,0.,-1.));
#4205=DIRECTION('ref_axis',(1.,0.,0.));
#4206=DIRECTION('center_axis',(0.,0.,1.));
#4207=DIRECTION('ref_axis',(-1.,0.,0.));
#4208=DIRECTION('',(0.,0.,1.));
#4209=DIRECTION('',(0.,0.,1.));
#4210=DIRECTION('center_axis',(0.,1.,0.));
#4211=DIRECTION('ref_axis',(-1.,0.,0.));
#4212=DIRECTION('',(0.,0.,1.));
#4213=DIRECTION('center_axis',(0.,0.,1.));
#4214=DIRECTION('ref_axis',(0.,-1.,0.));
#4215=DIRECTION('',(0.,0.,1.));
#4216=DIRECTION('center_axis',(-1.,0.,0.));
#4217=DIRECTION('ref_axis',(0.,-1.,0.));
#4218=DIRECTION('',(0.,0.,1.));
#4219=DIRECTION('center_axis',(0.,0.,1.));
#4220=DIRECTION('ref_axis',(1.,0.,0.));
#4221=DIRECTION('',(0.,-1.,0.));
#4222=DIRECTION('center_axis',(0.,0.,-1.));
#4223=DIRECTION('ref_axis',(0.707106781186552,0.707106781186543,0.));
#4224=DIRECTION('',(1.,0.,0.));
#4225=DIRECTION('center_axis',(0.,0.,-1.));
#4226=DIRECTION('ref_axis',(-0.707106781186546,0.707106781186549,0.));
#4227=DIRECTION('',(0.,1.,0.));
#4228=DIRECTION('',(-1.,0.,0.));
#4229=DIRECTION('',(-1.,9.84131212964128E-16,0.));
#4230=DIRECTION('center_axis',(0.,0.,-1.));
#4231=DIRECTION('ref_axis',(0.,-1.,0.));
#4232=DIRECTION('',(0.,-1.,0.));
#4233=DIRECTION('center_axis',(0.,0.,1.));
#4234=DIRECTION('ref_axis',(0.,1.,0.));
#4235=DIRECTION('',(-1.,0.,0.));
#4236=DIRECTION('center_axis',(0.,0.,1.));
#4237=DIRECTION('ref_axis',(1.,0.,0.));
#4238=DIRECTION('',(0.,1.,0.));
#4239=DIRECTION('center_axis',(0.,0.,-1.));
#4240=DIRECTION('ref_axis',(-1.,0.,0.));
#4241=DIRECTION('',(-1.,0.,0.));
#4242=DIRECTION('center_axis',(0.,0.,1.));
#4243=DIRECTION('ref_axis',(1.,0.,0.));
#4244=DIRECTION('',(0.,1.,0.));
#4245=DIRECTION('center_axis',(0.,0.,1.));
#4246=DIRECTION('ref_axis',(0.,-1.,0.));
#4247=DIRECTION('',(1.,0.,0.));
#4248=DIRECTION('center_axis',(0.,0.,1.));
#4249=DIRECTION('ref_axis',(-1.,0.,0.));
#4250=DIRECTION('',(0.,-1.,0.));
#4251=DIRECTION('center_axis',(0.,0.,1.));
#4252=DIRECTION('ref_axis',(0.,1.,0.));
#4253=DIRECTION('',(-1.,0.,0.));
#4254=DIRECTION('center_axis',(0.,0.,1.));
#4255=DIRECTION('ref_axis',(1.,0.,0.));
#4256=DIRECTION('',(0.,1.,0.));
#4257=DIRECTION('center_axis',(0.,0.,1.));
#4258=DIRECTION('ref_axis',(0.,-1.,0.));
#4259=DIRECTION('',(1.,0.,0.));
#4260=DIRECTION('center_axis',(0.,0.,1.));
#4261=DIRECTION('ref_axis',(-1.,0.,0.));
#4262=DIRECTION('',(0.,-1.,0.));
#4263=DIRECTION('center_axis',(0.,0.,1.));
#4264=DIRECTION('ref_axis',(0.,1.,0.));
#4265=DIRECTION('',(-1.,0.,0.));
#4266=DIRECTION('center_axis',(0.,0.,1.));
#4267=DIRECTION('ref_axis',(1.,0.,0.));
#4268=DIRECTION('',(0.,1.,0.));
#4269=DIRECTION('center_axis',(0.,0.,1.));
#4270=DIRECTION('ref_axis',(0.,-1.,0.));
#4271=DIRECTION('',(1.,0.,0.));
#4272=DIRECTION('center_axis',(0.,0.,1.));
#4273=DIRECTION('ref_axis',(-1.,0.,0.));
#4274=DIRECTION('',(0.,-1.,0.));
#4275=DIRECTION('center_axis',(0.,0.,1.));
#4276=DIRECTION('ref_axis',(0.,1.,0.));
#4277=DIRECTION('',(-1.,0.,0.));
#4278=DIRECTION('center_axis',(0.,0.,1.));
#4279=DIRECTION('ref_axis',(1.,0.,0.));
#4280=DIRECTION('',(0.,1.,0.));
#4281=DIRECTION('center_axis',(0.,0.,1.));
#4282=DIRECTION('ref_axis',(0.,-1.,0.));
#4283=DIRECTION('',(1.,0.,0.));
#4284=DIRECTION('center_axis',(0.,0.,1.));
#4285=DIRECTION('ref_axis',(-1.,0.,0.));
#4286=DIRECTION('',(0.,-1.,0.));
#4287=DIRECTION('center_axis',(0.,0.,1.));
#4288=DIRECTION('ref_axis',(0.,1.,0.));
#4289=DIRECTION('center_axis',(0.,0.,-1.));
#4290=DIRECTION('ref_axis',(1.,0.,0.));
#4291=DIRECTION('',(-1.,0.,0.));
#4292=DIRECTION('center_axis',(0.,0.,1.));
#4293=DIRECTION('ref_axis',(1.,0.,0.));
#4294=DIRECTION('',(0.,1.,0.));
#4295=DIRECTION('center_axis',(0.,0.,1.));
#4296=DIRECTION('ref_axis',(0.,-1.,0.));
#4297=DIRECTION('',(1.,0.,0.));
#4298=DIRECTION('center_axis',(0.,0.,1.));
#4299=DIRECTION('ref_axis',(-1.,0.,0.));
#4300=DIRECTION('',(0.,-1.,0.));
#4301=DIRECTION('center_axis',(0.,0.,1.));
#4302=DIRECTION('ref_axis',(0.,1.,0.));
#4303=DIRECTION('',(-1.,0.,0.));
#4304=DIRECTION('center_axis',(0.,0.,1.));
#4305=DIRECTION('ref_axis',(1.,0.,0.));
#4306=DIRECTION('',(0.,1.,0.));
#4307=DIRECTION('center_axis',(0.,0.,1.));
#4308=DIRECTION('ref_axis',(0.,-1.,0.));
#4309=DIRECTION('',(1.,0.,0.));
#4310=DIRECTION('center_axis',(0.,0.,1.));
#4311=DIRECTION('ref_axis',(-1.,0.,0.));
#4312=DIRECTION('',(0.,-1.,0.));
#4313=DIRECTION('center_axis',(0.,0.,1.));
#4314=DIRECTION('ref_axis',(0.,1.,0.));
#4315=DIRECTION('',(-1.,0.,0.));
#4316=DIRECTION('center_axis',(0.,0.,1.));
#4317=DIRECTION('ref_axis',(1.,8.88178419700113E-15,0.));
#4318=DIRECTION('',(6.27687929116696E-16,1.,0.));
#4319=DIRECTION('center_axis',(0.,0.,1.));
#4320=DIRECTION('ref_axis',(0.,-1.,0.));
#4321=DIRECTION('',(1.,-9.84131212964128E-16,0.));
#4322=DIRECTION('center_axis',(0.,0.,-1.));
#4323=DIRECTION('ref_axis',(0.,1.,0.));
#4324=DIRECTION('',(-1.96826242592826E-15,1.,0.));
#4325=DIRECTION('center_axis',(0.,0.,1.));
#4326=DIRECTION('ref_axis',(0.,-1.,0.));
#4327=DIRECTION('',(1.,9.84131212964128E-16,0.));
#4328=DIRECTION('center_axis',(0.,0.,-1.));
#4329=DIRECTION('ref_axis',(0.,1.,0.));
#4330=DIRECTION('',(1.96826242592825E-15,1.,0.));
#4331=DIRECTION('center_axis',(0.,0.,1.));
#4332=DIRECTION('ref_axis',(0.,-1.,0.));
#4333=DIRECTION('',(1.,0.,0.));
#4334=DIRECTION('center_axis',(0.,0.,1.));
#4335=DIRECTION('ref_axis',(-1.,0.,0.));
#4336=DIRECTION('',(-1.17235799854821E-17,-1.,0.));
#4337=DIRECTION('center_axis',(0.,0.,1.));
#4338=DIRECTION('ref_axis',(2.22044604925032E-15,1.,0.));
#4339=DIRECTION('center_axis',(-6.95885854264285E-16,-0.707106781186555,
0.70710678118654));
#4340=DIRECTION('ref_axis',(1.,0.,9.84131212964149E-16));
#4341=DIRECTION('',(0.,0.70710678118654,0.707106781186555));
#4342=DIRECTION('',(0.,-0.70710678118654,-0.707106781186555));
#4343=DIRECTION('',(1.,-9.84131212964128E-16,0.));
#4344=DIRECTION('center_axis',(0.,0.,-1.));
#4345=DIRECTION('ref_axis',(0.,-1.,0.));
#4346=DIRECTION('',(-0.70710678118654,-3.14018491736758E-14,0.707106781186555));
#4347=DIRECTION('center_axis',(0.,0.,1.));
#4348=DIRECTION('ref_axis',(0.,-1.,0.));
#4349=DIRECTION('center_axis',(0.707106781186555,0.,0.70710678118654));
#4350=DIRECTION('ref_axis',(0.70710678118654,0.,-0.707106781186555));
#4351=DIRECTION('',(-0.70710678118654,0.,0.707106781186555));
#4352=DIRECTION('',(0.,1.,0.));
#4353=DIRECTION('center_axis',(0.,0.,1.));
#4354=DIRECTION('ref_axis',(0.,1.,0.));
#4355=DIRECTION('',(0.,0.70710678118654,0.707106781186555));
#4356=DIRECTION('center_axis',(0.,0.,-1.));
#4357=DIRECTION('ref_axis',(0.,1.,0.));
#4358=DIRECTION('center_axis',(0.,-0.707106781186555,0.70710678118654));
#4359=DIRECTION('ref_axis',(1.,0.,0.));
#4360=DIRECTION('',(0.,0.70710678118654,0.707106781186555));
#4361=DIRECTION('',(1.,0.,0.));
#4362=DIRECTION('center_axis',(0.,0.,1.));
#4363=DIRECTION('ref_axis',(1.,0.,0.));
#4364=DIRECTION('',(0.70710678118654,0.,0.707106781186555));
#4365=DIRECTION('center_axis',(0.,0.,-1.));
#4366=DIRECTION('ref_axis',(1.,0.,0.));
#4367=DIRECTION('center_axis',(-0.707106781186555,0.,0.70710678118654));
#4368=DIRECTION('ref_axis',(0.70710678118654,0.,0.707106781186555));
#4369=DIRECTION('',(0.70710678118654,0.,0.707106781186555));
#4370=DIRECTION('',(0.,-1.,0.));
#4371=DIRECTION('center_axis',(0.,0.,-1.));
#4372=DIRECTION('ref_axis',(-1.,0.,0.));
#4373=DIRECTION('',(0.,0.70710678118654,0.707106781186555));
#4374=DIRECTION('center_axis',(0.,0.,1.));
#4375=DIRECTION('ref_axis',(-1.,0.,0.));
#4376=DIRECTION('center_axis',(0.,-0.707106781186555,0.70710678118654));
#4377=DIRECTION('ref_axis',(1.,0.,0.));
#4378=DIRECTION('',(0.,0.707106781186555,0.70710678118654));
#4379=DIRECTION('',(1.,0.,0.));
#4380=DIRECTION('center_axis',(0.,0.,1.));
#4381=DIRECTION('ref_axis',(1.,0.,0.));
#4382=DIRECTION('',(0.70710678118654,0.,0.707106781186555));
#4383=DIRECTION('center_axis',(0.,0.,-1.));
#4384=DIRECTION('ref_axis',(1.,0.,0.));
#4385=DIRECTION('center_axis',(-0.707106781186555,0.,0.70710678118654));
#4386=DIRECTION('ref_axis',(0.70710678118654,0.,0.707106781186555));
#4387=DIRECTION('',(0.70710678118654,0.,0.707106781186555));
#4388=DIRECTION('',(0.,-1.,0.));
#4389=DIRECTION('center_axis',(0.,0.,1.));
#4390=DIRECTION('ref_axis',(0.,-1.,0.));
#4391=DIRECTION('',(0.,-0.70710678118654,0.707106781186555));
#4392=DIRECTION('center_axis',(0.,0.,-1.));
#4393=DIRECTION('ref_axis',(0.,-1.,0.));
#4394=DIRECTION('center_axis',(0.,0.707106781186555,0.70710678118654));
#4395=DIRECTION('ref_axis',(1.,0.,0.));
#4396=DIRECTION('',(0.,-0.707106781186555,0.70710678118654));
#4397=DIRECTION('',(-1.,0.,0.));
#4398=DIRECTION('center_axis',(0.,0.,1.));
#4399=DIRECTION('ref_axis',(-1.,0.,0.));
#4400=DIRECTION('',(-0.70710678118654,0.,0.707106781186555));
#4401=DIRECTION('center_axis',(0.,0.,-1.));
#4402=DIRECTION('ref_axis',(-1.,0.,0.));
#4403=DIRECTION('center_axis',(0.707106781186555,0.,0.70710678118654));
#4404=DIRECTION('ref_axis',(0.70710678118654,0.,-0.707106781186555));
#4405=DIRECTION('',(-0.70710678118654,0.,0.707106781186555));
#4406=DIRECTION('',(0.,1.,0.));
#4407=DIRECTION('center_axis',(0.,0.,1.));
#4408=DIRECTION('ref_axis',(0.,1.,0.));
#4409=DIRECTION('center_axis',(0.,0.,-1.));
#4410=DIRECTION('ref_axis',(0.,1.,0.));
#4411=DIRECTION('center_axis',(0.,0.,1.));
#4412=DIRECTION('ref_axis',(-1.,0.,0.));
#4413=DIRECTION('',(0.,0.,1.));
#4414=DIRECTION('',(0.,0.,1.));
#4415=DIRECTION('center_axis',(-1.,0.,0.));
#4416=DIRECTION('ref_axis',(0.,-1.,0.));
#4417=DIRECTION('',(0.,0.,1.));
#4418=DIRECTION('center_axis',(0.,0.,1.));
#4419=DIRECTION('ref_axis',(1.,0.,0.));
#4420=DIRECTION('',(0.,0.,1.));
#4421=DIRECTION('center_axis',(0.,-1.,0.));
#4422=DIRECTION('ref_axis',(1.,0.,0.));
#4423=DIRECTION('',(0.,0.,1.));
#4424=DIRECTION('center_axis',(0.,0.,1.));
#4425=DIRECTION('ref_axis',(0.,1.,0.));
#4426=DIRECTION('',(0.,0.,1.));
#4427=DIRECTION('center_axis',(1.,0.,0.));
#4428=DIRECTION('ref_axis',(0.,1.,0.));
#4429=DIRECTION('',(0.,0.,1.));
#4430=DIRECTION('center_axis',(0.,0.,1.));
#4431=DIRECTION('ref_axis',(0.,-1.,0.));
#4432=DIRECTION('',(0.,0.,1.));
#4433=DIRECTION('center_axis',(-9.84131212964128E-16,-1.,0.));
#4434=DIRECTION('ref_axis',(1.,-9.84131212964128E-16,0.));
#4435=DIRECTION('',(0.,0.,1.));
#4436=DIRECTION('center_axis',(0.,-0.707106781186548,0.707106781186548));
#4437=DIRECTION('ref_axis',(1.,0.,0.));
#4438=DIRECTION('',(0.,0.707106781186548,0.707106781186548));
#4439=DIRECTION('',(3.92523114670941E-15,-0.707106781186551,-0.707106781186544));
#4440=DIRECTION('',(1.,0.,0.));
#4441=DIRECTION('center_axis',(0.,0.,1.));
#4442=DIRECTION('ref_axis',(1.,8.88178419700113E-15,0.));
#4443=DIRECTION('',(0.70710678118654,7.85046229341895E-15,0.707106781186555));
#4444=DIRECTION('center_axis',(0.,0.,-1.));
#4445=DIRECTION('ref_axis',(1.,8.88178419700113E-15,0.));
#4446=DIRECTION('center_axis',(-0.707106781186524,4.43842391147342E-16,
0.707106781186571));
#4447=DIRECTION('ref_axis',(0.707106781186571,0.,0.707106781186524));
#4448=DIRECTION('',(0.707106781186571,0.,0.707106781186524));
#4449=DIRECTION('',(-6.27687929116696E-16,-1.,0.));
#4450=DIRECTION('center_axis',(0.,0.,1.));
#4451=DIRECTION('ref_axis',(0.,-1.,0.));
#4452=DIRECTION('',(0.,-0.70710678118654,0.707106781186555));
#4453=DIRECTION('center_axis',(0.,0.,-1.));
#4454=DIRECTION('ref_axis',(0.,-1.,0.));
#4455=DIRECTION('center_axis',(6.95885854264285E-16,0.707106781186555,0.70710678118654));
#4456=DIRECTION('ref_axis',(1.,0.,-9.84131212964149E-16));
#4457=DIRECTION('',(0.,-0.70710678118654,0.707106781186555));
#4458=DIRECTION('',(-1.,9.84131212964128E-16,0.));
#4459=DIRECTION('center_axis',(0.,0.,-1.));
#4460=DIRECTION('ref_axis',(0.,1.,0.));
#4461=DIRECTION('',(0.70710678118654,3.14018491736758E-14,0.707106781186555));
#4462=DIRECTION('center_axis',(0.,0.,1.));
#4463=DIRECTION('ref_axis',(0.,1.,0.));
#4464=DIRECTION('center_axis',(-0.707106781186555,-1.39177170852857E-15,
0.70710678118654));
#4465=DIRECTION('ref_axis',(0.70710678118654,0.,0.707106781186555));
#4466=DIRECTION('',(0.70710678118654,0.,0.707106781186555));
#4467=DIRECTION('',(1.96826242592826E-15,-1.,0.));
#4468=DIRECTION('center_axis',(0.,0.,1.));
#4469=DIRECTION('ref_axis',(0.,-1.,0.));
#4470=DIRECTION('',(0.,-0.707106781186555,0.70710678118654));
#4471=DIRECTION('center_axis',(0.,0.,-1.));
#4472=DIRECTION('ref_axis',(0.,-1.,0.));
#4473=DIRECTION('center_axis',(-6.95885854264285E-16,0.707106781186555,
0.70710678118654));
#4474=DIRECTION('ref_axis',(1.,0.,9.84131212964149E-16));
#4475=DIRECTION('',(0.,-0.70710678118654,0.707106781186555));
#4476=DIRECTION('',(-1.,-9.84131212964128E-16,0.));
#4477=DIRECTION('center_axis',(0.,0.,-1.));
#4478=DIRECTION('ref_axis',(0.,1.,0.));
#4479=DIRECTION('',(0.70710678118654,-3.14018491736758E-14,0.707106781186555));
#4480=DIRECTION('center_axis',(0.,0.,1.));
#4481=DIRECTION('ref_axis',(0.,1.,0.));
#4482=DIRECTION('center_axis',(-0.707106781186555,1.39177170852857E-15,
0.70710678118654));
#4483=DIRECTION('ref_axis',(0.70710678118654,0.,0.707106781186555));
#4484=DIRECTION('',(0.70710678118654,0.,0.707106781186555));
#4485=DIRECTION('',(-1.96826242592825E-15,-1.,0.));
#4486=DIRECTION('center_axis',(0.,0.,1.));
#4487=DIRECTION('ref_axis',(0.,-1.,0.));
#4488=DIRECTION('',(0.,-0.70710678118654,0.707106781186555));
#4489=DIRECTION('center_axis',(0.,0.,-1.));
#4490=DIRECTION('ref_axis',(0.,-1.,0.));
#4491=DIRECTION('center_axis',(0.,0.707106781186555,0.70710678118654));
#4492=DIRECTION('ref_axis',(1.,0.,0.));
#4493=DIRECTION('',(2.74766180269663E-14,-0.70710678118654,0.707106781186555));
#4494=DIRECTION('',(-1.,0.,0.));
#4495=DIRECTION('center_axis',(0.,0.,1.));
#4496=DIRECTION('ref_axis',(-1.,0.,0.));
#4497=DIRECTION('',(-0.707106781186542,0.,0.707106781186553));
#4498=DIRECTION('center_axis',(0.,0.,-1.));
#4499=DIRECTION('ref_axis',(-1.,0.,0.));
#4500=DIRECTION('center_axis',(0.707106781186548,-8.28982290751729E-18,
0.707106781186548));
#4501=DIRECTION('ref_axis',(0.707106781186548,0.,-0.707106781186548));
#4502=DIRECTION('',(-0.70710678118654,0.,0.707106781186555));
#4503=DIRECTION('',(1.17235799854821E-17,1.,0.));
#4504=DIRECTION('center_axis',(0.,0.,1.));
#4505=DIRECTION('ref_axis',(2.22044604925032E-15,1.,0.));
#4506=DIRECTION('center_axis',(0.,0.,-1.));
#4507=DIRECTION('ref_axis',(2.22044604925032E-15,1.,0.));
#4508=DIRECTION('center_axis',(0.,0.,1.));
#4509=DIRECTION('ref_axis',(0.,-1.,0.));
#4510=DIRECTION('',(0.,0.,1.));
#4511=DIRECTION('',(0.,0.,1.));
#4512=DIRECTION('center_axis',(-1.,-1.96826242592826E-15,0.));
#4513=DIRECTION('ref_axis',(1.96826242592826E-15,-1.,0.));
#4514=DIRECTION('',(0.,0.,1.));
#4515=DIRECTION('center_axis',(0.,0.,1.));
#4516=DIRECTION('ref_axis',(0.,1.,0.));
#4517=DIRECTION('',(0.,0.,1.));
#4518=DIRECTION('center_axis',(9.84131212964128E-16,1.,0.));
#4519=DIRECTION('ref_axis',(-1.,9.84131212964128E-16,0.));
#4520=DIRECTION('',(0.,0.,1.));
#4521=DIRECTION('center_axis',(0.,0.,1.));
#4522=DIRECTION('ref_axis',(0.,-1.,0.));
#4523=DIRECTION('',(0.,0.,1.));
#4524=DIRECTION('center_axis',(-1.,6.27687929116696E-16,0.));
#4525=DIRECTION('ref_axis',(-6.27687929116696E-16,-1.,0.));
#4526=DIRECTION('',(0.,0.,1.));
#4527=DIRECTION('center_axis',(0.,0.,1.));
#4528=DIRECTION('ref_axis',(1.,8.88178419700113E-15,0.));
#4529=DIRECTION('',(0.,0.,1.));
#4530=DIRECTION('center_axis',(0.,-1.,0.));
#4531=DIRECTION('ref_axis',(1.,0.,0.));
#4532=DIRECTION('',(0.,0.,1.));
#4533=DIRECTION('center_axis',(0.,-0.707106781186548,0.707106781186548));
#4534=DIRECTION('ref_axis',(1.,0.,0.));
#4535=DIRECTION('',(0.,0.707106781186548,0.707106781186548));
#4536=DIRECTION('',(0.,-0.707106781186548,-0.707106781186548));
#4537=DIRECTION('',(1.,0.,0.));
#4538=DIRECTION('center_axis',(0.,0.,1.));
#4539=DIRECTION('ref_axis',(1.,0.,0.));
#4540=DIRECTION('',(0.70710678118654,0.,0.707106781186555));
#4541=DIRECTION('center_axis',(0.,0.,-1.));
#4542=DIRECTION('ref_axis',(1.,0.,0.));
#4543=DIRECTION('center_axis',(-0.707106781186555,0.,0.70710678118654));
#4544=DIRECTION('ref_axis',(0.70710678118654,0.,0.707106781186555));
#4545=DIRECTION('',(0.70710678118654,0.,0.707106781186555));
#4546=DIRECTION('',(0.,-1.,0.));
#4547=DIRECTION('center_axis',(0.,0.,1.));
#4548=DIRECTION('ref_axis',(0.,-1.,0.));
#4549=DIRECTION('',(0.,-0.70710678118654,0.707106781186555));
#4550=DIRECTION('center_axis',(0.,0.,-1.));
#4551=DIRECTION('ref_axis',(0.,-1.,0.));
#4552=DIRECTION('center_axis',(0.,0.707106781186548,0.707106781186548));
#4553=DIRECTION('ref_axis',(1.,0.,0.));
#4554=DIRECTION('',(0.,-0.707106781186551,0.707106781186544));
#4555=DIRECTION('',(-1.,0.,0.));
#4556=DIRECTION('center_axis',(0.,0.,1.));
#4557=DIRECTION('ref_axis',(-1.,0.,0.));
#4558=DIRECTION('',(-0.70710678118654,0.,0.707106781186555));
#4559=DIRECTION('center_axis',(0.,0.,-1.));
#4560=DIRECTION('ref_axis',(-1.,0.,0.));
#4561=DIRECTION('center_axis',(0.707106781186555,0.,0.70710678118654));
#4562=DIRECTION('ref_axis',(0.70710678118654,0.,-0.707106781186555));
#4563=DIRECTION('',(-0.70710678118654,3.92523114670948E-15,0.707106781186555));
#4564=DIRECTION('',(0.,1.,0.));
#4565=DIRECTION('center_axis',(0.,0.,1.));
#4566=DIRECTION('ref_axis',(0.,1.,0.));
#4567=DIRECTION('center_axis',(0.,0.,-1.));
#4568=DIRECTION('ref_axis',(0.,1.,0.));
#4569=DIRECTION('center_axis',(0.,0.,1.));
#4570=DIRECTION('ref_axis',(0.,-1.,0.));
#4571=DIRECTION('',(0.,0.,1.));
#4572=DIRECTION('',(0.,0.,1.));
#4573=DIRECTION('center_axis',(-1.,0.,0.));
#4574=DIRECTION('ref_axis',(0.,-1.,0.));
#4575=DIRECTION('',(0.,0.,1.));
#4576=DIRECTION('center_axis',(0.,0.,1.));
#4577=DIRECTION('ref_axis',(1.,0.,0.));
#4578=DIRECTION('',(0.,0.,1.));
#4579=DIRECTION('center_axis',(0.,-1.,0.));
#4580=DIRECTION('ref_axis',(1.,0.,0.));
#4581=DIRECTION('',(0.,0.,1.));
#4582=DIRECTION('center_axis',(0.,-0.707106781186548,0.707106781186548));
#4583=DIRECTION('ref_axis',(1.,0.,0.));
#4584=DIRECTION('',(0.,0.707106781186548,0.707106781186548));
#4585=DIRECTION('',(0.,-0.707106781186548,-0.707106781186548));
#4586=DIRECTION('',(1.,0.,0.));
#4587=DIRECTION('center_axis',(0.,0.,1.));
#4588=DIRECTION('ref_axis',(1.,0.,0.));
#4589=DIRECTION('',(0.70710678118654,0.,0.707106781186555));
#4590=DIRECTION('center_axis',(0.,0.,-1.));
#4591=DIRECTION('ref_axis',(1.,0.,0.));
#4592=DIRECTION('center_axis',(-0.707106781186555,0.,0.70710678118654));
#4593=DIRECTION('ref_axis',(0.70710678118654,0.,0.707106781186555));
#4594=DIRECTION('',(0.70710678118654,0.,0.707106781186555));
#4595=DIRECTION('',(0.,-1.,0.));
#4596=DIRECTION('center_axis',(0.,0.,1.));
#4597=DIRECTION('ref_axis',(0.,-1.,0.));
#4598=DIRECTION('',(0.,-0.70710678118654,0.707106781186555));
#4599=DIRECTION('center_axis',(0.,0.,-1.));
#4600=DIRECTION('ref_axis',(0.,-1.,0.));
#4601=DIRECTION('center_axis',(0.,0.707106781186548,0.707106781186548));
#4602=DIRECTION('ref_axis',(1.,0.,0.));
#4603=DIRECTION('',(0.,-0.707106781186551,0.707106781186544));
#4604=DIRECTION('',(-1.,0.,0.));
#4605=DIRECTION('center_axis',(0.,0.,1.));
#4606=DIRECTION('ref_axis',(-1.,0.,0.));
#4607=DIRECTION('',(-0.70710678118654,0.,0.707106781186555));
#4608=DIRECTION('center_axis',(0.,0.,-1.));
#4609=DIRECTION('ref_axis',(-1.,0.,0.));
#4610=DIRECTION('center_axis',(0.707106781186555,0.,0.70710678118654));
#4611=DIRECTION('ref_axis',(0.70710678118654,0.,-0.707106781186555));
#4612=DIRECTION('',(-0.70710678118654,3.92523114670948E-15,0.707106781186555));
#4613=DIRECTION('',(0.,1.,0.));
#4614=DIRECTION('center_axis',(0.,0.,1.));
#4615=DIRECTION('ref_axis',(0.,1.,0.));
#4616=DIRECTION('center_axis',(0.,0.,-1.));
#4617=DIRECTION('ref_axis',(0.,1.,0.));
#4618=DIRECTION('center_axis',(0.,0.,1.));
#4619=DIRECTION('ref_axis',(0.,-1.,0.));
#4620=DIRECTION('',(0.,0.,1.));
#4621=DIRECTION('',(0.,0.,1.));
#4622=DIRECTION('center_axis',(-1.,0.,0.));
#4623=DIRECTION('ref_axis',(0.,-1.,0.));
#4624=DIRECTION('',(0.,0.,1.));
#4625=DIRECTION('center_axis',(0.,0.,1.));
#4626=DIRECTION('ref_axis',(1.,0.,0.));
#4627=DIRECTION('',(0.,0.,1.));
#4628=DIRECTION('center_axis',(0.,-1.,0.));
#4629=DIRECTION('ref_axis',(1.,0.,0.));
#4630=DIRECTION('',(0.,0.,1.));
#4631=DIRECTION('center_axis',(0.,-0.707106781186548,0.707106781186548));
#4632=DIRECTION('ref_axis',(1.,0.,0.));
#4633=DIRECTION('',(0.,0.707106781186548,0.707106781186548));
#4634=DIRECTION('',(0.,-0.707106781186548,-0.707106781186548));
#4635=DIRECTION('',(1.,0.,0.));
#4636=DIRECTION('center_axis',(0.,0.,1.));
#4637=DIRECTION('ref_axis',(1.,0.,0.));
#4638=DIRECTION('',(0.70710678118654,0.,0.707106781186555));
#4639=DIRECTION('center_axis',(0.,0.,-1.));
#4640=DIRECTION('ref_axis',(1.,0.,0.));
#4641=DIRECTION('center_axis',(-0.707106781186555,0.,0.70710678118654));
#4642=DIRECTION('ref_axis',(0.70710678118654,0.,0.707106781186555));
#4643=DIRECTION('',(0.70710678118654,0.,0.707106781186555));
#4644=DIRECTION('',(0.,-1.,0.));
#4645=DIRECTION('center_axis',(0.,0.,1.));
#4646=DIRECTION('ref_axis',(0.,-1.,0.));
#4647=DIRECTION('',(0.,-0.70710678118654,0.707106781186555));
#4648=DIRECTION('center_axis',(0.,0.,-1.));
#4649=DIRECTION('ref_axis',(0.,-1.,0.));
#4650=DIRECTION('center_axis',(0.,0.707106781186548,0.707106781186548));
#4651=DIRECTION('ref_axis',(1.,0.,0.));
#4652=DIRECTION('',(0.,-0.707106781186551,0.707106781186544));
#4653=DIRECTION('',(-1.,0.,0.));
#4654=DIRECTION('center_axis',(0.,0.,1.));
#4655=DIRECTION('ref_axis',(-1.,0.,0.));
#4656=DIRECTION('',(-0.70710678118654,0.,0.707106781186555));
#4657=DIRECTION('center_axis',(0.,0.,-1.));
#4658=DIRECTION('ref_axis',(-1.,0.,0.));
#4659=DIRECTION('center_axis',(0.707106781186555,0.,0.70710678118654));
#4660=DIRECTION('ref_axis',(0.70710678118654,0.,-0.707106781186555));
#4661=DIRECTION('',(-0.70710678118654,3.92523114670948E-15,0.707106781186555));
#4662=DIRECTION('',(0.,1.,0.));
#4663=DIRECTION('center_axis',(0.,0.,1.));
#4664=DIRECTION('ref_axis',(0.,1.,0.));
#4665=DIRECTION('center_axis',(0.,0.,-1.));
#4666=DIRECTION('ref_axis',(0.,1.,0.));
#4667=DIRECTION('center_axis',(0.,0.,1.));
#4668=DIRECTION('ref_axis',(0.,-1.,0.));
#4669=DIRECTION('',(0.,0.,1.));
#4670=DIRECTION('',(0.,0.,1.));
#4671=DIRECTION('center_axis',(-1.,0.,0.));
#4672=DIRECTION('ref_axis',(0.,-1.,0.));
#4673=DIRECTION('',(0.,0.,1.));
#4674=DIRECTION('center_axis',(0.,0.,1.));
#4675=DIRECTION('ref_axis',(1.,0.,0.));
#4676=DIRECTION('',(0.,0.,1.));
#4677=DIRECTION('center_axis',(0.,-1.,0.));
#4678=DIRECTION('ref_axis',(1.,0.,0.));
#4679=DIRECTION('',(0.,0.,1.));
#4680=DIRECTION('center_axis',(0.,-0.707106781186548,0.707106781186548));
#4681=DIRECTION('ref_axis',(1.,0.,0.));
#4682=DIRECTION('',(0.,0.707106781186548,0.707106781186548));
#4683=DIRECTION('',(-7.85046229341887E-15,-0.707106781186548,-0.707106781186548));
#4684=DIRECTION('',(1.,0.,0.));
#4685=DIRECTION('center_axis',(0.,0.,1.));
#4686=DIRECTION('ref_axis',(1.,0.,0.));
#4687=DIRECTION('',(0.70710678118654,0.,0.707106781186555));
#4688=DIRECTION('center_axis',(0.,0.,-1.));
#4689=DIRECTION('ref_axis',(1.,0.,0.));
#4690=DIRECTION('center_axis',(-0.707106781186555,0.,0.70710678118654));
#4691=DIRECTION('ref_axis',(0.70710678118654,0.,0.707106781186555));
#4692=DIRECTION('',(0.70710678118654,0.,0.707106781186555));
#4693=DIRECTION('',(0.,-1.,0.));
#4694=DIRECTION('center_axis',(0.,0.,1.));
#4695=DIRECTION('ref_axis',(0.,-1.,0.));
#4696=DIRECTION('',(0.,-0.70710678118654,0.707106781186555));
#4697=DIRECTION('center_axis',(0.,0.,-1.));
#4698=DIRECTION('ref_axis',(0.,-1.,0.));
#4699=DIRECTION('center_axis',(0.,0.707106781186548,0.707106781186548));
#4700=DIRECTION('ref_axis',(1.,0.,0.));
#4701=DIRECTION('',(1.57009245868376E-14,-0.707106781186551,0.707106781186544));
#4702=DIRECTION('',(-1.,0.,0.));
#4703=DIRECTION('center_axis',(0.,0.,1.));
#4704=DIRECTION('ref_axis',(-1.,0.,0.));
#4705=DIRECTION('',(-0.707106781186548,0.,0.707106781186548));
#4706=DIRECTION('center_axis',(0.,0.,-1.));
#4707=DIRECTION('ref_axis',(-1.,0.,0.));
#4708=DIRECTION('center_axis',(0.707106781186548,0.,0.707106781186548));
#4709=DIRECTION('ref_axis',(0.707106781186548,0.,-0.707106781186548));
#4710=DIRECTION('',(-0.70710678118654,3.92523114670948E-15,0.707106781186555));
#4711=DIRECTION('',(0.,1.,0.));
#4712=DIRECTION('center_axis',(0.,0.,1.));
#4713=DIRECTION('ref_axis',(0.,1.,0.));
#4714=DIRECTION('center_axis',(0.,0.,-1.));
#4715=DIRECTION('ref_axis',(0.,1.,0.));
#4716=DIRECTION('center_axis',(0.,0.,1.));
#4717=DIRECTION('ref_axis',(0.,-1.,0.));
#4718=DIRECTION('',(0.,0.,1.));
#4719=DIRECTION('',(0.,0.,1.));
#4720=DIRECTION('center_axis',(-1.,0.,0.));
#4721=DIRECTION('ref_axis',(0.,-1.,0.));
#4722=DIRECTION('',(0.,0.,1.));
#4723=DIRECTION('center_axis',(0.,0.,1.));
#4724=DIRECTION('ref_axis',(1.,0.,0.));
#4725=DIRECTION('',(0.,0.,1.));
#4726=DIRECTION('center_axis',(0.,-1.,0.));
#4727=DIRECTION('ref_axis',(1.,0.,0.));
#4728=DIRECTION('',(0.,0.,1.));
#4729=DIRECTION('center_axis',(0.,-0.707106781186548,0.707106781186548));
#4730=DIRECTION('ref_axis',(1.,0.,0.));
#4731=DIRECTION('',(0.,0.707106781186549,0.707106781186546));
#4732=DIRECTION('',(1.96261557335472E-15,-0.707106781186548,-0.707106781186548));
#4733=DIRECTION('',(1.,0.,0.));
#4734=DIRECTION('center_axis',(0.,0.,1.));
#4735=DIRECTION('ref_axis',(1.,0.,0.));
#4736=DIRECTION('',(0.707106781186548,0.,0.707106781186548));
#4737=DIRECTION('center_axis',(0.,0.,-1.));
#4738=DIRECTION('ref_axis',(1.,0.,0.));
#4739=DIRECTION('center_axis',(-0.707106781186548,0.,0.707106781186548));
#4740=DIRECTION('ref_axis',(0.707106781186548,0.,0.707106781186548));
#4741=DIRECTION('',(0.707106781186548,0.,0.707106781186548));
#4742=DIRECTION('',(0.,-1.,0.));
#4743=DIRECTION('center_axis',(0.,0.,1.));
#4744=DIRECTION('ref_axis',(0.,-1.,0.));
#4745=DIRECTION('',(0.,-0.707106781186548,0.707106781186548));
#4746=DIRECTION('center_axis',(0.,0.,-1.));
#4747=DIRECTION('ref_axis',(0.,-1.,0.));
#4748=DIRECTION('center_axis',(0.,0.707106781186548,0.707106781186548));
#4749=DIRECTION('ref_axis',(1.,0.,0.));
#4750=DIRECTION('',(-1.96261557335471E-15,-0.707106781186551,0.707106781186544));
#4751=DIRECTION('',(-1.,0.,0.));
#4752=DIRECTION('center_axis',(0.,0.,1.));
#4753=DIRECTION('ref_axis',(-1.,0.,0.));
#4754=DIRECTION('',(-0.707106781186548,0.,0.707106781186546));
#4755=DIRECTION('center_axis',(0.,0.,-1.));
#4756=DIRECTION('ref_axis',(-1.,0.,0.));
#4757=DIRECTION('center_axis',(0.707106781186548,0.,0.707106781186548));
#4758=DIRECTION('ref_axis',(0.707106781186548,0.,-0.707106781186548));
#4759=DIRECTION('',(-0.707106781186547,3.92523114670944E-15,0.707106781186548));
#4760=DIRECTION('',(0.,1.,0.));
#4761=DIRECTION('center_axis',(0.,0.,1.));
#4762=DIRECTION('ref_axis',(0.,1.,0.));
#4763=DIRECTION('center_axis',(0.,0.,-1.));
#4764=DIRECTION('ref_axis',(0.,1.,0.));
#4765=DIRECTION('center_axis',(0.,0.,1.));
#4766=DIRECTION('ref_axis',(0.,-1.,0.));
#4767=DIRECTION('',(0.,0.,1.));
#4768=DIRECTION('',(0.,0.,1.));
#4769=DIRECTION('center_axis',(-1.,0.,0.));
#4770=DIRECTION('ref_axis',(0.,-1.,0.));
#4771=DIRECTION('',(0.,0.,1.));
#4772=DIRECTION('center_axis',(0.,0.,1.));
#4773=DIRECTION('ref_axis',(1.,0.,0.));
#4774=DIRECTION('',(0.,0.,1.));
#4775=DIRECTION('center_axis',(0.,-1.,0.));
#4776=DIRECTION('ref_axis',(1.,0.,0.));
#4777=DIRECTION('',(0.,0.,1.));
#4778=DIRECTION('',(-0.707659310055893,-0.0273352273296238,-0.706024848173246));
#4779=DIRECTION('',(-1.02202790666478E-14,0.760405965600026,0.649448048330189));
#4780=DIRECTION('center_axis',(0.,-0.649448048330185,0.76040596560003));
#4781=DIRECTION('ref_axis',(1.,0.,0.));
#4782=DIRECTION('',(0.,0.76040596560003,0.649448048330185));
#4783=DIRECTION('',(1.,0.,0.));
#4784=DIRECTION('',(-0.707659310055893,0.0273352273296238,0.706024848173246));
#4785=DIRECTION('center_axis',(0.707106781186543,0.,0.707106781186552));
#4786=DIRECTION('ref_axis',(0.707106781186552,0.,-0.707106781186543));
#4787=DIRECTION('',(-0.707106781186552,0.,0.707106781186543));
#4788=DIRECTION('',(0.707106781186552,0.,-0.707106781186543));
#4789=DIRECTION('',(0.,1.,0.));
#4790=DIRECTION('center_axis',(0.,0.,-1.));
#4791=DIRECTION('ref_axis',(0.707106781186552,0.707106781186543,0.));
#4792=DIRECTION('center_axis',(0.,0.,1.));
#4793=DIRECTION('ref_axis',(0.707106781186552,0.707106781186543,0.));
#4794=DIRECTION('',(0.,-0.707106781186561,0.707106781186534));
#4795=DIRECTION('center_axis',(0.,0.707106781186548,0.707106781186548));
#4796=DIRECTION('ref_axis',(1.,0.,0.));
#4797=DIRECTION('',(0.,-0.707106781186547,0.707106781186547));
#4798=DIRECTION('',(-1.,0.,0.));
#4799=DIRECTION('center_axis',(0.,0.,-1.));
#4800=DIRECTION('ref_axis',(-0.707106781186546,0.707106781186549,0.));
#4801=DIRECTION('center_axis',(0.,0.,1.));
#4802=DIRECTION('ref_axis',(-0.707106781186546,0.707106781186549,0.));
#4803=DIRECTION('',(0.707106781186541,0.,0.707106781186554));
#4804=DIRECTION('center_axis',(-0.707106781186546,0.,0.707106781186549));
#4805=DIRECTION('ref_axis',(0.707106781186549,0.,0.707106781186546));
#4806=DIRECTION('',(0.707106781186549,0.,0.707106781186546));
#4807=DIRECTION('',(0.,-1.,0.));
#4808=DIRECTION('center_axis',(-1.,0.,0.));
#4809=DIRECTION('ref_axis',(0.,-1.,0.));
#4810=DIRECTION('',(0.,0.,1.));
#4811=DIRECTION('',(0.,-0.156434465040231,-0.987688340595138));
#4812=DIRECTION('center_axis',(0.,0.,1.));
#4813=DIRECTION('ref_axis',(-0.707106781186546,0.707106781186549,0.));
#4814=DIRECTION('',(0.,0.,-1.));
#4815=DIRECTION('center_axis',(0.,1.,0.));
#4816=DIRECTION('ref_axis',(-1.,0.,0.));
#4817=DIRECTION('',(0.,0.,1.));
#4818=DIRECTION('center_axis',(0.,0.,1.));
#4819=DIRECTION('ref_axis',(0.707106781186552,0.707106781186543,0.));
#4820=DIRECTION('',(0.,0.,-1.));
#4821=DIRECTION('center_axis',(0.,0.156434465040231,0.987688340595138));
#4822=DIRECTION('ref_axis',(-0.707106781186548,-0.69840112333371,0.110615871041236));
#4823=DIRECTION('',(0.,0.156434465040231,0.987688340595138));
#4824=DIRECTION('center_axis',(0.,-0.987688340595138,0.156434465040231));
#4825=DIRECTION('ref_axis',(1.,0.,0.));
#4826=DIRECTION('',(0.,-0.156434465040231,-0.987688340595138));
#4827=DIRECTION('center_axis',(0.,0.156434465040231,0.987688340595138));
#4828=DIRECTION('ref_axis',(0.707106781186553,-0.698401123333705,0.110615871041236));
#4829=DIRECTION('',(0.,0.156434465040231,0.987688340595138));
#4830=DIRECTION('center_axis',(0.,0.,1.));
#4831=DIRECTION('ref_axis',(1.,2.22044604925012E-15,0.));
#4832=DIRECTION('',(0.,0.,1.));
#4833=DIRECTION('center_axis',(0.,0.,1.));
#4834=DIRECTION('ref_axis',(1.,2.22044604925012E-15,0.));
#4835=DIRECTION('',(0.,0.,1.));
#4836=DIRECTION('center_axis',(1.,-2.368475785867E-15,0.));
#4837=DIRECTION('ref_axis',(2.368475785867E-15,1.,0.));
#4838=DIRECTION('',(0.,0.,1.));
#4839=DIRECTION('',(2.368475785867E-15,1.,0.));
#4840=DIRECTION('center_axis',(0.,0.,1.));
#4841=DIRECTION('ref_axis',(0.,-1.,0.));
#4842=DIRECTION('',(0.,0.,1.));
#4843=DIRECTION('center_axis',(0.,0.,1.));
#4844=DIRECTION('ref_axis',(0.,-1.,0.));
#4845=DIRECTION('center_axis',(-8.88178419700125E-16,-1.,0.));
#4846=DIRECTION('ref_axis',(1.,-8.88178419700125E-16,0.));
#4847=DIRECTION('',(0.,0.,1.));
#4848=DIRECTION('',(1.,-8.88178419700125E-16,0.));
#4849=DIRECTION('center_axis',(0.,0.,1.));
#4850=DIRECTION('ref_axis',(-1.,4.44089209850088E-14,0.));
#4851=DIRECTION('',(0.,0.,1.));
#4852=DIRECTION('center_axis',(0.,0.,1.));
#4853=DIRECTION('ref_axis',(-1.,4.44089209850088E-14,0.));
#4854=DIRECTION('center_axis',(-1.,0.,0.));
#4855=DIRECTION('ref_axis',(0.,-1.,0.));
#4856=DIRECTION('',(0.,0.,1.));
#4857=DIRECTION('',(0.,-1.,0.));
#4858=DIRECTION('center_axis',(0.,0.,1.));
#4859=DIRECTION('ref_axis',(0.,1.,0.));
#4860=DIRECTION('',(0.,0.,1.));
#4861=DIRECTION('center_axis',(0.,0.,1.));
#4862=DIRECTION('ref_axis',(0.,1.,0.));
#4863=DIRECTION('center_axis',(0.,1.,0.));
#4864=DIRECTION('ref_axis',(-1.,0.,0.));
#4865=DIRECTION('',(-1.,0.,0.));
#4866=DIRECTION('center_axis',(0.,0.,1.));
#4867=DIRECTION('ref_axis',(1.,0.,0.));
#4868=DIRECTION('center_axis',(0.,0.,-1.));
#4869=DIRECTION('ref_axis',(1.,0.,0.));
#4870=DIRECTION('center_axis',(0.,0.,1.));
#4871=DIRECTION('ref_axis',(1.,0.,0.));
#4872=DIRECTION('',(0.,0.,-1.));
#4873=DIRECTION('center_axis',(0.,0.,1.));
#4874=DIRECTION('ref_axis',(1.,0.,0.));
#4875=DIRECTION('',(0.,0.,1.));
#4876=DIRECTION('center_axis',(0.,-1.,0.));
#4877=DIRECTION('ref_axis',(1.,0.,0.));
#4878=DIRECTION('',(0.,0.,1.));
#4879=DIRECTION('center_axis',(0.,0.,1.));
#4880=DIRECTION('ref_axis',(0.,1.,0.));
#4881=DIRECTION('',(0.,0.,1.));
#4882=DIRECTION('center_axis',(1.,0.,0.));
#4883=DIRECTION('ref_axis',(0.,1.,0.));
#4884=DIRECTION('center_axis',(0.,0.,1.));
#4885=DIRECTION('ref_axis',(-1.,0.,0.));
#4886=DIRECTION('',(0.,0.,1.));
#4887=DIRECTION('',(0.,0.,1.));
#4888=DIRECTION('center_axis',(0.,1.,0.));
#4889=DIRECTION('ref_axis',(-1.,0.,0.));
#4890=DIRECTION('center_axis',(0.,0.,1.));
#4891=DIRECTION('ref_axis',(0.,1.,0.));
#4892=DIRECTION('',(0.,0.,1.));
#4893=DIRECTION('center_axis',(1.,0.,0.));
#4894=DIRECTION('ref_axis',(0.,1.,0.));
#4895=DIRECTION('center_axis',(0.,0.,1.));
#4896=DIRECTION('ref_axis',(-1.,0.,0.));
#4897=DIRECTION('',(0.,0.,1.));
#4898=DIRECTION('',(0.,0.,1.));
#4899=DIRECTION('center_axis',(0.,1.,0.));
#4900=DIRECTION('ref_axis',(-1.,0.,0.));
#4901=DIRECTION('center_axis',(0.,0.,1.));
#4902=DIRECTION('ref_axis',(0.,1.,0.));
#4903=DIRECTION('',(0.,0.,1.));
#4904=DIRECTION('center_axis',(1.,0.,0.));
#4905=DIRECTION('ref_axis',(0.,1.,0.));
#4906=DIRECTION('center_axis',(0.,0.,1.));
#4907=DIRECTION('ref_axis',(0.,1.,0.));
#4908=DIRECTION('',(0.,0.,1.));
#4909=DIRECTION('center_axis',(1.,0.,0.));
#4910=DIRECTION('ref_axis',(0.,1.,0.));
#4911=DIRECTION('',(0.,0.,1.));
#4912=DIRECTION('center_axis',(0.,0.,1.));
#4913=DIRECTION('ref_axis',(-1.,0.,0.));
#4914=DIRECTION('',(0.,0.,1.));
#4915=DIRECTION('center_axis',(0.,1.,0.));
#4916=DIRECTION('ref_axis',(-1.,0.,0.));
#4917=DIRECTION('center_axis',(0.,0.,1.));
#4918=DIRECTION('ref_axis',(0.,1.,0.));
#4919=DIRECTION('',(0.,0.,1.));
#4920=DIRECTION('center_axis',(1.,0.,0.));
#4921=DIRECTION('ref_axis',(0.,1.,0.));
#4922=DIRECTION('',(0.,0.,1.));
#4923=DIRECTION('center_axis',(0.,0.,1.));
#4924=DIRECTION('ref_axis',(-1.,0.,0.));
#4925=DIRECTION('',(0.,0.,1.));
#4926=DIRECTION('center_axis',(0.,1.,0.));
#4927=DIRECTION('ref_axis',(-1.,0.,0.));
#4928=DIRECTION('',(0.,0.,1.));
#4929=DIRECTION('center_axis',(0.,0.,1.));
#4930=DIRECTION('ref_axis',(0.,-1.,0.));
#4931=DIRECTION('',(0.,0.,1.));
#4932=DIRECTION('center_axis',(-1.,0.,0.));
#4933=DIRECTION('ref_axis',(0.,-1.,0.));
#4934=DIRECTION('',(0.,0.,1.));
#4935=DIRECTION('center_axis',(0.,0.,1.));
#4936=DIRECTION('ref_axis',(1.,0.,0.));
#4937=DIRECTION('',(0.,0.,1.));
#4938=DIRECTION('center_axis',(0.,-1.,0.));
#4939=DIRECTION('ref_axis',(1.,0.,0.));
#4940=DIRECTION('center_axis',(0.,0.,1.));
#4941=DIRECTION('ref_axis',(2.22044604925032E-15,1.,0.));
#4942=DIRECTION('',(0.,0.,1.));
#4943=DIRECTION('center_axis',(1.,-1.17235799854821E-17,0.));
#4944=DIRECTION('ref_axis',(1.17235799854821E-17,1.,0.));
#4945=DIRECTION('',(0.,0.,1.));
#4946=DIRECTION('center_axis',(0.,0.,1.));
#4947=DIRECTION('ref_axis',(-1.,0.,0.));
#4948=DIRECTION('',(0.,0.,1.));
#4949=DIRECTION('center_axis',(0.,1.,0.));
#4950=DIRECTION('ref_axis',(-1.,0.,0.));
#4951=DIRECTION('',(0.,0.,1.));
#4952=DIRECTION('center_axis',(0.,0.,1.));
#4953=DIRECTION('ref_axis',(0.,-1.,0.));
#4954=DIRECTION('',(0.,0.,1.));
#4955=DIRECTION('center_axis',(-1.,1.96826242592825E-15,0.));
#4956=DIRECTION('ref_axis',(-1.96826242592825E-15,-1.,0.));
#4957=DIRECTION('',(0.,0.,1.));
#4958=DIRECTION('center_axis',(0.,0.,1.));
#4959=DIRECTION('ref_axis',(0.,1.,0.));
#4960=DIRECTION('',(0.,0.,1.));
#4961=DIRECTION('center_axis',(-9.84131212964128E-16,1.,0.));
#4962=DIRECTION('ref_axis',(-1.,-9.84131212964128E-16,0.));
#4963=DIRECTION('center_axis',(0.,0.,1.));
#4964=DIRECTION('ref_axis',(0.,1.,0.));
#4965=DIRECTION('',(0.,0.,1.));
#4966=DIRECTION('center_axis',(1.,0.,0.));
#4967=DIRECTION('ref_axis',(0.,1.,0.));
#4968=DIRECTION('',(0.,0.,1.));
#4969=DIRECTION('center_axis',(0.,0.,1.));
#4970=DIRECTION('ref_axis',(-1.,0.,0.));
#4971=DIRECTION('',(0.,0.,1.));
#4972=DIRECTION('center_axis',(0.,1.,0.));
#4973=DIRECTION('ref_axis',(-1.,0.,0.));
#4974=DIRECTION('center_axis',(0.,0.,1.));
#4975=DIRECTION('ref_axis',(0.,1.,0.));
#4976=DIRECTION('',(0.,0.,1.));
#4977=DIRECTION('center_axis',(1.,0.,0.));
#4978=DIRECTION('ref_axis',(0.,1.,0.));
#4979=DIRECTION('',(0.,0.,1.));
#4980=DIRECTION('center_axis',(0.,0.,1.));
#4981=DIRECTION('ref_axis',(-1.,0.,0.));
#4982=DIRECTION('',(0.,0.,1.));
#4983=DIRECTION('center_axis',(0.,1.,0.));
#4984=DIRECTION('ref_axis',(-1.,0.,0.));
#4985=DIRECTION('center_axis',(1.,0.,0.));
#4986=DIRECTION('ref_axis',(0.,1.,0.));
#4987=CARTESIAN_POINT('',(0.,0.,0.));
#4988=CARTESIAN_POINT('Origin',(329.851,-136.97,11.65));
#4989=CARTESIAN_POINT('',(327.551,-136.97,11.5));
#4990=CARTESIAN_POINT('Origin',(329.851,-136.97,11.5));
#4991=CARTESIAN_POINT('',(327.851,-136.97,11.8));
#4992=CARTESIAN_POINT('',(327.701,-136.97,11.65));
#4993=CARTESIAN_POINT('Origin',(329.851,-136.97,11.8));
#4994=CARTESIAN_POINT('Origin',(162.426,-65.9855,11.5));
#4995=CARTESIAN_POINT('',(-5.99900000000002,9.999,11.5));
#4996=CARTESIAN_POINT('',(-9.999,5.999,11.5));
#4997=CARTESIAN_POINT('Origin',(-5.99900000000002,5.999,11.5));
#4998=CARTESIAN_POINT('',(330.851,9.999,11.5));
#4999=CARTESIAN_POINT('',(248.6385,9.999,11.5));
#5000=CARTESIAN_POINT('',(334.851,5.999,11.5));
#5001=CARTESIAN_POINT('Origin',(330.851,5.999,11.5));
#5002=CARTESIAN_POINT('',(334.851,-139.02883057912,11.5));
#5003=CARTESIAN_POINT('',(334.851,-103.97775,11.5));
#5004=CARTESIAN_POINT('',(330.851,-143.078691082272,11.5));
#5005=CARTESIAN_POINT('Origin',(330.851,-139.02883057912,11.5));
#5006=CARTESIAN_POINT('',(-5.99900000000001,-143.078691082272,11.5));
#5007=CARTESIAN_POINT('',(76.2135,-143.078691082272,11.5));
#5008=CARTESIAN_POINT('',(-9.999,-139.02883057912,11.5));
#5009=CARTESIAN_POINT('Origin',(-5.999,-139.02883057912,11.5));
#5010=CARTESIAN_POINT('',(-9.999,-27.99325,11.5));
#5011=CARTESIAN_POINT('',(160.126,-136.97,11.5));
#5012=CARTESIAN_POINT('Origin',(162.426,-136.97,11.5));
#5013=CARTESIAN_POINT('',(-7.29899999999999,4.999,11.5));
#5014=CARTESIAN_POINT('Origin',(-4.99899999999999,4.999,11.5));
#5015=CARTESIAN_POINT('',(327.551,4.999,11.5));
#5016=CARTESIAN_POINT('Origin',(329.851,4.999,11.5));
#5017=CARTESIAN_POINT('',(318.063,-7.288,11.5));
#5018=CARTESIAN_POINT('',(317.563,-6.78799999999996,11.5));
#5019=CARTESIAN_POINT('Origin',(317.563,-7.288,11.5));
#5020=CARTESIAN_POINT('',(302.563,-6.788,11.5));
#5021=CARTESIAN_POINT('',(239.9945,-6.788,11.5));
#5022=CARTESIAN_POINT('',(302.063,-7.288,11.5));
#5023=CARTESIAN_POINT('Origin',(302.563,-7.288,11.5));
#5024=CARTESIAN_POINT('',(302.063,-22.288,11.5));
#5025=CARTESIAN_POINT('',(302.063,-36.63675,11.5));
#5026=CARTESIAN_POINT('',(302.563,-22.788,11.5));
#5027=CARTESIAN_POINT('Origin',(302.563,-22.288,11.5));
#5028=CARTESIAN_POINT('',(317.563,-22.788,11.5));
#5029=CARTESIAN_POINT('',(232.4945,-22.7879999999999,11.5));
#5030=CARTESIAN_POINT('',(318.063,-22.288,11.5));
#5031=CARTESIAN_POINT('Origin',(317.563,-22.288,11.5));
#5032=CARTESIAN_POINT('',(318.063,-44.1367500000002,11.5));
#5033=CARTESIAN_POINT('',(185.963,-5.038,11.5));
#5034=CARTESIAN_POINT('',(110.313,-5.038,11.5));
#5035=CARTESIAN_POINT('',(136.3695,-5.038,11.5));
#5036=CARTESIAN_POINT('',(109.813,-5.538,11.5));
#5037=CARTESIAN_POINT('Origin',(110.313,-5.538,11.5));
#5038=CARTESIAN_POINT('',(109.813,-24.038,11.5));
#5039=CARTESIAN_POINT('',(109.813,-45.01175,11.5));
#5040=CARTESIAN_POINT('',(110.313,-24.538,11.5));
#5041=CARTESIAN_POINT('Origin',(110.313,-24.038,11.5));
#5042=CARTESIAN_POINT('',(185.963,-24.538,11.5));
#5043=CARTESIAN_POINT('',(174.1945,-24.538,11.5));
#5044=CARTESIAN_POINT('',(186.463,-24.038,11.5));
#5045=CARTESIAN_POINT('Origin',(185.963,-24.038,11.5));
#5046=CARTESIAN_POINT('',(186.463,-5.53800000000001,11.5));
#5047=CARTESIAN_POINT('',(186.463,-35.76175,11.5));
#5048=CARTESIAN_POINT('Origin',(185.963,-5.53800000000001,11.5));
#5049=CARTESIAN_POINT('',(272.238,-24.538,11.5));
#5050=CARTESIAN_POINT('',(290.738,-24.538,11.5));
#5051=CARTESIAN_POINT('',(226.582,-24.538,11.5));
#5052=CARTESIAN_POINT('',(291.238,-24.038,11.5));
#5053=CARTESIAN_POINT('Origin',(290.738,-24.038,11.5));
#5054=CARTESIAN_POINT('',(291.238,-5.53800000000001,11.5));
#5055=CARTESIAN_POINT('',(291.238,-35.76175,11.5));
#5056=CARTESIAN_POINT('',(290.738,-5.038,11.5));
#5057=CARTESIAN_POINT('Origin',(290.738,-5.53800000000001,11.5));
#5058=CARTESIAN_POINT('',(272.238,-5.038,11.5));
#5059=CARTESIAN_POINT('',(217.332,-5.038,11.5));
#5060=CARTESIAN_POINT('',(271.738,-5.538,11.5));
#5061=CARTESIAN_POINT('Origin',(272.238,-5.538,11.5));
#5062=CARTESIAN_POINT('',(271.738,-24.038,11.5));
#5063=CARTESIAN_POINT('',(271.738,-45.01175,11.5));
#5064=CARTESIAN_POINT('Origin',(272.238,-24.038,11.5));
#5065=CARTESIAN_POINT('',(290.738,-86.4505,11.5));
#5066=CARTESIAN_POINT('',(291.238,-85.9505,11.5));
#5067=CARTESIAN_POINT('Origin',(290.738,-85.9505,11.5));
#5068=CARTESIAN_POINT('',(291.238,-29.3505,11.5));
#5069=CARTESIAN_POINT('',(291.238,-47.668,11.5));
#5070=CARTESIAN_POINT('',(290.738,-28.8505,11.5));
#5071=CARTESIAN_POINT('Origin',(290.738,-29.3505,11.5));
#5072=CARTESIAN_POINT('',(5.53800000000001,-28.8505,11.5));
#5073=CARTESIAN_POINT('',(83.982,-28.8505,11.5));
#5074=CARTESIAN_POINT('',(5.03800000000001,-29.3505,11.5));
#5075=CARTESIAN_POINT('Origin',(5.53800000000001,-29.3505,11.5));
#5076=CARTESIAN_POINT('',(5.03800000000001,-124.0505,11.5));
#5077=CARTESIAN_POINT('',(5.03800000000002,-95.018,11.5));
#5078=CARTESIAN_POINT('',(5.53800000000001,-124.5505,11.5));
#5079=CARTESIAN_POINT('Origin',(5.53800000000002,-124.0505,11.5));
#5080=CARTESIAN_POINT('',(252.638,-124.5505,11.5));
#5081=CARTESIAN_POINT('',(207.532,-124.5505,11.5));
#5082=CARTESIAN_POINT('',(253.138,-124.0505,11.5));
#5083=CARTESIAN_POINT('Origin',(252.638,-124.0505,11.5));
#5084=CARTESIAN_POINT('',(253.138,-106.0005,11.5));
#5085=CARTESIAN_POINT('',(253.138,-85.9930000000001,11.5));
#5086=CARTESIAN_POINT('',(253.638,-105.5005,11.5));
#5087=CARTESIAN_POINT('Origin',(253.638,-106.0005,11.5));
#5088=CARTESIAN_POINT('',(271.688,-105.5005,11.5));
#5089=CARTESIAN_POINT('',(217.057,-105.5005,11.5));
#5090=CARTESIAN_POINT('',(272.188,-105.0005,11.5));
#5091=CARTESIAN_POINT('Origin',(271.688,-105.0005,11.5));
#5092=CARTESIAN_POINT('',(272.188,-86.9505,11.5));
#5093=CARTESIAN_POINT('',(272.188,-76.4679999999999,11.5));
#5094=CARTESIAN_POINT('',(272.688,-86.4505,11.5));
#5095=CARTESIAN_POINT('Origin',(272.688,-86.9505,11.5));
#5096=CARTESIAN_POINT('',(226.582,-86.4504999999999,11.5));
#5097=CARTESIAN_POINT('',(295.5005,-90.763,11.5));
#5098=CARTESIAN_POINT('',(277.0005,-90.763,11.5));
#5099=CARTESIAN_POINT('',(219.71325,-90.763,11.5));
#5100=CARTESIAN_POINT('',(276.5005,-91.263,11.5));
#5101=CARTESIAN_POINT('Origin',(277.0005,-91.263,11.5));
#5102=CARTESIAN_POINT('',(276.5005,-109.313,11.5));
#5103=CARTESIAN_POINT('',(276.5005,-87.64925,11.5));
#5104=CARTESIAN_POINT('',(276.0005,-109.813,11.5));
#5105=CARTESIAN_POINT('Origin',(276.0005,-109.313,11.5));
#5106=CARTESIAN_POINT('',(257.9505,-109.813,11.5));
#5107=CARTESIAN_POINT('',(210.18825,-109.813,11.5));
#5108=CARTESIAN_POINT('',(257.4505,-110.313,11.5));
#5109=CARTESIAN_POINT('Origin',(257.9505,-110.313,11.5));
#5110=CARTESIAN_POINT('',(257.4505,-128.813,11.5));
#5111=CARTESIAN_POINT('',(257.4505,-97.39925,11.5));
#5112=CARTESIAN_POINT('',(257.9505,-129.313,11.5));
#5113=CARTESIAN_POINT('Origin',(257.9505,-128.813,11.5));
#5114=CARTESIAN_POINT('',(314.5505,-129.313,11.5));
#5115=CARTESIAN_POINT('',(238.48825,-129.313,11.5));
#5116=CARTESIAN_POINT('',(315.0505,-128.813,11.5));
#5117=CARTESIAN_POINT('Origin',(314.5505,-128.813,11.5));
#5118=CARTESIAN_POINT('',(315.0505,-110.313,11.5));
#5119=CARTESIAN_POINT('',(315.0505,-88.14925,11.5));
#5120=CARTESIAN_POINT('',(314.5505,-109.813,11.5));
#5121=CARTESIAN_POINT('Origin',(314.5505,-110.313,11.5));
#5122=CARTESIAN_POINT('',(296.5005,-109.813,11.5));
#5123=CARTESIAN_POINT('',(229.46325,-109.813,11.5));
#5124=CARTESIAN_POINT('',(296.0005,-109.313,11.5));
#5125=CARTESIAN_POINT('Origin',(296.5005,-109.313,11.5));
#5126=CARTESIAN_POINT('',(296.0005,-91.263,11.5));
#5127=CARTESIAN_POINT('',(296.0005,-78.62425,11.5));
#5128=CARTESIAN_POINT('Origin',(295.5005,-91.263,11.5));
#5129=CARTESIAN_POINT('',(266.9255,-5.038,11.5));
#5130=CARTESIAN_POINT('',(191.2755,-5.038,11.5));
#5131=CARTESIAN_POINT('',(176.85075,-5.038,11.5));
#5132=CARTESIAN_POINT('',(190.7755,-5.538,11.5));
#5133=CARTESIAN_POINT('Origin',(191.2755,-5.538,11.5));
#5134=CARTESIAN_POINT('',(190.7755,-24.038,11.5));
#5135=CARTESIAN_POINT('',(190.7755,-45.01175,11.5));
#5136=CARTESIAN_POINT('',(191.2755,-24.538,11.5));
#5137=CARTESIAN_POINT('Origin',(191.2755,-24.038,11.5));
#5138=CARTESIAN_POINT('',(266.9255,-24.538,11.5));
#5139=CARTESIAN_POINT('',(214.67575,-24.538,11.5));
#5140=CARTESIAN_POINT('',(267.4255,-24.038,11.5));
#5141=CARTESIAN_POINT('Origin',(266.9255,-24.038,11.5));
#5142=CARTESIAN_POINT('',(267.4255,-5.53800000000001,11.5));
#5143=CARTESIAN_POINT('',(267.4255,-35.76175,11.5));
#5144=CARTESIAN_POINT('Origin',(266.9255,-5.53800000000001,11.5));
#5145=CARTESIAN_POINT('',(5.03800000000001,-5.538,11.5));
#5146=CARTESIAN_POINT('',(5.03800000000001,-24.038,11.5));
#5147=CARTESIAN_POINT('',(5.03800000000001,-45.01175,11.5));
#5148=CARTESIAN_POINT('',(5.53800000000001,-24.538,11.5));
#5149=CARTESIAN_POINT('Origin',(5.53800000000001,-24.038,11.5));
#5150=CARTESIAN_POINT('',(24.038,-24.538,11.5));
#5151=CARTESIAN_POINT('',(93.232,-24.538,11.5));
#5152=CARTESIAN_POINT('',(24.538,-24.038,11.5));
#5153=CARTESIAN_POINT('Origin',(24.038,-24.038,11.5));
#5154=CARTESIAN_POINT('',(24.538,-5.538,11.5));
#5155=CARTESIAN_POINT('',(24.538,-35.76175,11.5));
#5156=CARTESIAN_POINT('',(24.038,-5.038,11.5));
#5157=CARTESIAN_POINT('Origin',(24.038,-5.538,11.5));
#5158=CARTESIAN_POINT('',(5.53800000000001,-5.038,11.5));
#5159=CARTESIAN_POINT('',(83.982,-5.038,11.5));
#5160=CARTESIAN_POINT('Origin',(5.53800000000001,-5.538,11.5));
#5161=CARTESIAN_POINT('',(28.8505,-5.538,11.5));
#5162=CARTESIAN_POINT('',(28.8505,-24.038,11.5));
#5163=CARTESIAN_POINT('',(28.8505,-45.01175,11.5));
#5164=CARTESIAN_POINT('',(29.3505,-24.538,11.5));
#5165=CARTESIAN_POINT('Origin',(29.3505,-24.038,11.5));
#5166=CARTESIAN_POINT('',(105.0005,-24.538,11.5));
#5167=CARTESIAN_POINT('',(133.71325,-24.538,11.5));
#5168=CARTESIAN_POINT('',(105.5005,-24.038,11.5));
#5169=CARTESIAN_POINT('Origin',(105.0005,-24.038,11.5));
#5170=CARTESIAN_POINT('',(105.5005,-5.53800000000001,11.5));
#5171=CARTESIAN_POINT('',(105.5005,-35.76175,11.5));
#5172=CARTESIAN_POINT('',(105.0005,-5.038,11.5));
#5173=CARTESIAN_POINT('Origin',(105.0005,-5.53800000000001,11.5));
#5174=CARTESIAN_POINT('',(29.3505,-5.038,11.5));
#5175=CARTESIAN_POINT('',(95.88825,-5.038,11.5));
#5176=CARTESIAN_POINT('Origin',(29.3505,-5.538,11.5));
#5177=CARTESIAN_POINT('',(300.313,-29.3505,11.5));
#5178=CARTESIAN_POINT('',(300.313,-105.0005,11.5));
#5179=CARTESIAN_POINT('',(300.313,-85.493,11.5));
#5180=CARTESIAN_POINT('',(300.813,-105.5005,11.5));
#5181=CARTESIAN_POINT('Origin',(300.813,-105.0005,11.5));
#5182=CARTESIAN_POINT('',(319.313,-105.5005,11.5));
#5183=CARTESIAN_POINT('',(240.8695,-105.5005,11.5));
#5184=CARTESIAN_POINT('',(319.813,-105.0005,11.5));
#5185=CARTESIAN_POINT('Origin',(319.313,-105.0005,11.5));
#5186=CARTESIAN_POINT('',(319.813,-29.3505,11.5));
#5187=CARTESIAN_POINT('',(319.813,-47.668,11.5));
#5188=CARTESIAN_POINT('',(319.313,-28.8505,11.5));
#5189=CARTESIAN_POINT('Origin',(319.313,-29.3505,11.5));
#5190=CARTESIAN_POINT('',(300.813,-28.8505,11.5));
#5191=CARTESIAN_POINT('',(231.6195,-28.8505,11.5));
#5192=CARTESIAN_POINT('Origin',(300.813,-29.3505,11.5));
#5193=CARTESIAN_POINT('',(160.126,4.999,11.5));
#5194=CARTESIAN_POINT('Origin',(162.426,4.999,11.5));
#5195=CARTESIAN_POINT('',(-7.29899999999999,-136.97,11.5));
#5196=CARTESIAN_POINT('Origin',(-4.99899999999999,-136.97,11.5));
#5197=CARTESIAN_POINT('Origin',(329.851,-136.97,11.5));
#5198=CARTESIAN_POINT('',(327.851,-136.97,15.5));
#5199=CARTESIAN_POINT('',(327.851,-136.97,11.5));
#5200=CARTESIAN_POINT('Origin',(329.851,-136.97,15.5));
#5201=CARTESIAN_POINT('Origin',(162.426,-136.97,11.65));
#5202=CARTESIAN_POINT('',(160.426,-136.97,11.8));
#5203=CARTESIAN_POINT('',(160.276,-136.97,11.65));
#5204=CARTESIAN_POINT('Origin',(162.426,-136.97,11.8));
#5205=CARTESIAN_POINT('Origin',(162.426,-136.97,11.5));
#5206=CARTESIAN_POINT('',(160.426,-136.97,15.5));
#5207=CARTESIAN_POINT('',(160.426,-136.97,11.5));
#5208=CARTESIAN_POINT('Origin',(162.426,-136.97,15.5));
#5209=CARTESIAN_POINT('Origin',(-4.99899999999999,-136.97,11.65));
#5210=CARTESIAN_POINT('',(-6.99899999999999,-136.97,11.8));
#5211=CARTESIAN_POINT('',(-7.14899999999999,-136.97,11.65));
#5212=CARTESIAN_POINT('Origin',(-4.99899999999999,-136.97,11.8));
#5213=CARTESIAN_POINT('Origin',(-4.99899999999999,-136.97,11.5));
#5214=CARTESIAN_POINT('',(-6.99899999999999,-136.97,15.5));
#5215=CARTESIAN_POINT('',(-6.99899999999999,-136.97,11.5));
#5216=CARTESIAN_POINT('Origin',(-4.99899999999999,-136.97,15.5));
#5217=CARTESIAN_POINT('Origin',(-4.99899999999999,4.999,11.65));
#5218=CARTESIAN_POINT('',(-6.99899999999999,4.999,11.8));
#5219=CARTESIAN_POINT('',(-7.14899999999999,4.999,11.65));
#5220=CARTESIAN_POINT('Origin',(-4.99899999999999,4.999,11.8));
#5221=CARTESIAN_POINT('Origin',(-4.99899999999999,4.999,11.5));
#5222=CARTESIAN_POINT('',(-6.99899999999999,4.999,15.5));
#5223=CARTESIAN_POINT('',(-6.99899999999999,4.999,11.5));
#5224=CARTESIAN_POINT('Origin',(-4.99899999999999,4.999,15.5));
#5225=CARTESIAN_POINT('Origin',(162.426,4.999,11.65));
#5226=CARTESIAN_POINT('',(160.426,4.999,11.8));
#5227=CARTESIAN_POINT('',(160.276,4.999,11.65));
#5228=CARTESIAN_POINT('Origin',(162.426,4.999,11.8));
#5229=CARTESIAN_POINT('Origin',(162.426,4.999,11.5));
#5230=CARTESIAN_POINT('',(160.426,4.999,15.5));
#5231=CARTESIAN_POINT('',(160.426,4.999,11.5));
#5232=CARTESIAN_POINT('Origin',(162.426,4.999,15.5));
#5233=CARTESIAN_POINT('Origin',(329.851,4.999,11.65));
#5234=CARTESIAN_POINT('',(327.851,4.999,11.8));
#5235=CARTESIAN_POINT('',(327.701,4.999,11.65));
#5236=CARTESIAN_POINT('Origin',(329.851,4.999,11.8));
#5237=CARTESIAN_POINT('Origin',(329.851,4.999,11.5));
#5238=CARTESIAN_POINT('',(327.851,4.999,15.5));
#5239=CARTESIAN_POINT('',(327.851,4.999,11.5));
#5240=CARTESIAN_POINT('Origin',(329.851,4.999,15.5));
#5241=CARTESIAN_POINT('Origin',(162.426,-65.9855,15.5));
#5242=CARTESIAN_POINT('Origin',(162.426,-65.9855,15.5));
#5243=CARTESIAN_POINT('Origin',(162.426,-65.9855,15.5));
#5244=CARTESIAN_POINT('Origin',(162.426,-65.9855,15.5));
#5245=CARTESIAN_POINT('Origin',(162.426,-65.9855,15.5));
#5246=CARTESIAN_POINT('Origin',(162.426,-65.9855,15.5));
#5247=CARTESIAN_POINT('Origin',(320.013,-47.668,18.3));
#5248=CARTESIAN_POINT('',(319.813,-105.0005,18.1));
#5249=CARTESIAN_POINT('',(320.213,-105.0005,18.5));
#5250=CARTESIAN_POINT('',(319.813,-105.0005,18.1));
#5251=CARTESIAN_POINT('',(320.213,-29.3505,18.5));
#5252=CARTESIAN_POINT('',(320.213,-47.668,18.5));
#5253=CARTESIAN_POINT('',(319.813,-29.3505,18.1));
#5254=CARTESIAN_POINT('',(320.213,-29.3505,18.5));
#5255=CARTESIAN_POINT('',(319.813,-47.668,18.1));
#5256=CARTESIAN_POINT('Origin',(319.313,-105.0005,18.3));
#5257=CARTESIAN_POINT('',(319.313,-105.5005,18.1));
#5258=CARTESIAN_POINT('',(319.313,-105.9005,18.5));
#5259=CARTESIAN_POINT('',(319.313,-105.5005,18.1));
#5260=CARTESIAN_POINT('Origin',(319.313,-105.0005,18.5));
#5261=CARTESIAN_POINT('Origin',(319.313,-105.0005,18.1));
#5262=CARTESIAN_POINT('Origin',(240.8695,-105.7005,18.3));
#5263=CARTESIAN_POINT('',(300.813,-105.5005,18.1));
#5264=CARTESIAN_POINT('',(300.813,-105.9005,18.5));
#5265=CARTESIAN_POINT('',(300.813,-105.5005,18.1));
#5266=CARTESIAN_POINT('',(240.8695,-105.9005,18.5));
#5267=CARTESIAN_POINT('',(240.8695,-105.5005,18.1));
#5268=CARTESIAN_POINT('Origin',(300.813,-105.0005,18.3));
#5269=CARTESIAN_POINT('',(300.313,-105.0005,18.1));
#5270=CARTESIAN_POINT('',(299.913,-105.0005,18.5));
#5271=CARTESIAN_POINT('',(300.313,-105.0005,18.1));
#5272=CARTESIAN_POINT('Origin',(300.813,-105.0005,18.5));
#5273=CARTESIAN_POINT('Origin',(300.813,-105.0005,18.1));
#5274=CARTESIAN_POINT('Origin',(300.113,-85.493,18.3));
#5275=CARTESIAN_POINT('',(300.313,-29.3505,18.1));
#5276=CARTESIAN_POINT('',(299.913,-29.3505,18.5));
#5277=CARTESIAN_POINT('',(300.313,-29.3505,18.1));
#5278=CARTESIAN_POINT('',(299.913,-85.493,18.5));
#5279=CARTESIAN_POINT('',(300.313,-85.493,18.1));
#5280=CARTESIAN_POINT('Origin',(300.813,-29.3505,18.3));
#5281=CARTESIAN_POINT('',(300.813,-28.8505,18.1));
#5282=CARTESIAN_POINT('',(300.813,-28.4505,18.5));
#5283=CARTESIAN_POINT('',(300.813,-28.8505,18.1));
#5284=CARTESIAN_POINT('Origin',(300.813,-29.3505,18.5));
#5285=CARTESIAN_POINT('Origin',(300.813,-29.3505,18.1));
#5286=CARTESIAN_POINT('Origin',(231.6195,-28.6505,18.3));
#5287=CARTESIAN_POINT('',(319.313,-28.8505,18.1));
#5288=CARTESIAN_POINT('',(319.313,-28.4505,18.5));
#5289=CARTESIAN_POINT('',(319.313,-28.8505,18.1));
#5290=CARTESIAN_POINT('',(231.6195,-28.4505,18.5));
#5291=CARTESIAN_POINT('',(231.6195,-28.8505,18.1));
#5292=CARTESIAN_POINT('Origin',(319.313,-29.3505,18.3));
#5293=CARTESIAN_POINT('Origin',(319.313,-29.3505,18.5));
#5294=CARTESIAN_POINT('Origin',(319.313,-29.3505,18.1));
#5295=CARTESIAN_POINT('Origin',(300.813,-105.0005,11.5));
#5296=CARTESIAN_POINT('',(300.813,-105.5005,11.5));
#5297=CARTESIAN_POINT('',(300.313,-105.0005,11.5));
#5298=CARTESIAN_POINT('Origin',(319.313,-105.5005,11.5));
#5299=CARTESIAN_POINT('',(319.313,-105.5005,11.5));
#5300=CARTESIAN_POINT('Origin',(319.313,-105.0005,11.5));
#5301=CARTESIAN_POINT('',(319.813,-105.0005,11.5));
#5302=CARTESIAN_POINT('Origin',(319.813,-29.3505,11.5));
#5303=CARTESIAN_POINT('',(319.813,-29.3505,11.5));
#5304=CARTESIAN_POINT('Origin',(162.426,-65.9855,18.5));
#5305=CARTESIAN_POINT('',(333.851,5.999,18.5));
#5306=CARTESIAN_POINT('',(333.851,-137.920139496848,18.5));
#5307=CARTESIAN_POINT('',(333.851,-103.97775,18.5));
#5308=CARTESIAN_POINT('',(330.851,8.99899999999996,18.5));
#5309=CARTESIAN_POINT('Origin',(330.851,5.999,18.5));
#5310=CARTESIAN_POINT('',(-5.99900000000002,8.999,18.5));
#5311=CARTESIAN_POINT('',(248.6385,8.999,18.5));
#5312=CARTESIAN_POINT('',(-8.99900000000002,5.999,18.5));
#5313=CARTESIAN_POINT('Origin',(-5.99900000000002,5.999,18.5));
#5314=CARTESIAN_POINT('',(-8.999,-137.920139496848,18.5));
#5315=CARTESIAN_POINT('',(-8.999,-27.99325,18.5));
#5316=CARTESIAN_POINT('',(-8.99668966565063,-138.039806288075,18.5));
#5317=CARTESIAN_POINT('Ctrl Pts',(-8.99668966565063,-138.039806288075,18.5));
#5318=CARTESIAN_POINT('Ctrl Pts',(-8.9982296785051,-137.99993815671,18.5));
#5319=CARTESIAN_POINT('Ctrl Pts',(-8.999,-137.960038827732,18.5));
#5320=CARTESIAN_POINT('Ctrl Pts',(-8.999,-137.920139496848,18.5));
#5321=CARTESIAN_POINT('',(-5.99900000000002,-140.97,18.5));
#5322=CARTESIAN_POINT('Ctrl Pts',(-5.99899999999998,-140.97,18.5));
#5323=CARTESIAN_POINT('Ctrl Pts',(-6.65271833272193,-140.97,18.5));
#5324=CARTESIAN_POINT('Ctrl Pts',(-8.18165510907179,-140.446912412265,18.5));
#5325=CARTESIAN_POINT('Ctrl Pts',(-8.96220668846522,-138.932507839427,18.5));
#5326=CARTESIAN_POINT('Ctrl Pts',(-8.99668966565063,-138.039806288075,18.5));
#5327=CARTESIAN_POINT('',(330.851,-140.97,18.5));
#5328=CARTESIAN_POINT('',(76.2135,-140.97,18.5));
#5329=CARTESIAN_POINT('',(333.848689665651,-138.039806288075,18.5));
#5330=CARTESIAN_POINT('Ctrl Pts',(333.848689665651,-138.039806288075,18.5));
#5331=CARTESIAN_POINT('Ctrl Pts',(333.822827432762,-138.709332451589,18.5));
#5332=CARTESIAN_POINT('Ctrl Pts',(333.235935177036,-140.250727503107,18.5));
#5333=CARTESIAN_POINT('Ctrl Pts',(331.722624443629,-140.97,18.5));
#5334=CARTESIAN_POINT('Ctrl Pts',(330.851,-140.97,18.5));
#5335=CARTESIAN_POINT('Ctrl Pts',(333.851,-137.920139496848,18.5));
#5336=CARTESIAN_POINT('Ctrl Pts',(333.851,-137.960038827732,18.5));
#5337=CARTESIAN_POINT('Ctrl Pts',(333.850229678505,-137.99993815671,18.5));
#5338=CARTESIAN_POINT('Ctrl Pts',(333.848689665651,-138.039806288075,18.5));
#5339=CARTESIAN_POINT('',(276.0005,-109.413,18.5));
#5340=CARTESIAN_POINT('',(257.9505,-109.413,18.5));
#5341=CARTESIAN_POINT('',(210.18825,-109.413,18.5));
#5342=CARTESIAN_POINT('',(276.1005,-109.313,18.5));
#5343=CARTESIAN_POINT('Origin',(276.0005,-109.313,18.5));
#5344=CARTESIAN_POINT('',(276.1005,-91.263,18.5));
#5345=CARTESIAN_POINT('',(276.1005,-87.64925,18.5));
#5346=CARTESIAN_POINT('',(277.0005,-90.363,18.5));
#5347=CARTESIAN_POINT('Origin',(277.0005,-91.263,18.5));
#5348=CARTESIAN_POINT('',(295.5005,-90.363,18.5));
#5349=CARTESIAN_POINT('',(219.71325,-90.363,18.5));
#5350=CARTESIAN_POINT('',(296.4005,-91.263,18.5));
#5351=CARTESIAN_POINT('Origin',(295.5005,-91.263,18.5));
#5352=CARTESIAN_POINT('',(296.4005,-109.313,18.5));
#5353=CARTESIAN_POINT('',(296.4005,-78.62425,18.5));
#5354=CARTESIAN_POINT('',(296.5005,-109.413,18.5));
#5355=CARTESIAN_POINT('Origin',(296.5005,-109.313,18.5));
#5356=CARTESIAN_POINT('',(314.5505,-109.413,18.5));
#5357=CARTESIAN_POINT('',(229.46325,-109.413,18.5));
#5358=CARTESIAN_POINT('',(315.4505,-110.313,18.5));
#5359=CARTESIAN_POINT('Origin',(314.5505,-110.313,18.5));
#5360=CARTESIAN_POINT('',(315.4505,-128.813,18.5));
#5361=CARTESIAN_POINT('',(315.4505,-88.14925,18.5));
#5362=CARTESIAN_POINT('',(314.5505,-129.713,18.5));
#5363=CARTESIAN_POINT('Origin',(314.5505,-128.813,18.5));
#5364=CARTESIAN_POINT('',(257.9505,-129.713,18.5));
#5365=CARTESIAN_POINT('',(238.48825,-129.713,18.5));
#5366=CARTESIAN_POINT('',(257.0505,-128.813,18.5));
#5367=CARTESIAN_POINT('Origin',(257.9505,-128.813,18.5));
#5368=CARTESIAN_POINT('',(257.0505,-110.313,18.5));
#5369=CARTESIAN_POINT('',(257.0505,-97.39925,18.5));
#5370=CARTESIAN_POINT('Origin',(257.9505,-110.313,18.5));
#5371=CARTESIAN_POINT('',(290.738,-4.638,18.5));
#5372=CARTESIAN_POINT('',(272.238,-4.638,18.5));
#5373=CARTESIAN_POINT('',(217.332,-4.638,18.5));
#5374=CARTESIAN_POINT('',(291.638,-5.53800000000001,18.5));
#5375=CARTESIAN_POINT('Origin',(290.738,-5.53800000000001,18.5));
#5376=CARTESIAN_POINT('',(291.638,-24.038,18.5));
#5377=CARTESIAN_POINT('',(291.638,-35.76175,18.5));
#5378=CARTESIAN_POINT('',(290.738,-24.938,18.5));
#5379=CARTESIAN_POINT('Origin',(290.738,-24.038,18.5));
#5380=CARTESIAN_POINT('',(272.238,-24.938,18.5));
#5381=CARTESIAN_POINT('',(226.582,-24.938,18.5));
#5382=CARTESIAN_POINT('',(271.338,-24.038,18.5));
#5383=CARTESIAN_POINT('Origin',(272.238,-24.038,18.5));
#5384=CARTESIAN_POINT('',(271.338,-5.538,18.5));
#5385=CARTESIAN_POINT('',(271.338,-45.01175,18.5));
#5386=CARTESIAN_POINT('Origin',(272.238,-5.538,18.5));
#5387=CARTESIAN_POINT('',(185.963,-4.638,18.5));
#5388=CARTESIAN_POINT('',(110.313,-4.638,18.5));
#5389=CARTESIAN_POINT('',(136.3695,-4.638,18.5));
#5390=CARTESIAN_POINT('',(186.863,-5.53800000000001,18.5));
#5391=CARTESIAN_POINT('Origin',(185.963,-5.53800000000001,18.5));
#5392=CARTESIAN_POINT('',(186.863,-24.038,18.5));
#5393=CARTESIAN_POINT('',(186.863,-35.76175,18.5));
#5394=CARTESIAN_POINT('',(185.963,-24.938,18.5));
#5395=CARTESIAN_POINT('Origin',(185.963,-24.038,18.5));
#5396=CARTESIAN_POINT('',(110.313,-24.938,18.5));
#5397=CARTESIAN_POINT('',(174.1945,-24.938,18.5));
#5398=CARTESIAN_POINT('',(109.413,-24.038,18.5));
#5399=CARTESIAN_POINT('Origin',(110.313,-24.038,18.5));
#5400=CARTESIAN_POINT('',(109.413,-5.538,18.5));
#5401=CARTESIAN_POINT('',(109.413,-45.01175,18.5));
#5402=CARTESIAN_POINT('Origin',(110.313,-5.538,18.5));
#5403=CARTESIAN_POINT('',(24.038,-4.638,18.5));
#5404=CARTESIAN_POINT('',(5.53800000000001,-4.638,18.5));
#5405=CARTESIAN_POINT('',(83.982,-4.638,18.5));
#5406=CARTESIAN_POINT('',(24.938,-5.538,18.5));
#5407=CARTESIAN_POINT('Origin',(24.038,-5.538,18.5));
#5408=CARTESIAN_POINT('',(24.938,-24.038,18.5));
#5409=CARTESIAN_POINT('',(24.938,-35.76175,18.5));
#5410=CARTESIAN_POINT('',(24.038,-24.938,18.5));
#5411=CARTESIAN_POINT('Origin',(24.038,-24.038,18.5));
#5412=CARTESIAN_POINT('',(5.53800000000001,-24.938,18.5));
#5413=CARTESIAN_POINT('',(93.232,-24.938,18.5));
#5414=CARTESIAN_POINT('',(4.63800000000001,-24.038,18.5));
#5415=CARTESIAN_POINT('Origin',(5.53800000000001,-24.038,18.5));
#5416=CARTESIAN_POINT('',(4.63800000000001,-5.538,18.5));
#5417=CARTESIAN_POINT('',(4.63800000000001,-45.01175,18.5));
#5418=CARTESIAN_POINT('Origin',(5.53800000000001,-5.538,18.5));
#5419=CARTESIAN_POINT('',(306.063,-14.788,18.5));
#5420=CARTESIAN_POINT('Origin',(310.063,-14.788,18.5));
#5421=CARTESIAN_POINT('',(105.0005,-4.638,18.5));
#5422=CARTESIAN_POINT('',(29.3505,-4.638,18.5));
#5423=CARTESIAN_POINT('',(95.88825,-4.638,18.5));
#5424=CARTESIAN_POINT('',(105.9005,-5.53800000000001,18.5));
#5425=CARTESIAN_POINT('Origin',(105.0005,-5.53800000000001,18.5));
#5426=CARTESIAN_POINT('',(105.9005,-24.038,18.5));
#5427=CARTESIAN_POINT('',(105.9005,-35.76175,18.5));
#5428=CARTESIAN_POINT('',(105.0005,-24.938,18.5));
#5429=CARTESIAN_POINT('Origin',(105.0005,-24.038,18.5));
#5430=CARTESIAN_POINT('',(29.3505,-24.938,18.5));
#5431=CARTESIAN_POINT('',(133.71325,-24.938,18.5));
#5432=CARTESIAN_POINT('',(28.4505,-24.038,18.5));
#5433=CARTESIAN_POINT('Origin',(29.3505,-24.038,18.5));
#5434=CARTESIAN_POINT('',(28.4505,-5.538,18.5));
#5435=CARTESIAN_POINT('',(28.4505,-45.01175,18.5));
#5436=CARTESIAN_POINT('Origin',(29.3505,-5.538,18.5));
#5437=CARTESIAN_POINT('',(266.9255,-4.638,18.5));
#5438=CARTESIAN_POINT('',(191.2755,-4.638,18.5));
#5439=CARTESIAN_POINT('',(176.85075,-4.638,18.5));
#5440=CARTESIAN_POINT('',(267.8255,-5.53800000000001,18.5));
#5441=CARTESIAN_POINT('Origin',(266.9255,-5.53800000000001,18.5));
#5442=CARTESIAN_POINT('',(267.8255,-24.038,18.5));
#5443=CARTESIAN_POINT('',(267.8255,-35.76175,18.5));
#5444=CARTESIAN_POINT('',(266.9255,-24.938,18.5));
#5445=CARTESIAN_POINT('Origin',(266.9255,-24.038,18.5));
#5446=CARTESIAN_POINT('',(191.2755,-24.938,18.5));
#5447=CARTESIAN_POINT('',(214.67575,-24.938,18.5));
#5448=CARTESIAN_POINT('',(190.3755,-24.038,18.5));
#5449=CARTESIAN_POINT('Origin',(191.2755,-24.038,18.5));
#5450=CARTESIAN_POINT('',(190.3755,-5.538,18.5));
#5451=CARTESIAN_POINT('',(190.3755,-45.01175,18.5));
#5452=CARTESIAN_POINT('Origin',(191.2755,-5.538,18.5));
#5453=CARTESIAN_POINT('',(290.738,-28.4505,18.5));
#5454=CARTESIAN_POINT('',(5.53800000000001,-28.4505,18.5));
#5455=CARTESIAN_POINT('',(83.982,-28.4505,18.5));
#5456=CARTESIAN_POINT('',(291.638,-29.3505,18.5));
#5457=CARTESIAN_POINT('Origin',(290.738,-29.3505,18.5));
#5458=CARTESIAN_POINT('',(291.638,-85.9505,18.5));
#5459=CARTESIAN_POINT('',(291.638,-47.668,18.5));
#5460=CARTESIAN_POINT('',(290.738,-86.8505,18.5));
#5461=CARTESIAN_POINT('Origin',(290.738,-85.9505,18.5));
#5462=CARTESIAN_POINT('',(272.688,-86.8505,18.5));
#5463=CARTESIAN_POINT('',(226.582,-86.8504999999999,18.5));
#5464=CARTESIAN_POINT('',(272.588,-86.9505,18.5));
#5465=CARTESIAN_POINT('Origin',(272.688,-86.9505,18.5));
#5466=CARTESIAN_POINT('',(272.588,-105.0005,18.5));
#5467=CARTESIAN_POINT('',(272.588,-76.4679999999999,18.5));
#5468=CARTESIAN_POINT('',(271.688,-105.9005,18.5));
#5469=CARTESIAN_POINT('Origin',(271.688,-105.0005,18.5));
#5470=CARTESIAN_POINT('',(253.638,-105.9005,18.5));
#5471=CARTESIAN_POINT('',(217.057,-105.9005,18.5));
#5472=CARTESIAN_POINT('',(253.538,-106.0005,18.5));
#5473=CARTESIAN_POINT('Origin',(253.638,-106.0005,18.5));
#5474=CARTESIAN_POINT('',(253.538,-124.0505,18.5));
#5475=CARTESIAN_POINT('',(253.538,-85.9930000000001,18.5));
#5476=CARTESIAN_POINT('',(252.638,-124.9505,18.5));
#5477=CARTESIAN_POINT('Origin',(252.638,-124.0505,18.5));
#5478=CARTESIAN_POINT('',(5.53800000000003,-124.9505,18.5));
#5479=CARTESIAN_POINT('',(207.532,-124.9505,18.5));
#5480=CARTESIAN_POINT('',(4.63800000000002,-124.0505,18.5));
#5481=CARTESIAN_POINT('Origin',(5.53800000000002,-124.0505,18.5));
#5482=CARTESIAN_POINT('',(4.63800000000002,-29.3505,18.5));
#5483=CARTESIAN_POINT('',(4.63800000000002,-95.018,18.5));
#5484=CARTESIAN_POINT('Origin',(5.53800000000001,-29.3505,18.5));
#5485=CARTESIAN_POINT('Origin',(210.18825,-109.613,18.3));
#5486=CARTESIAN_POINT('',(276.0005,-109.813,18.1));
#5487=CARTESIAN_POINT('',(276.0005,-109.813,18.1));
#5488=CARTESIAN_POINT('',(257.9505,-109.813,18.1));
#5489=CARTESIAN_POINT('',(257.9505,-109.413,18.5));
#5490=CARTESIAN_POINT('',(210.18825,-109.813,18.1));
#5491=CARTESIAN_POINT('Origin',(276.0005,-109.313,18.3));
#5492=CARTESIAN_POINT('',(276.5005,-109.313,18.1));
#5493=CARTESIAN_POINT('',(276.5005,-109.313,18.1));
#5494=CARTESIAN_POINT('Origin',(276.0005,-109.313,18.1));
#5495=CARTESIAN_POINT('Origin',(276.3005,-87.64925,18.3));
#5496=CARTESIAN_POINT('',(276.5005,-91.263,18.1));
#5497=CARTESIAN_POINT('',(276.5005,-91.263,18.1));
#5498=CARTESIAN_POINT('',(276.5005,-87.64925,18.1));
#5499=CARTESIAN_POINT('Origin',(277.0005,-91.263,18.3));
#5500=CARTESIAN_POINT('',(277.0005,-90.763,18.1));
#5501=CARTESIAN_POINT('',(277.0005,-90.763,18.1));
#5502=CARTESIAN_POINT('Origin',(277.0005,-91.263,18.1));
#5503=CARTESIAN_POINT('Origin',(219.71325,-90.563,18.3));
#5504=CARTESIAN_POINT('',(295.5005,-90.763,18.1));
#5505=CARTESIAN_POINT('',(295.5005,-90.763,18.1));
#5506=CARTESIAN_POINT('',(219.71325,-90.763,18.1));
#5507=CARTESIAN_POINT('Origin',(295.5005,-91.263,18.3));
#5508=CARTESIAN_POINT('',(296.0005,-91.263,18.1));
#5509=CARTESIAN_POINT('',(296.0005,-91.263,18.1));
#5510=CARTESIAN_POINT('Origin',(295.5005,-91.263,18.1));
#5511=CARTESIAN_POINT('Origin',(296.2005,-78.62425,18.3));
#5512=CARTESIAN_POINT('',(296.0005,-109.313,18.1));
#5513=CARTESIAN_POINT('',(296.0005,-109.313,18.1));
#5514=CARTESIAN_POINT('',(296.0005,-78.62425,18.1));
#5515=CARTESIAN_POINT('Origin',(296.5005,-109.313,18.3));
#5516=CARTESIAN_POINT('',(296.5005,-109.813,18.1));
#5517=CARTESIAN_POINT('',(296.5005,-109.813,18.1));
#5518=CARTESIAN_POINT('Origin',(296.5005,-109.313,18.1));
#5519=CARTESIAN_POINT('Origin',(229.46325,-109.613,18.3));
#5520=CARTESIAN_POINT('',(314.5505,-109.813,18.1));
#5521=CARTESIAN_POINT('',(314.5505,-109.813,18.1));
#5522=CARTESIAN_POINT('',(229.46325,-109.813,18.1));
#5523=CARTESIAN_POINT('Origin',(314.5505,-110.313,18.3));
#5524=CARTESIAN_POINT('',(315.0505,-110.313,18.1));
#5525=CARTESIAN_POINT('',(315.0505,-110.313,18.1));
#5526=CARTESIAN_POINT('Origin',(314.5505,-110.313,18.1));
#5527=CARTESIAN_POINT('Origin',(315.2505,-88.14925,18.3));
#5528=CARTESIAN_POINT('',(315.0505,-128.813,18.1));
#5529=CARTESIAN_POINT('',(315.0505,-128.813,18.1));
#5530=CARTESIAN_POINT('',(315.0505,-88.14925,18.1));
#5531=CARTESIAN_POINT('Origin',(314.5505,-128.813,18.3));
#5532=CARTESIAN_POINT('',(314.5505,-129.313,18.1));
#5533=CARTESIAN_POINT('',(314.5505,-129.313,18.1));
#5534=CARTESIAN_POINT('Origin',(314.5505,-128.813,18.1));
#5535=CARTESIAN_POINT('Origin',(238.48825,-129.513,18.3));
#5536=CARTESIAN_POINT('',(257.9505,-129.313,18.1));
#5537=CARTESIAN_POINT('',(257.9505,-129.313,18.1));
#5538=CARTESIAN_POINT('',(238.48825,-129.313,18.1));
#5539=CARTESIAN_POINT('Origin',(257.9505,-128.813,18.3));
#5540=CARTESIAN_POINT('',(257.4505,-128.813,18.1));
#5541=CARTESIAN_POINT('',(257.4505,-128.813,18.1));
#5542=CARTESIAN_POINT('Origin',(257.9505,-128.813,18.1));
#5543=CARTESIAN_POINT('Origin',(257.2505,-97.39925,18.3));
#5544=CARTESIAN_POINT('',(257.4505,-110.313,18.1));
#5545=CARTESIAN_POINT('',(257.4505,-110.313,18.1));
#5546=CARTESIAN_POINT('',(257.4505,-97.39925,18.1));
#5547=CARTESIAN_POINT('Origin',(257.9505,-110.313,18.3));
#5548=CARTESIAN_POINT('Origin',(257.9505,-110.313,18.1));
#5549=CARTESIAN_POINT('Origin',(296.5005,-109.313,11.5));
#5550=CARTESIAN_POINT('',(296.0005,-109.313,11.5));
#5551=CARTESIAN_POINT('',(296.5005,-109.813,11.5));
#5552=CARTESIAN_POINT('Origin',(296.0005,-91.263,11.5));
#5553=CARTESIAN_POINT('',(296.0005,-91.263,11.5));
#5554=CARTESIAN_POINT('Origin',(295.5005,-91.263,11.5));
#5555=CARTESIAN_POINT('',(295.5005,-90.763,11.5));
#5556=CARTESIAN_POINT('Origin',(277.0005,-90.763,11.5));
#5557=CARTESIAN_POINT('',(277.0005,-90.763,11.5));
#5558=CARTESIAN_POINT('Origin',(277.0005,-91.263,11.5));
#5559=CARTESIAN_POINT('',(276.5005,-91.263,11.5));
#5560=CARTESIAN_POINT('Origin',(276.5005,-109.313,11.5));
#5561=CARTESIAN_POINT('',(276.5005,-109.313,11.5));
#5562=CARTESIAN_POINT('Origin',(276.0005,-109.313,11.5));
#5563=CARTESIAN_POINT('',(276.0005,-109.813,11.5));
#5564=CARTESIAN_POINT('Origin',(257.9505,-109.813,11.5));
#5565=CARTESIAN_POINT('',(257.9505,-109.813,11.5));
#5566=CARTESIAN_POINT('Origin',(83.982,-28.6505,18.3));
#5567=CARTESIAN_POINT('',(290.738,-28.8505,18.1));
#5568=CARTESIAN_POINT('',(290.738,-28.8505,18.1));
#5569=CARTESIAN_POINT('',(5.53800000000001,-28.8505,18.1));
#5570=CARTESIAN_POINT('',(5.53800000000001,-28.4505,18.5));
#5571=CARTESIAN_POINT('',(83.982,-28.8505,18.1));
#5572=CARTESIAN_POINT('Origin',(290.738,-29.3505,18.3));
#5573=CARTESIAN_POINT('',(291.238,-29.3505,18.1));
#5574=CARTESIAN_POINT('',(291.238,-29.3505,18.1));
#5575=CARTESIAN_POINT('Origin',(290.738,-29.3505,18.1));
#5576=CARTESIAN_POINT('Origin',(291.438,-47.668,18.3));
#5577=CARTESIAN_POINT('',(291.238,-85.9505,18.1));
#5578=CARTESIAN_POINT('',(291.238,-85.9505,18.1));
#5579=CARTESIAN_POINT('',(291.238,-47.668,18.1));
#5580=CARTESIAN_POINT('Origin',(290.738,-85.9505,18.3));
#5581=CARTESIAN_POINT('',(290.738,-86.4505,18.1));
#5582=CARTESIAN_POINT('',(290.738,-86.4505,18.1));
#5583=CARTESIAN_POINT('Origin',(290.738,-85.9505,18.1));
#5584=CARTESIAN_POINT('Origin',(226.582,-86.6504999999999,18.3));
#5585=CARTESIAN_POINT('',(272.688,-86.4505,18.1));
#5586=CARTESIAN_POINT('',(272.688,-86.4505,18.1));
#5587=CARTESIAN_POINT('',(226.582,-86.4504999999999,18.1));
#5588=CARTESIAN_POINT('Origin',(272.688,-86.9505,18.3));
#5589=CARTESIAN_POINT('',(272.188,-86.9505,18.1));
#5590=CARTESIAN_POINT('',(272.188,-86.9505,18.1));
#5591=CARTESIAN_POINT('Origin',(272.688,-86.9505,18.1));
#5592=CARTESIAN_POINT('Origin',(272.388,-76.4679999999999,18.3));
#5593=CARTESIAN_POINT('',(272.188,-105.0005,18.1));
#5594=CARTESIAN_POINT('',(272.188,-105.0005,18.1));
#5595=CARTESIAN_POINT('',(272.188,-76.4679999999999,18.1));
#5596=CARTESIAN_POINT('Origin',(271.688,-105.0005,18.3));
#5597=CARTESIAN_POINT('',(271.688,-105.5005,18.1));
#5598=CARTESIAN_POINT('',(271.688,-105.5005,18.1));
#5599=CARTESIAN_POINT('Origin',(271.688,-105.0005,18.1));
#5600=CARTESIAN_POINT('Origin',(217.057,-105.7005,18.3));
#5601=CARTESIAN_POINT('',(253.638,-105.5005,18.1));
#5602=CARTESIAN_POINT('',(253.638,-105.5005,18.1));
#5603=CARTESIAN_POINT('',(217.057,-105.5005,18.1));
#5604=CARTESIAN_POINT('Origin',(253.638,-106.0005,18.3));
#5605=CARTESIAN_POINT('',(253.138,-106.0005,18.1));
#5606=CARTESIAN_POINT('',(253.138,-106.0005,18.1));
#5607=CARTESIAN_POINT('Origin',(253.638,-106.0005,18.1));
#5608=CARTESIAN_POINT('Origin',(253.338,-85.9930000000001,18.3));
#5609=CARTESIAN_POINT('',(253.138,-124.0505,18.1));
#5610=CARTESIAN_POINT('',(253.138,-124.0505,18.1));
#5611=CARTESIAN_POINT('',(253.138,-85.9930000000001,18.1));
#5612=CARTESIAN_POINT('Origin',(252.638,-124.0505,18.3));
#5613=CARTESIAN_POINT('',(252.638,-124.5505,18.1));
#5614=CARTESIAN_POINT('',(252.638,-124.5505,18.1));
#5615=CARTESIAN_POINT('Origin',(252.638,-124.0505,18.1));
#5616=CARTESIAN_POINT('Origin',(207.532,-124.7505,18.3));
#5617=CARTESIAN_POINT('',(5.53800000000001,-124.5505,18.1));
#5618=CARTESIAN_POINT('',(5.53800000000001,-124.5505,18.1));
#5619=CARTESIAN_POINT('',(207.532,-124.5505,18.1));
#5620=CARTESIAN_POINT('Origin',(5.53800000000002,-124.0505,18.3));
#5621=CARTESIAN_POINT('',(5.03800000000001,-124.0505,18.1));
#5622=CARTESIAN_POINT('',(5.03800000000001,-124.0505,18.1));
#5623=CARTESIAN_POINT('Origin',(5.53800000000002,-124.0505,18.1));
#5624=CARTESIAN_POINT('Origin',(4.83800000000002,-95.018,18.3));
#5625=CARTESIAN_POINT('',(5.03800000000001,-29.3505,18.1));
#5626=CARTESIAN_POINT('',(5.03800000000001,-29.3505,18.1));
#5627=CARTESIAN_POINT('',(5.03800000000002,-95.018,18.1));
#5628=CARTESIAN_POINT('Origin',(5.53800000000001,-29.3505,18.3));
#5629=CARTESIAN_POINT('Origin',(5.53800000000001,-29.3505,18.1));
#5630=CARTESIAN_POINT('Origin',(271.688,-105.0005,11.5));
#5631=CARTESIAN_POINT('',(272.188,-105.0005,11.5));
#5632=CARTESIAN_POINT('',(271.688,-105.5005,11.5));
#5633=CARTESIAN_POINT('Origin',(272.188,-86.9505,11.5));
#5634=CARTESIAN_POINT('',(272.188,-86.9505,11.5));
#5635=CARTESIAN_POINT('Origin',(272.688,-86.9505,11.5));
#5636=CARTESIAN_POINT('',(272.688,-86.4505,11.5));
#5637=CARTESIAN_POINT('Origin',(290.738,-86.4505,11.5));
#5638=CARTESIAN_POINT('',(290.738,-86.4505,11.5));
#5639=CARTESIAN_POINT('Origin',(290.738,-85.9505,11.5));
#5640=CARTESIAN_POINT('',(291.238,-85.9505,11.5));
#5641=CARTESIAN_POINT('Origin',(291.238,-29.3505,11.5));
#5642=CARTESIAN_POINT('',(291.238,-29.3505,11.5));
#5643=CARTESIAN_POINT('Origin',(290.738,-29.3505,11.5));
#5644=CARTESIAN_POINT('',(290.738,-28.8505,11.5));
#5645=CARTESIAN_POINT('Origin',(5.53800000000001,-28.8505,11.5));
#5646=CARTESIAN_POINT('',(5.53800000000001,-28.8505,11.5));
#5647=CARTESIAN_POINT('Origin',(217.332,-4.838,18.3));
#5648=CARTESIAN_POINT('',(290.738,-5.038,18.1));
#5649=CARTESIAN_POINT('',(290.738,-5.038,18.1));
#5650=CARTESIAN_POINT('',(272.238,-5.038,18.1));
#5651=CARTESIAN_POINT('',(272.238,-4.638,18.5));
#5652=CARTESIAN_POINT('',(217.332,-5.038,18.1));
#5653=CARTESIAN_POINT('Origin',(290.738,-5.53800000000001,18.3));
#5654=CARTESIAN_POINT('',(291.238,-5.53800000000001,18.1));
#5655=CARTESIAN_POINT('',(291.238,-5.53800000000001,18.1));
#5656=CARTESIAN_POINT('Origin',(290.738,-5.53800000000001,18.1));
#5657=CARTESIAN_POINT('Origin',(291.438,-35.76175,18.3));
#5658=CARTESIAN_POINT('',(291.238,-24.038,18.1));
#5659=CARTESIAN_POINT('',(291.238,-24.038,18.1));
#5660=CARTESIAN_POINT('',(291.238,-35.76175,18.1));
#5661=CARTESIAN_POINT('Origin',(290.738,-24.038,18.3));
#5662=CARTESIAN_POINT('',(290.738,-24.538,18.1));
#5663=CARTESIAN_POINT('',(290.738,-24.538,18.1));
#5664=CARTESIAN_POINT('Origin',(290.738,-24.038,18.1));
#5665=CARTESIAN_POINT('Origin',(226.582,-24.738,18.3));
#5666=CARTESIAN_POINT('',(272.238,-24.538,18.1));
#5667=CARTESIAN_POINT('',(272.238,-24.538,18.1));
#5668=CARTESIAN_POINT('',(226.582,-24.538,18.1));
#5669=CARTESIAN_POINT('Origin',(272.238,-24.038,18.3));
#5670=CARTESIAN_POINT('',(271.738,-24.038,18.1));
#5671=CARTESIAN_POINT('',(271.738,-24.038,18.1));
#5672=CARTESIAN_POINT('Origin',(272.238,-24.038,18.1));
#5673=CARTESIAN_POINT('Origin',(271.538,-45.01175,18.3));
#5674=CARTESIAN_POINT('',(271.738,-5.538,18.1));
#5675=CARTESIAN_POINT('',(271.738,-5.538,18.1));
#5676=CARTESIAN_POINT('',(271.738,-45.01175,18.1));
#5677=CARTESIAN_POINT('Origin',(272.238,-5.538,18.3));
#5678=CARTESIAN_POINT('Origin',(272.238,-5.538,18.1));
#5679=CARTESIAN_POINT('Origin',(290.738,-24.038,11.5));
#5680=CARTESIAN_POINT('',(291.238,-24.038,11.5));
#5681=CARTESIAN_POINT('',(290.738,-24.538,11.5));
#5682=CARTESIAN_POINT('Origin',(291.238,-5.53800000000001,11.5));
#5683=CARTESIAN_POINT('',(291.238,-5.53800000000001,11.5));
#5684=CARTESIAN_POINT('Origin',(290.738,-5.53800000000001,11.5));
#5685=CARTESIAN_POINT('',(290.738,-5.038,11.5));
#5686=CARTESIAN_POINT('Origin',(272.238,-5.038,11.5));
#5687=CARTESIAN_POINT('',(272.238,-5.038,11.5));
#5688=CARTESIAN_POINT('Origin',(176.85075,-4.838,18.3));
#5689=CARTESIAN_POINT('',(266.9255,-5.038,18.1));
#5690=CARTESIAN_POINT('',(266.9255,-5.038,18.1));
#5691=CARTESIAN_POINT('',(191.2755,-5.038,18.1));
#5692=CARTESIAN_POINT('',(191.2755,-4.638,18.5));
#5693=CARTESIAN_POINT('',(176.85075,-5.038,18.1));
#5694=CARTESIAN_POINT('Origin',(266.9255,-5.53800000000001,18.3));
#5695=CARTESIAN_POINT('',(267.4255,-5.53800000000001,18.1));
#5696=CARTESIAN_POINT('',(267.4255,-5.53800000000001,18.1));
#5697=CARTESIAN_POINT('Origin',(266.9255,-5.53800000000001,18.1));
#5698=CARTESIAN_POINT('Origin',(267.6255,-35.76175,18.3));
#5699=CARTESIAN_POINT('',(267.4255,-24.038,18.1));
#5700=CARTESIAN_POINT('',(267.4255,-24.038,18.1));
#5701=CARTESIAN_POINT('',(267.4255,-35.76175,18.1));
#5702=CARTESIAN_POINT('Origin',(266.9255,-24.038,18.3));
#5703=CARTESIAN_POINT('',(266.9255,-24.538,18.1));
#5704=CARTESIAN_POINT('',(266.9255,-24.538,18.1));
#5705=CARTESIAN_POINT('Origin',(266.9255,-24.038,18.1));
#5706=CARTESIAN_POINT('Origin',(214.67575,-24.738,18.3));
#5707=CARTESIAN_POINT('',(191.2755,-24.538,18.1));
#5708=CARTESIAN_POINT('',(191.2755,-24.538,18.1));
#5709=CARTESIAN_POINT('',(214.67575,-24.538,18.1));
#5710=CARTESIAN_POINT('Origin',(191.2755,-24.038,18.3));
#5711=CARTESIAN_POINT('',(190.7755,-24.038,18.1));
#5712=CARTESIAN_POINT('',(190.7755,-24.038,18.1));
#5713=CARTESIAN_POINT('Origin',(191.2755,-24.038,18.1));
#5714=CARTESIAN_POINT('Origin',(190.5755,-45.01175,18.3));
#5715=CARTESIAN_POINT('',(190.7755,-5.538,18.1));
#5716=CARTESIAN_POINT('',(190.7755,-5.538,18.1));
#5717=CARTESIAN_POINT('',(190.7755,-45.01175,18.1));
#5718=CARTESIAN_POINT('Origin',(191.2755,-5.538,18.3));
#5719=CARTESIAN_POINT('Origin',(191.2755,-5.538,18.1));
#5720=CARTESIAN_POINT('Origin',(266.9255,-24.038,11.5));
#5721=CARTESIAN_POINT('',(267.4255,-24.038,11.5));
#5722=CARTESIAN_POINT('',(266.9255,-24.538,11.5));
#5723=CARTESIAN_POINT('Origin',(267.4255,-5.53800000000001,11.5));
#5724=CARTESIAN_POINT('',(267.4255,-5.53800000000001,11.5));
#5725=CARTESIAN_POINT('Origin',(266.9255,-5.53800000000001,11.5));
#5726=CARTESIAN_POINT('',(266.9255,-5.038,11.5));
#5727=CARTESIAN_POINT('Origin',(191.2755,-5.038,11.5));
#5728=CARTESIAN_POINT('',(191.2755,-5.038,11.5));
#5729=CARTESIAN_POINT('Origin',(136.3695,-4.838,18.3));
#5730=CARTESIAN_POINT('',(185.963,-5.038,18.1));
#5731=CARTESIAN_POINT('',(185.963,-5.038,18.1));
#5732=CARTESIAN_POINT('',(110.313,-5.038,18.1));
#5733=CARTESIAN_POINT('',(110.313,-4.638,18.5));
#5734=CARTESIAN_POINT('',(136.3695,-5.038,18.1));
#5735=CARTESIAN_POINT('Origin',(185.963,-5.53800000000001,18.3));
#5736=CARTESIAN_POINT('',(186.463,-5.53800000000001,18.1));
#5737=CARTESIAN_POINT('',(186.463,-5.53800000000001,18.1));
#5738=CARTESIAN_POINT('Origin',(185.963,-5.53800000000001,18.1));
#5739=CARTESIAN_POINT('Origin',(186.663,-35.76175,18.3));
#5740=CARTESIAN_POINT('',(186.463,-24.038,18.1));
#5741=CARTESIAN_POINT('',(186.463,-24.038,18.1));
#5742=CARTESIAN_POINT('',(186.463,-35.76175,18.1));
#5743=CARTESIAN_POINT('Origin',(185.963,-24.038,18.3));
#5744=CARTESIAN_POINT('',(185.963,-24.538,18.1));
#5745=CARTESIAN_POINT('',(185.963,-24.538,18.1));
#5746=CARTESIAN_POINT('Origin',(185.963,-24.038,18.1));
#5747=CARTESIAN_POINT('Origin',(174.1945,-24.738,18.3));
#5748=CARTESIAN_POINT('',(110.313,-24.538,18.1));
#5749=CARTESIAN_POINT('',(110.313,-24.538,18.1));
#5750=CARTESIAN_POINT('',(174.1945,-24.538,18.1));
#5751=CARTESIAN_POINT('Origin',(110.313,-24.038,18.3));
#5752=CARTESIAN_POINT('',(109.813,-24.038,18.1));
#5753=CARTESIAN_POINT('',(109.813,-24.038,18.1));
#5754=CARTESIAN_POINT('Origin',(110.313,-24.038,18.1));
#5755=CARTESIAN_POINT('Origin',(109.613,-45.01175,18.3));
#5756=CARTESIAN_POINT('',(109.813,-5.538,18.1));
#5757=CARTESIAN_POINT('',(109.813,-5.538,18.1));
#5758=CARTESIAN_POINT('',(109.813,-45.01175,18.1));
#5759=CARTESIAN_POINT('Origin',(110.313,-5.538,18.3));
#5760=CARTESIAN_POINT('Origin',(110.313,-5.538,18.1));
#5761=CARTESIAN_POINT('Origin',(185.963,-24.038,11.5));
#5762=CARTESIAN_POINT('',(186.463,-24.038,11.5));
#5763=CARTESIAN_POINT('',(185.963,-24.538,11.5));
#5764=CARTESIAN_POINT('Origin',(186.463,-5.53800000000001,11.5));
#5765=CARTESIAN_POINT('',(186.463,-5.53800000000001,11.5));
#5766=CARTESIAN_POINT('Origin',(185.963,-5.53800000000001,11.5));
#5767=CARTESIAN_POINT('',(185.963,-5.038,11.5));
#5768=CARTESIAN_POINT('Origin',(110.313,-5.038,11.5));
#5769=CARTESIAN_POINT('',(110.313,-5.038,11.5));
#5770=CARTESIAN_POINT('Origin',(95.88825,-4.838,18.3));
#5771=CARTESIAN_POINT('',(105.0005,-5.038,18.1));
#5772=CARTESIAN_POINT('',(105.0005,-5.038,18.1));
#5773=CARTESIAN_POINT('',(29.3505,-5.038,18.1));
#5774=CARTESIAN_POINT('',(29.3505,-4.638,18.5));
#5775=CARTESIAN_POINT('',(95.88825,-5.038,18.1));
#5776=CARTESIAN_POINT('Origin',(105.0005,-5.53800000000001,18.3));
#5777=CARTESIAN_POINT('',(105.5005,-5.53800000000001,18.1));
#5778=CARTESIAN_POINT('',(105.5005,-5.53800000000001,18.1));
#5779=CARTESIAN_POINT('Origin',(105.0005,-5.53800000000001,18.1));
#5780=CARTESIAN_POINT('Origin',(105.7005,-35.76175,18.3));
#5781=CARTESIAN_POINT('',(105.5005,-24.038,18.1));
#5782=CARTESIAN_POINT('',(105.5005,-24.038,18.1));
#5783=CARTESIAN_POINT('',(105.5005,-35.76175,18.1));
#5784=CARTESIAN_POINT('Origin',(105.0005,-24.038,18.3));
#5785=CARTESIAN_POINT('',(105.0005,-24.538,18.1));
#5786=CARTESIAN_POINT('',(105.0005,-24.538,18.1));
#5787=CARTESIAN_POINT('Origin',(105.0005,-24.038,18.1));
#5788=CARTESIAN_POINT('Origin',(133.71325,-24.738,18.3));
#5789=CARTESIAN_POINT('',(29.3505,-24.538,18.1));
#5790=CARTESIAN_POINT('',(29.3505,-24.538,18.1));
#5791=CARTESIAN_POINT('',(133.71325,-24.538,18.1));
#5792=CARTESIAN_POINT('Origin',(29.3505,-24.038,18.3));
#5793=CARTESIAN_POINT('',(28.8505,-24.038,18.1));
#5794=CARTESIAN_POINT('',(28.8505,-24.038,18.1));
#5795=CARTESIAN_POINT('Origin',(29.3505,-24.038,18.1));
#5796=CARTESIAN_POINT('Origin',(28.6505,-45.01175,18.3));
#5797=CARTESIAN_POINT('',(28.8505,-5.538,18.1));
#5798=CARTESIAN_POINT('',(28.8505,-5.538,18.1));
#5799=CARTESIAN_POINT('',(28.8505,-45.01175,18.1));
#5800=CARTESIAN_POINT('Origin',(29.3505,-5.538,18.3));
#5801=CARTESIAN_POINT('Origin',(29.3505,-5.538,18.1));
#5802=CARTESIAN_POINT('Origin',(105.0005,-24.038,11.5));
#5803=CARTESIAN_POINT('',(105.5005,-24.038,11.5));
#5804=CARTESIAN_POINT('',(105.0005,-24.538,11.5));
#5805=CARTESIAN_POINT('Origin',(105.5005,-5.53800000000001,11.5));
#5806=CARTESIAN_POINT('',(105.5005,-5.53800000000001,11.5));
#5807=CARTESIAN_POINT('Origin',(105.0005,-5.53800000000001,11.5));
#5808=CARTESIAN_POINT('',(105.0005,-5.038,11.5));
#5809=CARTESIAN_POINT('Origin',(29.3505,-5.038,11.5));
#5810=CARTESIAN_POINT('',(29.3505,-5.038,11.5));
#5811=CARTESIAN_POINT('Origin',(83.982,-4.838,18.3));
#5812=CARTESIAN_POINT('',(24.038,-5.038,18.1));
#5813=CARTESIAN_POINT('',(24.038,-5.038,18.1));
#5814=CARTESIAN_POINT('',(5.53800000000001,-5.038,18.1));
#5815=CARTESIAN_POINT('',(5.53800000000001,-4.638,18.5));
#5816=CARTESIAN_POINT('',(83.982,-5.038,18.1));
#5817=CARTESIAN_POINT('Origin',(24.038,-5.538,18.3));
#5818=CARTESIAN_POINT('',(24.538,-5.538,18.1));
#5819=CARTESIAN_POINT('',(24.538,-5.538,18.1));
#5820=CARTESIAN_POINT('Origin',(24.038,-5.538,18.1));
#5821=CARTESIAN_POINT('Origin',(24.738,-35.76175,18.3));
#5822=CARTESIAN_POINT('',(24.538,-24.038,18.1));
#5823=CARTESIAN_POINT('',(24.538,-24.038,18.1));
#5824=CARTESIAN_POINT('',(24.538,-35.76175,18.1));
#5825=CARTESIAN_POINT('Origin',(24.038,-24.038,18.3));
#5826=CARTESIAN_POINT('',(24.038,-24.538,18.1));
#5827=CARTESIAN_POINT('',(24.038,-24.538,18.1));
#5828=CARTESIAN_POINT('Origin',(24.038,-24.038,18.1));
#5829=CARTESIAN_POINT('Origin',(93.232,-24.738,18.3));
#5830=CARTESIAN_POINT('',(5.53800000000001,-24.538,18.1));
#5831=CARTESIAN_POINT('',(5.53800000000001,-24.538,18.1));
#5832=CARTESIAN_POINT('',(93.232,-24.538,18.1));
#5833=CARTESIAN_POINT('Origin',(5.53800000000001,-24.038,18.3));
#5834=CARTESIAN_POINT('',(5.03800000000001,-24.038,18.1));
#5835=CARTESIAN_POINT('',(5.03800000000001,-24.038,18.1));
#5836=CARTESIAN_POINT('Origin',(5.53800000000001,-24.038,18.1));
#5837=CARTESIAN_POINT('Origin',(4.83800000000001,-45.01175,18.3));
#5838=CARTESIAN_POINT('',(5.03800000000001,-5.538,18.1));
#5839=CARTESIAN_POINT('',(5.03800000000001,-5.538,18.1));
#5840=CARTESIAN_POINT('',(5.03800000000001,-45.01175,18.1));
#5841=CARTESIAN_POINT('Origin',(5.53800000000001,-5.538,18.3));
#5842=CARTESIAN_POINT('Origin',(5.53800000000001,-5.538,18.1));
#5843=CARTESIAN_POINT('Origin',(24.038,-24.038,11.5));
#5844=CARTESIAN_POINT('',(24.538,-24.038,11.5));
#5845=CARTESIAN_POINT('',(24.038,-24.538,11.5));
#5846=CARTESIAN_POINT('Origin',(24.538,-5.538,11.5));
#5847=CARTESIAN_POINT('',(24.538,-5.538,11.5));
#5848=CARTESIAN_POINT('Origin',(24.038,-5.538,11.5));
#5849=CARTESIAN_POINT('',(24.038,-5.038,11.5));
#5850=CARTESIAN_POINT('Origin',(5.53800000000001,-5.038,11.5));
#5851=CARTESIAN_POINT('',(5.53800000000001,-5.038,11.5));
#5852=CARTESIAN_POINT('Ctrl Pts',(-5.99899999999999,-142.12643446504,17.5123116594049));
#5853=CARTESIAN_POINT('Ctrl Pts',(-6.90891812902697,-142.12643446504,17.5123116594049));
#5854=CARTESIAN_POINT('Ctrl Pts',(-9.03238502168117,-141.358358398139,17.5070946807013));
#5855=CARTESIAN_POINT('Ctrl Pts',(-9.99900000000001,-139.26182602201,17.5001443395332));
#5856=CARTESIAN_POINT('Ctrl Pts',(-9.999,-138.078523196699,17.5000046751655));
#5857=CARTESIAN_POINT('Ctrl Pts',(-5.99899999999999,-141.740956310027,17.8415411062699));
#5858=CARTESIAN_POINT('Ctrl Pts',(-6.82351819692529,-141.740956310027,17.8415411062699));
#5859=CARTESIAN_POINT('Ctrl Pts',(-8.74880838414471,-141.054543069514,17.8380631204676));
#5860=CARTESIAN_POINT('Ctrl Pts',(-9.65340222948841,-139.152053294482,17.8334295596888));
#5861=CARTESIAN_POINT('Ctrl Pts',(-9.66489655521688,-138.065617560491,17.8333364501103));
#5862=CARTESIAN_POINT('Ctrl Pts',(-5.99899999999999,-141.355478155013,18.170770553135));
#5863=CARTESIAN_POINT('Ctrl Pts',(-6.73811826482361,-141.355478155013,18.170770553135));
#5864=CARTESIAN_POINT('Ctrl Pts',(-8.46523174660825,-140.75072774089,18.1690315602338));
#5865=CARTESIAN_POINT('Ctrl Pts',(-9.30780445897682,-139.042280566954,18.1667147798444));
#5866=CARTESIAN_POINT('Ctrl Pts',(-9.33079311043375,-138.052711924283,18.1666682250552));
#5867=CARTESIAN_POINT('Ctrl Pts',(-5.99899999999998,-140.97,18.5));
#5868=CARTESIAN_POINT('Ctrl Pts',(-6.65271833272193,-140.97,18.5));
#5869=CARTESIAN_POINT('Ctrl Pts',(-8.18165510907179,-140.446912412265,18.5));
#5870=CARTESIAN_POINT('Ctrl Pts',(-8.96220668846522,-138.932507839427,18.5));
#5871=CARTESIAN_POINT('Ctrl Pts',(-8.99668966565063,-138.039806288075,18.5));
#5872=CARTESIAN_POINT('',(-9.999,-138.078523196699,17.5000046751655));
#5873=CARTESIAN_POINT('',(-8.99668966565063,-138.039806288075,18.5));
#5874=CARTESIAN_POINT('',(-5.999,-142.12643446504,17.5123116594049));
#5875=CARTESIAN_POINT('Ctrl Pts',(-9.999,-138.078523196699,17.5000046751655));
#5876=CARTESIAN_POINT('Ctrl Pts',(-9.99900000000001,-139.26182602201,17.5001443395332));
#5877=CARTESIAN_POINT('Ctrl Pts',(-9.03238502168117,-141.358358398139,17.5070946807013));
#5878=CARTESIAN_POINT('Ctrl Pts',(-6.90891812902697,-142.12643446504,17.5123116594049));
#5879=CARTESIAN_POINT('Ctrl Pts',(-5.99899999999999,-142.12643446504,17.5123116594049));
#5880=CARTESIAN_POINT('',(-5.999,-142.12643446504,17.5123116594049));
#5881=CARTESIAN_POINT('Origin',(76.2135,-141.54821723252,18.0061558297024));
#5882=CARTESIAN_POINT('',(330.851,-142.12643446504,17.5123116594049));
#5883=CARTESIAN_POINT('',(330.851,-142.12643446504,17.5123116594049));
#5884=CARTESIAN_POINT('',(76.2135,-142.12643446504,17.5123116594049));
#5885=CARTESIAN_POINT('Ctrl Pts',(334.851,-138.078523196699,17.5000046751655));
#5886=CARTESIAN_POINT('Ctrl Pts',(334.851,-138.966000315682,17.5001094234413));
#5887=CARTESIAN_POINT('Ctrl Pts',(334.152909784229,-141.073971171669,17.5053097079509));
#5888=CARTESIAN_POINT('Ctrl Pts',(332.064224172036,-142.12643446504,17.5123116594049));
#5889=CARTESIAN_POINT('Ctrl Pts',(330.851,-142.12643446504,17.5123116594049));
#5890=CARTESIAN_POINT('Ctrl Pts',(334.516896555217,-138.065617560491,17.8333364501103));
#5891=CARTESIAN_POINT('Ctrl Pts',(334.508275810921,-138.880444360984,17.8334062822942));
#5892=CARTESIAN_POINT('Ctrl Pts',(333.847251581831,-140.799556615482,17.836873138634));
#5893=CARTESIAN_POINT('Ctrl Pts',(331.9503575959,-141.740956310027,17.8415411062699));
#5894=CARTESIAN_POINT('Ctrl Pts',(330.851,-141.740956310027,17.8415411062699));
#5895=CARTESIAN_POINT('Ctrl Pts',(334.182793110434,-138.052711924283,18.1666682250552));
#5896=CARTESIAN_POINT('Ctrl Pts',(334.165551621841,-138.794888406287,18.1667031411471));
#5897=CARTESIAN_POINT('Ctrl Pts',(333.541593379434,-140.525142059295,18.168436569317));
#5898=CARTESIAN_POINT('Ctrl Pts',(331.836491019765,-141.355478155013,18.170770553135));
#5899=CARTESIAN_POINT('Ctrl Pts',(330.851,-141.355478155013,18.170770553135));
#5900=CARTESIAN_POINT('Ctrl Pts',(333.848689665651,-138.039806288075,18.5));
#5901=CARTESIAN_POINT('Ctrl Pts',(333.822827432762,-138.709332451589,18.5));
#5902=CARTESIAN_POINT('Ctrl Pts',(333.235935177036,-140.250727503107,18.5));
#5903=CARTESIAN_POINT('Ctrl Pts',(331.722624443629,-140.97,18.5));
#5904=CARTESIAN_POINT('Ctrl Pts',(330.851,-140.97,18.5));
#5905=CARTESIAN_POINT('',(334.851,-138.078523196699,17.5000046751655));
#5906=CARTESIAN_POINT('',(334.851,-138.078523196699,17.5000046751655));
#5907=CARTESIAN_POINT('Ctrl Pts',(330.851,-142.12643446504,17.5123116594049));
#5908=CARTESIAN_POINT('Ctrl Pts',(332.064224172036,-142.12643446504,17.5123116594049));
#5909=CARTESIAN_POINT('Ctrl Pts',(334.152909784229,-141.073971171669,17.5053097079509));
#5910=CARTESIAN_POINT('Ctrl Pts',(334.851,-138.966000315682,17.5001094234413));
#5911=CARTESIAN_POINT('Ctrl Pts',(334.851,-138.078523196699,17.5000046751655));
#5912=CARTESIAN_POINT('Origin',(334.351,-103.97775,18.));
#5913=CARTESIAN_POINT('',(334.851,5.999,17.5));
#5914=CARTESIAN_POINT('',(334.851,5.999,17.5));
#5915=CARTESIAN_POINT('',(334.851,-137.920139496848,17.5));
#5916=CARTESIAN_POINT('',(333.851,-137.920139496848,18.5));
#5917=CARTESIAN_POINT('',(334.851,-103.97775,17.5));
#5918=CARTESIAN_POINT('Origin',(330.851,5.999,18.));
#5919=CARTESIAN_POINT('',(330.851,9.999,17.5));
#5920=CARTESIAN_POINT('Origin',(330.851,5.999,17.5));
#5921=CARTESIAN_POINT('',(330.851,9.999,17.5));
#5922=CARTESIAN_POINT('Origin',(248.6385,9.499,18.));
#5923=CARTESIAN_POINT('',(-5.99900000000002,9.999,17.5));
#5924=CARTESIAN_POINT('',(-5.99900000000002,9.999,17.5));
#5925=CARTESIAN_POINT('',(248.6385,9.999,17.5));
#5926=CARTESIAN_POINT('Origin',(-5.99900000000002,5.999,18.));
#5927=CARTESIAN_POINT('',(-9.999,5.999,17.5));
#5928=CARTESIAN_POINT('Origin',(-5.99900000000002,5.999,17.5));
#5929=CARTESIAN_POINT('',(-9.999,5.999,17.5));
#5930=CARTESIAN_POINT('Origin',(-9.499,-27.99325,18.));
#5931=CARTESIAN_POINT('',(-9.999,-137.920139496848,17.5));
#5932=CARTESIAN_POINT('',(-9.999,-137.920139496848,17.5));
#5933=CARTESIAN_POINT('',(-9.999,-27.99325,17.5));
#5934=CARTESIAN_POINT('Ctrl Pts',(333.848689665651,-138.039806288075,18.5));
#5935=CARTESIAN_POINT('Ctrl Pts',(333.850229678505,-137.99993815671,18.5));
#5936=CARTESIAN_POINT('Ctrl Pts',(333.851,-137.960038827732,18.5));
#5937=CARTESIAN_POINT('Ctrl Pts',(333.851,-137.920139496848,18.5));
#5938=CARTESIAN_POINT('Ctrl Pts',(334.182793110434,-138.052711924283,18.1666682250552));
#5939=CARTESIAN_POINT('Ctrl Pts',(334.18381978567,-138.00851769993,18.1666661459141));
#5940=CARTESIAN_POINT('Ctrl Pts',(334.184333333333,-137.964328604381,18.1666666666667));
#5941=CARTESIAN_POINT('Ctrl Pts',(334.184333333333,-137.920139496848,18.1666666666667));
#5942=CARTESIAN_POINT('Ctrl Pts',(334.516896555217,-138.065617560491,17.8333364501103));
#5943=CARTESIAN_POINT('Ctrl Pts',(334.517409892835,-138.01709724315,17.8333322918282));
#5944=CARTESIAN_POINT('Ctrl Pts',(334.517666666667,-137.96861838103,17.8333333333333));
#5945=CARTESIAN_POINT('Ctrl Pts',(334.517666666667,-137.920139496848,17.8333333333333));
#5946=CARTESIAN_POINT('Ctrl Pts',(334.851,-138.078523196699,17.5000046751655));
#5947=CARTESIAN_POINT('Ctrl Pts',(334.851,-138.02567678637,17.4999984377423));
#5948=CARTESIAN_POINT('Ctrl Pts',(334.851,-137.972908157678,17.5));
#5949=CARTESIAN_POINT('Ctrl Pts',(334.851,-137.920139496848,17.5));
#5950=CARTESIAN_POINT('Ctrl Pts',(334.851,-138.078523196699,17.5000046751655));
#5951=CARTESIAN_POINT('Ctrl Pts',(334.851,-138.02567678637,17.4999984377423));
#5952=CARTESIAN_POINT('Ctrl Pts',(334.851,-137.972908157678,17.5));
#5953=CARTESIAN_POINT('Ctrl Pts',(334.851,-137.920139496848,17.5));
#5954=CARTESIAN_POINT('Ctrl Pts',(-8.999,-137.920139496848,18.5));
#5955=CARTESIAN_POINT('Ctrl Pts',(-8.999,-137.960038827732,18.5));
#5956=CARTESIAN_POINT('Ctrl Pts',(-8.9982296785051,-137.99993815671,18.5));
#5957=CARTESIAN_POINT('Ctrl Pts',(-8.99668966565063,-138.039806288075,18.5));
#5958=CARTESIAN_POINT('Ctrl Pts',(-9.33233333333334,-137.920139496848,18.1666666666667));
#5959=CARTESIAN_POINT('Ctrl Pts',(-9.33233333333334,-137.964328604381,18.1666666666667));
#5960=CARTESIAN_POINT('Ctrl Pts',(-9.33181978567007,-138.00851769993,18.1666661459141));
#5961=CARTESIAN_POINT('Ctrl Pts',(-9.33079311043375,-138.052711924283,18.1666682250552));
#5962=CARTESIAN_POINT('Ctrl Pts',(-9.66566666666667,-137.920139496848,17.8333333333333));
#5963=CARTESIAN_POINT('Ctrl Pts',(-9.66566666666667,-137.96861838103,17.8333333333333));
#5964=CARTESIAN_POINT('Ctrl Pts',(-9.66540989283503,-138.01709724315,17.8333322918282));
#5965=CARTESIAN_POINT('Ctrl Pts',(-9.66489655521688,-138.065617560491,17.8333364501103));
#5966=CARTESIAN_POINT('Ctrl Pts',(-9.999,-137.920139496848,17.5));
#5967=CARTESIAN_POINT('Ctrl Pts',(-9.999,-137.972908157678,17.5));
#5968=CARTESIAN_POINT('Ctrl Pts',(-9.999,-138.02567678637,17.4999984377423));
#5969=CARTESIAN_POINT('Ctrl Pts',(-9.999,-138.078523196699,17.5000046751655));
#5970=CARTESIAN_POINT('Ctrl Pts',(-9.999,-137.920139496848,17.5));
#5971=CARTESIAN_POINT('Ctrl Pts',(-9.999,-137.972908157678,17.5));
#5972=CARTESIAN_POINT('Ctrl Pts',(-9.999,-138.02567678637,17.4999984377423));
#5973=CARTESIAN_POINT('Ctrl Pts',(-9.999,-138.078523196699,17.5000046751655));
#5974=CARTESIAN_POINT('Origin',(-9.999,9.999,11.5));
#5975=CARTESIAN_POINT('',(-9.999,5.999,11.5));
#5976=CARTESIAN_POINT('',(-9.999,-137.248073936631,22.7432549487812));
#5977=CARTESIAN_POINT('Origin',(-5.99900000000002,5.999,11.5));
#5978=CARTESIAN_POINT('',(-5.99900000000002,9.999,11.5));
#5979=CARTESIAN_POINT('Origin',(334.851,9.999,11.5));
#5980=CARTESIAN_POINT('',(330.851,9.999,11.5));
#5981=CARTESIAN_POINT('Origin',(330.851,5.999,11.5));
#5982=CARTESIAN_POINT('',(334.851,5.999,11.5));
#5983=CARTESIAN_POINT('Origin',(-5.999,-137.248073936631,22.7432549487812));
#5984=CARTESIAN_POINT('',(-5.999,-141.198827299011,23.3689928089421));
#5985=CARTESIAN_POINT('Origin',(-9.99899999999998,-143.065041255282,11.586181615834));
#5986=CARTESIAN_POINT('',(330.851,-143.058300367797,11.6287419044005));
#5987=CARTESIAN_POINT('Origin',(330.851,-139.107547005416,11.0030040442396));
#5988=CARTESIAN_POINT('',(334.851,-139.107547005416,11.0030040442396));
#5989=CARTESIAN_POINT('Origin',(317.563,-7.288,11.5));
#5990=CARTESIAN_POINT('',(318.063,-7.288,13.5));
#5991=CARTESIAN_POINT('',(318.063,-7.288,11.5));
#5992=CARTESIAN_POINT('',(317.563,-6.78799999999996,13.5));
#5993=CARTESIAN_POINT('Origin',(317.563,-7.288,13.5));
#5994=CARTESIAN_POINT('',(317.563,-6.78799999999996,11.5));
#5995=CARTESIAN_POINT('Origin',(318.063,-22.288,11.5));
#5996=CARTESIAN_POINT('',(318.063,-22.288,13.5));
#5997=CARTESIAN_POINT('',(318.063,-22.288,11.5));
#5998=CARTESIAN_POINT('',(318.063,-18.538,13.5));
#5999=CARTESIAN_POINT('Origin',(317.563,-22.288,11.5));
#6000=CARTESIAN_POINT('',(317.563,-22.788,13.5));
#6001=CARTESIAN_POINT('',(317.563,-22.788,11.5));
#6002=CARTESIAN_POINT('Origin',(317.563,-22.288,13.5));
#6003=CARTESIAN_POINT('Origin',(302.563,-22.788,11.5));
#6004=CARTESIAN_POINT('',(302.563,-22.788,13.5));
#6005=CARTESIAN_POINT('',(302.563,-22.788,11.5));
#6006=CARTESIAN_POINT('',(306.313,-22.788,13.5));
#6007=CARTESIAN_POINT('Origin',(302.563,-22.288,11.5));
#6008=CARTESIAN_POINT('',(302.063,-22.288,13.5));
#6009=CARTESIAN_POINT('',(302.063,-22.288,11.5));
#6010=CARTESIAN_POINT('Origin',(302.563,-22.288,13.5));
#6011=CARTESIAN_POINT('Origin',(302.063,-7.288,11.5));
#6012=CARTESIAN_POINT('',(302.063,-7.288,13.5));
#6013=CARTESIAN_POINT('',(302.063,-7.288,11.5));
#6014=CARTESIAN_POINT('',(302.063,-11.038,13.5));
#6015=CARTESIAN_POINT('Origin',(302.563,-7.288,11.5));
#6016=CARTESIAN_POINT('',(302.563,-6.788,13.5));
#6017=CARTESIAN_POINT('',(302.563,-6.788,11.5));
#6018=CARTESIAN_POINT('Origin',(302.563,-7.288,13.5));
#6019=CARTESIAN_POINT('Origin',(317.563,-6.788,11.5));
#6020=CARTESIAN_POINT('',(313.813,-6.788,13.5));
#6021=CARTESIAN_POINT('Origin',(310.063,-14.788,13.5));
#6022=CARTESIAN_POINT('',(306.063,-14.788,13.5));
#6023=CARTESIAN_POINT('Origin',(310.063,-14.788,13.5));
#6024=CARTESIAN_POINT('Origin',(310.063,-14.788,11.5));
#6025=CARTESIAN_POINT('',(306.063,-14.788,11.5));
#6026=CARTESIAN_POINT('Origin',(319.313,-29.3505,11.5));
#6027=CARTESIAN_POINT('',(319.313,-28.8505,11.5));
#6028=CARTESIAN_POINT('Origin',(300.813,-28.8505,11.5));
#6029=CARTESIAN_POINT('',(300.813,-28.8505,11.5));
#6030=CARTESIAN_POINT('Origin',(300.813,-29.3505,11.5));
#6031=CARTESIAN_POINT('',(300.313,-29.3505,11.5));
#6032=CARTESIAN_POINT('Origin',(300.313,-105.0005,11.5));
#6033=CARTESIAN_POINT('Origin',(29.3505,-24.038,11.5));
#6034=CARTESIAN_POINT('',(29.3505,-24.538,11.5));
#6035=CARTESIAN_POINT('',(28.8505,-24.038,11.5));
#6036=CARTESIAN_POINT('Origin',(105.0005,-24.538,11.5));
#6037=CARTESIAN_POINT('Origin',(29.3505,-5.538,11.5));
#6038=CARTESIAN_POINT('',(28.8505,-5.538,11.5));
#6039=CARTESIAN_POINT('Origin',(28.8505,-24.038,11.5));
#6040=CARTESIAN_POINT('Origin',(5.53800000000001,-24.038,11.5));
#6041=CARTESIAN_POINT('',(5.53800000000001,-24.538,11.5));
#6042=CARTESIAN_POINT('',(5.03800000000001,-24.038,11.5));
#6043=CARTESIAN_POINT('Origin',(24.038,-24.538,11.5));
#6044=CARTESIAN_POINT('Origin',(5.53800000000001,-5.538,11.5));
#6045=CARTESIAN_POINT('',(5.03800000000001,-5.538,11.5));
#6046=CARTESIAN_POINT('Origin',(5.03800000000001,-24.038,11.5));
#6047=CARTESIAN_POINT('Origin',(191.2755,-5.538,11.5));
#6048=CARTESIAN_POINT('',(190.7755,-5.538,11.5));
#6049=CARTESIAN_POINT('Origin',(190.7755,-24.038,11.5));
#6050=CARTESIAN_POINT('',(190.7755,-24.038,11.5));
#6051=CARTESIAN_POINT('Origin',(191.2755,-24.038,11.5));
#6052=CARTESIAN_POINT('',(191.2755,-24.538,11.5));
#6053=CARTESIAN_POINT('Origin',(266.9255,-24.538,11.5));
#6054=CARTESIAN_POINT('Origin',(257.9505,-110.313,11.5));
#6055=CARTESIAN_POINT('',(257.4505,-110.313,11.5));
#6056=CARTESIAN_POINT('Origin',(257.4505,-128.813,11.5));
#6057=CARTESIAN_POINT('',(257.4505,-128.813,11.5));
#6058=CARTESIAN_POINT('Origin',(257.9505,-128.813,11.5));
#6059=CARTESIAN_POINT('',(257.9505,-129.313,11.5));
#6060=CARTESIAN_POINT('Origin',(314.5505,-129.313,11.5));
#6061=CARTESIAN_POINT('',(314.5505,-129.313,11.5));
#6062=CARTESIAN_POINT('Origin',(314.5505,-128.813,11.5));
#6063=CARTESIAN_POINT('',(315.0505,-128.813,11.5));
#6064=CARTESIAN_POINT('Origin',(315.0505,-110.313,11.5));
#6065=CARTESIAN_POINT('',(315.0505,-110.313,11.5));
#6066=CARTESIAN_POINT('Origin',(314.5505,-110.313,11.5));
#6067=CARTESIAN_POINT('',(314.5505,-109.813,11.5));
#6068=CARTESIAN_POINT('Origin',(296.5005,-109.813,11.5));
#6069=CARTESIAN_POINT('Origin',(5.53800000000001,-29.3505,11.5));
#6070=CARTESIAN_POINT('',(5.03800000000001,-29.3505,11.5));
#6071=CARTESIAN_POINT('Origin',(5.03800000000002,-124.0505,11.5));
#6072=CARTESIAN_POINT('',(5.03800000000001,-124.0505,11.5));
#6073=CARTESIAN_POINT('Origin',(5.53800000000002,-124.0505,11.5));
#6074=CARTESIAN_POINT('',(5.53800000000001,-124.5505,11.5));
#6075=CARTESIAN_POINT('Origin',(252.638,-124.5505,11.5));
#6076=CARTESIAN_POINT('',(252.638,-124.5505,11.5));
#6077=CARTESIAN_POINT('Origin',(252.638,-124.0505,11.5));
#6078=CARTESIAN_POINT('',(253.138,-124.0505,11.5));
#6079=CARTESIAN_POINT('Origin',(253.138,-106.0005,11.5));
#6080=CARTESIAN_POINT('',(253.138,-106.0005,11.5));
#6081=CARTESIAN_POINT('Origin',(253.638,-106.0005,11.5));
#6082=CARTESIAN_POINT('',(253.638,-105.5005,11.5));
#6083=CARTESIAN_POINT('Origin',(271.688,-105.5005,11.5));
#6084=CARTESIAN_POINT('Origin',(272.238,-5.538,11.5));
#6085=CARTESIAN_POINT('',(271.738,-5.538,11.5));
#6086=CARTESIAN_POINT('Origin',(271.738,-24.038,11.5));
#6087=CARTESIAN_POINT('',(271.738,-24.038,11.5));
#6088=CARTESIAN_POINT('Origin',(272.238,-24.038,11.5));
#6089=CARTESIAN_POINT('',(272.238,-24.538,11.5));
#6090=CARTESIAN_POINT('Origin',(290.738,-24.538,11.5));
#6091=CARTESIAN_POINT('Origin',(110.313,-5.538,11.5));
#6092=CARTESIAN_POINT('',(109.813,-5.538,11.5));
#6093=CARTESIAN_POINT('Origin',(109.813,-24.038,11.5));
#6094=CARTESIAN_POINT('',(109.813,-24.038,11.5));
#6095=CARTESIAN_POINT('Origin',(110.313,-24.038,11.5));
#6096=CARTESIAN_POINT('',(110.313,-24.538,11.5));
#6097=CARTESIAN_POINT('Origin',(185.963,-24.538,11.5));
#6098=CARTESIAN_POINT('Origin',(334.851,-141.97,11.5));
#6099=UNCERTAINTY_MEASURE_WITH_UNIT(LENGTH_MEASURE(0.01),#6103,
'DISTANCE_ACCURACY_VALUE',
'Maximum model space distance between geometric entities at asserted c
onnectivities');
#6100=UNCERTAINTY_MEASURE_WITH_UNIT(LENGTH_MEASURE(0.01),#6103,
'DISTANCE_ACCURACY_VALUE',
'Maximum model space distance between geometric entities at asserted c
onnectivities');
#6101=(
GEOMETRIC_REPRESENTATION_CONTEXT(3)
GLOBAL_UNCERTAINTY_ASSIGNED_CONTEXT((#6099))
GLOBAL_UNIT_ASSIGNED_CONTEXT((#6103,#6105,#6106))
REPRESENTATION_CONTEXT('','3D')
);
#6102=(
GEOMETRIC_REPRESENTATION_CONTEXT(3)
GLOBAL_UNCERTAINTY_ASSIGNED_CONTEXT((#6100))
GLOBAL_UNIT_ASSIGNED_CONTEXT((#6103,#6105,#6106))
REPRESENTATION_CONTEXT('','3D')
);
#6103=(
LENGTH_UNIT()
NAMED_UNIT(*)
SI_UNIT(.MILLI.,.METRE.)
);
#6104=(
LENGTH_UNIT()
NAMED_UNIT(*)
SI_UNIT($,.METRE.)
);
#6105=(
NAMED_UNIT(*)
PLANE_ANGLE_UNIT()
SI_UNIT($,.RADIAN.)
);
#6106=(
NAMED_UNIT(*)
SI_UNIT($,.STERADIAN.)
SOLID_ANGLE_UNIT()
);
#6107=SHAPE_DEFINITION_REPRESENTATION(#6108,#6109);
#6108=PRODUCT_DEFINITION_SHAPE('',$,#6111);
#6109=SHAPE_REPRESENTATION('',(#3565),#6101);
#6110=PRODUCT_DEFINITION_CONTEXT('part definition',#6115,'design');
#6111=PRODUCT_DEFINITION('Top','Top',#6112,#6110);
#6112=PRODUCT_DEFINITION_FORMATION('',$,#6117);
#6113=PRODUCT_RELATED_PRODUCT_CATEGORY('Top','Top',(#6117));
#6114=APPLICATION_PROTOCOL_DEFINITION('international standard',
'automotive_design',2009,#6115);
#6115=APPLICATION_CONTEXT(
'Core Data for Automotive Mechanical Design Process');
#6116=PRODUCT_CONTEXT('part definition',#6115,'mechanical');
#6117=PRODUCT('Top','Top',$,(#6116));
#6118=PRESENTATION_STYLE_ASSIGNMENT((#6120));
#6119=PRESENTATION_STYLE_ASSIGNMENT((#6121));
#6120=SURFACE_STYLE_USAGE(.BOTH.,#6122);
#6121=SURFACE_STYLE_USAGE(.BOTH.,#6123);
#6122=SURFACE_SIDE_STYLE('',(#6124));
#6123=SURFACE_SIDE_STYLE('',(#6125));
#6124=SURFACE_STYLE_FILL_AREA(#6126);
#6125=SURFACE_STYLE_FILL_AREA(#6127);
#6126=FILL_AREA_STYLE('Steel - Satin',(#6128));
#6127=FILL_AREA_STYLE('Plastic - Glossy (Black)',(#6129));
#6128=FILL_AREA_STYLE_COLOUR('Steel - Satin',#6130);
#6129=FILL_AREA_STYLE_COLOUR('Plastic - Glossy (Black)',#6131);
#6130=COLOUR_RGB('Steel - Satin',0.627450980392157,0.627450980392157,0.627450980392157);
#6131=COLOUR_RGB('Plastic - Glossy (Black)',0.0980392156862745,0.0980392156862745,
0.0980392156862745);
ENDSEC;
END-ISO-10303-21;
