ISO-10303-21;
HEADER;
/* Generated by software containing ST-Developer
 * from STEP Tools, Inc. (www.steptools.com) 
 */

FILE_DESCRIPTION(
/* description */ (''),
/* implementation_level */ '2;1');

FILE_NAME(
/* name */ 'Bottom_Left.step',
/* time_stamp */ '2026-07-31T15:20:53+05:30',
/* author */ (''),
/* organization */ (''),
/* preprocessor_version */ 'ST-DEVELOPER v20.1',
/* originating_system */ 'Autodesk Translation Framework v15.8.0.0',
/* authorisation */ '');

FILE_SCHEMA (('AUTOMOTIVE_DESIGN { 1 0 10303 214 3 1 1 }'));
ENDSEC;

DATA;
#10=MECHANICAL_DESIGN_GEOMETRIC_PRESENTATION_REPRESENTATION('',(#13),#5658);
#11=SHAPE_REPRESENTATION_RELATIONSHIP('SRR','None',#5665,#12);
#12=ADVANCED_BREP_SHAPE_REPRESENTATION('',(#14),#5657);
#13=STYLED_ITEM('',(#5675),#14);
#14=MANIFOLD_SOLID_BREP('Bottom Left',#2858);
#15=CONICAL_SURFACE('',#2912,3.59,0.785398163397448);
#16=CONICAL_SURFACE('',#2914,3.59,0.785398163397448);
#17=CONICAL_SURFACE('',#2916,3.59,0.785398163397447);
#18=CONICAL_SURFACE('',#2919,3.59,0.785398163397447);
#19=CONICAL_SURFACE('',#2933,3.39,0.785398163397448);
#20=CONICAL_SURFACE('',#2935,3.39,0.785398163397448);
#21=CONICAL_SURFACE('',#2937,3.39,0.78539816339745);
#22=CONICAL_SURFACE('',#2939,3.39,0.785398163397449);
#23=FACE_BOUND('',#304,.T.);
#24=FACE_BOUND('',#307,.T.);
#25=FACE_BOUND('',#311,.T.);
#26=FACE_BOUND('',#317,.T.);
#27=FACE_BOUND('',#328,.T.);
#28=FACE_BOUND('',#391,.T.);
#29=FACE_BOUND('',#430,.T.);
#30=FACE_BOUND('',#431,.T.);
#31=FACE_BOUND('',#432,.T.);
#32=FACE_BOUND('',#435,.T.);
#33=FACE_BOUND('',#436,.T.);
#34=FACE_BOUND('',#437,.T.);
#35=FACE_BOUND('',#441,.T.);
#36=FACE_BOUND('',#442,.T.);
#37=FACE_BOUND('',#443,.T.);
#38=B_SPLINE_SURFACE_WITH_KNOTS('',3,3,((#3591,#3592,#3593,#3594),(#3595,
#3596,#3597,#3598),(#3599,#3600,#3601,#3602),(#3603,#3604,#3605,#3606)),
 .UNSPECIFIED.,.F.,.F.,.F.,(4,4),(4,4),(0.,1.),(3.51184514248577,3.52235556601234),
 .UNSPECIFIED.);
#39=B_SPLINE_SURFACE_WITH_KNOTS('',3,3,((#3615,#3616,#3617,#3618),(#3619,
#3620,#3621,#3622),(#3623,#3624,#3625,#3626),(#3627,#3628,#3629,#3630)),
 .UNSPECIFIED.,.F.,.F.,.F.,(4,4),(4,4),(0.,1.),(-11.2453018798786,-11.2400611019503),
 .UNSPECIFIED.);
#40=B_SPLINE_SURFACE_WITH_KNOTS('',3,3,((#3642,#3643,#3644,#3645,#3646),
(#3647,#3648,#3649,#3650,#3651),(#3652,#3653,#3654,#3655,#3656),(#3657,
#3658,#3659,#3660,#3661)),.UNSPECIFIED.,.F.,.F.,.F.,(4,4),(4,1,4),(0.,1.),
(-1.57079632679489,-0.673198425769237,5.01074280371259E-15),
 .UNSPECIFIED.);
#41=B_SPLINE_SURFACE_WITH_KNOTS('',3,3,((#3669,#3670,#3671,#3672,#3673),
(#3674,#3675,#3676,#3677,#3678),(#3679,#3680,#3681,#3682,#3683),(#3684,
#3685,#3686,#3687,#3688)),.UNSPECIFIED.,.F.,.F.,.F.,(4,4),(4,1,4),(0.,1.),
(-1.77635683940025E-15,0.67319842576924,1.5707963267949),.UNSPECIFIED.);
#42=B_SPLINE_SURFACE_WITH_KNOTS('',3,1,((#3913,#3914),(#3915,#3916),(#3917,
#3918),(#3919,#3920),(#3921,#3922),(#3923,#3924)),.UNSPECIFIED.,.F.,.F.,
 .F.,(4,2,4),(2,2),(0.,0.0678526348375518,0.124898382880421),(0.,0.0600000000000001),
 .UNSPECIFIED.);
#43=B_SPLINE_SURFACE_WITH_KNOTS('',3,1,((#3933,#3934),(#3935,#3936),(#3937,
#3938),(#3939,#3940),(#3941,#3942),(#3943,#3944)),.UNSPECIFIED.,.F.,.F.,
 .F.,(4,2,4),(2,2),(0.,0.0589333098005278,0.128916255011943),(0.,0.0600000000000001),
 .UNSPECIFIED.);
#44=B_SPLINE_SURFACE_WITH_KNOTS('',3,1,((#3981,#3982),(#3983,#3984),(#3985,
#3986),(#3987,#3988),(#3989,#3990),(#3991,#3992)),.UNSPECIFIED.,.F.,.F.,
 .F.,(4,2,4),(2,2),(0.,0.0458879791081655,0.0844284542598362),(0.,0.0600000000000001),
 .UNSPECIFIED.);
#45=B_SPLINE_SURFACE_WITH_KNOTS('',3,1,((#4001,#4002),(#4003,#4004),(#4005,
#4006),(#4007,#4008),(#4009,#4010),(#4011,#4012)),.UNSPECIFIED.,.F.,.F.,
 .F.,(4,2,4),(2,2),(0.,0.0383789010934013,0.0837022607375445),(0.,0.0600000000000001),
 .UNSPECIFIED.);
#46=B_SPLINE_SURFACE_WITH_KNOTS('',3,1,((#4205,#4206),(#4207,#4208),(#4209,
#4210),(#4211,#4212),(#4213,#4214),(#4215,#4216)),.UNSPECIFIED.,.F.,.F.,
 .F.,(4,2,4),(2,2),(0.,0.145772233274881,0.277379639792833),(0.,0.0600000000000001),
 .UNSPECIFIED.);
#47=B_SPLINE_SURFACE_WITH_KNOTS('',3,1,((#4227,#4228),(#4229,#4230),(#4231,
#4232),(#4233,#4234),(#4235,#4236),(#4237,#4238)),.UNSPECIFIED.,.F.,.F.,
 .F.,(4,2,4),(2,2),(0.,0.120246293060428,0.237057455160273),(0.,0.0600000000000001),
 .UNSPECIFIED.);
#48=B_SPLINE_SURFACE_WITH_KNOTS('',3,1,((#4247,#4248),(#4249,#4250),(#4251,
#4252),(#4253,#4254),(#4255,#4256),(#4257,#4258)),.UNSPECIFIED.,.F.,.F.,
 .F.,(4,2,4),(2,2),(0.,0.118985150562986,0.245301359131651),(0.,0.0600000000000001),
 .UNSPECIFIED.);
#49=B_SPLINE_SURFACE_WITH_KNOTS('',3,1,((#4279,#4280),(#4281,#4282),(#4283,
#4284),(#4285,#4286),(#4287,#4288),(#4289,#4290)),.UNSPECIFIED.,.F.,.F.,
 .F.,(4,2,4),(2,2),(0.,0.0909254056009169,0.180835756230737),(0.,0.0600000000000001),
 .UNSPECIFIED.);
#50=B_SPLINE_SURFACE_WITH_KNOTS('',3,1,((#4299,#4300),(#4301,#4302),(#4303,
#4304),(#4305,#4306),(#4307,#4308),(#4309,#4310),(#4311,#4312),(#4313,#4314)),
 .UNSPECIFIED.,.F.,.F.,.F.,(4,2,2,4),(2,2),(0.,0.0761655224729544,0.137635719501307,
0.207261146897177),(0.,0.0600000000000001),.UNSPECIFIED.);
#51=B_SPLINE_SURFACE_WITH_KNOTS('',3,1,((#4325,#4326),(#4327,#4328),(#4329,
#4330),(#4331,#4332),(#4333,#4334),(#4335,#4336),(#4337,#4338),(#4339,#4340)),
 .UNSPECIFIED.,.F.,.F.,.F.,(4,2,2,4),(2,2),(0.,0.111647824716459,0.160676930109524,
0.207896553600343),(0.,0.0600000000000001),.UNSPECIFIED.);
#52=B_SPLINE_SURFACE_WITH_KNOTS('',3,1,((#4351,#4352),(#4353,#4354),(#4355,
#4356),(#4357,#4358),(#4359,#4360),(#4361,#4362)),.UNSPECIFIED.,.F.,.F.,
 .F.,(4,2,4),(2,2),(0.,0.0908472939422481,0.196327637454387),(0.,0.0600000000000001),
 .UNSPECIFIED.);
#53=B_SPLINE_SURFACE_WITH_KNOTS('',3,1,((#4375,#4376),(#4377,#4378),(#4379,
#4380),(#4381,#4382),(#4383,#4384),(#4385,#4386),(#4387,#4388),(#4389,#4390)),
 .UNSPECIFIED.,.F.,.F.,.F.,(4,2,2,4),(2,2),(0.,0.0979041901491813,0.143052721019599,
0.188581579701415),(0.,0.0600000000000001),.UNSPECIFIED.);
#54=B_SPLINE_SURFACE_WITH_KNOTS('',3,1,((#4401,#4402),(#4403,#4404),(#4405,
#4406),(#4407,#4408),(#4409,#4410),(#4411,#4412)),.UNSPECIFIED.,.F.,.F.,
 .F.,(4,2,4),(2,2),(0.,0.090168701792134,0.184570830067169),(0.,0.0600000000000001),
 .UNSPECIFIED.);
#55=B_SPLINE_SURFACE_WITH_KNOTS('',3,1,((#4421,#4422),(#4423,#4424),(#4425,
#4426),(#4427,#4428),(#4429,#4430),(#4431,#4432)),.UNSPECIFIED.,.F.,.F.,
 .F.,(4,2,4),(2,2),(0.,0.0500789161952862,0.0923084553290427),(0.,0.0600000000000001),
 .UNSPECIFIED.);
#56=B_SPLINE_SURFACE_WITH_KNOTS('',3,1,((#4441,#4442),(#4443,#4444),(#4445,
#4446),(#4447,#4448),(#4449,#4450),(#4451,#4452)),.UNSPECIFIED.,.F.,.F.,
 .F.,(4,2,4),(2,2),(0.,0.0368993799813787,0.0704123815964288),(0.,0.0600000000000001),
 .UNSPECIFIED.);
#57=B_SPLINE_SURFACE_WITH_KNOTS('',3,1,((#4461,#4462),(#4463,#4464),(#4465,
#4466),(#4467,#4468),(#4469,#4470),(#4471,#4472)),.UNSPECIFIED.,.F.,.F.,
 .F.,(4,2,4),(2,2),(0.,0.0308445418860371,0.05928551658417),(0.,0.0600000000000001),
 .UNSPECIFIED.);
#58=B_SPLINE_SURFACE_WITH_KNOTS('',3,1,((#4509,#4510),(#4511,#4512),(#4513,
#4514),(#4515,#4516),(#4517,#4518),(#4519,#4520)),.UNSPECIFIED.,.F.,.F.,
 .F.,(4,2,4),(2,2),(0.,0.0328767666702791,0.0698944321196224),(0.,0.0600000000000001),
 .UNSPECIFIED.);
#59=B_SPLINE_SURFACE_WITH_KNOTS('',3,1,((#4529,#4530),(#4531,#4532),(#4533,
#4534),(#4535,#4536),(#4537,#4538),(#4539,#4540)),.UNSPECIFIED.,.F.,.F.,
 .F.,(4,2,4),(2,2),(0.,0.0423667307526987,0.0916490907356573),(0.,0.0600000000000001),
 .UNSPECIFIED.);
#60=B_SPLINE_SURFACE_WITH_KNOTS('',3,1,((#4549,#4550),(#4551,#4552),(#4553,
#4554),(#4555,#4556),(#4557,#4558),(#4559,#4560)),.UNSPECIFIED.,.F.,.F.,
 .F.,(4,2,4),(2,2),(0.,0.0569645604194275,0.122265040312192),(0.,0.0600000000000001),
 .UNSPECIFIED.);
#61=B_SPLINE_SURFACE_WITH_KNOTS('',3,1,((#4569,#4570),(#4571,#4572),(#4573,
#4574),(#4575,#4576),(#4577,#4578),(#4579,#4580)),.UNSPECIFIED.,.F.,.F.,
 .F.,(4,2,4),(2,2),(0.,0.113613933404334,0.222872316684171),(0.,0.0600000000000001),
 .UNSPECIFIED.);
#62=B_SPLINE_SURFACE_WITH_KNOTS('',3,1,((#4589,#4590),(#4591,#4592),(#4593,
#4594),(#4595,#4596),(#4597,#4598),(#4599,#4600)),.UNSPECIFIED.,.F.,.F.,
 .F.,(4,2,4),(2,2),(0.,0.107272417206269,0.216285534331031),(0.,0.0600000000000001),
 .UNSPECIFIED.);
#63=B_SPLINE_SURFACE_WITH_KNOTS('',3,1,((#4609,#4610),(#4611,#4612),(#4613,
#4614),(#4615,#4616),(#4617,#4618),(#4619,#4620)),.UNSPECIFIED.,.F.,.F.,
 .F.,(4,2,4),(2,2),(0.,0.116180774666424,0.246151836872838),(0.,0.0600000000000001),
 .UNSPECIFIED.);
#64=B_SPLINE_SURFACE_WITH_KNOTS('',3,1,((#4633,#4634),(#4635,#4636),(#4637,
#4638),(#4639,#4640),(#4641,#4642),(#4643,#4644)),.UNSPECIFIED.,.F.,.F.,
 .F.,(4,2,4),(2,2),(0.,0.1322163701057,0.254223732883198),(0.,0.0600000000000001),
 .UNSPECIFIED.);
#65=B_SPLINE_SURFACE_WITH_KNOTS('',3,1,((#4653,#4654),(#4655,#4656),(#4657,
#4658),(#4659,#4660),(#4661,#4662),(#4663,#4664)),.UNSPECIFIED.,.F.,.F.,
 .F.,(4,2,4),(2,2),(0.,0.11744391141129,0.238397990140308),(0.,0.0600000000000001),
 .UNSPECIFIED.);
#66=B_SPLINE_SURFACE_WITH_KNOTS('',3,1,((#4673,#4674),(#4675,#4676),(#4677,
#4678),(#4679,#4680),(#4681,#4682),(#4683,#4684)),.UNSPECIFIED.,.F.,.F.,
 .F.,(4,2,4),(2,2),(0.,0.130270924053927,0.275529499919358),(0.,0.0600000000000001),
 .UNSPECIFIED.);
#67=B_SPLINE_SURFACE_WITH_KNOTS('',3,1,((#4918,#4919),(#4920,#4921),(#4922,
#4923),(#4924,#4925),(#4926,#4927),(#4928,#4929)),.UNSPECIFIED.,.F.,.F.,
 .F.,(4,2,4),(2,2),(0.,0.429573382140811,0.843702635351403),(0.,0.06),
 .UNSPECIFIED.);
#68=B_SPLINE_SURFACE_WITH_KNOTS('',3,1,((#4940,#4941),(#4942,#4943),(#4944,
#4945),(#4946,#4947),(#4948,#4949),(#4950,#4951)),.UNSPECIFIED.,.F.,.F.,
 .F.,(4,2,4),(2,2),(0.,0.401946124595248,0.793802874861747),(0.,0.06),
 .UNSPECIFIED.);
#69=B_SPLINE_SURFACE_WITH_KNOTS('',3,1,((#4960,#4961),(#4962,#4963),(#4964,
#4965),(#4966,#4967),(#4968,#4969),(#4970,#4971)),.UNSPECIFIED.,.F.,.F.,
 .F.,(4,2,4),(2,2),(0.,0.631719762744047,1.18419615505599),(0.,0.06),
 .UNSPECIFIED.);
#70=B_SPLINE_SURFACE_WITH_KNOTS('',3,1,((#4980,#4981),(#4982,#4983),(#4984,
#4985),(#4986,#4987),(#4988,#4989),(#4990,#4991)),.UNSPECIFIED.,.F.,.F.,
 .F.,(4,2,4),(2,2),(0.,0.439522741840962,0.743851716470087),(0.,0.06),
 .UNSPECIFIED.);
#71=B_SPLINE_SURFACE_WITH_KNOTS('',3,1,((#5000,#5001),(#5002,#5003),(#5004,
#5005),(#5006,#5007),(#5008,#5009),(#5010,#5011),(#5012,#5013),(#5014,#5015),
(#5016,#5017),(#5018,#5019),(#5020,#5021),(#5022,#5023)),.UNSPECIFIED.,
 .F.,.F.,.F.,(4,2,2,2,2,4),(2,2),(0.,0.371242992093107,0.575364750325511,
0.730254078004457,0.83884413364587,0.957692356929938),(0.,0.06),
 .UNSPECIFIED.);
#72=B_SPLINE_SURFACE_WITH_KNOTS('',3,1,((#5038,#5039),(#5040,#5041),(#5042,
#5043),(#5044,#5045),(#5046,#5047),(#5048,#5049)),.UNSPECIFIED.,.F.,.F.,
 .F.,(4,2,4),(2,2),(0.,0.207253224640009,0.412665099515256),(0.,0.06),
 .UNSPECIFIED.);
#73=B_SPLINE_SURFACE_WITH_KNOTS('',3,1,((#5058,#5059),(#5060,#5061),(#5062,
#5063),(#5064,#5065),(#5066,#5067),(#5068,#5069)),.UNSPECIFIED.,.F.,.F.,
 .F.,(4,2,4),(2,2),(0.,0.230038379372217,0.503997593551578),(0.,0.06),
 .UNSPECIFIED.);
#74=B_SPLINE_SURFACE_WITH_KNOTS('',3,1,((#5078,#5079),(#5080,#5081),(#5082,
#5083),(#5084,#5085),(#5086,#5087),(#5088,#5089)),.UNSPECIFIED.,.F.,.F.,
 .F.,(4,2,4),(2,2),(0.,0.419158999977292,0.845261882090422),(0.,0.06),
 .UNSPECIFIED.);
#75=B_SPLINE_SURFACE_WITH_KNOTS('',3,1,((#5098,#5099),(#5100,#5101),(#5102,
#5103),(#5104,#5105),(#5106,#5107),(#5108,#5109)),.UNSPECIFIED.,.F.,.F.,
 .F.,(4,2,4),(2,2),(0.,0.434820868490904,0.876857600260802),(0.,0.06),
 .UNSPECIFIED.);
#76=B_SPLINE_SURFACE_WITH_KNOTS('',3,1,((#5118,#5119),(#5120,#5121),(#5122,
#5123),(#5124,#5125),(#5126,#5127),(#5128,#5129)),.UNSPECIFIED.,.F.,.F.,
 .F.,(4,2,4),(2,2),(0.,0.357683541486593,0.714665787649275),(0.,0.06),
 .UNSPECIFIED.);
#77=B_SPLINE_SURFACE_WITH_KNOTS('',3,1,((#5138,#5139),(#5140,#5141),(#5142,
#5143),(#5144,#5145),(#5146,#5147),(#5148,#5149)),.UNSPECIFIED.,.F.,.F.,
 .F.,(4,2,4),(2,2),(0.,0.359338054107059,0.723313197284005),(0.,0.06),
 .UNSPECIFIED.);
#78=B_SPLINE_SURFACE_WITH_KNOTS('',3,1,((#5162,#5163),(#5164,#5165),(#5166,
#5167),(#5168,#5169),(#5170,#5171),(#5172,#5173)),.UNSPECIFIED.,.F.,.F.,
 .F.,(4,2,4),(2,2),(0.,0.336855003716363,0.673017436126351),(0.,0.06),
 .UNSPECIFIED.);
#79=B_SPLINE_SURFACE_WITH_KNOTS('',3,1,((#5182,#5183),(#5184,#5185),(#5186,
#5187),(#5188,#5189),(#5190,#5191),(#5192,#5193)),.UNSPECIFIED.,.F.,.F.,
 .F.,(4,2,4),(2,2),(0.,0.335337957710671,0.671049454468943),(0.,0.06),
 .UNSPECIFIED.);
#80=B_SPLINE_SURFACE_WITH_KNOTS('',3,1,((#5202,#5203),(#5204,#5205),(#5206,
#5207),(#5208,#5209),(#5210,#5211),(#5212,#5213)),.UNSPECIFIED.,.F.,.F.,
 .F.,(4,2,4),(2,2),(0.,0.438561007779992,0.882994349671009),(0.,0.06),
 .UNSPECIFIED.);
#81=B_SPLINE_SURFACE_WITH_KNOTS('',3,1,((#5222,#5223),(#5224,#5225),(#5226,
#5227),(#5228,#5229),(#5230,#5231),(#5232,#5233)),.UNSPECIFIED.,.F.,.F.,
 .F.,(4,2,4),(2,2),(0.,0.449863876239193,0.903963773548309),(0.,0.06),
 .UNSPECIFIED.);
#82=B_SPLINE_SURFACE_WITH_KNOTS('',3,1,((#5246,#5247),(#5248,#5249),(#5250,
#5251),(#5252,#5253),(#5254,#5255),(#5256,#5257)),.UNSPECIFIED.,.F.,.F.,
 .F.,(4,2,4),(2,2),(0.,0.474037755017173,0.938576942599949),(0.,0.06),
 .UNSPECIFIED.);
#83=B_SPLINE_SURFACE_WITH_KNOTS('',3,1,((#5266,#5267),(#5268,#5269),(#5270,
#5271),(#5272,#5273),(#5274,#5275),(#5276,#5277)),.UNSPECIFIED.,.F.,.F.,
 .F.,(4,2,4),(2,2),(0.,0.456670532323764,0.907387231168722),(0.,0.06),
 .UNSPECIFIED.);
#84=B_SPLINE_SURFACE_WITH_KNOTS('',3,1,((#5286,#5287),(#5288,#5289),(#5290,
#5291),(#5292,#5293),(#5294,#5295),(#5296,#5297)),.UNSPECIFIED.,.F.,.F.,
 .F.,(4,2,4),(2,2),(0.,0.352500393770405,0.705625135401684),(0.,0.06),
 .UNSPECIFIED.);
#85=B_SPLINE_SURFACE_WITH_KNOTS('',3,1,((#5306,#5307),(#5308,#5309),(#5310,
#5311),(#5312,#5313),(#5314,#5315),(#5316,#5317)),.UNSPECIFIED.,.F.,.F.,
 .F.,(4,2,4),(2,2),(0.,0.352569184251839,0.702886763538455),(0.,0.06),
 .UNSPECIFIED.);
#86=B_SPLINE_SURFACE_WITH_KNOTS('',3,1,((#5326,#5327),(#5328,#5329),(#5330,
#5331),(#5332,#5333),(#5334,#5335),(#5336,#5337)),.UNSPECIFIED.,.F.,.F.,
 .F.,(4,2,4),(2,2),(0.,0.517129553817346,1.03417659251526),(0.,0.06),
 .UNSPECIFIED.);
#87=B_SPLINE_SURFACE_WITH_KNOTS('',3,1,((#5346,#5347),(#5348,#5349),(#5350,
#5351),(#5352,#5353),(#5354,#5355),(#5356,#5357)),.UNSPECIFIED.,.F.,.F.,
 .F.,(4,2,4),(2,2),(0.,0.513274429852967,1.01955479041727),(0.,0.06),
 .UNSPECIFIED.);
#88=B_SPLINE_SURFACE_WITH_KNOTS('',3,1,((#5370,#5371),(#5372,#5373),(#5374,
#5375),(#5376,#5377),(#5378,#5379),(#5380,#5381)),.UNSPECIFIED.,.F.,.F.,
 .F.,(4,2,4),(2,2),(0.,0.508315962209644,1.01276209888997),(0.,0.06),
 .UNSPECIFIED.);
#89=B_SPLINE_SURFACE_WITH_KNOTS('',3,1,((#5390,#5391),(#5392,#5393),(#5394,
#5395),(#5396,#5397),(#5398,#5399),(#5400,#5401)),.UNSPECIFIED.,.F.,.F.,
 .F.,(4,2,4),(2,2),(0.,0.493172908771753,0.9682133898864),(0.,0.06),
 .UNSPECIFIED.);
#90=B_SPLINE_SURFACE_WITH_KNOTS('',3,1,((#5410,#5411),(#5412,#5413),(#5414,
#5415),(#5416,#5417),(#5418,#5419),(#5420,#5421)),.UNSPECIFIED.,.F.,.F.,
 .F.,(4,2,4),(2,2),(0.,0.363814010636104,0.728736076294171),(0.,0.06),
 .UNSPECIFIED.);
#91=B_SPLINE_SURFACE_WITH_KNOTS('',3,1,((#5430,#5431),(#5432,#5433),(#5434,
#5435),(#5436,#5437),(#5438,#5439),(#5440,#5441)),.UNSPECIFIED.,.F.,.F.,
 .F.,(4,2,4),(2,2),(0.,0.367081179467605,0.73706721730295),(0.,0.06),
 .UNSPECIFIED.);
#92=B_SPLINE_SURFACE_WITH_KNOTS('',3,1,((#5455,#5456),(#5457,#5458),(#5459,
#5460),(#5461,#5462),(#5463,#5464),(#5465,#5466)),.UNSPECIFIED.,.F.,.F.,
 .F.,(4,2,4),(2,2),(0.,0.445013230099214,0.88984061970395),(0.,0.06),
 .UNSPECIFIED.);
#93=B_SPLINE_SURFACE_WITH_KNOTS('',3,1,((#5468,#5469),(#5470,#5471),(#5472,
#5473),(#5474,#5475),(#5476,#5477),(#5478,#5479)),.UNSPECIFIED.,.F.,.F.,
 .F.,(4,2,4),(2,2),(0.,0.442822555443944,0.882323138146905),(0.,0.06),
 .UNSPECIFIED.);
#94=B_SPLINE_SURFACE_WITH_KNOTS('',3,1,((#5481,#5482),(#5483,#5484),(#5485,
#5486),(#5487,#5488),(#5489,#5490),(#5491,#5492)),.UNSPECIFIED.,.F.,.F.,
 .F.,(4,2,4),(2,2),(0.,0.267115492174358,0.532363152444833),(0.,0.06),
 .UNSPECIFIED.);
#95=B_SPLINE_SURFACE_WITH_KNOTS('',3,1,((#5494,#5495),(#5496,#5497),(#5498,
#5499),(#5500,#5501),(#5502,#5503),(#5504,#5505)),.UNSPECIFIED.,.F.,.F.,
 .F.,(4,2,4),(2,2),(0.,0.262607998464925,0.522307735628408),(0.,0.06),
 .UNSPECIFIED.);
#96=B_SPLINE_SURFACE_WITH_KNOTS('',3,1,((#5507,#5508),(#5509,#5510),(#5511,
#5512),(#5513,#5514),(#5515,#5516),(#5517,#5518)),.UNSPECIFIED.,.F.,.F.,
 .F.,(4,2,4),(2,2),(0.,0.894940090453116,1.77842350225735),(0.,0.06),
 .UNSPECIFIED.);
#97=CIRCLE('',#2876,4.);
#98=CIRCLE('',#2879,1.7);
#99=CIRCLE('',#2880,1.7);
#100=CIRCLE('',#2882,1.70000000000002);
#101=CIRCLE('',#2883,1.70000000000002);
#102=CIRCLE('',#2885,3.);
#103=CIRCLE('',#2889,3.00000000000001);
#104=CIRCLE('',#2893,1.7);
#105=CIRCLE('',#2894,1.7);
#106=CIRCLE('',#2896,3.);
#107=CIRCLE('',#2900,3.19);
#108=CIRCLE('',#2901,3.19);
#109=CIRCLE('',#2904,3.19);
#110=CIRCLE('',#2905,3.19);
#111=CIRCLE('',#2907,3.99);
#112=CIRCLE('',#2908,3.99);
#113=CIRCLE('',#2909,3.99);
#114=CIRCLE('',#2910,3.99);
#115=CIRCLE('',#2917,3.19);
#116=CIRCLE('',#2920,3.19);
#117=CIRCLE('',#2923,3.59);
#118=CIRCLE('',#2924,3.59);
#119=CIRCLE('',#2925,3.59);
#120=CIRCLE('',#2926,3.59);
#121=CIRCLE('',#2929,3.19);
#122=CIRCLE('',#2932,3.19);
#123=ELLIPSE('',#2874,4.04986050315201,4.);
#124=ELLIPSE('',#2887,3.01652483869055,3.);
#125=ELLIPSE('',#2891,3.01652483869056,3.00000000000001);
#126=ELLIPSE('',#2898,3.01652483869055,3.);
#127=CYLINDRICAL_SURFACE('',#2873,4.);
#128=CYLINDRICAL_SURFACE('',#2875,4.);
#129=CYLINDRICAL_SURFACE('',#2878,1.7);
#130=CYLINDRICAL_SURFACE('',#2881,1.70000000000002);
#131=CYLINDRICAL_SURFACE('',#2886,3.);
#132=CYLINDRICAL_SURFACE('',#2890,3.00000000000001);
#133=CYLINDRICAL_SURFACE('',#2892,1.7);
#134=CYLINDRICAL_SURFACE('',#2897,3.);
#135=CYLINDRICAL_SURFACE('',#2899,3.19);
#136=CYLINDRICAL_SURFACE('',#2903,3.19);
#137=CYLINDRICAL_SURFACE('',#2928,3.19);
#138=CYLINDRICAL_SURFACE('',#2931,3.19);
#139=FACE_OUTER_BOUND('',#293,.T.);
#140=FACE_OUTER_BOUND('',#294,.T.);
#141=FACE_OUTER_BOUND('',#295,.T.);
#142=FACE_OUTER_BOUND('',#296,.T.);
#143=FACE_OUTER_BOUND('',#297,.T.);
#144=FACE_OUTER_BOUND('',#298,.T.);
#145=FACE_OUTER_BOUND('',#299,.T.);
#146=FACE_OUTER_BOUND('',#300,.T.);
#147=FACE_OUTER_BOUND('',#301,.T.);
#148=FACE_OUTER_BOUND('',#302,.T.);
#149=FACE_OUTER_BOUND('',#303,.T.);
#150=FACE_OUTER_BOUND('',#305,.T.);
#151=FACE_OUTER_BOUND('',#306,.T.);
#152=FACE_OUTER_BOUND('',#308,.T.);
#153=FACE_OUTER_BOUND('',#309,.T.);
#154=FACE_OUTER_BOUND('',#310,.T.);
#155=FACE_OUTER_BOUND('',#312,.T.);
#156=FACE_OUTER_BOUND('',#313,.T.);
#157=FACE_OUTER_BOUND('',#314,.T.);
#158=FACE_OUTER_BOUND('',#315,.T.);
#159=FACE_OUTER_BOUND('',#316,.T.);
#160=FACE_OUTER_BOUND('',#318,.T.);
#161=FACE_OUTER_BOUND('',#319,.T.);
#162=FACE_OUTER_BOUND('',#320,.T.);
#163=FACE_OUTER_BOUND('',#321,.T.);
#164=FACE_OUTER_BOUND('',#322,.T.);
#165=FACE_OUTER_BOUND('',#323,.T.);
#166=FACE_OUTER_BOUND('',#324,.T.);
#167=FACE_OUTER_BOUND('',#325,.T.);
#168=FACE_OUTER_BOUND('',#326,.T.);
#169=FACE_OUTER_BOUND('',#327,.T.);
#170=FACE_OUTER_BOUND('',#329,.T.);
#171=FACE_OUTER_BOUND('',#330,.T.);
#172=FACE_OUTER_BOUND('',#331,.T.);
#173=FACE_OUTER_BOUND('',#332,.T.);
#174=FACE_OUTER_BOUND('',#333,.T.);
#175=FACE_OUTER_BOUND('',#334,.T.);
#176=FACE_OUTER_BOUND('',#335,.T.);
#177=FACE_OUTER_BOUND('',#336,.T.);
#178=FACE_OUTER_BOUND('',#337,.T.);
#179=FACE_OUTER_BOUND('',#338,.T.);
#180=FACE_OUTER_BOUND('',#339,.T.);
#181=FACE_OUTER_BOUND('',#340,.T.);
#182=FACE_OUTER_BOUND('',#341,.T.);
#183=FACE_OUTER_BOUND('',#342,.T.);
#184=FACE_OUTER_BOUND('',#343,.T.);
#185=FACE_OUTER_BOUND('',#344,.T.);
#186=FACE_OUTER_BOUND('',#345,.T.);
#187=FACE_OUTER_BOUND('',#346,.T.);
#188=FACE_OUTER_BOUND('',#347,.T.);
#189=FACE_OUTER_BOUND('',#348,.T.);
#190=FACE_OUTER_BOUND('',#349,.T.);
#191=FACE_OUTER_BOUND('',#350,.T.);
#192=FACE_OUTER_BOUND('',#351,.T.);
#193=FACE_OUTER_BOUND('',#352,.T.);
#194=FACE_OUTER_BOUND('',#353,.T.);
#195=FACE_OUTER_BOUND('',#354,.T.);
#196=FACE_OUTER_BOUND('',#355,.T.);
#197=FACE_OUTER_BOUND('',#356,.T.);
#198=FACE_OUTER_BOUND('',#357,.T.);
#199=FACE_OUTER_BOUND('',#358,.T.);
#200=FACE_OUTER_BOUND('',#359,.T.);
#201=FACE_OUTER_BOUND('',#360,.T.);
#202=FACE_OUTER_BOUND('',#361,.T.);
#203=FACE_OUTER_BOUND('',#362,.T.);
#204=FACE_OUTER_BOUND('',#363,.T.);
#205=FACE_OUTER_BOUND('',#364,.T.);
#206=FACE_OUTER_BOUND('',#365,.T.);
#207=FACE_OUTER_BOUND('',#366,.T.);
#208=FACE_OUTER_BOUND('',#367,.T.);
#209=FACE_OUTER_BOUND('',#368,.T.);
#210=FACE_OUTER_BOUND('',#369,.T.);
#211=FACE_OUTER_BOUND('',#370,.T.);
#212=FACE_OUTER_BOUND('',#371,.T.);
#213=FACE_OUTER_BOUND('',#372,.T.);
#214=FACE_OUTER_BOUND('',#373,.T.);
#215=FACE_OUTER_BOUND('',#374,.T.);
#216=FACE_OUTER_BOUND('',#375,.T.);
#217=FACE_OUTER_BOUND('',#376,.T.);
#218=FACE_OUTER_BOUND('',#377,.T.);
#219=FACE_OUTER_BOUND('',#378,.T.);
#220=FACE_OUTER_BOUND('',#379,.T.);
#221=FACE_OUTER_BOUND('',#380,.T.);
#222=FACE_OUTER_BOUND('',#381,.T.);
#223=FACE_OUTER_BOUND('',#382,.T.);
#224=FACE_OUTER_BOUND('',#383,.T.);
#225=FACE_OUTER_BOUND('',#384,.T.);
#226=FACE_OUTER_BOUND('',#385,.T.);
#227=FACE_OUTER_BOUND('',#386,.T.);
#228=FACE_OUTER_BOUND('',#387,.T.);
#229=FACE_OUTER_BOUND('',#388,.T.);
#230=FACE_OUTER_BOUND('',#389,.T.);
#231=FACE_OUTER_BOUND('',#390,.T.);
#232=FACE_OUTER_BOUND('',#392,.T.);
#233=FACE_OUTER_BOUND('',#393,.T.);
#234=FACE_OUTER_BOUND('',#394,.T.);
#235=FACE_OUTER_BOUND('',#395,.T.);
#236=FACE_OUTER_BOUND('',#396,.T.);
#237=FACE_OUTER_BOUND('',#397,.T.);
#238=FACE_OUTER_BOUND('',#398,.T.);
#239=FACE_OUTER_BOUND('',#399,.T.);
#240=FACE_OUTER_BOUND('',#400,.T.);
#241=FACE_OUTER_BOUND('',#401,.T.);
#242=FACE_OUTER_BOUND('',#402,.T.);
#243=FACE_OUTER_BOUND('',#403,.T.);
#244=FACE_OUTER_BOUND('',#404,.T.);
#245=FACE_OUTER_BOUND('',#405,.T.);
#246=FACE_OUTER_BOUND('',#406,.T.);
#247=FACE_OUTER_BOUND('',#407,.T.);
#248=FACE_OUTER_BOUND('',#408,.T.);
#249=FACE_OUTER_BOUND('',#409,.T.);
#250=FACE_OUTER_BOUND('',#410,.T.);
#251=FACE_OUTER_BOUND('',#411,.T.);
#252=FACE_OUTER_BOUND('',#412,.T.);
#253=FACE_OUTER_BOUND('',#413,.T.);
#254=FACE_OUTER_BOUND('',#414,.T.);
#255=FACE_OUTER_BOUND('',#415,.T.);
#256=FACE_OUTER_BOUND('',#416,.T.);
#257=FACE_OUTER_BOUND('',#417,.T.);
#258=FACE_OUTER_BOUND('',#418,.T.);
#259=FACE_OUTER_BOUND('',#419,.T.);
#260=FACE_OUTER_BOUND('',#420,.T.);
#261=FACE_OUTER_BOUND('',#421,.T.);
#262=FACE_OUTER_BOUND('',#422,.T.);
#263=FACE_OUTER_BOUND('',#423,.T.);
#264=FACE_OUTER_BOUND('',#424,.T.);
#265=FACE_OUTER_BOUND('',#425,.T.);
#266=FACE_OUTER_BOUND('',#426,.T.);
#267=FACE_OUTER_BOUND('',#427,.T.);
#268=FACE_OUTER_BOUND('',#428,.T.);
#269=FACE_OUTER_BOUND('',#429,.T.);
#270=FACE_OUTER_BOUND('',#433,.T.);
#271=FACE_OUTER_BOUND('',#434,.T.);
#272=FACE_OUTER_BOUND('',#438,.T.);
#273=FACE_OUTER_BOUND('',#439,.T.);
#274=FACE_OUTER_BOUND('',#440,.T.);
#275=FACE_OUTER_BOUND('',#444,.T.);
#276=FACE_OUTER_BOUND('',#445,.T.);
#277=FACE_OUTER_BOUND('',#446,.T.);
#278=FACE_OUTER_BOUND('',#447,.T.);
#279=FACE_OUTER_BOUND('',#448,.T.);
#280=FACE_OUTER_BOUND('',#449,.T.);
#281=FACE_OUTER_BOUND('',#450,.T.);
#282=FACE_OUTER_BOUND('',#451,.T.);
#283=FACE_OUTER_BOUND('',#452,.T.);
#284=FACE_OUTER_BOUND('',#453,.T.);
#285=FACE_OUTER_BOUND('',#454,.T.);
#286=FACE_OUTER_BOUND('',#455,.T.);
#287=FACE_OUTER_BOUND('',#456,.T.);
#288=FACE_OUTER_BOUND('',#457,.T.);
#289=FACE_OUTER_BOUND('',#458,.T.);
#290=FACE_OUTER_BOUND('',#459,.T.);
#291=FACE_OUTER_BOUND('',#460,.T.);
#292=FACE_OUTER_BOUND('',#461,.T.);
#293=EDGE_LOOP('',(#1799,#1800,#1801,#1802,#1803,#1804));
#294=EDGE_LOOP('',(#1805,#1806,#1807,#1808,#1809));
#295=EDGE_LOOP('',(#1810,#1811,#1812,#1813,#1814));
#296=EDGE_LOOP('',(#1815,#1816,#1817,#1818));
#297=EDGE_LOOP('',(#1819,#1820,#1821,#1822));
#298=EDGE_LOOP('',(#1823,#1824,#1825,#1826));
#299=EDGE_LOOP('',(#1827,#1828,#1829,#1830));
#300=EDGE_LOOP('',(#1831,#1832,#1833,#1834));
#301=EDGE_LOOP('',(#1835,#1836,#1837,#1838));
#302=EDGE_LOOP('',(#1839,#1840,#1841,#1842));
#303=EDGE_LOOP('',(#1843));
#304=EDGE_LOOP('',(#1844));
#305=EDGE_LOOP('',(#1845,#1846,#1847,#1848));
#306=EDGE_LOOP('',(#1849));
#307=EDGE_LOOP('',(#1850));
#308=EDGE_LOOP('',(#1851,#1852,#1853,#1854));
#309=EDGE_LOOP('',(#1855,#1856,#1857,#1858));
#310=EDGE_LOOP('',(#1859));
#311=EDGE_LOOP('',(#1860));
#312=EDGE_LOOP('',(#1861,#1862,#1863,#1864));
#313=EDGE_LOOP('',(#1865,#1866,#1867,#1868));
#314=EDGE_LOOP('',(#1869,#1870,#1871,#1872));
#315=EDGE_LOOP('',(#1873,#1874,#1875,#1876));
#316=EDGE_LOOP('',(#1877,#1878,#1879,#1880));
#317=EDGE_LOOP('',(#1881,#1882,#1883,#1884,#1885,#1886,#1887,#1888));
#318=EDGE_LOOP('',(#1889,#1890,#1891,#1892));
#319=EDGE_LOOP('',(#1893,#1894,#1895,#1896));
#320=EDGE_LOOP('',(#1897,#1898,#1899,#1900));
#321=EDGE_LOOP('',(#1901,#1902,#1903,#1904));
#322=EDGE_LOOP('',(#1905,#1906,#1907,#1908));
#323=EDGE_LOOP('',(#1909,#1910,#1911,#1912));
#324=EDGE_LOOP('',(#1913,#1914,#1915,#1916));
#325=EDGE_LOOP('',(#1917,#1918,#1919,#1920));
#326=EDGE_LOOP('',(#1921,#1922,#1923,#1924));
#327=EDGE_LOOP('',(#1925,#1926,#1927,#1928));
#328=EDGE_LOOP('',(#1929,#1930,#1931,#1932,#1933,#1934,#1935,#1936));
#329=EDGE_LOOP('',(#1937,#1938,#1939,#1940));
#330=EDGE_LOOP('',(#1941,#1942,#1943,#1944));
#331=EDGE_LOOP('',(#1945,#1946,#1947,#1948));
#332=EDGE_LOOP('',(#1949,#1950,#1951,#1952));
#333=EDGE_LOOP('',(#1953,#1954,#1955,#1956));
#334=EDGE_LOOP('',(#1957,#1958,#1959,#1960));
#335=EDGE_LOOP('',(#1961,#1962,#1963,#1964));
#336=EDGE_LOOP('',(#1965,#1966,#1967,#1968));
#337=EDGE_LOOP('',(#1969,#1970,#1971,#1972));
#338=EDGE_LOOP('',(#1973,#1974,#1975,#1976));
#339=EDGE_LOOP('',(#1977,#1978,#1979,#1980));
#340=EDGE_LOOP('',(#1981,#1982,#1983,#1984));
#341=EDGE_LOOP('',(#1985,#1986,#1987,#1988,#1989,#1990,#1991,#1992,#1993,
#1994,#1995,#1996,#1997,#1998));
#342=EDGE_LOOP('',(#1999,#2000,#2001,#2002));
#343=EDGE_LOOP('',(#2003,#2004,#2005,#2006));
#344=EDGE_LOOP('',(#2007,#2008,#2009,#2010));
#345=EDGE_LOOP('',(#2011,#2012,#2013,#2014));
#346=EDGE_LOOP('',(#2015,#2016,#2017,#2018));
#347=EDGE_LOOP('',(#2019,#2020,#2021,#2022));
#348=EDGE_LOOP('',(#2023,#2024,#2025,#2026));
#349=EDGE_LOOP('',(#2027,#2028,#2029,#2030));
#350=EDGE_LOOP('',(#2031,#2032,#2033,#2034));
#351=EDGE_LOOP('',(#2035,#2036,#2037,#2038));
#352=EDGE_LOOP('',(#2039,#2040,#2041,#2042));
#353=EDGE_LOOP('',(#2043,#2044,#2045,#2046));
#354=EDGE_LOOP('',(#2047,#2048,#2049,#2050));
#355=EDGE_LOOP('',(#2051,#2052,#2053,#2054));
#356=EDGE_LOOP('',(#2055,#2056,#2057,#2058,#2059,#2060,#2061,#2062,#2063,
#2064,#2065,#2066,#2067,#2068,#2069,#2070,#2071,#2072,#2073,#2074,#2075,
#2076,#2077,#2078,#2079,#2080,#2081,#2082,#2083,#2084,#2085,#2086,#2087));
#357=EDGE_LOOP('',(#2088,#2089,#2090,#2091));
#358=EDGE_LOOP('',(#2092,#2093,#2094,#2095));
#359=EDGE_LOOP('',(#2096,#2097,#2098,#2099));
#360=EDGE_LOOP('',(#2100,#2101,#2102,#2103));
#361=EDGE_LOOP('',(#2104,#2105,#2106,#2107));
#362=EDGE_LOOP('',(#2108,#2109,#2110,#2111));
#363=EDGE_LOOP('',(#2112,#2113,#2114,#2115));
#364=EDGE_LOOP('',(#2116,#2117,#2118,#2119));
#365=EDGE_LOOP('',(#2120,#2121,#2122,#2123));
#366=EDGE_LOOP('',(#2124,#2125,#2126,#2127));
#367=EDGE_LOOP('',(#2128,#2129,#2130,#2131));
#368=EDGE_LOOP('',(#2132,#2133,#2134,#2135));
#369=EDGE_LOOP('',(#2136,#2137,#2138,#2139));
#370=EDGE_LOOP('',(#2140,#2141,#2142,#2143));
#371=EDGE_LOOP('',(#2144,#2145,#2146,#2147));
#372=EDGE_LOOP('',(#2148,#2149,#2150,#2151));
#373=EDGE_LOOP('',(#2152,#2153,#2154,#2155));
#374=EDGE_LOOP('',(#2156,#2157,#2158,#2159));
#375=EDGE_LOOP('',(#2160,#2161,#2162,#2163));
#376=EDGE_LOOP('',(#2164,#2165,#2166,#2167));
#377=EDGE_LOOP('',(#2168,#2169,#2170,#2171));
#378=EDGE_LOOP('',(#2172,#2173,#2174,#2175));
#379=EDGE_LOOP('',(#2176,#2177,#2178,#2179));
#380=EDGE_LOOP('',(#2180,#2181,#2182,#2183));
#381=EDGE_LOOP('',(#2184,#2185,#2186,#2187));
#382=EDGE_LOOP('',(#2188,#2189,#2190,#2191));
#383=EDGE_LOOP('',(#2192,#2193,#2194,#2195));
#384=EDGE_LOOP('',(#2196,#2197,#2198,#2199));
#385=EDGE_LOOP('',(#2200,#2201,#2202,#2203));
#386=EDGE_LOOP('',(#2204,#2205,#2206,#2207));
#387=EDGE_LOOP('',(#2208,#2209,#2210,#2211));
#388=EDGE_LOOP('',(#2212,#2213,#2214,#2215));
#389=EDGE_LOOP('',(#2216,#2217,#2218,#2219));
#390=EDGE_LOOP('',(#2220,#2221,#2222,#2223,#2224,#2225,#2226,#2227,#2228,
#2229,#2230,#2231,#2232,#2233,#2234,#2235,#2236,#2237,#2238,#2239,#2240,
#2241,#2242,#2243,#2244,#2245,#2246,#2247,#2248));
#391=EDGE_LOOP('',(#2249,#2250,#2251,#2252,#2253,#2254));
#392=EDGE_LOOP('',(#2255,#2256,#2257,#2258));
#393=EDGE_LOOP('',(#2259,#2260,#2261,#2262));
#394=EDGE_LOOP('',(#2263,#2264,#2265,#2266));
#395=EDGE_LOOP('',(#2267,#2268,#2269,#2270));
#396=EDGE_LOOP('',(#2271,#2272,#2273,#2274));
#397=EDGE_LOOP('',(#2275,#2276,#2277,#2278));
#398=EDGE_LOOP('',(#2279,#2280,#2281,#2282));
#399=EDGE_LOOP('',(#2283,#2284,#2285,#2286));
#400=EDGE_LOOP('',(#2287,#2288,#2289,#2290));
#401=EDGE_LOOP('',(#2291,#2292,#2293,#2294));
#402=EDGE_LOOP('',(#2295,#2296,#2297,#2298));
#403=EDGE_LOOP('',(#2299,#2300,#2301,#2302));
#404=EDGE_LOOP('',(#2303,#2304,#2305,#2306));
#405=EDGE_LOOP('',(#2307,#2308,#2309,#2310));
#406=EDGE_LOOP('',(#2311,#2312,#2313,#2314));
#407=EDGE_LOOP('',(#2315,#2316,#2317,#2318));
#408=EDGE_LOOP('',(#2319,#2320,#2321,#2322));
#409=EDGE_LOOP('',(#2323,#2324,#2325,#2326));
#410=EDGE_LOOP('',(#2327,#2328,#2329,#2330));
#411=EDGE_LOOP('',(#2331,#2332,#2333,#2334));
#412=EDGE_LOOP('',(#2335,#2336,#2337,#2338));
#413=EDGE_LOOP('',(#2339,#2340,#2341,#2342));
#414=EDGE_LOOP('',(#2343,#2344,#2345,#2346));
#415=EDGE_LOOP('',(#2347,#2348,#2349,#2350));
#416=EDGE_LOOP('',(#2351,#2352,#2353,#2354));
#417=EDGE_LOOP('',(#2355,#2356,#2357,#2358));
#418=EDGE_LOOP('',(#2359,#2360,#2361,#2362));
#419=EDGE_LOOP('',(#2363,#2364,#2365,#2366));
#420=EDGE_LOOP('',(#2367,#2368,#2369,#2370));
#421=EDGE_LOOP('',(#2371,#2372,#2373,#2374));
#422=EDGE_LOOP('',(#2375,#2376,#2377,#2378));
#423=EDGE_LOOP('',(#2379,#2380,#2381,#2382));
#424=EDGE_LOOP('',(#2383,#2384,#2385,#2386));
#425=EDGE_LOOP('',(#2387,#2388,#2389,#2390));
#426=EDGE_LOOP('',(#2391,#2392,#2393,#2394));
#427=EDGE_LOOP('',(#2395,#2396,#2397,#2398));
#428=EDGE_LOOP('',(#2399,#2400,#2401,#2402));
#429=EDGE_LOOP('',(#2403,#2404,#2405,#2406,#2407,#2408,#2409,#2410,#2411,
#2412));
#430=EDGE_LOOP('',(#2413));
#431=EDGE_LOOP('',(#2414));
#432=EDGE_LOOP('',(#2415));
#433=EDGE_LOOP('',(#2416,#2417,#2418,#2419));
#434=EDGE_LOOP('',(#2420,#2421,#2422,#2423,#2424,#2425,#2426,#2427,#2428,
#2429,#2430,#2431,#2432,#2433,#2434,#2435,#2436,#2437,#2438,#2439,#2440,
#2441,#2442,#2443));
#435=EDGE_LOOP('',(#2444));
#436=EDGE_LOOP('',(#2445));
#437=EDGE_LOOP('',(#2446));
#438=EDGE_LOOP('',(#2447,#2448,#2449,#2450));
#439=EDGE_LOOP('',(#2451,#2452,#2453,#2454));
#440=EDGE_LOOP('',(#2455,#2456,#2457,#2458,#2459,#2460,#2461,#2462,#2463,
#2464,#2465,#2466,#2467,#2468,#2469,#2470,#2471,#2472,#2473,#2474));
#441=EDGE_LOOP('',(#2475,#2476,#2477,#2478,#2479,#2480,#2481,#2482,#2483,
#2484,#2485,#2486,#2487,#2488));
#442=EDGE_LOOP('',(#2489,#2490,#2491,#2492,#2493,#2494,#2495,#2496,#2497,
#2498,#2499,#2500,#2501,#2502,#2503,#2504,#2505,#2506,#2507,#2508,#2509,
#2510,#2511,#2512,#2513,#2514,#2515,#2516,#2517,#2518,#2519,#2520,#2521));
#443=EDGE_LOOP('',(#2522,#2523,#2524,#2525,#2526,#2527,#2528,#2529,#2530,
#2531,#2532,#2533,#2534,#2535,#2536,#2537,#2538,#2539,#2540,#2541,#2542,
#2543,#2544,#2545,#2546,#2547,#2548,#2549,#2550));
#444=EDGE_LOOP('',(#2551,#2552,#2553,#2554));
#445=EDGE_LOOP('',(#2555,#2556,#2557,#2558,#2559,#2560,#2561));
#446=EDGE_LOOP('',(#2562,#2563,#2564,#2565));
#447=EDGE_LOOP('',(#2566,#2567,#2568,#2569));
#448=EDGE_LOOP('',(#2570,#2571,#2572,#2573,#2574,#2575,#2576));
#449=EDGE_LOOP('',(#2577,#2578,#2579,#2580));
#450=EDGE_LOOP('',(#2581,#2582,#2583,#2584));
#451=EDGE_LOOP('',(#2585,#2586,#2587,#2588));
#452=EDGE_LOOP('',(#2589,#2590,#2591,#2592));
#453=EDGE_LOOP('',(#2593,#2594,#2595,#2596));
#454=EDGE_LOOP('',(#2597,#2598,#2599,#2600));
#455=EDGE_LOOP('',(#2601,#2602,#2603,#2604));
#456=EDGE_LOOP('',(#2605,#2606,#2607,#2608));
#457=EDGE_LOOP('',(#2609,#2610,#2611,#2612));
#458=EDGE_LOOP('',(#2613,#2614,#2615,#2616));
#459=EDGE_LOOP('',(#2617,#2618,#2619,#2620));
#460=EDGE_LOOP('',(#2621,#2622,#2623,#2624));
#461=EDGE_LOOP('',(#2625,#2626,#2627,#2628));
#462=LINE('',#3527,#729);
#463=LINE('',#3564,#730);
#464=LINE('',#3568,#731);
#465=LINE('',#3587,#732);
#466=LINE('',#3590,#733);
#467=LINE('',#3608,#734);
#468=LINE('',#3614,#735);
#469=LINE('',#3632,#736);
#470=LINE('',#3638,#737);
#471=LINE('',#3640,#738);
#472=LINE('',#3641,#739);
#473=LINE('',#3663,#740);
#474=LINE('',#3690,#741);
#475=LINE('',#3700,#742);
#476=LINE('',#3706,#743);
#477=LINE('',#3713,#744);
#478=LINE('',#3720,#745);
#479=LINE('',#3726,#746);
#480=LINE('',#3733,#747);
#481=LINE('',#3740,#748);
#482=LINE('',#3743,#749);
#483=LINE('',#3746,#750);
#484=LINE('',#3748,#751);
#485=LINE('',#3749,#752);
#486=LINE('',#3754,#753);
#487=LINE('',#3757,#754);
#488=LINE('',#3760,#755);
#489=LINE('',#3764,#756);
#490=LINE('',#3768,#757);
#491=LINE('',#3772,#758);
#492=LINE('',#3776,#759);
#493=LINE('',#3778,#760);
#494=LINE('',#3779,#761);
#495=LINE('',#3781,#762);
#496=LINE('',#3782,#763);
#497=LINE('',#3784,#764);
#498=LINE('',#3786,#765);
#499=LINE('',#3789,#766);
#500=LINE('',#3790,#767);
#501=LINE('',#3793,#768);
#502=LINE('',#3797,#769);
#503=LINE('',#3798,#770);
#504=LINE('',#3800,#771);
#505=LINE('',#3806,#772);
#506=LINE('',#3808,#773);
#507=LINE('',#3810,#774);
#508=LINE('',#3811,#775);
#509=LINE('',#3814,#776);
#510=LINE('',#3818,#777);
#511=LINE('',#3822,#778);
#512=LINE('',#3826,#779);
#513=LINE('',#3830,#780);
#514=LINE('',#3831,#781);
#515=LINE('',#3835,#782);
#516=LINE('',#3838,#783);
#517=LINE('',#3839,#784);
#518=LINE('',#3843,#785);
#519=LINE('',#3844,#786);
#520=LINE('',#3846,#787);
#521=LINE('',#3848,#788);
#522=LINE('',#3850,#789);
#523=LINE('',#3852,#790);
#524=LINE('',#3854,#791);
#525=LINE('',#3856,#792);
#526=LINE('',#3861,#793);
#527=LINE('',#3863,#794);
#528=LINE('',#3865,#795);
#529=LINE('',#3881,#796);
#530=LINE('',#3883,#797);
#531=LINE('',#3885,#798);
#532=LINE('',#3887,#799);
#533=LINE('',#3889,#800);
#534=LINE('',#3891,#801);
#535=LINE('',#3893,#802);
#536=LINE('',#3910,#803);
#537=LINE('',#3911,#804);
#538=LINE('',#3912,#805);
#539=LINE('',#3932,#806);
#540=LINE('',#3952,#807);
#541=LINE('',#3955,#808);
#542=LINE('',#3956,#809);
#543=LINE('',#3959,#810);
#544=LINE('',#3960,#811);
#545=LINE('',#3963,#812);
#546=LINE('',#3964,#813);
#547=LINE('',#3967,#814);
#548=LINE('',#3968,#815);
#549=LINE('',#3971,#816);
#550=LINE('',#3972,#817);
#551=LINE('',#3975,#818);
#552=LINE('',#3976,#819);
#553=LINE('',#3979,#820);
#554=LINE('',#3980,#821);
#555=LINE('',#4000,#822);
#556=LINE('',#4020,#823);
#557=LINE('',#4023,#824);
#558=LINE('',#4024,#825);
#559=LINE('',#4026,#826);
#560=LINE('',#4058,#827);
#561=LINE('',#4102,#828);
#562=LINE('',#4104,#829);
#563=LINE('',#4106,#830);
#564=LINE('',#4108,#831);
#565=LINE('',#4110,#832);
#566=LINE('',#4112,#833);
#567=LINE('',#4114,#834);
#568=LINE('',#4153,#835);
#569=LINE('',#4187,#836);
#570=LINE('',#4189,#837);
#571=LINE('',#4191,#838);
#572=LINE('',#4225,#839);
#573=LINE('',#4226,#840);
#574=LINE('',#4246,#841);
#575=LINE('',#4266,#842);
#576=LINE('',#4269,#843);
#577=LINE('',#4270,#844);
#578=LINE('',#4273,#845);
#579=LINE('',#4274,#846);
#580=LINE('',#4277,#847);
#581=LINE('',#4278,#848);
#582=LINE('',#4298,#849);
#583=LINE('',#4324,#850);
#584=LINE('',#4350,#851);
#585=LINE('',#4370,#852);
#586=LINE('',#4373,#853);
#587=LINE('',#4374,#854);
#588=LINE('',#4400,#855);
#589=LINE('',#4420,#856);
#590=LINE('',#4440,#857);
#591=LINE('',#4460,#858);
#592=LINE('',#4480,#859);
#593=LINE('',#4483,#860);
#594=LINE('',#4484,#861);
#595=LINE('',#4487,#862);
#596=LINE('',#4488,#863);
#597=LINE('',#4491,#864);
#598=LINE('',#4492,#865);
#599=LINE('',#4495,#866);
#600=LINE('',#4496,#867);
#601=LINE('',#4499,#868);
#602=LINE('',#4500,#869);
#603=LINE('',#4503,#870);
#604=LINE('',#4504,#871);
#605=LINE('',#4507,#872);
#606=LINE('',#4508,#873);
#607=LINE('',#4528,#874);
#608=LINE('',#4548,#875);
#609=LINE('',#4568,#876);
#610=LINE('',#4588,#877);
#611=LINE('',#4608,#878);
#612=LINE('',#4628,#879);
#613=LINE('',#4631,#880);
#614=LINE('',#4632,#881);
#615=LINE('',#4652,#882);
#616=LINE('',#4672,#883);
#617=LINE('',#4701,#884);
#618=LINE('',#4731,#885);
#619=LINE('',#4775,#886);
#620=LINE('',#4805,#887);
#621=LINE('',#4883,#888);
#622=LINE('',#4938,#889);
#623=LINE('',#4939,#890);
#624=LINE('',#4959,#891);
#625=LINE('',#4979,#892);
#626=LINE('',#4999,#893);
#627=LINE('',#5037,#894);
#628=LINE('',#5057,#895);
#629=LINE('',#5077,#896);
#630=LINE('',#5097,#897);
#631=LINE('',#5117,#898);
#632=LINE('',#5137,#899);
#633=LINE('',#5157,#900);
#634=LINE('',#5160,#901);
#635=LINE('',#5161,#902);
#636=LINE('',#5181,#903);
#637=LINE('',#5201,#904);
#638=LINE('',#5221,#905);
#639=LINE('',#5241,#906);
#640=LINE('',#5244,#907);
#641=LINE('',#5245,#908);
#642=LINE('',#5265,#909);
#643=LINE('',#5285,#910);
#644=LINE('',#5305,#911);
#645=LINE('',#5325,#912);
#646=LINE('',#5345,#913);
#647=LINE('',#5365,#914);
#648=LINE('',#5368,#915);
#649=LINE('',#5369,#916);
#650=LINE('',#5389,#917);
#651=LINE('',#5409,#918);
#652=LINE('',#5429,#919);
#653=LINE('',#5449,#920);
#654=LINE('',#5451,#921);
#655=LINE('',#5453,#922);
#656=LINE('',#5454,#923);
#657=LINE('',#5467,#924);
#658=LINE('',#5480,#925);
#659=LINE('',#5493,#926);
#660=LINE('',#5506,#927);
#661=LINE('',#5522,#928);
#662=LINE('',#5523,#929);
#663=LINE('',#5524,#930);
#664=LINE('',#5527,#931);
#665=LINE('',#5528,#932);
#666=LINE('',#5532,#933);
#667=LINE('',#5533,#934);
#668=LINE('',#5535,#935);
#669=LINE('',#5536,#936);
#670=LINE('',#5537,#937);
#671=LINE('',#5540,#938);
#672=LINE('',#5541,#939);
#673=LINE('',#5545,#940);
#674=LINE('',#5546,#941);
#675=LINE('',#5548,#942);
#676=LINE('',#5550,#943);
#677=LINE('',#5552,#944);
#678=LINE('',#5554,#945);
#679=LINE('',#5556,#946);
#680=LINE('',#5558,#947);
#681=LINE('',#5560,#948);
#682=LINE('',#5562,#949);
#683=LINE('',#5564,#950);
#684=LINE('',#5566,#951);
#685=LINE('',#5568,#952);
#686=LINE('',#5570,#953);
#687=LINE('',#5572,#954);
#688=LINE('',#5574,#955);
#689=LINE('',#5576,#956);
#690=LINE('',#5577,#957);
#691=LINE('',#5580,#958);
#692=LINE('',#5581,#959);
#693=LINE('',#5583,#960);
#694=LINE('',#5587,#961);
#695=LINE('',#5589,#962);
#696=LINE('',#5591,#963);
#697=LINE('',#5593,#964);
#698=LINE('',#5595,#965);
#699=LINE('',#5597,#966);
#700=LINE('',#5599,#967);
#701=LINE('',#5601,#968);
#702=LINE('',#5603,#969);
#703=LINE('',#5605,#970);
#704=LINE('',#5607,#971);
#705=LINE('',#5609,#972);
#706=LINE('',#5611,#973);
#707=LINE('',#5613,#974);
#708=LINE('',#5615,#975);
#709=LINE('',#5617,#976);
#710=LINE('',#5618,#977);
#711=LINE('',#5619,#978);
#712=LINE('',#5621,#979);
#713=LINE('',#5623,#980);
#714=LINE('',#5625,#981);
#715=LINE('',#5626,#982);
#716=LINE('',#5628,#983);
#717=LINE('',#5631,#984);
#718=LINE('',#5633,#985);
#719=LINE('',#5635,#986);
#720=LINE('',#5637,#987);
#721=LINE('',#5639,#988);
#722=LINE('',#5641,#989);
#723=LINE('',#5643,#990);
#724=LINE('',#5645,#991);
#725=LINE('',#5647,#992);
#726=LINE('',#5649,#993);
#727=LINE('',#5651,#994);
#728=LINE('',#5653,#995);
#729=VECTOR('',#3001,10.);
#730=VECTOR('',#3004,10.);
#731=VECTOR('',#3007,10.);
#732=VECTOR('',#3010,10.);
#733=VECTOR('',#3013,10.);
#734=VECTOR('',#3014,10.);
#735=VECTOR('',#3015,10.);
#736=VECTOR('',#3016,10.);
#737=VECTOR('',#3017,10.);
#738=VECTOR('',#3020,10.);
#739=VECTOR('',#3021,10.);
#740=VECTOR('',#3022,10.);
#741=VECTOR('',#3023,10.);
#742=VECTOR('',#3028,1.7);
#743=VECTOR('',#3035,1.70000000000002);
#744=VECTOR('',#3044,3.);
#745=VECTOR('',#3053,3.00000000000001);
#746=VECTOR('',#3060,1.7);
#747=VECTOR('',#3069,3.);
#748=VECTOR('',#3076,10.);
#749=VECTOR('',#3079,10.);
#750=VECTOR('',#3082,10.);
#751=VECTOR('',#3083,10.);
#752=VECTOR('',#3084,10.);
#753=VECTOR('',#3089,10.);
#754=VECTOR('',#3094,10.);
#755=VECTOR('',#3095,10.);
#756=VECTOR('',#3098,10.);
#757=VECTOR('',#3101,10.);
#758=VECTOR('',#3104,10.);
#759=VECTOR('',#3109,10.);
#760=VECTOR('',#3110,10.);
#761=VECTOR('',#3111,10.);
#762=VECTOR('',#3114,10.);
#763=VECTOR('',#3115,10.);
#764=VECTOR('',#3118,10.);
#765=VECTOR('',#3121,10.);
#766=VECTOR('',#3124,10.);
#767=VECTOR('',#3125,10.);
#768=VECTOR('',#3128,10.);
#769=VECTOR('',#3133,10.);
#770=VECTOR('',#3134,10.);
#771=VECTOR('',#3137,10.);
#772=VECTOR('',#3144,10.);
#773=VECTOR('',#3145,10.);
#774=VECTOR('',#3146,10.);
#775=VECTOR('',#3147,10.);
#776=VECTOR('',#3148,10.);
#777=VECTOR('',#3151,10.);
#778=VECTOR('',#3154,10.);
#779=VECTOR('',#3157,10.);
#780=VECTOR('',#3162,10.);
#781=VECTOR('',#3163,10.);
#782=VECTOR('',#3168,10.);
#783=VECTOR('',#3171,10.);
#784=VECTOR('',#3172,10.);
#785=VECTOR('',#3179,10.);
#786=VECTOR('',#3180,10.);
#787=VECTOR('',#3183,10.);
#788=VECTOR('',#3186,10.);
#789=VECTOR('',#3189,10.);
#790=VECTOR('',#3192,10.);
#791=VECTOR('',#3195,10.);
#792=VECTOR('',#3198,10.);
#793=VECTOR('',#3203,10.);
#794=VECTOR('',#3204,10.);
#795=VECTOR('',#3205,10.);
#796=VECTOR('',#3206,10.);
#797=VECTOR('',#3207,10.);
#798=VECTOR('',#3208,10.);
#799=VECTOR('',#3209,10.);
#800=VECTOR('',#3210,10.);
#801=VECTOR('',#3211,10.);
#802=VECTOR('',#3212,10.);
#803=VECTOR('',#3215,10.);
#804=VECTOR('',#3216,10.);
#805=VECTOR('',#3217,10.);
#806=VECTOR('',#3218,10.);
#807=VECTOR('',#3219,10.);
#808=VECTOR('',#3222,10.);
#809=VECTOR('',#3223,10.);
#810=VECTOR('',#3226,10.);
#811=VECTOR('',#3227,10.);
#812=VECTOR('',#3230,10.);
#813=VECTOR('',#3231,10.);
#814=VECTOR('',#3234,10.);
#815=VECTOR('',#3235,10.);
#816=VECTOR('',#3238,10.);
#817=VECTOR('',#3239,10.);
#818=VECTOR('',#3242,10.);
#819=VECTOR('',#3243,10.);
#820=VECTOR('',#3246,10.);
#821=VECTOR('',#3247,10.);
#822=VECTOR('',#3248,10.);
#823=VECTOR('',#3249,10.);
#824=VECTOR('',#3252,10.);
#825=VECTOR('',#3253,10.);
#826=VECTOR('',#3256,10.);
#827=VECTOR('',#3259,10.);
#828=VECTOR('',#3260,10.);
#829=VECTOR('',#3261,10.);
#830=VECTOR('',#3262,10.);
#831=VECTOR('',#3263,10.);
#832=VECTOR('',#3264,10.);
#833=VECTOR('',#3265,10.);
#834=VECTOR('',#3266,10.);
#835=VECTOR('',#3267,10.);
#836=VECTOR('',#3268,10.);
#837=VECTOR('',#3269,10.);
#838=VECTOR('',#3270,10.);
#839=VECTOR('',#3271,10.);
#840=VECTOR('',#3272,10.);
#841=VECTOR('',#3273,10.);
#842=VECTOR('',#3274,10.);
#843=VECTOR('',#3277,10.);
#844=VECTOR('',#3278,10.);
#845=VECTOR('',#3281,10.);
#846=VECTOR('',#3282,10.);
#847=VECTOR('',#3285,10.);
#848=VECTOR('',#3286,10.);
#849=VECTOR('',#3287,10.);
#850=VECTOR('',#3288,10.);
#851=VECTOR('',#3289,10.);
#852=VECTOR('',#3290,10.);
#853=VECTOR('',#3293,10.);
#854=VECTOR('',#3294,10.);
#855=VECTOR('',#3295,10.);
#856=VECTOR('',#3296,10.);
#857=VECTOR('',#3297,10.);
#858=VECTOR('',#3298,10.);
#859=VECTOR('',#3299,10.);
#860=VECTOR('',#3302,10.);
#861=VECTOR('',#3303,10.);
#862=VECTOR('',#3306,10.);
#863=VECTOR('',#3307,10.);
#864=VECTOR('',#3310,10.);
#865=VECTOR('',#3311,10.);
#866=VECTOR('',#3314,10.);
#867=VECTOR('',#3315,10.);
#868=VECTOR('',#3318,10.);
#869=VECTOR('',#3319,10.);
#870=VECTOR('',#3322,10.);
#871=VECTOR('',#3323,10.);
#872=VECTOR('',#3326,10.);
#873=VECTOR('',#3327,10.);
#874=VECTOR('',#3328,10.);
#875=VECTOR('',#3329,10.);
#876=VECTOR('',#3330,10.);
#877=VECTOR('',#3331,10.);
#878=VECTOR('',#3332,10.);
#879=VECTOR('',#3333,10.);
#880=VECTOR('',#3336,10.);
#881=VECTOR('',#3337,10.);
#882=VECTOR('',#3338,10.);
#883=VECTOR('',#3339,10.);
#884=VECTOR('',#3342,10.);
#885=VECTOR('',#3343,10.);
#886=VECTOR('',#3344,10.);
#887=VECTOR('',#3345,10.);
#888=VECTOR('',#3346,10.);
#889=VECTOR('',#3347,10.);
#890=VECTOR('',#3348,10.);
#891=VECTOR('',#3349,10.);
#892=VECTOR('',#3350,10.);
#893=VECTOR('',#3351,10.);
#894=VECTOR('',#3352,10.);
#895=VECTOR('',#3353,10.);
#896=VECTOR('',#3354,10.);
#897=VECTOR('',#3355,10.);
#898=VECTOR('',#3356,10.);
#899=VECTOR('',#3357,10.);
#900=VECTOR('',#3358,10.);
#901=VECTOR('',#3361,10.);
#902=VECTOR('',#3362,10.);
#903=VECTOR('',#3363,10.);
#904=VECTOR('',#3364,10.);
#905=VECTOR('',#3365,10.);
#906=VECTOR('',#3366,10.);
#907=VECTOR('',#3369,10.);
#908=VECTOR('',#3370,10.);
#909=VECTOR('',#3371,10.);
#910=VECTOR('',#3372,10.);
#911=VECTOR('',#3373,10.);
#912=VECTOR('',#3374,10.);
#913=VECTOR('',#3375,10.);
#914=VECTOR('',#3376,10.);
#915=VECTOR('',#3379,10.);
#916=VECTOR('',#3380,10.);
#917=VECTOR('',#3381,10.);
#918=VECTOR('',#3382,10.);
#919=VECTOR('',#3383,10.);
#920=VECTOR('',#3384,10.);
#921=VECTOR('',#3387,10.);
#922=VECTOR('',#3390,10.);
#923=VECTOR('',#3391,10.);
#924=VECTOR('',#3392,10.);
#925=VECTOR('',#3393,10.);
#926=VECTOR('',#3394,10.);
#927=VECTOR('',#3395,10.);
#928=VECTOR('',#3398,10.);
#929=VECTOR('',#3399,10.);
#930=VECTOR('',#3400,10.);
#931=VECTOR('',#3403,10.);
#932=VECTOR('',#3404,10.);
#933=VECTOR('',#3407,10.);
#934=VECTOR('',#3408,10.);
#935=VECTOR('',#3409,10.);
#936=VECTOR('',#3410,10.);
#937=VECTOR('',#3411,10.);
#938=VECTOR('',#3414,10.);
#939=VECTOR('',#3415,10.);
#940=VECTOR('',#3418,10.);
#941=VECTOR('',#3419,10.);
#942=VECTOR('',#3420,10.);
#943=VECTOR('',#3421,10.);
#944=VECTOR('',#3422,10.);
#945=VECTOR('',#3423,10.);
#946=VECTOR('',#3424,10.);
#947=VECTOR('',#3425,10.);
#948=VECTOR('',#3426,10.);
#949=VECTOR('',#3427,10.);
#950=VECTOR('',#3428,10.);
#951=VECTOR('',#3429,10.);
#952=VECTOR('',#3430,10.);
#953=VECTOR('',#3431,10.);
#954=VECTOR('',#3432,10.);
#955=VECTOR('',#3433,10.);
#956=VECTOR('',#3434,10.);
#957=VECTOR('',#3435,10.);
#958=VECTOR('',#3438,10.);
#959=VECTOR('',#3439,10.);
#960=VECTOR('',#3442,10.);
#961=VECTOR('',#3445,10.);
#962=VECTOR('',#3446,10.);
#963=VECTOR('',#3447,10.);
#964=VECTOR('',#3448,10.);
#965=VECTOR('',#3449,10.);
#966=VECTOR('',#3450,10.);
#967=VECTOR('',#3451,10.);
#968=VECTOR('',#3452,10.);
#969=VECTOR('',#3453,10.);
#970=VECTOR('',#3454,10.);
#971=VECTOR('',#3455,10.);
#972=VECTOR('',#3456,10.);
#973=VECTOR('',#3457,10.);
#974=VECTOR('',#3458,10.);
#975=VECTOR('',#3459,10.);
#976=VECTOR('',#3460,10.);
#977=VECTOR('',#3461,10.);
#978=VECTOR('',#3462,10.);
#979=VECTOR('',#3465,10.);
#980=VECTOR('',#3468,10.);
#981=VECTOR('',#3471,10.);
#982=VECTOR('',#3472,10.);
#983=VECTOR('',#3475,10.);
#984=VECTOR('',#3480,10.);
#985=VECTOR('',#3483,10.);
#986=VECTOR('',#3486,10.);
#987=VECTOR('',#3489,10.);
#988=VECTOR('',#3492,10.);
#989=VECTOR('',#3495,10.);
#990=VECTOR('',#3498,10.);
#991=VECTOR('',#3501,10.);
#992=VECTOR('',#3504,10.);
#993=VECTOR('',#3507,10.);
#994=VECTOR('',#3510,10.);
#995=VECTOR('',#3513,10.);
#996=B_SPLINE_CURVE_WITH_KNOTS('',3,(#3520,#3521,#3522,#3523,#3524,#3525),
 .UNSPECIFIED.,.F.,.F.,(4,2,4),(0.,0.894940090453116,1.77842350225735),
 .UNSPECIFIED.);
#997=B_SPLINE_CURVE_WITH_KNOTS('',3,(#3529,#3530,#3531,#3532,#3533,#3534),
 .UNSPECIFIED.,.F.,.F.,(4,2,4),(0.,0.445013230099214,0.88984061970395),
 .UNSPECIFIED.);
#998=B_SPLINE_CURVE_WITH_KNOTS('',3,(#3536,#3537,#3538,#3539,#3540,#3541),
 .UNSPECIFIED.,.F.,.F.,(4,2,4),(0.,0.442822555443944,0.882323138146905),
 .UNSPECIFIED.);
#999=B_SPLINE_CURVE_WITH_KNOTS('',3,(#3543,#3544,#3545,#3546,#3547,#3548),
 .UNSPECIFIED.,.F.,.F.,(4,2,4),(0.,0.267115492174358,0.532363152444833),
 .UNSPECIFIED.);
#1000=B_SPLINE_CURVE_WITH_KNOTS('',3,(#3549,#3550,#3551,#3552,#3553,#3554),
 .UNSPECIFIED.,.F.,.F.,(4,2,4),(0.,0.262607998464925,0.522307735628408),
 .UNSPECIFIED.);
#1001=B_SPLINE_CURVE_WITH_KNOTS('',3,(#3558,#3559,#3560,#3561,#3562),
 .UNSPECIFIED.,.F.,.F.,(4,1,4),(-5.01074280371259E-15,0.673198425769237,
1.57079632679489),.UNSPECIFIED.);
#1002=B_SPLINE_CURVE_WITH_KNOTS('',3,(#3569,#3570,#3571,#3572),
 .UNSPECIFIED.,.F.,.F.,(4,4),(-11.2453018798786,-11.2400611019503),
 .UNSPECIFIED.);
#1003=B_SPLINE_CURVE_WITH_KNOTS('',3,(#3576,#3577,#3578,#3579,#3580),
 .UNSPECIFIED.,.F.,.F.,(4,1,4),(-1.5707963267949,-0.67319842576924,1.77635683940025E-15),
 .UNSPECIFIED.);
#1004=B_SPLINE_CURVE_WITH_KNOTS('',3,(#3582,#3583,#3584,#3585),
 .UNSPECIFIED.,.F.,.F.,(4,4),(3.51184514248577,3.52235556601234),
 .UNSPECIFIED.);
#1005=B_SPLINE_CURVE_WITH_KNOTS('',3,(#3610,#3611,#3612,#3613),
 .UNSPECIFIED.,.F.,.F.,(4,4),(-3.52235556601234,-3.51184514248577),
 .UNSPECIFIED.);
#1006=B_SPLINE_CURVE_WITH_KNOTS('',3,(#3634,#3635,#3636,#3637),
 .UNSPECIFIED.,.F.,.F.,(4,4),(11.2400611019503,11.2453018798786),
 .UNSPECIFIED.);
#1007=B_SPLINE_CURVE_WITH_KNOTS('',3,(#3664,#3665,#3666,#3667,#3668),
 .UNSPECIFIED.,.F.,.F.,(4,1,4),(-1.57079632679489,-0.673198425769237,5.01074280371259E-15),
 .UNSPECIFIED.);
#1008=B_SPLINE_CURVE_WITH_KNOTS('',3,(#3691,#3692,#3693,#3694,#3695),
 .UNSPECIFIED.,.F.,.F.,(4,1,4),(-1.77635683940025E-15,0.67319842576924,
1.5707963267949),.UNSPECIFIED.);
#1009=B_SPLINE_CURVE_WITH_KNOTS('',3,(#3867,#3868,#3869,#3870,#3871,#3872),
 .UNSPECIFIED.,.F.,.F.,(4,2,4),(0.,0.0383789010934013,0.0837022607375445),
 .UNSPECIFIED.);
#1010=B_SPLINE_CURVE_WITH_KNOTS('',3,(#3874,#3875,#3876,#3877,#3878,#3879),
 .UNSPECIFIED.,.F.,.F.,(4,2,4),(0.,0.0458879791081655,0.0844284542598362),
 .UNSPECIFIED.);
#1011=B_SPLINE_CURVE_WITH_KNOTS('',3,(#3895,#3896,#3897,#3898,#3899,#3900),
 .UNSPECIFIED.,.F.,.F.,(4,2,4),(0.,0.0589333098005278,0.128916255011943),
 .UNSPECIFIED.);
#1012=B_SPLINE_CURVE_WITH_KNOTS('',3,(#3901,#3902,#3903,#3904,#3905,#3906),
 .UNSPECIFIED.,.F.,.F.,(4,2,4),(0.,0.0678526348375518,0.124898382880421),
 .UNSPECIFIED.);
#1013=B_SPLINE_CURVE_WITH_KNOTS('',3,(#3926,#3927,#3928,#3929,#3930,#3931),
 .UNSPECIFIED.,.F.,.F.,(4,2,4),(0.,0.0678526348375518,0.124898382880421),
 .UNSPECIFIED.);
#1014=B_SPLINE_CURVE_WITH_KNOTS('',3,(#3946,#3947,#3948,#3949,#3950,#3951),
 .UNSPECIFIED.,.F.,.F.,(4,2,4),(0.,0.0589333098005278,0.128916255011943),
 .UNSPECIFIED.);
#1015=B_SPLINE_CURVE_WITH_KNOTS('',3,(#3994,#3995,#3996,#3997,#3998,#3999),
 .UNSPECIFIED.,.F.,.F.,(4,2,4),(0.,0.0458879791081655,0.0844284542598362),
 .UNSPECIFIED.);
#1016=B_SPLINE_CURVE_WITH_KNOTS('',3,(#4014,#4015,#4016,#4017,#4018,#4019),
 .UNSPECIFIED.,.F.,.F.,(4,2,4),(0.,0.0383789010934013,0.0837022607375445),
 .UNSPECIFIED.);
#1017=B_SPLINE_CURVE_WITH_KNOTS('',3,(#4030,#4031,#4032,#4033,#4034,#4035),
 .UNSPECIFIED.,.F.,.F.,(4,2,4),(0.,0.145772233274881,0.277379639792833),
 .UNSPECIFIED.);
#1018=B_SPLINE_CURVE_WITH_KNOTS('',3,(#4037,#4038,#4039,#4040,#4041,#4042),
 .UNSPECIFIED.,.F.,.F.,(4,2,4),(0.,0.130270924053927,0.275529499919358),
 .UNSPECIFIED.);
#1019=B_SPLINE_CURVE_WITH_KNOTS('',3,(#4044,#4045,#4046,#4047,#4048,#4049),
 .UNSPECIFIED.,.F.,.F.,(4,2,4),(0.,0.11744391141129,0.238397990140308),
 .UNSPECIFIED.);
#1020=B_SPLINE_CURVE_WITH_KNOTS('',3,(#4051,#4052,#4053,#4054,#4055,#4056),
 .UNSPECIFIED.,.F.,.F.,(4,2,4),(0.,0.1322163701057,0.254223732883198),
 .UNSPECIFIED.);
#1021=B_SPLINE_CURVE_WITH_KNOTS('',3,(#4060,#4061,#4062,#4063,#4064,#4065),
 .UNSPECIFIED.,.F.,.F.,(4,2,4),(0.,0.116180774666424,0.246151836872838),
 .UNSPECIFIED.);
#1022=B_SPLINE_CURVE_WITH_KNOTS('',3,(#4067,#4068,#4069,#4070,#4071,#4072),
 .UNSPECIFIED.,.F.,.F.,(4,2,4),(0.,0.107272417206269,0.216285534331031),
 .UNSPECIFIED.);
#1023=B_SPLINE_CURVE_WITH_KNOTS('',3,(#4074,#4075,#4076,#4077,#4078,#4079),
 .UNSPECIFIED.,.F.,.F.,(4,2,4),(0.,0.113613933404334,0.222872316684171),
 .UNSPECIFIED.);
#1024=B_SPLINE_CURVE_WITH_KNOTS('',3,(#4081,#4082,#4083,#4084,#4085,#4086),
 .UNSPECIFIED.,.F.,.F.,(4,2,4),(0.,0.0569645604194275,0.122265040312192),
 .UNSPECIFIED.);
#1025=B_SPLINE_CURVE_WITH_KNOTS('',3,(#4088,#4089,#4090,#4091,#4092,#4093),
 .UNSPECIFIED.,.F.,.F.,(4,2,4),(0.,0.0423667307526987,0.0916490907356573),
 .UNSPECIFIED.);
#1026=B_SPLINE_CURVE_WITH_KNOTS('',3,(#4095,#4096,#4097,#4098,#4099,#4100),
 .UNSPECIFIED.,.F.,.F.,(4,2,4),(0.,0.0328767666702791,0.0698944321196224),
 .UNSPECIFIED.);
#1027=B_SPLINE_CURVE_WITH_KNOTS('',3,(#4116,#4117,#4118,#4119,#4120,#4121),
 .UNSPECIFIED.,.F.,.F.,(4,2,4),(0.,0.0308445418860371,0.05928551658417),
 .UNSPECIFIED.);
#1028=B_SPLINE_CURVE_WITH_KNOTS('',3,(#4123,#4124,#4125,#4126,#4127,#4128),
 .UNSPECIFIED.,.F.,.F.,(4,2,4),(0.,0.0368993799813787,0.0704123815964288),
 .UNSPECIFIED.);
#1029=B_SPLINE_CURVE_WITH_KNOTS('',3,(#4130,#4131,#4132,#4133,#4134,#4135),
 .UNSPECIFIED.,.F.,.F.,(4,2,4),(0.,0.0500789161952862,0.0923084553290427),
 .UNSPECIFIED.);
#1030=B_SPLINE_CURVE_WITH_KNOTS('',3,(#4137,#4138,#4139,#4140,#4141,#4142),
 .UNSPECIFIED.,.F.,.F.,(4,2,4),(0.,0.090168701792134,0.184570830067169),
 .UNSPECIFIED.);
#1031=B_SPLINE_CURVE_WITH_KNOTS('',3,(#4144,#4145,#4146,#4147,#4148,#4149,
#4150,#4151),.UNSPECIFIED.,.F.,.F.,(4,2,2,4),(0.,0.0979041901491813,0.143052721019599,
0.188581579701415),.UNSPECIFIED.);
#1032=B_SPLINE_CURVE_WITH_KNOTS('',3,(#4155,#4156,#4157,#4158,#4159,#4160),
 .UNSPECIFIED.,.F.,.F.,(4,2,4),(0.,0.0908472939422481,0.196327637454387),
 .UNSPECIFIED.);
#1033=B_SPLINE_CURVE_WITH_KNOTS('',3,(#4162,#4163,#4164,#4165,#4166,#4167,
#4168,#4169),.UNSPECIFIED.,.F.,.F.,(4,2,2,4),(0.,0.111647824716459,0.160676930109524,
0.207896553600343),.UNSPECIFIED.);
#1034=B_SPLINE_CURVE_WITH_KNOTS('',3,(#4171,#4172,#4173,#4174,#4175,#4176,
#4177,#4178),.UNSPECIFIED.,.F.,.F.,(4,2,2,4),(0.,0.0761655224729544,0.137635719501307,
0.207261146897177),.UNSPECIFIED.);
#1035=B_SPLINE_CURVE_WITH_KNOTS('',3,(#4180,#4181,#4182,#4183,#4184,#4185),
 .UNSPECIFIED.,.F.,.F.,(4,2,4),(0.,0.0909254056009169,0.180835756230737),
 .UNSPECIFIED.);
#1036=B_SPLINE_CURVE_WITH_KNOTS('',3,(#4193,#4194,#4195,#4196,#4197,#4198),
 .UNSPECIFIED.,.F.,.F.,(4,2,4),(0.,0.118985150562986,0.245301359131651),
 .UNSPECIFIED.);
#1037=B_SPLINE_CURVE_WITH_KNOTS('',3,(#4199,#4200,#4201,#4202,#4203,#4204),
 .UNSPECIFIED.,.F.,.F.,(4,2,4),(0.,0.120246293060428,0.237057455160273),
 .UNSPECIFIED.);
#1038=B_SPLINE_CURVE_WITH_KNOTS('',3,(#4219,#4220,#4221,#4222,#4223,#4224),
 .UNSPECIFIED.,.F.,.F.,(4,2,4),(0.,0.145772233274881,0.277379639792833),
 .UNSPECIFIED.);
#1039=B_SPLINE_CURVE_WITH_KNOTS('',3,(#4240,#4241,#4242,#4243,#4244,#4245),
 .UNSPECIFIED.,.F.,.F.,(4,2,4),(0.,0.120246293060428,0.237057455160273),
 .UNSPECIFIED.);
#1040=B_SPLINE_CURVE_WITH_KNOTS('',3,(#4260,#4261,#4262,#4263,#4264,#4265),
 .UNSPECIFIED.,.F.,.F.,(4,2,4),(0.,0.118985150562986,0.245301359131651),
 .UNSPECIFIED.);
#1041=B_SPLINE_CURVE_WITH_KNOTS('',3,(#4292,#4293,#4294,#4295,#4296,#4297),
 .UNSPECIFIED.,.F.,.F.,(4,2,4),(0.,0.0909254056009169,0.180835756230737),
 .UNSPECIFIED.);
#1042=B_SPLINE_CURVE_WITH_KNOTS('',3,(#4316,#4317,#4318,#4319,#4320,#4321,
#4322,#4323),.UNSPECIFIED.,.F.,.F.,(4,2,2,4),(0.,0.0761655224729544,0.137635719501307,
0.207261146897177),.UNSPECIFIED.);
#1043=B_SPLINE_CURVE_WITH_KNOTS('',3,(#4342,#4343,#4344,#4345,#4346,#4347,
#4348,#4349),.UNSPECIFIED.,.F.,.F.,(4,2,2,4),(0.,0.111647824716459,0.160676930109524,
0.207896553600343),.UNSPECIFIED.);
#1044=B_SPLINE_CURVE_WITH_KNOTS('',3,(#4364,#4365,#4366,#4367,#4368,#4369),
 .UNSPECIFIED.,.F.,.F.,(4,2,4),(0.,0.0908472939422481,0.196327637454387),
 .UNSPECIFIED.);
#1045=B_SPLINE_CURVE_WITH_KNOTS('',3,(#4392,#4393,#4394,#4395,#4396,#4397,
#4398,#4399),.UNSPECIFIED.,.F.,.F.,(4,2,2,4),(0.,0.0979041901491813,0.143052721019599,
0.188581579701415),.UNSPECIFIED.);
#1046=B_SPLINE_CURVE_WITH_KNOTS('',3,(#4414,#4415,#4416,#4417,#4418,#4419),
 .UNSPECIFIED.,.F.,.F.,(4,2,4),(0.,0.090168701792134,0.184570830067169),
 .UNSPECIFIED.);
#1047=B_SPLINE_CURVE_WITH_KNOTS('',3,(#4434,#4435,#4436,#4437,#4438,#4439),
 .UNSPECIFIED.,.F.,.F.,(4,2,4),(0.,0.0500789161952862,0.0923084553290427),
 .UNSPECIFIED.);
#1048=B_SPLINE_CURVE_WITH_KNOTS('',3,(#4454,#4455,#4456,#4457,#4458,#4459),
 .UNSPECIFIED.,.F.,.F.,(4,2,4),(0.,0.0368993799813787,0.0704123815964288),
 .UNSPECIFIED.);
#1049=B_SPLINE_CURVE_WITH_KNOTS('',3,(#4474,#4475,#4476,#4477,#4478,#4479),
 .UNSPECIFIED.,.F.,.F.,(4,2,4),(0.,0.0308445418860371,0.05928551658417),
 .UNSPECIFIED.);
#1050=B_SPLINE_CURVE_WITH_KNOTS('',3,(#4522,#4523,#4524,#4525,#4526,#4527),
 .UNSPECIFIED.,.F.,.F.,(4,2,4),(0.,0.0328767666702791,0.0698944321196224),
 .UNSPECIFIED.);
#1051=B_SPLINE_CURVE_WITH_KNOTS('',3,(#4542,#4543,#4544,#4545,#4546,#4547),
 .UNSPECIFIED.,.F.,.F.,(4,2,4),(0.,0.0423667307526987,0.0916490907356573),
 .UNSPECIFIED.);
#1052=B_SPLINE_CURVE_WITH_KNOTS('',3,(#4562,#4563,#4564,#4565,#4566,#4567),
 .UNSPECIFIED.,.F.,.F.,(4,2,4),(0.,0.0569645604194275,0.122265040312192),
 .UNSPECIFIED.);
#1053=B_SPLINE_CURVE_WITH_KNOTS('',3,(#4582,#4583,#4584,#4585,#4586,#4587),
 .UNSPECIFIED.,.F.,.F.,(4,2,4),(0.,0.113613933404334,0.222872316684171),
 .UNSPECIFIED.);
#1054=B_SPLINE_CURVE_WITH_KNOTS('',3,(#4602,#4603,#4604,#4605,#4606,#4607),
 .UNSPECIFIED.,.F.,.F.,(4,2,4),(0.,0.107272417206269,0.216285534331031),
 .UNSPECIFIED.);
#1055=B_SPLINE_CURVE_WITH_KNOTS('',3,(#4622,#4623,#4624,#4625,#4626,#4627),
 .UNSPECIFIED.,.F.,.F.,(4,2,4),(0.,0.116180774666424,0.246151836872838),
 .UNSPECIFIED.);
#1056=B_SPLINE_CURVE_WITH_KNOTS('',3,(#4646,#4647,#4648,#4649,#4650,#4651),
 .UNSPECIFIED.,.F.,.F.,(4,2,4),(0.,0.1322163701057,0.254223732883198),
 .UNSPECIFIED.);
#1057=B_SPLINE_CURVE_WITH_KNOTS('',3,(#4666,#4667,#4668,#4669,#4670,#4671),
 .UNSPECIFIED.,.F.,.F.,(4,2,4),(0.,0.11744391141129,0.238397990140308),
 .UNSPECIFIED.);
#1058=B_SPLINE_CURVE_WITH_KNOTS('',3,(#4685,#4686,#4687,#4688,#4689,#4690),
 .UNSPECIFIED.,.F.,.F.,(4,2,4),(0.,0.130270924053927,0.275529499919358),
 .UNSPECIFIED.);
#1059=B_SPLINE_CURVE_WITH_KNOTS('',3,(#4694,#4695,#4696,#4697,#4698,#4699),
 .UNSPECIFIED.,.F.,.F.,(4,2,4),(0.,0.429573382140811,0.843702635351403),
 .UNSPECIFIED.);
#1060=B_SPLINE_CURVE_WITH_KNOTS('',3,(#4703,#4704,#4705,#4706,#4707,#4708),
 .UNSPECIFIED.,.F.,.F.,(4,2,4),(0.,0.367081179467605,0.73706721730295),
 .UNSPECIFIED.);
#1061=B_SPLINE_CURVE_WITH_KNOTS('',3,(#4710,#4711,#4712,#4713,#4714,#4715),
 .UNSPECIFIED.,.F.,.F.,(4,2,4),(0.,0.363814010636104,0.728736076294171),
 .UNSPECIFIED.);
#1062=B_SPLINE_CURVE_WITH_KNOTS('',3,(#4717,#4718,#4719,#4720,#4721,#4722),
 .UNSPECIFIED.,.F.,.F.,(4,2,4),(0.,0.493172908771753,0.9682133898864),
 .UNSPECIFIED.);
#1063=B_SPLINE_CURVE_WITH_KNOTS('',3,(#4724,#4725,#4726,#4727,#4728,#4729),
 .UNSPECIFIED.,.F.,.F.,(4,2,4),(0.,0.508315962209644,1.01276209888997),
 .UNSPECIFIED.);
#1064=B_SPLINE_CURVE_WITH_KNOTS('',3,(#4733,#4734,#4735,#4736,#4737,#4738),
 .UNSPECIFIED.,.F.,.F.,(4,2,4),(0.,0.513274429852967,1.01955479041727),
 .UNSPECIFIED.);
#1065=B_SPLINE_CURVE_WITH_KNOTS('',3,(#4740,#4741,#4742,#4743,#4744,#4745),
 .UNSPECIFIED.,.F.,.F.,(4,2,4),(0.,0.517129553817346,1.03417659251526),
 .UNSPECIFIED.);
#1066=B_SPLINE_CURVE_WITH_KNOTS('',3,(#4747,#4748,#4749,#4750,#4751,#4752),
 .UNSPECIFIED.,.F.,.F.,(4,2,4),(0.,0.352569184251839,0.702886763538455),
 .UNSPECIFIED.);
#1067=B_SPLINE_CURVE_WITH_KNOTS('',3,(#4754,#4755,#4756,#4757,#4758,#4759),
 .UNSPECIFIED.,.F.,.F.,(4,2,4),(0.,0.352500393770405,0.705625135401684),
 .UNSPECIFIED.);
#1068=B_SPLINE_CURVE_WITH_KNOTS('',3,(#4761,#4762,#4763,#4764,#4765,#4766),
 .UNSPECIFIED.,.F.,.F.,(4,2,4),(0.,0.456670532323764,0.907387231168722),
 .UNSPECIFIED.);
#1069=B_SPLINE_CURVE_WITH_KNOTS('',3,(#4768,#4769,#4770,#4771,#4772,#4773),
 .UNSPECIFIED.,.F.,.F.,(4,2,4),(0.,0.474037755017173,0.938576942599949),
 .UNSPECIFIED.);
#1070=B_SPLINE_CURVE_WITH_KNOTS('',3,(#4777,#4778,#4779,#4780,#4781,#4782),
 .UNSPECIFIED.,.F.,.F.,(4,2,4),(0.,0.449863876239193,0.903963773548309),
 .UNSPECIFIED.);
#1071=B_SPLINE_CURVE_WITH_KNOTS('',3,(#4784,#4785,#4786,#4787,#4788,#4789),
 .UNSPECIFIED.,.F.,.F.,(4,2,4),(0.,0.438561007779992,0.882994349671009),
 .UNSPECIFIED.);
#1072=B_SPLINE_CURVE_WITH_KNOTS('',3,(#4791,#4792,#4793,#4794,#4795,#4796),
 .UNSPECIFIED.,.F.,.F.,(4,2,4),(0.,0.335337957710671,0.671049454468943),
 .UNSPECIFIED.);
#1073=B_SPLINE_CURVE_WITH_KNOTS('',3,(#4798,#4799,#4800,#4801,#4802,#4803),
 .UNSPECIFIED.,.F.,.F.,(4,2,4),(0.,0.336855003716363,0.673017436126351),
 .UNSPECIFIED.);
#1074=B_SPLINE_CURVE_WITH_KNOTS('',3,(#4807,#4808,#4809,#4810,#4811,#4812),
 .UNSPECIFIED.,.F.,.F.,(4,2,4),(0.,0.359338054107059,0.723313197284005),
 .UNSPECIFIED.);
#1075=B_SPLINE_CURVE_WITH_KNOTS('',3,(#4814,#4815,#4816,#4817,#4818,#4819),
 .UNSPECIFIED.,.F.,.F.,(4,2,4),(0.,0.357683541486593,0.714665787649275),
 .UNSPECIFIED.);
#1076=B_SPLINE_CURVE_WITH_KNOTS('',3,(#4821,#4822,#4823,#4824,#4825,#4826),
 .UNSPECIFIED.,.F.,.F.,(4,2,4),(0.,0.434820868490904,0.876857600260802),
 .UNSPECIFIED.);
#1077=B_SPLINE_CURVE_WITH_KNOTS('',3,(#4828,#4829,#4830,#4831,#4832,#4833),
 .UNSPECIFIED.,.F.,.F.,(4,2,4),(0.,0.419158999977292,0.845261882090422),
 .UNSPECIFIED.);
#1078=B_SPLINE_CURVE_WITH_KNOTS('',3,(#4835,#4836,#4837,#4838,#4839,#4840),
 .UNSPECIFIED.,.F.,.F.,(4,2,4),(0.,0.230038379372217,0.503997593551578),
 .UNSPECIFIED.);
#1079=B_SPLINE_CURVE_WITH_KNOTS('',3,(#4842,#4843,#4844,#4845,#4846,#4847),
 .UNSPECIFIED.,.F.,.F.,(4,2,4),(0.,0.207253224640009,0.412665099515256),
 .UNSPECIFIED.);
#1080=B_SPLINE_CURVE_WITH_KNOTS('',3,(#4849,#4850,#4851,#4852,#4853,#4854,
#4855,#4856,#4857,#4858,#4859,#4860),.UNSPECIFIED.,.F.,.F.,(4,2,2,2,2,4),
(0.,0.371242992093107,0.575364750325511,0.730254078004457,0.83884413364587,
0.957692356929938),.UNSPECIFIED.);
#1081=B_SPLINE_CURVE_WITH_KNOTS('',3,(#4862,#4863,#4864,#4865,#4866,#4867),
 .UNSPECIFIED.,.F.,.F.,(4,2,4),(0.,0.439522741840962,0.743851716470087),
 .UNSPECIFIED.);
#1082=B_SPLINE_CURVE_WITH_KNOTS('',3,(#4869,#4870,#4871,#4872,#4873,#4874),
 .UNSPECIFIED.,.F.,.F.,(4,2,4),(0.,0.631719762744047,1.18419615505599),
 .UNSPECIFIED.);
#1083=B_SPLINE_CURVE_WITH_KNOTS('',3,(#4875,#4876,#4877,#4878,#4879,#4880),
 .UNSPECIFIED.,.F.,.F.,(4,2,4),(0.,0.401946124595248,0.793802874861747),
 .UNSPECIFIED.);
#1084=B_SPLINE_CURVE_WITH_KNOTS('',3,(#4885,#4886,#4887,#4888,#4889,#4890),
 .UNSPECIFIED.,.F.,.F.,(4,2,4),(0.,0.894940090453116,1.77842350225735),
 .UNSPECIFIED.);
#1085=B_SPLINE_CURVE_WITH_KNOTS('',3,(#4892,#4893,#4894,#4895,#4896,#4897),
 .UNSPECIFIED.,.F.,.F.,(4,2,4),(0.,0.262607998464925,0.522307735628408),
 .UNSPECIFIED.);
#1086=B_SPLINE_CURVE_WITH_KNOTS('',3,(#4899,#4900,#4901,#4902,#4903,#4904),
 .UNSPECIFIED.,.F.,.F.,(4,2,4),(0.,0.267115492174358,0.532363152444833),
 .UNSPECIFIED.);
#1087=B_SPLINE_CURVE_WITH_KNOTS('',3,(#4906,#4907,#4908,#4909,#4910,#4911),
 .UNSPECIFIED.,.F.,.F.,(4,2,4),(0.,0.442822555443944,0.882323138146905),
 .UNSPECIFIED.);
#1088=B_SPLINE_CURVE_WITH_KNOTS('',3,(#4912,#4913,#4914,#4915,#4916,#4917),
 .UNSPECIFIED.,.F.,.F.,(4,2,4),(0.,0.445013230099214,0.88984061970395),
 .UNSPECIFIED.);
#1089=B_SPLINE_CURVE_WITH_KNOTS('',3,(#4932,#4933,#4934,#4935,#4936,#4937),
 .UNSPECIFIED.,.F.,.F.,(4,2,4),(0.,0.429573382140811,0.843702635351403),
 .UNSPECIFIED.);
#1090=B_SPLINE_CURVE_WITH_KNOTS('',3,(#4953,#4954,#4955,#4956,#4957,#4958),
 .UNSPECIFIED.,.F.,.F.,(4,2,4),(0.,0.401946124595248,0.793802874861747),
 .UNSPECIFIED.);
#1091=B_SPLINE_CURVE_WITH_KNOTS('',3,(#4973,#4974,#4975,#4976,#4977,#4978),
 .UNSPECIFIED.,.F.,.F.,(4,2,4),(0.,0.631719762744047,1.18419615505599),
 .UNSPECIFIED.);
#1092=B_SPLINE_CURVE_WITH_KNOTS('',3,(#4993,#4994,#4995,#4996,#4997,#4998),
 .UNSPECIFIED.,.F.,.F.,(4,2,4),(0.,0.439522741840962,0.743851716470087),
 .UNSPECIFIED.);
#1093=B_SPLINE_CURVE_WITH_KNOTS('',3,(#5025,#5026,#5027,#5028,#5029,#5030,
#5031,#5032,#5033,#5034,#5035,#5036),.UNSPECIFIED.,.F.,.F.,(4,2,2,2,2,4),
(0.,0.371242992093107,0.575364750325511,0.730254078004457,0.83884413364587,
0.957692356929938),.UNSPECIFIED.);
#1094=B_SPLINE_CURVE_WITH_KNOTS('',3,(#5051,#5052,#5053,#5054,#5055,#5056),
 .UNSPECIFIED.,.F.,.F.,(4,2,4),(0.,0.207253224640009,0.412665099515256),
 .UNSPECIFIED.);
#1095=B_SPLINE_CURVE_WITH_KNOTS('',3,(#5071,#5072,#5073,#5074,#5075,#5076),
 .UNSPECIFIED.,.F.,.F.,(4,2,4),(0.,0.230038379372217,0.503997593551578),
 .UNSPECIFIED.);
#1096=B_SPLINE_CURVE_WITH_KNOTS('',3,(#5091,#5092,#5093,#5094,#5095,#5096),
 .UNSPECIFIED.,.F.,.F.,(4,2,4),(0.,0.419158999977292,0.845261882090422),
 .UNSPECIFIED.);
#1097=B_SPLINE_CURVE_WITH_KNOTS('',3,(#5111,#5112,#5113,#5114,#5115,#5116),
 .UNSPECIFIED.,.F.,.F.,(4,2,4),(0.,0.434820868490904,0.876857600260802),
 .UNSPECIFIED.);
#1098=B_SPLINE_CURVE_WITH_KNOTS('',3,(#5131,#5132,#5133,#5134,#5135,#5136),
 .UNSPECIFIED.,.F.,.F.,(4,2,4),(0.,0.357683541486593,0.714665787649275),
 .UNSPECIFIED.);
#1099=B_SPLINE_CURVE_WITH_KNOTS('',3,(#5151,#5152,#5153,#5154,#5155,#5156),
 .UNSPECIFIED.,.F.,.F.,(4,2,4),(0.,0.359338054107059,0.723313197284005),
 .UNSPECIFIED.);
#1100=B_SPLINE_CURVE_WITH_KNOTS('',3,(#5175,#5176,#5177,#5178,#5179,#5180),
 .UNSPECIFIED.,.F.,.F.,(4,2,4),(0.,0.336855003716363,0.673017436126351),
 .UNSPECIFIED.);
#1101=B_SPLINE_CURVE_WITH_KNOTS('',3,(#5195,#5196,#5197,#5198,#5199,#5200),
 .UNSPECIFIED.,.F.,.F.,(4,2,4),(0.,0.335337957710671,0.671049454468943),
 .UNSPECIFIED.);
#1102=B_SPLINE_CURVE_WITH_KNOTS('',3,(#5215,#5216,#5217,#5218,#5219,#5220),
 .UNSPECIFIED.,.F.,.F.,(4,2,4),(0.,0.438561007779992,0.882994349671009),
 .UNSPECIFIED.);
#1103=B_SPLINE_CURVE_WITH_KNOTS('',3,(#5235,#5236,#5237,#5238,#5239,#5240),
 .UNSPECIFIED.,.F.,.F.,(4,2,4),(0.,0.449863876239193,0.903963773548309),
 .UNSPECIFIED.);
#1104=B_SPLINE_CURVE_WITH_KNOTS('',3,(#5259,#5260,#5261,#5262,#5263,#5264),
 .UNSPECIFIED.,.F.,.F.,(4,2,4),(0.,0.474037755017173,0.938576942599949),
 .UNSPECIFIED.);
#1105=B_SPLINE_CURVE_WITH_KNOTS('',3,(#5279,#5280,#5281,#5282,#5283,#5284),
 .UNSPECIFIED.,.F.,.F.,(4,2,4),(0.,0.456670532323764,0.907387231168722),
 .UNSPECIFIED.);
#1106=B_SPLINE_CURVE_WITH_KNOTS('',3,(#5299,#5300,#5301,#5302,#5303,#5304),
 .UNSPECIFIED.,.F.,.F.,(4,2,4),(0.,0.352500393770405,0.705625135401684),
 .UNSPECIFIED.);
#1107=B_SPLINE_CURVE_WITH_KNOTS('',3,(#5319,#5320,#5321,#5322,#5323,#5324),
 .UNSPECIFIED.,.F.,.F.,(4,2,4),(0.,0.352569184251839,0.702886763538455),
 .UNSPECIFIED.);
#1108=B_SPLINE_CURVE_WITH_KNOTS('',3,(#5339,#5340,#5341,#5342,#5343,#5344),
 .UNSPECIFIED.,.F.,.F.,(4,2,4),(0.,0.517129553817346,1.03417659251526),
 .UNSPECIFIED.);
#1109=B_SPLINE_CURVE_WITH_KNOTS('',3,(#5359,#5360,#5361,#5362,#5363,#5364),
 .UNSPECIFIED.,.F.,.F.,(4,2,4),(0.,0.513274429852967,1.01955479041727),
 .UNSPECIFIED.);
#1110=B_SPLINE_CURVE_WITH_KNOTS('',3,(#5383,#5384,#5385,#5386,#5387,#5388),
 .UNSPECIFIED.,.F.,.F.,(4,2,4),(0.,0.508315962209644,1.01276209888997),
 .UNSPECIFIED.);
#1111=B_SPLINE_CURVE_WITH_KNOTS('',3,(#5403,#5404,#5405,#5406,#5407,#5408),
 .UNSPECIFIED.,.F.,.F.,(4,2,4),(0.,0.493172908771753,0.9682133898864),
 .UNSPECIFIED.);
#1112=B_SPLINE_CURVE_WITH_KNOTS('',3,(#5423,#5424,#5425,#5426,#5427,#5428),
 .UNSPECIFIED.,.F.,.F.,(4,2,4),(0.,0.363814010636104,0.728736076294171),
 .UNSPECIFIED.);
#1113=B_SPLINE_CURVE_WITH_KNOTS('',3,(#5443,#5444,#5445,#5446,#5447,#5448),
 .UNSPECIFIED.,.F.,.F.,(4,2,4),(0.,0.367081179467605,0.73706721730295),
 .UNSPECIFIED.);
#1114=VERTEX_POINT('',#3518);
#1115=VERTEX_POINT('',#3519);
#1116=VERTEX_POINT('',#3526);
#1117=VERTEX_POINT('',#3528);
#1118=VERTEX_POINT('',#3535);
#1119=VERTEX_POINT('',#3542);
#1120=VERTEX_POINT('',#3556);
#1121=VERTEX_POINT('',#3557);
#1122=VERTEX_POINT('',#3563);
#1123=VERTEX_POINT('',#3565);
#1124=VERTEX_POINT('',#3567);
#1125=VERTEX_POINT('',#3574);
#1126=VERTEX_POINT('',#3575);
#1127=VERTEX_POINT('',#3581);
#1128=VERTEX_POINT('',#3586);
#1129=VERTEX_POINT('',#3588);
#1130=VERTEX_POINT('',#3607);
#1131=VERTEX_POINT('',#3609);
#1132=VERTEX_POINT('',#3631);
#1133=VERTEX_POINT('',#3633);
#1134=VERTEX_POINT('',#3662);
#1135=VERTEX_POINT('',#3689);
#1136=VERTEX_POINT('',#3697);
#1137=VERTEX_POINT('',#3699);
#1138=VERTEX_POINT('',#3703);
#1139=VERTEX_POINT('',#3705);
#1140=VERTEX_POINT('',#3709);
#1141=VERTEX_POINT('',#3712);
#1142=VERTEX_POINT('',#3716);
#1143=VERTEX_POINT('',#3719);
#1144=VERTEX_POINT('',#3723);
#1145=VERTEX_POINT('',#3725);
#1146=VERTEX_POINT('',#3729);
#1147=VERTEX_POINT('',#3732);
#1148=VERTEX_POINT('',#3736);
#1149=VERTEX_POINT('',#3737);
#1150=VERTEX_POINT('',#3739);
#1151=VERTEX_POINT('',#3741);
#1152=VERTEX_POINT('',#3745);
#1153=VERTEX_POINT('',#3747);
#1154=VERTEX_POINT('',#3751);
#1155=VERTEX_POINT('',#3753);
#1156=VERTEX_POINT('',#3758);
#1157=VERTEX_POINT('',#3759);
#1158=VERTEX_POINT('',#3761);
#1159=VERTEX_POINT('',#3763);
#1160=VERTEX_POINT('',#3765);
#1161=VERTEX_POINT('',#3767);
#1162=VERTEX_POINT('',#3769);
#1163=VERTEX_POINT('',#3771);
#1164=VERTEX_POINT('',#3775);
#1165=VERTEX_POINT('',#3777);
#1166=VERTEX_POINT('',#3788);
#1167=VERTEX_POINT('',#3792);
#1168=VERTEX_POINT('',#3796);
#1169=VERTEX_POINT('',#3804);
#1170=VERTEX_POINT('',#3805);
#1171=VERTEX_POINT('',#3807);
#1172=VERTEX_POINT('',#3809);
#1173=VERTEX_POINT('',#3812);
#1174=VERTEX_POINT('',#3813);
#1175=VERTEX_POINT('',#3815);
#1176=VERTEX_POINT('',#3817);
#1177=VERTEX_POINT('',#3819);
#1178=VERTEX_POINT('',#3821);
#1179=VERTEX_POINT('',#3823);
#1180=VERTEX_POINT('',#3825);
#1181=VERTEX_POINT('',#3829);
#1182=VERTEX_POINT('',#3833);
#1183=VERTEX_POINT('',#3837);
#1184=VERTEX_POINT('',#3859);
#1185=VERTEX_POINT('',#3860);
#1186=VERTEX_POINT('',#3862);
#1187=VERTEX_POINT('',#3864);
#1188=VERTEX_POINT('',#3866);
#1189=VERTEX_POINT('',#3873);
#1190=VERTEX_POINT('',#3880);
#1191=VERTEX_POINT('',#3882);
#1192=VERTEX_POINT('',#3884);
#1193=VERTEX_POINT('',#3886);
#1194=VERTEX_POINT('',#3888);
#1195=VERTEX_POINT('',#3890);
#1196=VERTEX_POINT('',#3892);
#1197=VERTEX_POINT('',#3894);
#1198=VERTEX_POINT('',#3908);
#1199=VERTEX_POINT('',#3909);
#1200=VERTEX_POINT('',#3925);
#1201=VERTEX_POINT('',#3945);
#1202=VERTEX_POINT('',#3954);
#1203=VERTEX_POINT('',#3958);
#1204=VERTEX_POINT('',#3962);
#1205=VERTEX_POINT('',#3966);
#1206=VERTEX_POINT('',#3970);
#1207=VERTEX_POINT('',#3974);
#1208=VERTEX_POINT('',#3978);
#1209=VERTEX_POINT('',#3993);
#1210=VERTEX_POINT('',#4013);
#1211=VERTEX_POINT('',#4022);
#1212=VERTEX_POINT('',#4028);
#1213=VERTEX_POINT('',#4029);
#1214=VERTEX_POINT('',#4036);
#1215=VERTEX_POINT('',#4043);
#1216=VERTEX_POINT('',#4050);
#1217=VERTEX_POINT('',#4057);
#1218=VERTEX_POINT('',#4059);
#1219=VERTEX_POINT('',#4066);
#1220=VERTEX_POINT('',#4073);
#1221=VERTEX_POINT('',#4080);
#1222=VERTEX_POINT('',#4087);
#1223=VERTEX_POINT('',#4094);
#1224=VERTEX_POINT('',#4101);
#1225=VERTEX_POINT('',#4103);
#1226=VERTEX_POINT('',#4105);
#1227=VERTEX_POINT('',#4107);
#1228=VERTEX_POINT('',#4109);
#1229=VERTEX_POINT('',#4111);
#1230=VERTEX_POINT('',#4113);
#1231=VERTEX_POINT('',#4115);
#1232=VERTEX_POINT('',#4122);
#1233=VERTEX_POINT('',#4129);
#1234=VERTEX_POINT('',#4136);
#1235=VERTEX_POINT('',#4143);
#1236=VERTEX_POINT('',#4152);
#1237=VERTEX_POINT('',#4154);
#1238=VERTEX_POINT('',#4161);
#1239=VERTEX_POINT('',#4170);
#1240=VERTEX_POINT('',#4179);
#1241=VERTEX_POINT('',#4186);
#1242=VERTEX_POINT('',#4188);
#1243=VERTEX_POINT('',#4190);
#1244=VERTEX_POINT('',#4192);
#1245=VERTEX_POINT('',#4217);
#1246=VERTEX_POINT('',#4218);
#1247=VERTEX_POINT('',#4239);
#1248=VERTEX_POINT('',#4259);
#1249=VERTEX_POINT('',#4268);
#1250=VERTEX_POINT('',#4272);
#1251=VERTEX_POINT('',#4276);
#1252=VERTEX_POINT('',#4291);
#1253=VERTEX_POINT('',#4315);
#1254=VERTEX_POINT('',#4341);
#1255=VERTEX_POINT('',#4363);
#1256=VERTEX_POINT('',#4372);
#1257=VERTEX_POINT('',#4391);
#1258=VERTEX_POINT('',#4413);
#1259=VERTEX_POINT('',#4433);
#1260=VERTEX_POINT('',#4453);
#1261=VERTEX_POINT('',#4473);
#1262=VERTEX_POINT('',#4482);
#1263=VERTEX_POINT('',#4486);
#1264=VERTEX_POINT('',#4490);
#1265=VERTEX_POINT('',#4494);
#1266=VERTEX_POINT('',#4498);
#1267=VERTEX_POINT('',#4502);
#1268=VERTEX_POINT('',#4506);
#1269=VERTEX_POINT('',#4521);
#1270=VERTEX_POINT('',#4541);
#1271=VERTEX_POINT('',#4561);
#1272=VERTEX_POINT('',#4581);
#1273=VERTEX_POINT('',#4601);
#1274=VERTEX_POINT('',#4621);
#1275=VERTEX_POINT('',#4630);
#1276=VERTEX_POINT('',#4645);
#1277=VERTEX_POINT('',#4665);
#1278=VERTEX_POINT('',#4692);
#1279=VERTEX_POINT('',#4693);
#1280=VERTEX_POINT('',#4700);
#1281=VERTEX_POINT('',#4702);
#1282=VERTEX_POINT('',#4709);
#1283=VERTEX_POINT('',#4716);
#1284=VERTEX_POINT('',#4723);
#1285=VERTEX_POINT('',#4730);
#1286=VERTEX_POINT('',#4732);
#1287=VERTEX_POINT('',#4739);
#1288=VERTEX_POINT('',#4746);
#1289=VERTEX_POINT('',#4753);
#1290=VERTEX_POINT('',#4760);
#1291=VERTEX_POINT('',#4767);
#1292=VERTEX_POINT('',#4774);
#1293=VERTEX_POINT('',#4776);
#1294=VERTEX_POINT('',#4783);
#1295=VERTEX_POINT('',#4790);
#1296=VERTEX_POINT('',#4797);
#1297=VERTEX_POINT('',#4804);
#1298=VERTEX_POINT('',#4806);
#1299=VERTEX_POINT('',#4813);
#1300=VERTEX_POINT('',#4820);
#1301=VERTEX_POINT('',#4827);
#1302=VERTEX_POINT('',#4834);
#1303=VERTEX_POINT('',#4841);
#1304=VERTEX_POINT('',#4848);
#1305=VERTEX_POINT('',#4861);
#1306=VERTEX_POINT('',#4868);
#1307=VERTEX_POINT('',#4881);
#1308=VERTEX_POINT('',#4882);
#1309=VERTEX_POINT('',#4884);
#1310=VERTEX_POINT('',#4891);
#1311=VERTEX_POINT('',#4898);
#1312=VERTEX_POINT('',#4905);
#1313=VERTEX_POINT('',#4930);
#1314=VERTEX_POINT('',#4931);
#1315=VERTEX_POINT('',#4952);
#1316=VERTEX_POINT('',#4972);
#1317=VERTEX_POINT('',#4992);
#1318=VERTEX_POINT('',#5024);
#1319=VERTEX_POINT('',#5050);
#1320=VERTEX_POINT('',#5070);
#1321=VERTEX_POINT('',#5090);
#1322=VERTEX_POINT('',#5110);
#1323=VERTEX_POINT('',#5130);
#1324=VERTEX_POINT('',#5150);
#1325=VERTEX_POINT('',#5159);
#1326=VERTEX_POINT('',#5174);
#1327=VERTEX_POINT('',#5194);
#1328=VERTEX_POINT('',#5214);
#1329=VERTEX_POINT('',#5234);
#1330=VERTEX_POINT('',#5243);
#1331=VERTEX_POINT('',#5258);
#1332=VERTEX_POINT('',#5278);
#1333=VERTEX_POINT('',#5298);
#1334=VERTEX_POINT('',#5318);
#1335=VERTEX_POINT('',#5338);
#1336=VERTEX_POINT('',#5358);
#1337=VERTEX_POINT('',#5367);
#1338=VERTEX_POINT('',#5382);
#1339=VERTEX_POINT('',#5402);
#1340=VERTEX_POINT('',#5422);
#1341=VERTEX_POINT('',#5442);
#1342=VERTEX_POINT('',#5520);
#1343=VERTEX_POINT('',#5521);
#1344=VERTEX_POINT('',#5526);
#1345=VERTEX_POINT('',#5530);
#1346=VERTEX_POINT('',#5531);
#1347=VERTEX_POINT('',#5534);
#1348=VERTEX_POINT('',#5539);
#1349=VERTEX_POINT('',#5543);
#1350=VERTEX_POINT('',#5544);
#1351=VERTEX_POINT('',#5547);
#1352=VERTEX_POINT('',#5549);
#1353=VERTEX_POINT('',#5551);
#1354=VERTEX_POINT('',#5553);
#1355=VERTEX_POINT('',#5555);
#1356=VERTEX_POINT('',#5557);
#1357=VERTEX_POINT('',#5559);
#1358=VERTEX_POINT('',#5561);
#1359=VERTEX_POINT('',#5563);
#1360=VERTEX_POINT('',#5565);
#1361=VERTEX_POINT('',#5567);
#1362=VERTEX_POINT('',#5569);
#1363=VERTEX_POINT('',#5571);
#1364=VERTEX_POINT('',#5573);
#1365=VERTEX_POINT('',#5575);
#1366=VERTEX_POINT('',#5579);
#1367=VERTEX_POINT('',#5585);
#1368=VERTEX_POINT('',#5586);
#1369=VERTEX_POINT('',#5588);
#1370=VERTEX_POINT('',#5590);
#1371=VERTEX_POINT('',#5592);
#1372=VERTEX_POINT('',#5594);
#1373=VERTEX_POINT('',#5596);
#1374=VERTEX_POINT('',#5598);
#1375=VERTEX_POINT('',#5600);
#1376=VERTEX_POINT('',#5602);
#1377=VERTEX_POINT('',#5604);
#1378=VERTEX_POINT('',#5606);
#1379=VERTEX_POINT('',#5608);
#1380=VERTEX_POINT('',#5610);
#1381=VERTEX_POINT('',#5612);
#1382=VERTEX_POINT('',#5614);
#1383=VERTEX_POINT('',#5616);
#1384=EDGE_CURVE('',#1114,#1115,#996,.T.);
#1385=EDGE_CURVE('',#1115,#1116,#462,.T.);
#1386=EDGE_CURVE('',#1116,#1117,#997,.T.);
#1387=EDGE_CURVE('',#1117,#1118,#998,.T.);
#1388=EDGE_CURVE('',#1118,#1119,#999,.T.);
#1389=EDGE_CURVE('',#1119,#1114,#1000,.T.);
#1390=EDGE_CURVE('',#1120,#1121,#1001,.T.);
#1391=EDGE_CURVE('',#1120,#1122,#463,.T.);
#1392=EDGE_CURVE('',#1122,#1123,#123,.T.);
#1393=EDGE_CURVE('',#1123,#1124,#464,.T.);
#1394=EDGE_CURVE('',#1121,#1124,#1002,.T.);
#1395=EDGE_CURVE('',#1125,#1126,#1003,.T.);
#1396=EDGE_CURVE('',#1127,#1125,#1004,.T.);
#1397=EDGE_CURVE('',#1127,#1128,#465,.T.);
#1398=EDGE_CURVE('',#1128,#1129,#97,.T.);
#1399=EDGE_CURVE('',#1129,#1126,#466,.T.);
#1400=EDGE_CURVE('',#1130,#1125,#467,.T.);
#1401=EDGE_CURVE('',#1130,#1131,#1005,.T.);
#1402=EDGE_CURVE('',#1127,#1131,#468,.T.);
#1403=EDGE_CURVE('',#1132,#1124,#469,.T.);
#1404=EDGE_CURVE('',#1132,#1133,#1006,.T.);
#1405=EDGE_CURVE('',#1121,#1133,#470,.T.);
#1406=EDGE_CURVE('',#1124,#1127,#471,.T.);
#1407=EDGE_CURVE('',#1131,#1132,#472,.T.);
#1408=EDGE_CURVE('',#1120,#1134,#473,.T.);
#1409=EDGE_CURVE('',#1133,#1134,#1007,.T.);
#1410=EDGE_CURVE('',#1135,#1126,#474,.T.);
#1411=EDGE_CURVE('',#1135,#1130,#1008,.T.);
#1412=EDGE_CURVE('',#1136,#1136,#98,.T.);
#1413=EDGE_CURVE('',#1136,#1137,#475,.T.);
#1414=EDGE_CURVE('',#1137,#1137,#99,.T.);
#1415=EDGE_CURVE('',#1138,#1138,#100,.T.);
#1416=EDGE_CURVE('',#1138,#1139,#476,.T.);
#1417=EDGE_CURVE('',#1139,#1139,#101,.T.);
#1418=EDGE_CURVE('',#1140,#1140,#102,.T.);
#1419=EDGE_CURVE('',#1140,#1141,#477,.T.);
#1420=EDGE_CURVE('',#1141,#1141,#124,.T.);
#1421=EDGE_CURVE('',#1142,#1142,#103,.T.);
#1422=EDGE_CURVE('',#1142,#1143,#478,.T.);
#1423=EDGE_CURVE('',#1143,#1143,#125,.T.);
#1424=EDGE_CURVE('',#1144,#1144,#104,.T.);
#1425=EDGE_CURVE('',#1144,#1145,#479,.T.);
#1426=EDGE_CURVE('',#1145,#1145,#105,.T.);
#1427=EDGE_CURVE('',#1146,#1146,#106,.T.);
#1428=EDGE_CURVE('',#1146,#1147,#480,.T.);
#1429=EDGE_CURVE('',#1147,#1147,#126,.T.);
#1430=EDGE_CURVE('',#1148,#1149,#107,.T.);
#1431=EDGE_CURVE('',#1150,#1148,#481,.T.);
#1432=EDGE_CURVE('',#1151,#1150,#108,.T.);
#1433=EDGE_CURVE('',#1151,#1149,#482,.T.);
#1434=EDGE_CURVE('',#1152,#1148,#483,.T.);
#1435=EDGE_CURVE('',#1153,#1152,#484,.T.);
#1436=EDGE_CURVE('',#1150,#1153,#485,.T.);
#1437=EDGE_CURVE('',#1154,#1152,#109,.T.);
#1438=EDGE_CURVE('',#1155,#1154,#486,.T.);
#1439=EDGE_CURVE('',#1153,#1155,#110,.T.);
#1440=EDGE_CURVE('',#1128,#1123,#487,.T.);
#1441=EDGE_CURVE('',#1156,#1157,#488,.T.);
#1442=EDGE_CURVE('',#1158,#1156,#111,.T.);
#1443=EDGE_CURVE('',#1159,#1158,#489,.T.);
#1444=EDGE_CURVE('',#1160,#1159,#112,.T.);
#1445=EDGE_CURVE('',#1161,#1160,#490,.T.);
#1446=EDGE_CURVE('',#1162,#1161,#113,.T.);
#1447=EDGE_CURVE('',#1163,#1162,#491,.T.);
#1448=EDGE_CURVE('',#1157,#1163,#114,.T.);
#1449=EDGE_CURVE('',#1164,#1154,#492,.T.);
#1450=EDGE_CURVE('',#1165,#1164,#493,.T.);
#1451=EDGE_CURVE('',#1155,#1165,#494,.T.);
#1452=EDGE_CURVE('',#1157,#1155,#495,.T.);
#1453=EDGE_CURVE('',#1153,#1163,#496,.T.);
#1454=EDGE_CURVE('',#1150,#1162,#497,.T.);
#1455=EDGE_CURVE('',#1151,#1161,#498,.T.);
#1456=EDGE_CURVE('',#1166,#1160,#499,.T.);
#1457=EDGE_CURVE('',#1166,#1151,#500,.T.);
#1458=EDGE_CURVE('',#1167,#1159,#501,.T.);
#1459=EDGE_CURVE('',#1167,#1166,#115,.T.);
#1460=EDGE_CURVE('',#1168,#1158,#502,.T.);
#1461=EDGE_CURVE('',#1168,#1167,#503,.T.);
#1462=EDGE_CURVE('',#1165,#1156,#504,.T.);
#1463=EDGE_CURVE('',#1165,#1168,#116,.T.);
#1464=EDGE_CURVE('',#1169,#1170,#505,.F.);
#1465=EDGE_CURVE('',#1169,#1171,#506,.T.);
#1466=EDGE_CURVE('',#1172,#1171,#507,.T.);
#1467=EDGE_CURVE('',#1170,#1172,#508,.T.);
#1468=EDGE_CURVE('',#1173,#1174,#509,.T.);
#1469=EDGE_CURVE('',#1175,#1173,#117,.T.);
#1470=EDGE_CURVE('',#1176,#1175,#510,.T.);
#1471=EDGE_CURVE('',#1177,#1176,#118,.T.);
#1472=EDGE_CURVE('',#1178,#1177,#511,.T.);
#1473=EDGE_CURVE('',#1179,#1178,#119,.T.);
#1474=EDGE_CURVE('',#1180,#1179,#512,.T.);
#1475=EDGE_CURVE('',#1174,#1180,#120,.T.);
#1476=EDGE_CURVE('',#1149,#1181,#513,.T.);
#1477=EDGE_CURVE('',#1166,#1181,#514,.T.);
#1478=EDGE_CURVE('',#1181,#1182,#121,.T.);
#1479=EDGE_CURVE('',#1167,#1182,#515,.T.);
#1480=EDGE_CURVE('',#1182,#1183,#516,.T.);
#1481=EDGE_CURVE('',#1168,#1183,#517,.T.);
#1482=EDGE_CURVE('',#1183,#1164,#122,.T.);
#1483=EDGE_CURVE('',#1174,#1149,#518,.T.);
#1484=EDGE_CURVE('',#1148,#1180,#519,.T.);
#1485=EDGE_CURVE('',#1152,#1179,#520,.T.);
#1486=EDGE_CURVE('',#1154,#1178,#521,.T.);
#1487=EDGE_CURVE('',#1164,#1177,#522,.T.);
#1488=EDGE_CURVE('',#1183,#1176,#523,.T.);
#1489=EDGE_CURVE('',#1182,#1175,#524,.T.);
#1490=EDGE_CURVE('',#1181,#1173,#525,.T.);
#1491=EDGE_CURVE('',#1184,#1185,#526,.T.);
#1492=EDGE_CURVE('',#1186,#1184,#527,.T.);
#1493=EDGE_CURVE('',#1187,#1186,#528,.T.);
#1494=EDGE_CURVE('',#1188,#1187,#1009,.T.);
#1495=EDGE_CURVE('',#1189,#1188,#1010,.T.);
#1496=EDGE_CURVE('',#1190,#1189,#529,.T.);
#1497=EDGE_CURVE('',#1191,#1190,#530,.T.);
#1498=EDGE_CURVE('',#1192,#1191,#531,.T.);
#1499=EDGE_CURVE('',#1193,#1192,#532,.T.);
#1500=EDGE_CURVE('',#1194,#1193,#533,.T.);
#1501=EDGE_CURVE('',#1195,#1194,#534,.T.);
#1502=EDGE_CURVE('',#1196,#1195,#535,.T.);
#1503=EDGE_CURVE('',#1197,#1196,#1011,.T.);
#1504=EDGE_CURVE('',#1185,#1197,#1012,.T.);
#1505=EDGE_CURVE('',#1198,#1199,#536,.T.);
#1506=EDGE_CURVE('',#1198,#1184,#537,.T.);
#1507=EDGE_CURVE('',#1199,#1185,#538,.T.);
#1508=EDGE_CURVE('',#1199,#1200,#1013,.T.);
#1509=EDGE_CURVE('',#1200,#1197,#539,.T.);
#1510=EDGE_CURVE('',#1200,#1201,#1014,.T.);
#1511=EDGE_CURVE('',#1201,#1196,#540,.T.);
#1512=EDGE_CURVE('',#1201,#1202,#541,.T.);
#1513=EDGE_CURVE('',#1202,#1195,#542,.T.);
#1514=EDGE_CURVE('',#1202,#1203,#543,.T.);
#1515=EDGE_CURVE('',#1203,#1194,#544,.T.);
#1516=EDGE_CURVE('',#1203,#1204,#545,.T.);
#1517=EDGE_CURVE('',#1204,#1193,#546,.T.);
#1518=EDGE_CURVE('',#1204,#1205,#547,.T.);
#1519=EDGE_CURVE('',#1205,#1192,#548,.T.);
#1520=EDGE_CURVE('',#1205,#1206,#549,.T.);
#1521=EDGE_CURVE('',#1206,#1191,#550,.T.);
#1522=EDGE_CURVE('',#1206,#1207,#551,.T.);
#1523=EDGE_CURVE('',#1207,#1190,#552,.T.);
#1524=EDGE_CURVE('',#1207,#1208,#553,.T.);
#1525=EDGE_CURVE('',#1208,#1189,#554,.T.);
#1526=EDGE_CURVE('',#1208,#1209,#1015,.T.);
#1527=EDGE_CURVE('',#1209,#1188,#555,.T.);
#1528=EDGE_CURVE('',#1209,#1210,#1016,.T.);
#1529=EDGE_CURVE('',#1210,#1187,#556,.T.);
#1530=EDGE_CURVE('',#1210,#1211,#557,.T.);
#1531=EDGE_CURVE('',#1211,#1186,#558,.T.);
#1532=EDGE_CURVE('',#1211,#1198,#559,.T.);
#1533=EDGE_CURVE('',#1212,#1213,#1017,.T.);
#1534=EDGE_CURVE('',#1214,#1212,#1018,.T.);
#1535=EDGE_CURVE('',#1215,#1214,#1019,.T.);
#1536=EDGE_CURVE('',#1216,#1215,#1020,.T.);
#1537=EDGE_CURVE('',#1217,#1216,#560,.T.);
#1538=EDGE_CURVE('',#1218,#1217,#1021,.T.);
#1539=EDGE_CURVE('',#1219,#1218,#1022,.T.);
#1540=EDGE_CURVE('',#1220,#1219,#1023,.T.);
#1541=EDGE_CURVE('',#1221,#1220,#1024,.T.);
#1542=EDGE_CURVE('',#1222,#1221,#1025,.T.);
#1543=EDGE_CURVE('',#1223,#1222,#1026,.T.);
#1544=EDGE_CURVE('',#1224,#1223,#561,.T.);
#1545=EDGE_CURVE('',#1225,#1224,#562,.T.);
#1546=EDGE_CURVE('',#1226,#1225,#563,.T.);
#1547=EDGE_CURVE('',#1227,#1226,#564,.T.);
#1548=EDGE_CURVE('',#1228,#1227,#565,.T.);
#1549=EDGE_CURVE('',#1229,#1228,#566,.T.);
#1550=EDGE_CURVE('',#1230,#1229,#567,.T.);
#1551=EDGE_CURVE('',#1231,#1230,#1027,.T.);
#1552=EDGE_CURVE('',#1232,#1231,#1028,.T.);
#1553=EDGE_CURVE('',#1233,#1232,#1029,.T.);
#1554=EDGE_CURVE('',#1234,#1233,#1030,.T.);
#1555=EDGE_CURVE('',#1235,#1234,#1031,.T.);
#1556=EDGE_CURVE('',#1236,#1235,#568,.T.);
#1557=EDGE_CURVE('',#1237,#1236,#1032,.T.);
#1558=EDGE_CURVE('',#1238,#1237,#1033,.T.);
#1559=EDGE_CURVE('',#1239,#1238,#1034,.T.);
#1560=EDGE_CURVE('',#1240,#1239,#1035,.T.);
#1561=EDGE_CURVE('',#1241,#1240,#569,.T.);
#1562=EDGE_CURVE('',#1242,#1241,#570,.T.);
#1563=EDGE_CURVE('',#1243,#1242,#571,.T.);
#1564=EDGE_CURVE('',#1244,#1243,#1036,.T.);
#1565=EDGE_CURVE('',#1213,#1244,#1037,.T.);
#1566=EDGE_CURVE('',#1245,#1246,#1038,.T.);
#1567=EDGE_CURVE('',#1245,#1212,#572,.T.);
#1568=EDGE_CURVE('',#1246,#1213,#573,.T.);
#1569=EDGE_CURVE('',#1246,#1247,#1039,.T.);
#1570=EDGE_CURVE('',#1247,#1244,#574,.T.);
#1571=EDGE_CURVE('',#1247,#1248,#1040,.T.);
#1572=EDGE_CURVE('',#1248,#1243,#575,.T.);
#1573=EDGE_CURVE('',#1248,#1249,#576,.T.);
#1574=EDGE_CURVE('',#1249,#1242,#577,.T.);
#1575=EDGE_CURVE('',#1249,#1250,#578,.T.);
#1576=EDGE_CURVE('',#1250,#1241,#579,.T.);
#1577=EDGE_CURVE('',#1250,#1251,#580,.T.);
#1578=EDGE_CURVE('',#1251,#1240,#581,.T.);
#1579=EDGE_CURVE('',#1251,#1252,#1041,.T.);
#1580=EDGE_CURVE('',#1252,#1239,#582,.T.);
#1581=EDGE_CURVE('',#1252,#1253,#1042,.T.);
#1582=EDGE_CURVE('',#1253,#1238,#583,.T.);
#1583=EDGE_CURVE('',#1253,#1254,#1043,.T.);
#1584=EDGE_CURVE('',#1254,#1237,#584,.T.);
#1585=EDGE_CURVE('',#1254,#1255,#1044,.T.);
#1586=EDGE_CURVE('',#1255,#1236,#585,.T.);
#1587=EDGE_CURVE('',#1255,#1256,#586,.T.);
#1588=EDGE_CURVE('',#1256,#1235,#587,.T.);
#1589=EDGE_CURVE('',#1256,#1257,#1045,.T.);
#1590=EDGE_CURVE('',#1257,#1234,#588,.T.);
#1591=EDGE_CURVE('',#1257,#1258,#1046,.T.);
#1592=EDGE_CURVE('',#1258,#1233,#589,.T.);
#1593=EDGE_CURVE('',#1258,#1259,#1047,.T.);
#1594=EDGE_CURVE('',#1259,#1232,#590,.T.);
#1595=EDGE_CURVE('',#1259,#1260,#1048,.T.);
#1596=EDGE_CURVE('',#1260,#1231,#591,.T.);
#1597=EDGE_CURVE('',#1260,#1261,#1049,.T.);
#1598=EDGE_CURVE('',#1261,#1230,#592,.T.);
#1599=EDGE_CURVE('',#1261,#1262,#593,.T.);
#1600=EDGE_CURVE('',#1262,#1229,#594,.T.);
#1601=EDGE_CURVE('',#1262,#1263,#595,.T.);
#1602=EDGE_CURVE('',#1263,#1228,#596,.T.);
#1603=EDGE_CURVE('',#1263,#1264,#597,.T.);
#1604=EDGE_CURVE('',#1264,#1227,#598,.T.);
#1605=EDGE_CURVE('',#1264,#1265,#599,.T.);
#1606=EDGE_CURVE('',#1265,#1226,#600,.T.);
#1607=EDGE_CURVE('',#1265,#1266,#601,.T.);
#1608=EDGE_CURVE('',#1266,#1225,#602,.T.);
#1609=EDGE_CURVE('',#1266,#1267,#603,.T.);
#1610=EDGE_CURVE('',#1267,#1224,#604,.T.);
#1611=EDGE_CURVE('',#1267,#1268,#605,.T.);
#1612=EDGE_CURVE('',#1268,#1223,#606,.T.);
#1613=EDGE_CURVE('',#1268,#1269,#1050,.T.);
#1614=EDGE_CURVE('',#1269,#1222,#607,.T.);
#1615=EDGE_CURVE('',#1269,#1270,#1051,.T.);
#1616=EDGE_CURVE('',#1270,#1221,#608,.T.);
#1617=EDGE_CURVE('',#1270,#1271,#1052,.T.);
#1618=EDGE_CURVE('',#1271,#1220,#609,.T.);
#1619=EDGE_CURVE('',#1271,#1272,#1053,.T.);
#1620=EDGE_CURVE('',#1272,#1219,#610,.T.);
#1621=EDGE_CURVE('',#1272,#1273,#1054,.T.);
#1622=EDGE_CURVE('',#1273,#1218,#611,.T.);
#1623=EDGE_CURVE('',#1273,#1274,#1055,.T.);
#1624=EDGE_CURVE('',#1274,#1217,#612,.T.);
#1625=EDGE_CURVE('',#1274,#1275,#613,.T.);
#1626=EDGE_CURVE('',#1275,#1216,#614,.T.);
#1627=EDGE_CURVE('',#1275,#1276,#1056,.T.);
#1628=EDGE_CURVE('',#1276,#1215,#615,.T.);
#1629=EDGE_CURVE('',#1276,#1277,#1057,.T.);
#1630=EDGE_CURVE('',#1277,#1214,#616,.T.);
#1631=EDGE_CURVE('',#1277,#1245,#1058,.T.);
#1632=EDGE_CURVE('',#1278,#1279,#1059,.T.);
#1633=EDGE_CURVE('',#1280,#1278,#617,.T.);
#1634=EDGE_CURVE('',#1281,#1280,#1060,.T.);
#1635=EDGE_CURVE('',#1282,#1281,#1061,.T.);
#1636=EDGE_CURVE('',#1283,#1282,#1062,.T.);
#1637=EDGE_CURVE('',#1284,#1283,#1063,.T.);
#1638=EDGE_CURVE('',#1285,#1284,#618,.T.);
#1639=EDGE_CURVE('',#1286,#1285,#1064,.T.);
#1640=EDGE_CURVE('',#1287,#1286,#1065,.T.);
#1641=EDGE_CURVE('',#1288,#1287,#1066,.T.);
#1642=EDGE_CURVE('',#1289,#1288,#1067,.T.);
#1643=EDGE_CURVE('',#1290,#1289,#1068,.T.);
#1644=EDGE_CURVE('',#1291,#1290,#1069,.T.);
#1645=EDGE_CURVE('',#1292,#1291,#619,.T.);
#1646=EDGE_CURVE('',#1293,#1292,#1070,.T.);
#1647=EDGE_CURVE('',#1294,#1293,#1071,.T.);
#1648=EDGE_CURVE('',#1295,#1294,#1072,.T.);
#1649=EDGE_CURVE('',#1296,#1295,#1073,.T.);
#1650=EDGE_CURVE('',#1297,#1296,#620,.T.);
#1651=EDGE_CURVE('',#1298,#1297,#1074,.T.);
#1652=EDGE_CURVE('',#1299,#1298,#1075,.T.);
#1653=EDGE_CURVE('',#1300,#1299,#1076,.T.);
#1654=EDGE_CURVE('',#1301,#1300,#1077,.T.);
#1655=EDGE_CURVE('',#1302,#1301,#1078,.T.);
#1656=EDGE_CURVE('',#1303,#1302,#1079,.T.);
#1657=EDGE_CURVE('',#1304,#1303,#1080,.T.);
#1658=EDGE_CURVE('',#1305,#1304,#1081,.T.);
#1659=EDGE_CURVE('',#1306,#1305,#1082,.T.);
#1660=EDGE_CURVE('',#1279,#1306,#1083,.T.);
#1661=EDGE_CURVE('',#1307,#1308,#621,.T.);
#1662=EDGE_CURVE('',#1309,#1307,#1084,.T.);
#1663=EDGE_CURVE('',#1310,#1309,#1085,.T.);
#1664=EDGE_CURVE('',#1311,#1310,#1086,.T.);
#1665=EDGE_CURVE('',#1312,#1311,#1087,.T.);
#1666=EDGE_CURVE('',#1308,#1312,#1088,.T.);
#1667=EDGE_CURVE('',#1313,#1314,#1089,.T.);
#1668=EDGE_CURVE('',#1313,#1278,#622,.T.);
#1669=EDGE_CURVE('',#1314,#1279,#623,.T.);
#1670=EDGE_CURVE('',#1314,#1315,#1090,.T.);
#1671=EDGE_CURVE('',#1315,#1306,#624,.T.);
#1672=EDGE_CURVE('',#1315,#1316,#1091,.T.);
#1673=EDGE_CURVE('',#1316,#1305,#625,.T.);
#1674=EDGE_CURVE('',#1316,#1317,#1092,.T.);
#1675=EDGE_CURVE('',#1317,#1304,#626,.T.);
#1676=EDGE_CURVE('',#1317,#1318,#1093,.T.);
#1677=EDGE_CURVE('',#1318,#1303,#627,.T.);
#1678=EDGE_CURVE('',#1318,#1319,#1094,.T.);
#1679=EDGE_CURVE('',#1319,#1302,#628,.T.);
#1680=EDGE_CURVE('',#1319,#1320,#1095,.T.);
#1681=EDGE_CURVE('',#1320,#1301,#629,.T.);
#1682=EDGE_CURVE('',#1320,#1321,#1096,.T.);
#1683=EDGE_CURVE('',#1321,#1300,#630,.T.);
#1684=EDGE_CURVE('',#1321,#1322,#1097,.T.);
#1685=EDGE_CURVE('',#1322,#1299,#631,.T.);
#1686=EDGE_CURVE('',#1322,#1323,#1098,.T.);
#1687=EDGE_CURVE('',#1323,#1298,#632,.T.);
#1688=EDGE_CURVE('',#1323,#1324,#1099,.T.);
#1689=EDGE_CURVE('',#1324,#1297,#633,.T.);
#1690=EDGE_CURVE('',#1324,#1325,#634,.T.);
#1691=EDGE_CURVE('',#1325,#1296,#635,.T.);
#1692=EDGE_CURVE('',#1325,#1326,#1100,.T.);
#1693=EDGE_CURVE('',#1326,#1295,#636,.T.);
#1694=EDGE_CURVE('',#1326,#1327,#1101,.T.);
#1695=EDGE_CURVE('',#1327,#1294,#637,.T.);
#1696=EDGE_CURVE('',#1327,#1328,#1102,.T.);
#1697=EDGE_CURVE('',#1328,#1293,#638,.T.);
#1698=EDGE_CURVE('',#1328,#1329,#1103,.T.);
#1699=EDGE_CURVE('',#1329,#1292,#639,.T.);
#1700=EDGE_CURVE('',#1329,#1330,#640,.T.);
#1701=EDGE_CURVE('',#1330,#1291,#641,.T.);
#1702=EDGE_CURVE('',#1330,#1331,#1104,.T.);
#1703=EDGE_CURVE('',#1331,#1290,#642,.T.);
#1704=EDGE_CURVE('',#1331,#1332,#1105,.T.);
#1705=EDGE_CURVE('',#1332,#1289,#643,.T.);
#1706=EDGE_CURVE('',#1332,#1333,#1106,.T.);
#1707=EDGE_CURVE('',#1333,#1288,#644,.T.);
#1708=EDGE_CURVE('',#1333,#1334,#1107,.T.);
#1709=EDGE_CURVE('',#1334,#1287,#645,.T.);
#1710=EDGE_CURVE('',#1334,#1335,#1108,.T.);
#1711=EDGE_CURVE('',#1335,#1286,#646,.T.);
#1712=EDGE_CURVE('',#1335,#1336,#1109,.T.);
#1713=EDGE_CURVE('',#1336,#1285,#647,.T.);
#1714=EDGE_CURVE('',#1336,#1337,#648,.T.);
#1715=EDGE_CURVE('',#1337,#1284,#649,.T.);
#1716=EDGE_CURVE('',#1337,#1338,#1110,.T.);
#1717=EDGE_CURVE('',#1338,#1283,#650,.T.);
#1718=EDGE_CURVE('',#1338,#1339,#1111,.T.);
#1719=EDGE_CURVE('',#1339,#1282,#651,.T.);
#1720=EDGE_CURVE('',#1339,#1340,#1112,.T.);
#1721=EDGE_CURVE('',#1340,#1281,#652,.T.);
#1722=EDGE_CURVE('',#1340,#1341,#1113,.T.);
#1723=EDGE_CURVE('',#1341,#1280,#653,.T.);
#1724=EDGE_CURVE('',#1341,#1313,#654,.T.);
#1725=EDGE_CURVE('',#1115,#1307,#655,.T.);
#1726=EDGE_CURVE('',#1116,#1308,#656,.T.);
#1727=EDGE_CURVE('',#1117,#1312,#657,.T.);
#1728=EDGE_CURVE('',#1118,#1311,#658,.T.);
#1729=EDGE_CURVE('',#1119,#1310,#659,.T.);
#1730=EDGE_CURVE('',#1114,#1309,#660,.T.);
#1731=EDGE_CURVE('',#1342,#1343,#661,.T.);
#1732=EDGE_CURVE('',#1343,#1135,#662,.T.);
#1733=EDGE_CURVE('',#1126,#1342,#663,.T.);
#1734=EDGE_CURVE('',#1344,#1342,#664,.T.);
#1735=EDGE_CURVE('',#1344,#1129,#665,.T.);
#1736=EDGE_CURVE('',#1345,#1346,#666,.T.);
#1737=EDGE_CURVE('',#1346,#1172,#667,.T.);
#1738=EDGE_CURVE('',#1171,#1347,#668,.T.);
#1739=EDGE_CURVE('',#1347,#1344,#669,.T.);
#1740=EDGE_CURVE('',#1122,#1345,#670,.F.);
#1741=EDGE_CURVE('',#1348,#1347,#671,.T.);
#1742=EDGE_CURVE('',#1348,#1169,#672,.F.);
#1743=EDGE_CURVE('',#1349,#1350,#673,.T.);
#1744=EDGE_CURVE('',#1134,#1350,#674,.T.);
#1745=EDGE_CURVE('',#1343,#1351,#675,.T.);
#1746=EDGE_CURVE('',#1351,#1352,#676,.T.);
#1747=EDGE_CURVE('',#1352,#1353,#677,.T.);
#1748=EDGE_CURVE('',#1353,#1354,#678,.T.);
#1749=EDGE_CURVE('',#1354,#1355,#679,.T.);
#1750=EDGE_CURVE('',#1355,#1356,#680,.T.);
#1751=EDGE_CURVE('',#1356,#1357,#681,.T.);
#1752=EDGE_CURVE('',#1357,#1358,#682,.T.);
#1753=EDGE_CURVE('',#1358,#1359,#683,.T.);
#1754=EDGE_CURVE('',#1359,#1360,#684,.T.);
#1755=EDGE_CURVE('',#1360,#1361,#685,.T.);
#1756=EDGE_CURVE('',#1361,#1362,#686,.T.);
#1757=EDGE_CURVE('',#1362,#1363,#687,.T.);
#1758=EDGE_CURVE('',#1363,#1364,#688,.T.);
#1759=EDGE_CURVE('',#1364,#1365,#689,.T.);
#1760=EDGE_CURVE('',#1365,#1349,#690,.T.);
#1761=EDGE_CURVE('',#1350,#1366,#691,.T.);
#1762=EDGE_CURVE('',#1366,#1120,#692,.T.);
#1763=EDGE_CURVE('',#1366,#1345,#693,.T.);
#1764=EDGE_CURVE('',#1367,#1368,#694,.T.);
#1765=EDGE_CURVE('',#1368,#1369,#695,.T.);
#1766=EDGE_CURVE('',#1369,#1370,#696,.T.);
#1767=EDGE_CURVE('',#1370,#1371,#697,.T.);
#1768=EDGE_CURVE('',#1371,#1372,#698,.T.);
#1769=EDGE_CURVE('',#1372,#1373,#699,.T.);
#1770=EDGE_CURVE('',#1373,#1374,#700,.T.);
#1771=EDGE_CURVE('',#1374,#1375,#701,.T.);
#1772=EDGE_CURVE('',#1375,#1376,#702,.T.);
#1773=EDGE_CURVE('',#1376,#1377,#703,.T.);
#1774=EDGE_CURVE('',#1377,#1378,#704,.T.);
#1775=EDGE_CURVE('',#1378,#1379,#705,.T.);
#1776=EDGE_CURVE('',#1379,#1380,#706,.T.);
#1777=EDGE_CURVE('',#1380,#1381,#707,.T.);
#1778=EDGE_CURVE('',#1381,#1382,#708,.T.);
#1779=EDGE_CURVE('',#1382,#1383,#709,.T.);
#1780=EDGE_CURVE('',#1383,#1348,#710,.T.);
#1781=EDGE_CURVE('',#1170,#1367,#711,.F.);
#1782=EDGE_CURVE('',#1346,#1367,#712,.T.);
#1783=EDGE_CURVE('',#1349,#1368,#713,.T.);
#1784=EDGE_CURVE('',#1352,#1382,#714,.T.);
#1785=EDGE_CURVE('',#1351,#1383,#715,.T.);
#1786=EDGE_CURVE('',#1353,#1381,#716,.T.);
#1787=EDGE_CURVE('',#1354,#1380,#717,.F.);
#1788=EDGE_CURVE('',#1355,#1379,#718,.F.);
#1789=EDGE_CURVE('',#1356,#1378,#719,.T.);
#1790=EDGE_CURVE('',#1357,#1377,#720,.T.);
#1791=EDGE_CURVE('',#1358,#1376,#721,.F.);
#1792=EDGE_CURVE('',#1359,#1375,#722,.F.);
#1793=EDGE_CURVE('',#1360,#1374,#723,.T.);
#1794=EDGE_CURVE('',#1361,#1373,#724,.T.);
#1795=EDGE_CURVE('',#1362,#1372,#725,.F.);
#1796=EDGE_CURVE('',#1363,#1371,#726,.F.);
#1797=EDGE_CURVE('',#1364,#1370,#727,.T.);
#1798=EDGE_CURVE('',#1365,#1369,#728,.F.);
#1799=ORIENTED_EDGE('',*,*,#1384,.T.);
#1800=ORIENTED_EDGE('',*,*,#1385,.T.);
#1801=ORIENTED_EDGE('',*,*,#1386,.T.);
#1802=ORIENTED_EDGE('',*,*,#1387,.T.);
#1803=ORIENTED_EDGE('',*,*,#1388,.T.);
#1804=ORIENTED_EDGE('',*,*,#1389,.T.);
#1805=ORIENTED_EDGE('',*,*,#1390,.F.);
#1806=ORIENTED_EDGE('',*,*,#1391,.T.);
#1807=ORIENTED_EDGE('',*,*,#1392,.T.);
#1808=ORIENTED_EDGE('',*,*,#1393,.T.);
#1809=ORIENTED_EDGE('',*,*,#1394,.F.);
#1810=ORIENTED_EDGE('',*,*,#1395,.F.);
#1811=ORIENTED_EDGE('',*,*,#1396,.F.);
#1812=ORIENTED_EDGE('',*,*,#1397,.T.);
#1813=ORIENTED_EDGE('',*,*,#1398,.T.);
#1814=ORIENTED_EDGE('',*,*,#1399,.T.);
#1815=ORIENTED_EDGE('',*,*,#1400,.F.);
#1816=ORIENTED_EDGE('',*,*,#1401,.T.);
#1817=ORIENTED_EDGE('',*,*,#1402,.F.);
#1818=ORIENTED_EDGE('',*,*,#1396,.T.);
#1819=ORIENTED_EDGE('',*,*,#1403,.F.);
#1820=ORIENTED_EDGE('',*,*,#1404,.T.);
#1821=ORIENTED_EDGE('',*,*,#1405,.F.);
#1822=ORIENTED_EDGE('',*,*,#1394,.T.);
#1823=ORIENTED_EDGE('',*,*,#1403,.T.);
#1824=ORIENTED_EDGE('',*,*,#1406,.T.);
#1825=ORIENTED_EDGE('',*,*,#1402,.T.);
#1826=ORIENTED_EDGE('',*,*,#1407,.T.);
#1827=ORIENTED_EDGE('',*,*,#1408,.F.);
#1828=ORIENTED_EDGE('',*,*,#1390,.T.);
#1829=ORIENTED_EDGE('',*,*,#1405,.T.);
#1830=ORIENTED_EDGE('',*,*,#1409,.T.);
#1831=ORIENTED_EDGE('',*,*,#1400,.T.);
#1832=ORIENTED_EDGE('',*,*,#1395,.T.);
#1833=ORIENTED_EDGE('',*,*,#1410,.F.);
#1834=ORIENTED_EDGE('',*,*,#1411,.T.);
#1835=ORIENTED_EDGE('',*,*,#1412,.F.);
#1836=ORIENTED_EDGE('',*,*,#1413,.T.);
#1837=ORIENTED_EDGE('',*,*,#1414,.T.);
#1838=ORIENTED_EDGE('',*,*,#1413,.F.);
#1839=ORIENTED_EDGE('',*,*,#1415,.F.);
#1840=ORIENTED_EDGE('',*,*,#1416,.T.);
#1841=ORIENTED_EDGE('',*,*,#1417,.T.);
#1842=ORIENTED_EDGE('',*,*,#1416,.F.);
#1843=ORIENTED_EDGE('',*,*,#1418,.T.);
#1844=ORIENTED_EDGE('',*,*,#1414,.F.);
#1845=ORIENTED_EDGE('',*,*,#1418,.F.);
#1846=ORIENTED_EDGE('',*,*,#1419,.T.);
#1847=ORIENTED_EDGE('',*,*,#1420,.F.);
#1848=ORIENTED_EDGE('',*,*,#1419,.F.);
#1849=ORIENTED_EDGE('',*,*,#1421,.T.);
#1850=ORIENTED_EDGE('',*,*,#1417,.F.);
#1851=ORIENTED_EDGE('',*,*,#1421,.F.);
#1852=ORIENTED_EDGE('',*,*,#1422,.T.);
#1853=ORIENTED_EDGE('',*,*,#1423,.F.);
#1854=ORIENTED_EDGE('',*,*,#1422,.F.);
#1855=ORIENTED_EDGE('',*,*,#1424,.F.);
#1856=ORIENTED_EDGE('',*,*,#1425,.T.);
#1857=ORIENTED_EDGE('',*,*,#1426,.T.);
#1858=ORIENTED_EDGE('',*,*,#1425,.F.);
#1859=ORIENTED_EDGE('',*,*,#1427,.T.);
#1860=ORIENTED_EDGE('',*,*,#1426,.F.);
#1861=ORIENTED_EDGE('',*,*,#1427,.F.);
#1862=ORIENTED_EDGE('',*,*,#1428,.T.);
#1863=ORIENTED_EDGE('',*,*,#1429,.F.);
#1864=ORIENTED_EDGE('',*,*,#1428,.F.);
#1865=ORIENTED_EDGE('',*,*,#1430,.F.);
#1866=ORIENTED_EDGE('',*,*,#1431,.F.);
#1867=ORIENTED_EDGE('',*,*,#1432,.F.);
#1868=ORIENTED_EDGE('',*,*,#1433,.T.);
#1869=ORIENTED_EDGE('',*,*,#1434,.F.);
#1870=ORIENTED_EDGE('',*,*,#1435,.F.);
#1871=ORIENTED_EDGE('',*,*,#1436,.F.);
#1872=ORIENTED_EDGE('',*,*,#1431,.T.);
#1873=ORIENTED_EDGE('',*,*,#1437,.F.);
#1874=ORIENTED_EDGE('',*,*,#1438,.F.);
#1875=ORIENTED_EDGE('',*,*,#1439,.F.);
#1876=ORIENTED_EDGE('',*,*,#1435,.T.);
#1877=ORIENTED_EDGE('',*,*,#1406,.F.);
#1878=ORIENTED_EDGE('',*,*,#1393,.F.);
#1879=ORIENTED_EDGE('',*,*,#1440,.F.);
#1880=ORIENTED_EDGE('',*,*,#1397,.F.);
#1881=ORIENTED_EDGE('',*,*,#1441,.F.);
#1882=ORIENTED_EDGE('',*,*,#1442,.F.);
#1883=ORIENTED_EDGE('',*,*,#1443,.F.);
#1884=ORIENTED_EDGE('',*,*,#1444,.F.);
#1885=ORIENTED_EDGE('',*,*,#1445,.F.);
#1886=ORIENTED_EDGE('',*,*,#1446,.F.);
#1887=ORIENTED_EDGE('',*,*,#1447,.F.);
#1888=ORIENTED_EDGE('',*,*,#1448,.F.);
#1889=ORIENTED_EDGE('',*,*,#1449,.F.);
#1890=ORIENTED_EDGE('',*,*,#1450,.F.);
#1891=ORIENTED_EDGE('',*,*,#1451,.F.);
#1892=ORIENTED_EDGE('',*,*,#1438,.T.);
#1893=ORIENTED_EDGE('',*,*,#1452,.F.);
#1894=ORIENTED_EDGE('',*,*,#1448,.T.);
#1895=ORIENTED_EDGE('',*,*,#1453,.F.);
#1896=ORIENTED_EDGE('',*,*,#1439,.T.);
#1897=ORIENTED_EDGE('',*,*,#1453,.T.);
#1898=ORIENTED_EDGE('',*,*,#1447,.T.);
#1899=ORIENTED_EDGE('',*,*,#1454,.F.);
#1900=ORIENTED_EDGE('',*,*,#1436,.T.);
#1901=ORIENTED_EDGE('',*,*,#1454,.T.);
#1902=ORIENTED_EDGE('',*,*,#1446,.T.);
#1903=ORIENTED_EDGE('',*,*,#1455,.F.);
#1904=ORIENTED_EDGE('',*,*,#1432,.T.);
#1905=ORIENTED_EDGE('',*,*,#1455,.T.);
#1906=ORIENTED_EDGE('',*,*,#1445,.T.);
#1907=ORIENTED_EDGE('',*,*,#1456,.F.);
#1908=ORIENTED_EDGE('',*,*,#1457,.T.);
#1909=ORIENTED_EDGE('',*,*,#1456,.T.);
#1910=ORIENTED_EDGE('',*,*,#1444,.T.);
#1911=ORIENTED_EDGE('',*,*,#1458,.F.);
#1912=ORIENTED_EDGE('',*,*,#1459,.T.);
#1913=ORIENTED_EDGE('',*,*,#1458,.T.);
#1914=ORIENTED_EDGE('',*,*,#1443,.T.);
#1915=ORIENTED_EDGE('',*,*,#1460,.F.);
#1916=ORIENTED_EDGE('',*,*,#1461,.T.);
#1917=ORIENTED_EDGE('',*,*,#1460,.T.);
#1918=ORIENTED_EDGE('',*,*,#1442,.T.);
#1919=ORIENTED_EDGE('',*,*,#1462,.F.);
#1920=ORIENTED_EDGE('',*,*,#1463,.T.);
#1921=ORIENTED_EDGE('',*,*,#1462,.T.);
#1922=ORIENTED_EDGE('',*,*,#1441,.T.);
#1923=ORIENTED_EDGE('',*,*,#1452,.T.);
#1924=ORIENTED_EDGE('',*,*,#1451,.T.);
#1925=ORIENTED_EDGE('',*,*,#1464,.F.);
#1926=ORIENTED_EDGE('',*,*,#1465,.T.);
#1927=ORIENTED_EDGE('',*,*,#1466,.F.);
#1928=ORIENTED_EDGE('',*,*,#1467,.F.);
#1929=ORIENTED_EDGE('',*,*,#1468,.F.);
#1930=ORIENTED_EDGE('',*,*,#1469,.F.);
#1931=ORIENTED_EDGE('',*,*,#1470,.F.);
#1932=ORIENTED_EDGE('',*,*,#1471,.F.);
#1933=ORIENTED_EDGE('',*,*,#1472,.F.);
#1934=ORIENTED_EDGE('',*,*,#1473,.F.);
#1935=ORIENTED_EDGE('',*,*,#1474,.F.);
#1936=ORIENTED_EDGE('',*,*,#1475,.F.);
#1937=ORIENTED_EDGE('',*,*,#1476,.F.);
#1938=ORIENTED_EDGE('',*,*,#1433,.F.);
#1939=ORIENTED_EDGE('',*,*,#1457,.F.);
#1940=ORIENTED_EDGE('',*,*,#1477,.T.);
#1941=ORIENTED_EDGE('',*,*,#1478,.F.);
#1942=ORIENTED_EDGE('',*,*,#1477,.F.);
#1943=ORIENTED_EDGE('',*,*,#1459,.F.);
#1944=ORIENTED_EDGE('',*,*,#1479,.T.);
#1945=ORIENTED_EDGE('',*,*,#1480,.F.);
#1946=ORIENTED_EDGE('',*,*,#1479,.F.);
#1947=ORIENTED_EDGE('',*,*,#1461,.F.);
#1948=ORIENTED_EDGE('',*,*,#1481,.T.);
#1949=ORIENTED_EDGE('',*,*,#1482,.F.);
#1950=ORIENTED_EDGE('',*,*,#1481,.F.);
#1951=ORIENTED_EDGE('',*,*,#1463,.F.);
#1952=ORIENTED_EDGE('',*,*,#1450,.T.);
#1953=ORIENTED_EDGE('',*,*,#1483,.F.);
#1954=ORIENTED_EDGE('',*,*,#1475,.T.);
#1955=ORIENTED_EDGE('',*,*,#1484,.F.);
#1956=ORIENTED_EDGE('',*,*,#1430,.T.);
#1957=ORIENTED_EDGE('',*,*,#1484,.T.);
#1958=ORIENTED_EDGE('',*,*,#1474,.T.);
#1959=ORIENTED_EDGE('',*,*,#1485,.F.);
#1960=ORIENTED_EDGE('',*,*,#1434,.T.);
#1961=ORIENTED_EDGE('',*,*,#1485,.T.);
#1962=ORIENTED_EDGE('',*,*,#1473,.T.);
#1963=ORIENTED_EDGE('',*,*,#1486,.F.);
#1964=ORIENTED_EDGE('',*,*,#1437,.T.);
#1965=ORIENTED_EDGE('',*,*,#1486,.T.);
#1966=ORIENTED_EDGE('',*,*,#1472,.T.);
#1967=ORIENTED_EDGE('',*,*,#1487,.F.);
#1968=ORIENTED_EDGE('',*,*,#1449,.T.);
#1969=ORIENTED_EDGE('',*,*,#1487,.T.);
#1970=ORIENTED_EDGE('',*,*,#1471,.T.);
#1971=ORIENTED_EDGE('',*,*,#1488,.F.);
#1972=ORIENTED_EDGE('',*,*,#1482,.T.);
#1973=ORIENTED_EDGE('',*,*,#1488,.T.);
#1974=ORIENTED_EDGE('',*,*,#1470,.T.);
#1975=ORIENTED_EDGE('',*,*,#1489,.F.);
#1976=ORIENTED_EDGE('',*,*,#1480,.T.);
#1977=ORIENTED_EDGE('',*,*,#1489,.T.);
#1978=ORIENTED_EDGE('',*,*,#1469,.T.);
#1979=ORIENTED_EDGE('',*,*,#1490,.F.);
#1980=ORIENTED_EDGE('',*,*,#1478,.T.);
#1981=ORIENTED_EDGE('',*,*,#1490,.T.);
#1982=ORIENTED_EDGE('',*,*,#1468,.T.);
#1983=ORIENTED_EDGE('',*,*,#1483,.T.);
#1984=ORIENTED_EDGE('',*,*,#1476,.T.);
#1985=ORIENTED_EDGE('',*,*,#1491,.F.);
#1986=ORIENTED_EDGE('',*,*,#1492,.F.);
#1987=ORIENTED_EDGE('',*,*,#1493,.F.);
#1988=ORIENTED_EDGE('',*,*,#1494,.F.);
#1989=ORIENTED_EDGE('',*,*,#1495,.F.);
#1990=ORIENTED_EDGE('',*,*,#1496,.F.);
#1991=ORIENTED_EDGE('',*,*,#1497,.F.);
#1992=ORIENTED_EDGE('',*,*,#1498,.F.);
#1993=ORIENTED_EDGE('',*,*,#1499,.F.);
#1994=ORIENTED_EDGE('',*,*,#1500,.F.);
#1995=ORIENTED_EDGE('',*,*,#1501,.F.);
#1996=ORIENTED_EDGE('',*,*,#1502,.F.);
#1997=ORIENTED_EDGE('',*,*,#1503,.F.);
#1998=ORIENTED_EDGE('',*,*,#1504,.F.);
#1999=ORIENTED_EDGE('',*,*,#1505,.F.);
#2000=ORIENTED_EDGE('',*,*,#1506,.T.);
#2001=ORIENTED_EDGE('',*,*,#1491,.T.);
#2002=ORIENTED_EDGE('',*,*,#1507,.F.);
#2003=ORIENTED_EDGE('',*,*,#1508,.F.);
#2004=ORIENTED_EDGE('',*,*,#1507,.T.);
#2005=ORIENTED_EDGE('',*,*,#1504,.T.);
#2006=ORIENTED_EDGE('',*,*,#1509,.F.);
#2007=ORIENTED_EDGE('',*,*,#1510,.F.);
#2008=ORIENTED_EDGE('',*,*,#1509,.T.);
#2009=ORIENTED_EDGE('',*,*,#1503,.T.);
#2010=ORIENTED_EDGE('',*,*,#1511,.F.);
#2011=ORIENTED_EDGE('',*,*,#1512,.F.);
#2012=ORIENTED_EDGE('',*,*,#1511,.T.);
#2013=ORIENTED_EDGE('',*,*,#1502,.T.);
#2014=ORIENTED_EDGE('',*,*,#1513,.F.);
#2015=ORIENTED_EDGE('',*,*,#1514,.F.);
#2016=ORIENTED_EDGE('',*,*,#1513,.T.);
#2017=ORIENTED_EDGE('',*,*,#1501,.T.);
#2018=ORIENTED_EDGE('',*,*,#1515,.F.);
#2019=ORIENTED_EDGE('',*,*,#1516,.F.);
#2020=ORIENTED_EDGE('',*,*,#1515,.T.);
#2021=ORIENTED_EDGE('',*,*,#1500,.T.);
#2022=ORIENTED_EDGE('',*,*,#1517,.F.);
#2023=ORIENTED_EDGE('',*,*,#1518,.F.);
#2024=ORIENTED_EDGE('',*,*,#1517,.T.);
#2025=ORIENTED_EDGE('',*,*,#1499,.T.);
#2026=ORIENTED_EDGE('',*,*,#1519,.F.);
#2027=ORIENTED_EDGE('',*,*,#1520,.F.);
#2028=ORIENTED_EDGE('',*,*,#1519,.T.);
#2029=ORIENTED_EDGE('',*,*,#1498,.T.);
#2030=ORIENTED_EDGE('',*,*,#1521,.F.);
#2031=ORIENTED_EDGE('',*,*,#1522,.F.);
#2032=ORIENTED_EDGE('',*,*,#1521,.T.);
#2033=ORIENTED_EDGE('',*,*,#1497,.T.);
#2034=ORIENTED_EDGE('',*,*,#1523,.F.);
#2035=ORIENTED_EDGE('',*,*,#1524,.F.);
#2036=ORIENTED_EDGE('',*,*,#1523,.T.);
#2037=ORIENTED_EDGE('',*,*,#1496,.T.);
#2038=ORIENTED_EDGE('',*,*,#1525,.F.);
#2039=ORIENTED_EDGE('',*,*,#1526,.F.);
#2040=ORIENTED_EDGE('',*,*,#1525,.T.);
#2041=ORIENTED_EDGE('',*,*,#1495,.T.);
#2042=ORIENTED_EDGE('',*,*,#1527,.F.);
#2043=ORIENTED_EDGE('',*,*,#1528,.F.);
#2044=ORIENTED_EDGE('',*,*,#1527,.T.);
#2045=ORIENTED_EDGE('',*,*,#1494,.T.);
#2046=ORIENTED_EDGE('',*,*,#1529,.F.);
#2047=ORIENTED_EDGE('',*,*,#1530,.F.);
#2048=ORIENTED_EDGE('',*,*,#1529,.T.);
#2049=ORIENTED_EDGE('',*,*,#1493,.T.);
#2050=ORIENTED_EDGE('',*,*,#1531,.F.);
#2051=ORIENTED_EDGE('',*,*,#1532,.F.);
#2052=ORIENTED_EDGE('',*,*,#1531,.T.);
#2053=ORIENTED_EDGE('',*,*,#1492,.T.);
#2054=ORIENTED_EDGE('',*,*,#1506,.F.);
#2055=ORIENTED_EDGE('',*,*,#1533,.F.);
#2056=ORIENTED_EDGE('',*,*,#1534,.F.);
#2057=ORIENTED_EDGE('',*,*,#1535,.F.);
#2058=ORIENTED_EDGE('',*,*,#1536,.F.);
#2059=ORIENTED_EDGE('',*,*,#1537,.F.);
#2060=ORIENTED_EDGE('',*,*,#1538,.F.);
#2061=ORIENTED_EDGE('',*,*,#1539,.F.);
#2062=ORIENTED_EDGE('',*,*,#1540,.F.);
#2063=ORIENTED_EDGE('',*,*,#1541,.F.);
#2064=ORIENTED_EDGE('',*,*,#1542,.F.);
#2065=ORIENTED_EDGE('',*,*,#1543,.F.);
#2066=ORIENTED_EDGE('',*,*,#1544,.F.);
#2067=ORIENTED_EDGE('',*,*,#1545,.F.);
#2068=ORIENTED_EDGE('',*,*,#1546,.F.);
#2069=ORIENTED_EDGE('',*,*,#1547,.F.);
#2070=ORIENTED_EDGE('',*,*,#1548,.F.);
#2071=ORIENTED_EDGE('',*,*,#1549,.F.);
#2072=ORIENTED_EDGE('',*,*,#1550,.F.);
#2073=ORIENTED_EDGE('',*,*,#1551,.F.);
#2074=ORIENTED_EDGE('',*,*,#1552,.F.);
#2075=ORIENTED_EDGE('',*,*,#1553,.F.);
#2076=ORIENTED_EDGE('',*,*,#1554,.F.);
#2077=ORIENTED_EDGE('',*,*,#1555,.F.);
#2078=ORIENTED_EDGE('',*,*,#1556,.F.);
#2079=ORIENTED_EDGE('',*,*,#1557,.F.);
#2080=ORIENTED_EDGE('',*,*,#1558,.F.);
#2081=ORIENTED_EDGE('',*,*,#1559,.F.);
#2082=ORIENTED_EDGE('',*,*,#1560,.F.);
#2083=ORIENTED_EDGE('',*,*,#1561,.F.);
#2084=ORIENTED_EDGE('',*,*,#1562,.F.);
#2085=ORIENTED_EDGE('',*,*,#1563,.F.);
#2086=ORIENTED_EDGE('',*,*,#1564,.F.);
#2087=ORIENTED_EDGE('',*,*,#1565,.F.);
#2088=ORIENTED_EDGE('',*,*,#1566,.F.);
#2089=ORIENTED_EDGE('',*,*,#1567,.T.);
#2090=ORIENTED_EDGE('',*,*,#1533,.T.);
#2091=ORIENTED_EDGE('',*,*,#1568,.F.);
#2092=ORIENTED_EDGE('',*,*,#1569,.F.);
#2093=ORIENTED_EDGE('',*,*,#1568,.T.);
#2094=ORIENTED_EDGE('',*,*,#1565,.T.);
#2095=ORIENTED_EDGE('',*,*,#1570,.F.);
#2096=ORIENTED_EDGE('',*,*,#1571,.F.);
#2097=ORIENTED_EDGE('',*,*,#1570,.T.);
#2098=ORIENTED_EDGE('',*,*,#1564,.T.);
#2099=ORIENTED_EDGE('',*,*,#1572,.F.);
#2100=ORIENTED_EDGE('',*,*,#1573,.F.);
#2101=ORIENTED_EDGE('',*,*,#1572,.T.);
#2102=ORIENTED_EDGE('',*,*,#1563,.T.);
#2103=ORIENTED_EDGE('',*,*,#1574,.F.);
#2104=ORIENTED_EDGE('',*,*,#1575,.F.);
#2105=ORIENTED_EDGE('',*,*,#1574,.T.);
#2106=ORIENTED_EDGE('',*,*,#1562,.T.);
#2107=ORIENTED_EDGE('',*,*,#1576,.F.);
#2108=ORIENTED_EDGE('',*,*,#1577,.F.);
#2109=ORIENTED_EDGE('',*,*,#1576,.T.);
#2110=ORIENTED_EDGE('',*,*,#1561,.T.);
#2111=ORIENTED_EDGE('',*,*,#1578,.F.);
#2112=ORIENTED_EDGE('',*,*,#1579,.F.);
#2113=ORIENTED_EDGE('',*,*,#1578,.T.);
#2114=ORIENTED_EDGE('',*,*,#1560,.T.);
#2115=ORIENTED_EDGE('',*,*,#1580,.F.);
#2116=ORIENTED_EDGE('',*,*,#1581,.F.);
#2117=ORIENTED_EDGE('',*,*,#1580,.T.);
#2118=ORIENTED_EDGE('',*,*,#1559,.T.);
#2119=ORIENTED_EDGE('',*,*,#1582,.F.);
#2120=ORIENTED_EDGE('',*,*,#1583,.F.);
#2121=ORIENTED_EDGE('',*,*,#1582,.T.);
#2122=ORIENTED_EDGE('',*,*,#1558,.T.);
#2123=ORIENTED_EDGE('',*,*,#1584,.F.);
#2124=ORIENTED_EDGE('',*,*,#1585,.F.);
#2125=ORIENTED_EDGE('',*,*,#1584,.T.);
#2126=ORIENTED_EDGE('',*,*,#1557,.T.);
#2127=ORIENTED_EDGE('',*,*,#1586,.F.);
#2128=ORIENTED_EDGE('',*,*,#1587,.F.);
#2129=ORIENTED_EDGE('',*,*,#1586,.T.);
#2130=ORIENTED_EDGE('',*,*,#1556,.T.);
#2131=ORIENTED_EDGE('',*,*,#1588,.F.);
#2132=ORIENTED_EDGE('',*,*,#1589,.F.);
#2133=ORIENTED_EDGE('',*,*,#1588,.T.);
#2134=ORIENTED_EDGE('',*,*,#1555,.T.);
#2135=ORIENTED_EDGE('',*,*,#1590,.F.);
#2136=ORIENTED_EDGE('',*,*,#1591,.F.);
#2137=ORIENTED_EDGE('',*,*,#1590,.T.);
#2138=ORIENTED_EDGE('',*,*,#1554,.T.);
#2139=ORIENTED_EDGE('',*,*,#1592,.F.);
#2140=ORIENTED_EDGE('',*,*,#1593,.F.);
#2141=ORIENTED_EDGE('',*,*,#1592,.T.);
#2142=ORIENTED_EDGE('',*,*,#1553,.T.);
#2143=ORIENTED_EDGE('',*,*,#1594,.F.);
#2144=ORIENTED_EDGE('',*,*,#1595,.F.);
#2145=ORIENTED_EDGE('',*,*,#1594,.T.);
#2146=ORIENTED_EDGE('',*,*,#1552,.T.);
#2147=ORIENTED_EDGE('',*,*,#1596,.F.);
#2148=ORIENTED_EDGE('',*,*,#1597,.F.);
#2149=ORIENTED_EDGE('',*,*,#1596,.T.);
#2150=ORIENTED_EDGE('',*,*,#1551,.T.);
#2151=ORIENTED_EDGE('',*,*,#1598,.F.);
#2152=ORIENTED_EDGE('',*,*,#1599,.F.);
#2153=ORIENTED_EDGE('',*,*,#1598,.T.);
#2154=ORIENTED_EDGE('',*,*,#1550,.T.);
#2155=ORIENTED_EDGE('',*,*,#1600,.F.);
#2156=ORIENTED_EDGE('',*,*,#1601,.F.);
#2157=ORIENTED_EDGE('',*,*,#1600,.T.);
#2158=ORIENTED_EDGE('',*,*,#1549,.T.);
#2159=ORIENTED_EDGE('',*,*,#1602,.F.);
#2160=ORIENTED_EDGE('',*,*,#1603,.F.);
#2161=ORIENTED_EDGE('',*,*,#1602,.T.);
#2162=ORIENTED_EDGE('',*,*,#1548,.T.);
#2163=ORIENTED_EDGE('',*,*,#1604,.F.);
#2164=ORIENTED_EDGE('',*,*,#1605,.F.);
#2165=ORIENTED_EDGE('',*,*,#1604,.T.);
#2166=ORIENTED_EDGE('',*,*,#1547,.T.);
#2167=ORIENTED_EDGE('',*,*,#1606,.F.);
#2168=ORIENTED_EDGE('',*,*,#1607,.F.);
#2169=ORIENTED_EDGE('',*,*,#1606,.T.);
#2170=ORIENTED_EDGE('',*,*,#1546,.T.);
#2171=ORIENTED_EDGE('',*,*,#1608,.F.);
#2172=ORIENTED_EDGE('',*,*,#1609,.F.);
#2173=ORIENTED_EDGE('',*,*,#1608,.T.);
#2174=ORIENTED_EDGE('',*,*,#1545,.T.);
#2175=ORIENTED_EDGE('',*,*,#1610,.F.);
#2176=ORIENTED_EDGE('',*,*,#1611,.F.);
#2177=ORIENTED_EDGE('',*,*,#1610,.T.);
#2178=ORIENTED_EDGE('',*,*,#1544,.T.);
#2179=ORIENTED_EDGE('',*,*,#1612,.F.);
#2180=ORIENTED_EDGE('',*,*,#1613,.F.);
#2181=ORIENTED_EDGE('',*,*,#1612,.T.);
#2182=ORIENTED_EDGE('',*,*,#1543,.T.);
#2183=ORIENTED_EDGE('',*,*,#1614,.F.);
#2184=ORIENTED_EDGE('',*,*,#1615,.F.);
#2185=ORIENTED_EDGE('',*,*,#1614,.T.);
#2186=ORIENTED_EDGE('',*,*,#1542,.T.);
#2187=ORIENTED_EDGE('',*,*,#1616,.F.);
#2188=ORIENTED_EDGE('',*,*,#1617,.F.);
#2189=ORIENTED_EDGE('',*,*,#1616,.T.);
#2190=ORIENTED_EDGE('',*,*,#1541,.T.);
#2191=ORIENTED_EDGE('',*,*,#1618,.F.);
#2192=ORIENTED_EDGE('',*,*,#1619,.F.);
#2193=ORIENTED_EDGE('',*,*,#1618,.T.);
#2194=ORIENTED_EDGE('',*,*,#1540,.T.);
#2195=ORIENTED_EDGE('',*,*,#1620,.F.);
#2196=ORIENTED_EDGE('',*,*,#1621,.F.);
#2197=ORIENTED_EDGE('',*,*,#1620,.T.);
#2198=ORIENTED_EDGE('',*,*,#1539,.T.);
#2199=ORIENTED_EDGE('',*,*,#1622,.F.);
#2200=ORIENTED_EDGE('',*,*,#1623,.F.);
#2201=ORIENTED_EDGE('',*,*,#1622,.T.);
#2202=ORIENTED_EDGE('',*,*,#1538,.T.);
#2203=ORIENTED_EDGE('',*,*,#1624,.F.);
#2204=ORIENTED_EDGE('',*,*,#1625,.F.);
#2205=ORIENTED_EDGE('',*,*,#1624,.T.);
#2206=ORIENTED_EDGE('',*,*,#1537,.T.);
#2207=ORIENTED_EDGE('',*,*,#1626,.F.);
#2208=ORIENTED_EDGE('',*,*,#1627,.F.);
#2209=ORIENTED_EDGE('',*,*,#1626,.T.);
#2210=ORIENTED_EDGE('',*,*,#1536,.T.);
#2211=ORIENTED_EDGE('',*,*,#1628,.F.);
#2212=ORIENTED_EDGE('',*,*,#1629,.F.);
#2213=ORIENTED_EDGE('',*,*,#1628,.T.);
#2214=ORIENTED_EDGE('',*,*,#1535,.T.);
#2215=ORIENTED_EDGE('',*,*,#1630,.F.);
#2216=ORIENTED_EDGE('',*,*,#1631,.F.);
#2217=ORIENTED_EDGE('',*,*,#1630,.T.);
#2218=ORIENTED_EDGE('',*,*,#1534,.T.);
#2219=ORIENTED_EDGE('',*,*,#1567,.F.);
#2220=ORIENTED_EDGE('',*,*,#1632,.F.);
#2221=ORIENTED_EDGE('',*,*,#1633,.F.);
#2222=ORIENTED_EDGE('',*,*,#1634,.F.);
#2223=ORIENTED_EDGE('',*,*,#1635,.F.);
#2224=ORIENTED_EDGE('',*,*,#1636,.F.);
#2225=ORIENTED_EDGE('',*,*,#1637,.F.);
#2226=ORIENTED_EDGE('',*,*,#1638,.F.);
#2227=ORIENTED_EDGE('',*,*,#1639,.F.);
#2228=ORIENTED_EDGE('',*,*,#1640,.F.);
#2229=ORIENTED_EDGE('',*,*,#1641,.F.);
#2230=ORIENTED_EDGE('',*,*,#1642,.F.);
#2231=ORIENTED_EDGE('',*,*,#1643,.F.);
#2232=ORIENTED_EDGE('',*,*,#1644,.F.);
#2233=ORIENTED_EDGE('',*,*,#1645,.F.);
#2234=ORIENTED_EDGE('',*,*,#1646,.F.);
#2235=ORIENTED_EDGE('',*,*,#1647,.F.);
#2236=ORIENTED_EDGE('',*,*,#1648,.F.);
#2237=ORIENTED_EDGE('',*,*,#1649,.F.);
#2238=ORIENTED_EDGE('',*,*,#1650,.F.);
#2239=ORIENTED_EDGE('',*,*,#1651,.F.);
#2240=ORIENTED_EDGE('',*,*,#1652,.F.);
#2241=ORIENTED_EDGE('',*,*,#1653,.F.);
#2242=ORIENTED_EDGE('',*,*,#1654,.F.);
#2243=ORIENTED_EDGE('',*,*,#1655,.F.);
#2244=ORIENTED_EDGE('',*,*,#1656,.F.);
#2245=ORIENTED_EDGE('',*,*,#1657,.F.);
#2246=ORIENTED_EDGE('',*,*,#1658,.F.);
#2247=ORIENTED_EDGE('',*,*,#1659,.F.);
#2248=ORIENTED_EDGE('',*,*,#1660,.F.);
#2249=ORIENTED_EDGE('',*,*,#1661,.F.);
#2250=ORIENTED_EDGE('',*,*,#1662,.F.);
#2251=ORIENTED_EDGE('',*,*,#1663,.F.);
#2252=ORIENTED_EDGE('',*,*,#1664,.F.);
#2253=ORIENTED_EDGE('',*,*,#1665,.F.);
#2254=ORIENTED_EDGE('',*,*,#1666,.F.);
#2255=ORIENTED_EDGE('',*,*,#1667,.F.);
#2256=ORIENTED_EDGE('',*,*,#1668,.T.);
#2257=ORIENTED_EDGE('',*,*,#1632,.T.);
#2258=ORIENTED_EDGE('',*,*,#1669,.F.);
#2259=ORIENTED_EDGE('',*,*,#1670,.F.);
#2260=ORIENTED_EDGE('',*,*,#1669,.T.);
#2261=ORIENTED_EDGE('',*,*,#1660,.T.);
#2262=ORIENTED_EDGE('',*,*,#1671,.F.);
#2263=ORIENTED_EDGE('',*,*,#1672,.F.);
#2264=ORIENTED_EDGE('',*,*,#1671,.T.);
#2265=ORIENTED_EDGE('',*,*,#1659,.T.);
#2266=ORIENTED_EDGE('',*,*,#1673,.F.);
#2267=ORIENTED_EDGE('',*,*,#1674,.F.);
#2268=ORIENTED_EDGE('',*,*,#1673,.T.);
#2269=ORIENTED_EDGE('',*,*,#1658,.T.);
#2270=ORIENTED_EDGE('',*,*,#1675,.F.);
#2271=ORIENTED_EDGE('',*,*,#1676,.F.);
#2272=ORIENTED_EDGE('',*,*,#1675,.T.);
#2273=ORIENTED_EDGE('',*,*,#1657,.T.);
#2274=ORIENTED_EDGE('',*,*,#1677,.F.);
#2275=ORIENTED_EDGE('',*,*,#1678,.F.);
#2276=ORIENTED_EDGE('',*,*,#1677,.T.);
#2277=ORIENTED_EDGE('',*,*,#1656,.T.);
#2278=ORIENTED_EDGE('',*,*,#1679,.F.);
#2279=ORIENTED_EDGE('',*,*,#1680,.F.);
#2280=ORIENTED_EDGE('',*,*,#1679,.T.);
#2281=ORIENTED_EDGE('',*,*,#1655,.T.);
#2282=ORIENTED_EDGE('',*,*,#1681,.F.);
#2283=ORIENTED_EDGE('',*,*,#1682,.F.);
#2284=ORIENTED_EDGE('',*,*,#1681,.T.);
#2285=ORIENTED_EDGE('',*,*,#1654,.T.);
#2286=ORIENTED_EDGE('',*,*,#1683,.F.);
#2287=ORIENTED_EDGE('',*,*,#1684,.F.);
#2288=ORIENTED_EDGE('',*,*,#1683,.T.);
#2289=ORIENTED_EDGE('',*,*,#1653,.T.);
#2290=ORIENTED_EDGE('',*,*,#1685,.F.);
#2291=ORIENTED_EDGE('',*,*,#1686,.F.);
#2292=ORIENTED_EDGE('',*,*,#1685,.T.);
#2293=ORIENTED_EDGE('',*,*,#1652,.T.);
#2294=ORIENTED_EDGE('',*,*,#1687,.F.);
#2295=ORIENTED_EDGE('',*,*,#1688,.F.);
#2296=ORIENTED_EDGE('',*,*,#1687,.T.);
#2297=ORIENTED_EDGE('',*,*,#1651,.T.);
#2298=ORIENTED_EDGE('',*,*,#1689,.F.);
#2299=ORIENTED_EDGE('',*,*,#1690,.F.);
#2300=ORIENTED_EDGE('',*,*,#1689,.T.);
#2301=ORIENTED_EDGE('',*,*,#1650,.T.);
#2302=ORIENTED_EDGE('',*,*,#1691,.F.);
#2303=ORIENTED_EDGE('',*,*,#1692,.F.);
#2304=ORIENTED_EDGE('',*,*,#1691,.T.);
#2305=ORIENTED_EDGE('',*,*,#1649,.T.);
#2306=ORIENTED_EDGE('',*,*,#1693,.F.);
#2307=ORIENTED_EDGE('',*,*,#1694,.F.);
#2308=ORIENTED_EDGE('',*,*,#1693,.T.);
#2309=ORIENTED_EDGE('',*,*,#1648,.T.);
#2310=ORIENTED_EDGE('',*,*,#1695,.F.);
#2311=ORIENTED_EDGE('',*,*,#1696,.F.);
#2312=ORIENTED_EDGE('',*,*,#1695,.T.);
#2313=ORIENTED_EDGE('',*,*,#1647,.T.);
#2314=ORIENTED_EDGE('',*,*,#1697,.F.);
#2315=ORIENTED_EDGE('',*,*,#1698,.F.);
#2316=ORIENTED_EDGE('',*,*,#1697,.T.);
#2317=ORIENTED_EDGE('',*,*,#1646,.T.);
#2318=ORIENTED_EDGE('',*,*,#1699,.F.);
#2319=ORIENTED_EDGE('',*,*,#1700,.F.);
#2320=ORIENTED_EDGE('',*,*,#1699,.T.);
#2321=ORIENTED_EDGE('',*,*,#1645,.T.);
#2322=ORIENTED_EDGE('',*,*,#1701,.F.);
#2323=ORIENTED_EDGE('',*,*,#1702,.F.);
#2324=ORIENTED_EDGE('',*,*,#1701,.T.);
#2325=ORIENTED_EDGE('',*,*,#1644,.T.);
#2326=ORIENTED_EDGE('',*,*,#1703,.F.);
#2327=ORIENTED_EDGE('',*,*,#1704,.F.);
#2328=ORIENTED_EDGE('',*,*,#1703,.T.);
#2329=ORIENTED_EDGE('',*,*,#1643,.T.);
#2330=ORIENTED_EDGE('',*,*,#1705,.F.);
#2331=ORIENTED_EDGE('',*,*,#1706,.F.);
#2332=ORIENTED_EDGE('',*,*,#1705,.T.);
#2333=ORIENTED_EDGE('',*,*,#1642,.T.);
#2334=ORIENTED_EDGE('',*,*,#1707,.F.);
#2335=ORIENTED_EDGE('',*,*,#1708,.F.);
#2336=ORIENTED_EDGE('',*,*,#1707,.T.);
#2337=ORIENTED_EDGE('',*,*,#1641,.T.);
#2338=ORIENTED_EDGE('',*,*,#1709,.F.);
#2339=ORIENTED_EDGE('',*,*,#1710,.F.);
#2340=ORIENTED_EDGE('',*,*,#1709,.T.);
#2341=ORIENTED_EDGE('',*,*,#1640,.T.);
#2342=ORIENTED_EDGE('',*,*,#1711,.F.);
#2343=ORIENTED_EDGE('',*,*,#1712,.F.);
#2344=ORIENTED_EDGE('',*,*,#1711,.T.);
#2345=ORIENTED_EDGE('',*,*,#1639,.T.);
#2346=ORIENTED_EDGE('',*,*,#1713,.F.);
#2347=ORIENTED_EDGE('',*,*,#1714,.F.);
#2348=ORIENTED_EDGE('',*,*,#1713,.T.);
#2349=ORIENTED_EDGE('',*,*,#1638,.T.);
#2350=ORIENTED_EDGE('',*,*,#1715,.F.);
#2351=ORIENTED_EDGE('',*,*,#1716,.F.);
#2352=ORIENTED_EDGE('',*,*,#1715,.T.);
#2353=ORIENTED_EDGE('',*,*,#1637,.T.);
#2354=ORIENTED_EDGE('',*,*,#1717,.F.);
#2355=ORIENTED_EDGE('',*,*,#1718,.F.);
#2356=ORIENTED_EDGE('',*,*,#1717,.T.);
#2357=ORIENTED_EDGE('',*,*,#1636,.T.);
#2358=ORIENTED_EDGE('',*,*,#1719,.F.);
#2359=ORIENTED_EDGE('',*,*,#1720,.F.);
#2360=ORIENTED_EDGE('',*,*,#1719,.T.);
#2361=ORIENTED_EDGE('',*,*,#1635,.T.);
#2362=ORIENTED_EDGE('',*,*,#1721,.F.);
#2363=ORIENTED_EDGE('',*,*,#1722,.F.);
#2364=ORIENTED_EDGE('',*,*,#1721,.T.);
#2365=ORIENTED_EDGE('',*,*,#1634,.T.);
#2366=ORIENTED_EDGE('',*,*,#1723,.F.);
#2367=ORIENTED_EDGE('',*,*,#1724,.F.);
#2368=ORIENTED_EDGE('',*,*,#1723,.T.);
#2369=ORIENTED_EDGE('',*,*,#1633,.T.);
#2370=ORIENTED_EDGE('',*,*,#1668,.F.);
#2371=ORIENTED_EDGE('',*,*,#1385,.F.);
#2372=ORIENTED_EDGE('',*,*,#1725,.T.);
#2373=ORIENTED_EDGE('',*,*,#1661,.T.);
#2374=ORIENTED_EDGE('',*,*,#1726,.F.);
#2375=ORIENTED_EDGE('',*,*,#1386,.F.);
#2376=ORIENTED_EDGE('',*,*,#1726,.T.);
#2377=ORIENTED_EDGE('',*,*,#1666,.T.);
#2378=ORIENTED_EDGE('',*,*,#1727,.F.);
#2379=ORIENTED_EDGE('',*,*,#1387,.F.);
#2380=ORIENTED_EDGE('',*,*,#1727,.T.);
#2381=ORIENTED_EDGE('',*,*,#1665,.T.);
#2382=ORIENTED_EDGE('',*,*,#1728,.F.);
#2383=ORIENTED_EDGE('',*,*,#1388,.F.);
#2384=ORIENTED_EDGE('',*,*,#1728,.T.);
#2385=ORIENTED_EDGE('',*,*,#1664,.T.);
#2386=ORIENTED_EDGE('',*,*,#1729,.F.);
#2387=ORIENTED_EDGE('',*,*,#1389,.F.);
#2388=ORIENTED_EDGE('',*,*,#1729,.T.);
#2389=ORIENTED_EDGE('',*,*,#1663,.T.);
#2390=ORIENTED_EDGE('',*,*,#1730,.F.);
#2391=ORIENTED_EDGE('',*,*,#1384,.F.);
#2392=ORIENTED_EDGE('',*,*,#1730,.T.);
#2393=ORIENTED_EDGE('',*,*,#1662,.T.);
#2394=ORIENTED_EDGE('',*,*,#1725,.F.);
#2395=ORIENTED_EDGE('',*,*,#1731,.T.);
#2396=ORIENTED_EDGE('',*,*,#1732,.T.);
#2397=ORIENTED_EDGE('',*,*,#1410,.T.);
#2398=ORIENTED_EDGE('',*,*,#1733,.T.);
#2399=ORIENTED_EDGE('',*,*,#1734,.T.);
#2400=ORIENTED_EDGE('',*,*,#1733,.F.);
#2401=ORIENTED_EDGE('',*,*,#1399,.F.);
#2402=ORIENTED_EDGE('',*,*,#1735,.F.);
#2403=ORIENTED_EDGE('',*,*,#1736,.T.);
#2404=ORIENTED_EDGE('',*,*,#1737,.T.);
#2405=ORIENTED_EDGE('',*,*,#1466,.T.);
#2406=ORIENTED_EDGE('',*,*,#1738,.T.);
#2407=ORIENTED_EDGE('',*,*,#1739,.T.);
#2408=ORIENTED_EDGE('',*,*,#1735,.T.);
#2409=ORIENTED_EDGE('',*,*,#1398,.F.);
#2410=ORIENTED_EDGE('',*,*,#1440,.T.);
#2411=ORIENTED_EDGE('',*,*,#1392,.F.);
#2412=ORIENTED_EDGE('',*,*,#1740,.T.);
#2413=ORIENTED_EDGE('',*,*,#1412,.T.);
#2414=ORIENTED_EDGE('',*,*,#1415,.T.);
#2415=ORIENTED_EDGE('',*,*,#1424,.T.);
#2416=ORIENTED_EDGE('',*,*,#1741,.T.);
#2417=ORIENTED_EDGE('',*,*,#1738,.F.);
#2418=ORIENTED_EDGE('',*,*,#1465,.F.);
#2419=ORIENTED_EDGE('',*,*,#1742,.F.);
#2420=ORIENTED_EDGE('',*,*,#1743,.T.);
#2421=ORIENTED_EDGE('',*,*,#1744,.F.);
#2422=ORIENTED_EDGE('',*,*,#1409,.F.);
#2423=ORIENTED_EDGE('',*,*,#1404,.F.);
#2424=ORIENTED_EDGE('',*,*,#1407,.F.);
#2425=ORIENTED_EDGE('',*,*,#1401,.F.);
#2426=ORIENTED_EDGE('',*,*,#1411,.F.);
#2427=ORIENTED_EDGE('',*,*,#1732,.F.);
#2428=ORIENTED_EDGE('',*,*,#1745,.T.);
#2429=ORIENTED_EDGE('',*,*,#1746,.T.);
#2430=ORIENTED_EDGE('',*,*,#1747,.T.);
#2431=ORIENTED_EDGE('',*,*,#1748,.T.);
#2432=ORIENTED_EDGE('',*,*,#1749,.T.);
#2433=ORIENTED_EDGE('',*,*,#1750,.T.);
#2434=ORIENTED_EDGE('',*,*,#1751,.T.);
#2435=ORIENTED_EDGE('',*,*,#1752,.T.);
#2436=ORIENTED_EDGE('',*,*,#1753,.T.);
#2437=ORIENTED_EDGE('',*,*,#1754,.T.);
#2438=ORIENTED_EDGE('',*,*,#1755,.T.);
#2439=ORIENTED_EDGE('',*,*,#1756,.T.);
#2440=ORIENTED_EDGE('',*,*,#1757,.T.);
#2441=ORIENTED_EDGE('',*,*,#1758,.T.);
#2442=ORIENTED_EDGE('',*,*,#1759,.T.);
#2443=ORIENTED_EDGE('',*,*,#1760,.T.);
#2444=ORIENTED_EDGE('',*,*,#1429,.T.);
#2445=ORIENTED_EDGE('',*,*,#1423,.T.);
#2446=ORIENTED_EDGE('',*,*,#1420,.T.);
#2447=ORIENTED_EDGE('',*,*,#1761,.T.);
#2448=ORIENTED_EDGE('',*,*,#1762,.T.);
#2449=ORIENTED_EDGE('',*,*,#1408,.T.);
#2450=ORIENTED_EDGE('',*,*,#1744,.T.);
#2451=ORIENTED_EDGE('',*,*,#1763,.T.);
#2452=ORIENTED_EDGE('',*,*,#1740,.F.);
#2453=ORIENTED_EDGE('',*,*,#1391,.F.);
#2454=ORIENTED_EDGE('',*,*,#1762,.F.);
#2455=ORIENTED_EDGE('',*,*,#1764,.T.);
#2456=ORIENTED_EDGE('',*,*,#1765,.T.);
#2457=ORIENTED_EDGE('',*,*,#1766,.T.);
#2458=ORIENTED_EDGE('',*,*,#1767,.T.);
#2459=ORIENTED_EDGE('',*,*,#1768,.T.);
#2460=ORIENTED_EDGE('',*,*,#1769,.T.);
#2461=ORIENTED_EDGE('',*,*,#1770,.T.);
#2462=ORIENTED_EDGE('',*,*,#1771,.T.);
#2463=ORIENTED_EDGE('',*,*,#1772,.T.);
#2464=ORIENTED_EDGE('',*,*,#1773,.T.);
#2465=ORIENTED_EDGE('',*,*,#1774,.T.);
#2466=ORIENTED_EDGE('',*,*,#1775,.T.);
#2467=ORIENTED_EDGE('',*,*,#1776,.T.);
#2468=ORIENTED_EDGE('',*,*,#1777,.T.);
#2469=ORIENTED_EDGE('',*,*,#1778,.T.);
#2470=ORIENTED_EDGE('',*,*,#1779,.T.);
#2471=ORIENTED_EDGE('',*,*,#1780,.T.);
#2472=ORIENTED_EDGE('',*,*,#1742,.T.);
#2473=ORIENTED_EDGE('',*,*,#1464,.T.);
#2474=ORIENTED_EDGE('',*,*,#1781,.T.);
#2475=ORIENTED_EDGE('',*,*,#1532,.T.);
#2476=ORIENTED_EDGE('',*,*,#1505,.T.);
#2477=ORIENTED_EDGE('',*,*,#1508,.T.);
#2478=ORIENTED_EDGE('',*,*,#1510,.T.);
#2479=ORIENTED_EDGE('',*,*,#1512,.T.);
#2480=ORIENTED_EDGE('',*,*,#1514,.T.);
#2481=ORIENTED_EDGE('',*,*,#1516,.T.);
#2482=ORIENTED_EDGE('',*,*,#1518,.T.);
#2483=ORIENTED_EDGE('',*,*,#1520,.T.);
#2484=ORIENTED_EDGE('',*,*,#1522,.T.);
#2485=ORIENTED_EDGE('',*,*,#1524,.T.);
#2486=ORIENTED_EDGE('',*,*,#1526,.T.);
#2487=ORIENTED_EDGE('',*,*,#1528,.T.);
#2488=ORIENTED_EDGE('',*,*,#1530,.T.);
#2489=ORIENTED_EDGE('',*,*,#1631,.T.);
#2490=ORIENTED_EDGE('',*,*,#1566,.T.);
#2491=ORIENTED_EDGE('',*,*,#1569,.T.);
#2492=ORIENTED_EDGE('',*,*,#1571,.T.);
#2493=ORIENTED_EDGE('',*,*,#1573,.T.);
#2494=ORIENTED_EDGE('',*,*,#1575,.T.);
#2495=ORIENTED_EDGE('',*,*,#1577,.T.);
#2496=ORIENTED_EDGE('',*,*,#1579,.T.);
#2497=ORIENTED_EDGE('',*,*,#1581,.T.);
#2498=ORIENTED_EDGE('',*,*,#1583,.T.);
#2499=ORIENTED_EDGE('',*,*,#1585,.T.);
#2500=ORIENTED_EDGE('',*,*,#1587,.T.);
#2501=ORIENTED_EDGE('',*,*,#1589,.T.);
#2502=ORIENTED_EDGE('',*,*,#1591,.T.);
#2503=ORIENTED_EDGE('',*,*,#1593,.T.);
#2504=ORIENTED_EDGE('',*,*,#1595,.T.);
#2505=ORIENTED_EDGE('',*,*,#1597,.T.);
#2506=ORIENTED_EDGE('',*,*,#1599,.T.);
#2507=ORIENTED_EDGE('',*,*,#1601,.T.);
#2508=ORIENTED_EDGE('',*,*,#1603,.T.);
#2509=ORIENTED_EDGE('',*,*,#1605,.T.);
#2510=ORIENTED_EDGE('',*,*,#1607,.T.);
#2511=ORIENTED_EDGE('',*,*,#1609,.T.);
#2512=ORIENTED_EDGE('',*,*,#1611,.T.);
#2513=ORIENTED_EDGE('',*,*,#1613,.T.);
#2514=ORIENTED_EDGE('',*,*,#1615,.T.);
#2515=ORIENTED_EDGE('',*,*,#1617,.T.);
#2516=ORIENTED_EDGE('',*,*,#1619,.T.);
#2517=ORIENTED_EDGE('',*,*,#1621,.T.);
#2518=ORIENTED_EDGE('',*,*,#1623,.T.);
#2519=ORIENTED_EDGE('',*,*,#1625,.T.);
#2520=ORIENTED_EDGE('',*,*,#1627,.T.);
#2521=ORIENTED_EDGE('',*,*,#1629,.T.);
#2522=ORIENTED_EDGE('',*,*,#1724,.T.);
#2523=ORIENTED_EDGE('',*,*,#1667,.T.);
#2524=ORIENTED_EDGE('',*,*,#1670,.T.);
#2525=ORIENTED_EDGE('',*,*,#1672,.T.);
#2526=ORIENTED_EDGE('',*,*,#1674,.T.);
#2527=ORIENTED_EDGE('',*,*,#1676,.T.);
#2528=ORIENTED_EDGE('',*,*,#1678,.T.);
#2529=ORIENTED_EDGE('',*,*,#1680,.T.);
#2530=ORIENTED_EDGE('',*,*,#1682,.T.);
#2531=ORIENTED_EDGE('',*,*,#1684,.T.);
#2532=ORIENTED_EDGE('',*,*,#1686,.T.);
#2533=ORIENTED_EDGE('',*,*,#1688,.T.);
#2534=ORIENTED_EDGE('',*,*,#1690,.T.);
#2535=ORIENTED_EDGE('',*,*,#1692,.T.);
#2536=ORIENTED_EDGE('',*,*,#1694,.T.);
#2537=ORIENTED_EDGE('',*,*,#1696,.T.);
#2538=ORIENTED_EDGE('',*,*,#1698,.T.);
#2539=ORIENTED_EDGE('',*,*,#1700,.T.);
#2540=ORIENTED_EDGE('',*,*,#1702,.T.);
#2541=ORIENTED_EDGE('',*,*,#1704,.T.);
#2542=ORIENTED_EDGE('',*,*,#1706,.T.);
#2543=ORIENTED_EDGE('',*,*,#1708,.T.);
#2544=ORIENTED_EDGE('',*,*,#1710,.T.);
#2545=ORIENTED_EDGE('',*,*,#1712,.T.);
#2546=ORIENTED_EDGE('',*,*,#1714,.T.);
#2547=ORIENTED_EDGE('',*,*,#1716,.T.);
#2548=ORIENTED_EDGE('',*,*,#1718,.T.);
#2549=ORIENTED_EDGE('',*,*,#1720,.T.);
#2550=ORIENTED_EDGE('',*,*,#1722,.T.);
#2551=ORIENTED_EDGE('',*,*,#1782,.T.);
#2552=ORIENTED_EDGE('',*,*,#1781,.F.);
#2553=ORIENTED_EDGE('',*,*,#1467,.T.);
#2554=ORIENTED_EDGE('',*,*,#1737,.F.);
#2555=ORIENTED_EDGE('',*,*,#1764,.F.);
#2556=ORIENTED_EDGE('',*,*,#1782,.F.);
#2557=ORIENTED_EDGE('',*,*,#1736,.F.);
#2558=ORIENTED_EDGE('',*,*,#1763,.F.);
#2559=ORIENTED_EDGE('',*,*,#1761,.F.);
#2560=ORIENTED_EDGE('',*,*,#1743,.F.);
#2561=ORIENTED_EDGE('',*,*,#1783,.T.);
#2562=ORIENTED_EDGE('',*,*,#1779,.F.);
#2563=ORIENTED_EDGE('',*,*,#1784,.F.);
#2564=ORIENTED_EDGE('',*,*,#1746,.F.);
#2565=ORIENTED_EDGE('',*,*,#1785,.T.);
#2566=ORIENTED_EDGE('',*,*,#1778,.F.);
#2567=ORIENTED_EDGE('',*,*,#1786,.F.);
#2568=ORIENTED_EDGE('',*,*,#1747,.F.);
#2569=ORIENTED_EDGE('',*,*,#1784,.T.);
#2570=ORIENTED_EDGE('',*,*,#1780,.F.);
#2571=ORIENTED_EDGE('',*,*,#1785,.F.);
#2572=ORIENTED_EDGE('',*,*,#1745,.F.);
#2573=ORIENTED_EDGE('',*,*,#1731,.F.);
#2574=ORIENTED_EDGE('',*,*,#1734,.F.);
#2575=ORIENTED_EDGE('',*,*,#1739,.F.);
#2576=ORIENTED_EDGE('',*,*,#1741,.F.);
#2577=ORIENTED_EDGE('',*,*,#1777,.F.);
#2578=ORIENTED_EDGE('',*,*,#1787,.F.);
#2579=ORIENTED_EDGE('',*,*,#1748,.F.);
#2580=ORIENTED_EDGE('',*,*,#1786,.T.);
#2581=ORIENTED_EDGE('',*,*,#1776,.F.);
#2582=ORIENTED_EDGE('',*,*,#1788,.F.);
#2583=ORIENTED_EDGE('',*,*,#1749,.F.);
#2584=ORIENTED_EDGE('',*,*,#1787,.T.);
#2585=ORIENTED_EDGE('',*,*,#1775,.F.);
#2586=ORIENTED_EDGE('',*,*,#1789,.F.);
#2587=ORIENTED_EDGE('',*,*,#1750,.F.);
#2588=ORIENTED_EDGE('',*,*,#1788,.T.);
#2589=ORIENTED_EDGE('',*,*,#1774,.F.);
#2590=ORIENTED_EDGE('',*,*,#1790,.F.);
#2591=ORIENTED_EDGE('',*,*,#1751,.F.);
#2592=ORIENTED_EDGE('',*,*,#1789,.T.);
#2593=ORIENTED_EDGE('',*,*,#1773,.F.);
#2594=ORIENTED_EDGE('',*,*,#1791,.F.);
#2595=ORIENTED_EDGE('',*,*,#1752,.F.);
#2596=ORIENTED_EDGE('',*,*,#1790,.T.);
#2597=ORIENTED_EDGE('',*,*,#1772,.F.);
#2598=ORIENTED_EDGE('',*,*,#1792,.F.);
#2599=ORIENTED_EDGE('',*,*,#1753,.F.);
#2600=ORIENTED_EDGE('',*,*,#1791,.T.);
#2601=ORIENTED_EDGE('',*,*,#1771,.F.);
#2602=ORIENTED_EDGE('',*,*,#1793,.F.);
#2603=ORIENTED_EDGE('',*,*,#1754,.F.);
#2604=ORIENTED_EDGE('',*,*,#1792,.T.);
#2605=ORIENTED_EDGE('',*,*,#1770,.F.);
#2606=ORIENTED_EDGE('',*,*,#1794,.F.);
#2607=ORIENTED_EDGE('',*,*,#1755,.F.);
#2608=ORIENTED_EDGE('',*,*,#1793,.T.);
#2609=ORIENTED_EDGE('',*,*,#1769,.F.);
#2610=ORIENTED_EDGE('',*,*,#1795,.F.);
#2611=ORIENTED_EDGE('',*,*,#1756,.F.);
#2612=ORIENTED_EDGE('',*,*,#1794,.T.);
#2613=ORIENTED_EDGE('',*,*,#1768,.F.);
#2614=ORIENTED_EDGE('',*,*,#1796,.F.);
#2615=ORIENTED_EDGE('',*,*,#1757,.F.);
#2616=ORIENTED_EDGE('',*,*,#1795,.T.);
#2617=ORIENTED_EDGE('',*,*,#1767,.F.);
#2618=ORIENTED_EDGE('',*,*,#1797,.F.);
#2619=ORIENTED_EDGE('',*,*,#1758,.F.);
#2620=ORIENTED_EDGE('',*,*,#1796,.T.);
#2621=ORIENTED_EDGE('',*,*,#1766,.F.);
#2622=ORIENTED_EDGE('',*,*,#1798,.F.);
#2623=ORIENTED_EDGE('',*,*,#1759,.F.);
#2624=ORIENTED_EDGE('',*,*,#1797,.T.);
#2625=ORIENTED_EDGE('',*,*,#1765,.F.);
#2626=ORIENTED_EDGE('',*,*,#1783,.F.);
#2627=ORIENTED_EDGE('',*,*,#1760,.F.);
#2628=ORIENTED_EDGE('',*,*,#1798,.T.);
#2629=PLANE('',#2872);
#2630=PLANE('',#2877);
#2631=PLANE('',#2884);
#2632=PLANE('',#2888);
#2633=PLANE('',#2895);
#2634=PLANE('',#2902);
#2635=PLANE('',#2906);
#2636=PLANE('',#2911);
#2637=PLANE('',#2913);
#2638=PLANE('',#2915);
#2639=PLANE('',#2918);
#2640=PLANE('',#2921);
#2641=PLANE('',#2922);
#2642=PLANE('',#2927);
#2643=PLANE('',#2930);
#2644=PLANE('',#2934);
#2645=PLANE('',#2936);
#2646=PLANE('',#2938);
#2647=PLANE('',#2940);
#2648=PLANE('',#2941);
#2649=PLANE('',#2942);
#2650=PLANE('',#2943);
#2651=PLANE('',#2944);
#2652=PLANE('',#2945);
#2653=PLANE('',#2946);
#2654=PLANE('',#2947);
#2655=PLANE('',#2948);
#2656=PLANE('',#2949);
#2657=PLANE('',#2950);
#2658=PLANE('',#2951);
#2659=PLANE('',#2952);
#2660=PLANE('',#2953);
#2661=PLANE('',#2954);
#2662=PLANE('',#2955);
#2663=PLANE('',#2956);
#2664=PLANE('',#2957);
#2665=PLANE('',#2958);
#2666=PLANE('',#2959);
#2667=PLANE('',#2960);
#2668=PLANE('',#2961);
#2669=PLANE('',#2962);
#2670=PLANE('',#2963);
#2671=PLANE('',#2964);
#2672=PLANE('',#2965);
#2673=PLANE('',#2966);
#2674=PLANE('',#2967);
#2675=PLANE('',#2968);
#2676=PLANE('',#2969);
#2677=PLANE('',#2970);
#2678=PLANE('',#2971);
#2679=PLANE('',#2972);
#2680=PLANE('',#2973);
#2681=PLANE('',#2974);
#2682=PLANE('',#2975);
#2683=PLANE('',#2976);
#2684=PLANE('',#2977);
#2685=PLANE('',#2978);
#2686=PLANE('',#2979);
#2687=PLANE('',#2980);
#2688=PLANE('',#2981);
#2689=PLANE('',#2982);
#2690=PLANE('',#2983);
#2691=PLANE('',#2984);
#2692=PLANE('',#2985);
#2693=PLANE('',#2986);
#2694=PLANE('',#2987);
#2695=PLANE('',#2988);
#2696=PLANE('',#2989);
#2697=PLANE('',#2990);
#2698=PLANE('',#2991);
#2699=PLANE('',#2992);
#2700=PLANE('',#2993);
#2701=PLANE('',#2994);
#2702=PLANE('',#2995);
#2703=PLANE('',#2996);
#2704=ADVANCED_FACE('',(#139),#2629,.T.);
#2705=ADVANCED_FACE('',(#140),#127,.T.);
#2706=ADVANCED_FACE('',(#141),#128,.T.);
#2707=ADVANCED_FACE('',(#142),#38,.T.);
#2708=ADVANCED_FACE('',(#143),#39,.T.);
#2709=ADVANCED_FACE('',(#144),#2630,.T.);
#2710=ADVANCED_FACE('',(#145),#40,.T.);
#2711=ADVANCED_FACE('',(#146),#41,.T.);
#2712=ADVANCED_FACE('',(#147),#129,.F.);
#2713=ADVANCED_FACE('',(#148),#130,.F.);
#2714=ADVANCED_FACE('',(#149,#23),#2631,.F.);
#2715=ADVANCED_FACE('',(#150),#131,.F.);
#2716=ADVANCED_FACE('',(#151,#24),#2632,.F.);
#2717=ADVANCED_FACE('',(#152),#132,.F.);
#2718=ADVANCED_FACE('',(#153),#133,.F.);
#2719=ADVANCED_FACE('',(#154,#25),#2633,.F.);
#2720=ADVANCED_FACE('',(#155),#134,.F.);
#2721=ADVANCED_FACE('',(#156),#135,.F.);
#2722=ADVANCED_FACE('',(#157),#2634,.F.);
#2723=ADVANCED_FACE('',(#158),#136,.F.);
#2724=ADVANCED_FACE('',(#159,#26),#2635,.T.);
#2725=ADVANCED_FACE('',(#160),#2636,.F.);
#2726=ADVANCED_FACE('',(#161),#15,.F.);
#2727=ADVANCED_FACE('',(#162),#2637,.T.);
#2728=ADVANCED_FACE('',(#163),#16,.F.);
#2729=ADVANCED_FACE('',(#164),#2638,.T.);
#2730=ADVANCED_FACE('',(#165),#17,.F.);
#2731=ADVANCED_FACE('',(#166),#2639,.T.);
#2732=ADVANCED_FACE('',(#167),#18,.F.);
#2733=ADVANCED_FACE('',(#168),#2640,.T.);
#2734=ADVANCED_FACE('',(#169,#27),#2641,.T.);
#2735=ADVANCED_FACE('',(#170),#2642,.F.);
#2736=ADVANCED_FACE('',(#171),#137,.F.);
#2737=ADVANCED_FACE('',(#172),#2643,.F.);
#2738=ADVANCED_FACE('',(#173),#138,.F.);
#2739=ADVANCED_FACE('',(#174),#19,.F.);
#2740=ADVANCED_FACE('',(#175),#2644,.T.);
#2741=ADVANCED_FACE('',(#176),#20,.F.);
#2742=ADVANCED_FACE('',(#177),#2645,.T.);
#2743=ADVANCED_FACE('',(#178),#21,.F.);
#2744=ADVANCED_FACE('',(#179),#2646,.T.);
#2745=ADVANCED_FACE('',(#180),#22,.F.);
#2746=ADVANCED_FACE('',(#181),#2647,.T.);
#2747=ADVANCED_FACE('',(#182),#2648,.T.);
#2748=ADVANCED_FACE('',(#183),#2649,.F.);
#2749=ADVANCED_FACE('',(#184),#42,.F.);
#2750=ADVANCED_FACE('',(#185),#43,.F.);
#2751=ADVANCED_FACE('',(#186),#2650,.F.);
#2752=ADVANCED_FACE('',(#187),#2651,.F.);
#2753=ADVANCED_FACE('',(#188),#2652,.F.);
#2754=ADVANCED_FACE('',(#189),#2653,.F.);
#2755=ADVANCED_FACE('',(#190),#2654,.F.);
#2756=ADVANCED_FACE('',(#191),#2655,.F.);
#2757=ADVANCED_FACE('',(#192),#2656,.F.);
#2758=ADVANCED_FACE('',(#193),#44,.F.);
#2759=ADVANCED_FACE('',(#194),#45,.F.);
#2760=ADVANCED_FACE('',(#195),#2657,.F.);
#2761=ADVANCED_FACE('',(#196),#2658,.F.);
#2762=ADVANCED_FACE('',(#197),#2659,.T.);
#2763=ADVANCED_FACE('',(#198),#46,.F.);
#2764=ADVANCED_FACE('',(#199),#47,.F.);
#2765=ADVANCED_FACE('',(#200),#48,.F.);
#2766=ADVANCED_FACE('',(#201),#2660,.F.);
#2767=ADVANCED_FACE('',(#202),#2661,.F.);
#2768=ADVANCED_FACE('',(#203),#2662,.F.);
#2769=ADVANCED_FACE('',(#204),#49,.F.);
#2770=ADVANCED_FACE('',(#205),#50,.F.);
#2771=ADVANCED_FACE('',(#206),#51,.F.);
#2772=ADVANCED_FACE('',(#207),#52,.F.);
#2773=ADVANCED_FACE('',(#208),#2663,.F.);
#2774=ADVANCED_FACE('',(#209),#53,.F.);
#2775=ADVANCED_FACE('',(#210),#54,.F.);
#2776=ADVANCED_FACE('',(#211),#55,.F.);
#2777=ADVANCED_FACE('',(#212),#56,.F.);
#2778=ADVANCED_FACE('',(#213),#57,.F.);
#2779=ADVANCED_FACE('',(#214),#2664,.F.);
#2780=ADVANCED_FACE('',(#215),#2665,.F.);
#2781=ADVANCED_FACE('',(#216),#2666,.F.);
#2782=ADVANCED_FACE('',(#217),#2667,.F.);
#2783=ADVANCED_FACE('',(#218),#2668,.F.);
#2784=ADVANCED_FACE('',(#219),#2669,.F.);
#2785=ADVANCED_FACE('',(#220),#2670,.F.);
#2786=ADVANCED_FACE('',(#221),#58,.F.);
#2787=ADVANCED_FACE('',(#222),#59,.F.);
#2788=ADVANCED_FACE('',(#223),#60,.F.);
#2789=ADVANCED_FACE('',(#224),#61,.F.);
#2790=ADVANCED_FACE('',(#225),#62,.F.);
#2791=ADVANCED_FACE('',(#226),#63,.F.);
#2792=ADVANCED_FACE('',(#227),#2671,.F.);
#2793=ADVANCED_FACE('',(#228),#64,.F.);
#2794=ADVANCED_FACE('',(#229),#65,.F.);
#2795=ADVANCED_FACE('',(#230),#66,.F.);
#2796=ADVANCED_FACE('',(#231,#28),#2672,.T.);
#2797=ADVANCED_FACE('',(#232),#67,.F.);
#2798=ADVANCED_FACE('',(#233),#68,.F.);
#2799=ADVANCED_FACE('',(#234),#69,.F.);
#2800=ADVANCED_FACE('',(#235),#70,.F.);
#2801=ADVANCED_FACE('',(#236),#71,.F.);
#2802=ADVANCED_FACE('',(#237),#72,.F.);
#2803=ADVANCED_FACE('',(#238),#73,.F.);
#2804=ADVANCED_FACE('',(#239),#74,.F.);
#2805=ADVANCED_FACE('',(#240),#75,.F.);
#2806=ADVANCED_FACE('',(#241),#76,.F.);
#2807=ADVANCED_FACE('',(#242),#77,.F.);
#2808=ADVANCED_FACE('',(#243),#2673,.F.);
#2809=ADVANCED_FACE('',(#244),#78,.F.);
#2810=ADVANCED_FACE('',(#245),#79,.F.);
#2811=ADVANCED_FACE('',(#246),#80,.F.);
#2812=ADVANCED_FACE('',(#247),#81,.F.);
#2813=ADVANCED_FACE('',(#248),#2674,.F.);
#2814=ADVANCED_FACE('',(#249),#82,.F.);
#2815=ADVANCED_FACE('',(#250),#83,.F.);
#2816=ADVANCED_FACE('',(#251),#84,.F.);
#2817=ADVANCED_FACE('',(#252),#85,.F.);
#2818=ADVANCED_FACE('',(#253),#86,.F.);
#2819=ADVANCED_FACE('',(#254),#87,.F.);
#2820=ADVANCED_FACE('',(#255),#2675,.F.);
#2821=ADVANCED_FACE('',(#256),#88,.F.);
#2822=ADVANCED_FACE('',(#257),#89,.F.);
#2823=ADVANCED_FACE('',(#258),#90,.F.);
#2824=ADVANCED_FACE('',(#259),#91,.F.);
#2825=ADVANCED_FACE('',(#260),#2676,.F.);
#2826=ADVANCED_FACE('',(#261),#2677,.F.);
#2827=ADVANCED_FACE('',(#262),#92,.F.);
#2828=ADVANCED_FACE('',(#263),#93,.F.);
#2829=ADVANCED_FACE('',(#264),#94,.F.);
#2830=ADVANCED_FACE('',(#265),#95,.F.);
#2831=ADVANCED_FACE('',(#266),#96,.F.);
#2832=ADVANCED_FACE('',(#267),#2678,.T.);
#2833=ADVANCED_FACE('',(#268),#2679,.T.);
#2834=ADVANCED_FACE('',(#269,#29,#30,#31),#2680,.T.);
#2835=ADVANCED_FACE('',(#270),#2681,.T.);
#2836=ADVANCED_FACE('',(#271,#32,#33,#34),#2682,.F.);
#2837=ADVANCED_FACE('',(#272),#2683,.T.);
#2838=ADVANCED_FACE('',(#273),#2684,.T.);
#2839=ADVANCED_FACE('',(#274,#35,#36,#37),#2685,.T.);
#2840=ADVANCED_FACE('',(#275),#2686,.T.);
#2841=ADVANCED_FACE('',(#276),#2687,.T.);
#2842=ADVANCED_FACE('',(#277),#2688,.T.);
#2843=ADVANCED_FACE('',(#278),#2689,.T.);
#2844=ADVANCED_FACE('',(#279),#2690,.T.);
#2845=ADVANCED_FACE('',(#280),#2691,.T.);
#2846=ADVANCED_FACE('',(#281),#2692,.T.);
#2847=ADVANCED_FACE('',(#282),#2693,.T.);
#2848=ADVANCED_FACE('',(#283),#2694,.T.);
#2849=ADVANCED_FACE('',(#284),#2695,.T.);
#2850=ADVANCED_FACE('',(#285),#2696,.T.);
#2851=ADVANCED_FACE('',(#286),#2697,.T.);
#2852=ADVANCED_FACE('',(#287),#2698,.T.);
#2853=ADVANCED_FACE('',(#288),#2699,.T.);
#2854=ADVANCED_FACE('',(#289),#2700,.T.);
#2855=ADVANCED_FACE('',(#290),#2701,.T.);
#2856=ADVANCED_FACE('',(#291),#2702,.T.);
#2857=ADVANCED_FACE('',(#292),#2703,.T.);
#2858=CLOSED_SHELL('',(#2704,#2705,#2706,#2707,#2708,#2709,#2710,#2711,
#2712,#2713,#2714,#2715,#2716,#2717,#2718,#2719,#2720,#2721,#2722,#2723,
#2724,#2725,#2726,#2727,#2728,#2729,#2730,#2731,#2732,#2733,#2734,#2735,
#2736,#2737,#2738,#2739,#2740,#2741,#2742,#2743,#2744,#2745,#2746,#2747,
#2748,#2749,#2750,#2751,#2752,#2753,#2754,#2755,#2756,#2757,#2758,#2759,
#2760,#2761,#2762,#2763,#2764,#2765,#2766,#2767,#2768,#2769,#2770,#2771,
#2772,#2773,#2774,#2775,#2776,#2777,#2778,#2779,#2780,#2781,#2782,#2783,
#2784,#2785,#2786,#2787,#2788,#2789,#2790,#2791,#2792,#2793,#2794,#2795,
#2796,#2797,#2798,#2799,#2800,#2801,#2802,#2803,#2804,#2805,#2806,#2807,
#2808,#2809,#2810,#2811,#2812,#2813,#2814,#2815,#2816,#2817,#2818,#2819,
#2820,#2821,#2822,#2823,#2824,#2825,#2826,#2827,#2828,#2829,#2830,#2831,
#2832,#2833,#2834,#2835,#2836,#2837,#2838,#2839,#2840,#2841,#2842,#2843,
#2844,#2845,#2846,#2847,#2848,#2849,#2850,#2851,#2852,#2853,#2854,#2855,
#2856,#2857));
#2859=DERIVED_UNIT_ELEMENT(#2861,1.);
#2860=DERIVED_UNIT_ELEMENT(#5660,-3.);
#2861=(
MASS_UNIT()
NAMED_UNIT(*)
SI_UNIT(.KILO.,.GRAM.)
);
#2862=DERIVED_UNIT((#2859,#2860));
#2863=MEASURE_REPRESENTATION_ITEM('density measure',
POSITIVE_RATIO_MEASURE(7850.),#2862);
#2864=PROPERTY_DEFINITION_REPRESENTATION(#2869,#2866);
#2865=PROPERTY_DEFINITION_REPRESENTATION(#2870,#2867);
#2866=REPRESENTATION('material name',(#2868),#5657);
#2867=REPRESENTATION('density',(#2863),#5657);
#2868=DESCRIPTIVE_REPRESENTATION_ITEM('Steel','Steel');
#2869=PROPERTY_DEFINITION('material property','material name',#5667);
#2870=PROPERTY_DEFINITION('material property','density of part',#5667);
#2871=AXIS2_PLACEMENT_3D('',#3516,#2997,#2998);
#2872=AXIS2_PLACEMENT_3D('',#3517,#2999,#3000);
#2873=AXIS2_PLACEMENT_3D('',#3555,#3002,#3003);
#2874=AXIS2_PLACEMENT_3D('',#3566,#3005,#3006);
#2875=AXIS2_PLACEMENT_3D('',#3573,#3008,#3009);
#2876=AXIS2_PLACEMENT_3D('',#3589,#3011,#3012);
#2877=AXIS2_PLACEMENT_3D('',#3639,#3018,#3019);
#2878=AXIS2_PLACEMENT_3D('',#3696,#3024,#3025);
#2879=AXIS2_PLACEMENT_3D('',#3698,#3026,#3027);
#2880=AXIS2_PLACEMENT_3D('',#3701,#3029,#3030);
#2881=AXIS2_PLACEMENT_3D('',#3702,#3031,#3032);
#2882=AXIS2_PLACEMENT_3D('',#3704,#3033,#3034);
#2883=AXIS2_PLACEMENT_3D('',#3707,#3036,#3037);
#2884=AXIS2_PLACEMENT_3D('',#3708,#3038,#3039);
#2885=AXIS2_PLACEMENT_3D('',#3710,#3040,#3041);
#2886=AXIS2_PLACEMENT_3D('',#3711,#3042,#3043);
#2887=AXIS2_PLACEMENT_3D('',#3714,#3045,#3046);
#2888=AXIS2_PLACEMENT_3D('',#3715,#3047,#3048);
#2889=AXIS2_PLACEMENT_3D('',#3717,#3049,#3050);
#2890=AXIS2_PLACEMENT_3D('',#3718,#3051,#3052);
#2891=AXIS2_PLACEMENT_3D('',#3721,#3054,#3055);
#2892=AXIS2_PLACEMENT_3D('',#3722,#3056,#3057);
#2893=AXIS2_PLACEMENT_3D('',#3724,#3058,#3059);
#2894=AXIS2_PLACEMENT_3D('',#3727,#3061,#3062);
#2895=AXIS2_PLACEMENT_3D('',#3728,#3063,#3064);
#2896=AXIS2_PLACEMENT_3D('',#3730,#3065,#3066);
#2897=AXIS2_PLACEMENT_3D('',#3731,#3067,#3068);
#2898=AXIS2_PLACEMENT_3D('',#3734,#3070,#3071);
#2899=AXIS2_PLACEMENT_3D('',#3735,#3072,#3073);
#2900=AXIS2_PLACEMENT_3D('',#3738,#3074,#3075);
#2901=AXIS2_PLACEMENT_3D('',#3742,#3077,#3078);
#2902=AXIS2_PLACEMENT_3D('',#3744,#3080,#3081);
#2903=AXIS2_PLACEMENT_3D('',#3750,#3085,#3086);
#2904=AXIS2_PLACEMENT_3D('',#3752,#3087,#3088);
#2905=AXIS2_PLACEMENT_3D('',#3755,#3090,#3091);
#2906=AXIS2_PLACEMENT_3D('',#3756,#3092,#3093);
#2907=AXIS2_PLACEMENT_3D('',#3762,#3096,#3097);
#2908=AXIS2_PLACEMENT_3D('',#3766,#3099,#3100);
#2909=AXIS2_PLACEMENT_3D('',#3770,#3102,#3103);
#2910=AXIS2_PLACEMENT_3D('',#3773,#3105,#3106);
#2911=AXIS2_PLACEMENT_3D('',#3774,#3107,#3108);
#2912=AXIS2_PLACEMENT_3D('',#3780,#3112,#3113);
#2913=AXIS2_PLACEMENT_3D('',#3783,#3116,#3117);
#2914=AXIS2_PLACEMENT_3D('',#3785,#3119,#3120);
#2915=AXIS2_PLACEMENT_3D('',#3787,#3122,#3123);
#2916=AXIS2_PLACEMENT_3D('',#3791,#3126,#3127);
#2917=AXIS2_PLACEMENT_3D('',#3794,#3129,#3130);
#2918=AXIS2_PLACEMENT_3D('',#3795,#3131,#3132);
#2919=AXIS2_PLACEMENT_3D('',#3799,#3135,#3136);
#2920=AXIS2_PLACEMENT_3D('',#3801,#3138,#3139);
#2921=AXIS2_PLACEMENT_3D('',#3802,#3140,#3141);
#2922=AXIS2_PLACEMENT_3D('',#3803,#3142,#3143);
#2923=AXIS2_PLACEMENT_3D('',#3816,#3149,#3150);
#2924=AXIS2_PLACEMENT_3D('',#3820,#3152,#3153);
#2925=AXIS2_PLACEMENT_3D('',#3824,#3155,#3156);
#2926=AXIS2_PLACEMENT_3D('',#3827,#3158,#3159);
#2927=AXIS2_PLACEMENT_3D('',#3828,#3160,#3161);
#2928=AXIS2_PLACEMENT_3D('',#3832,#3164,#3165);
#2929=AXIS2_PLACEMENT_3D('',#3834,#3166,#3167);
#2930=AXIS2_PLACEMENT_3D('',#3836,#3169,#3170);
#2931=AXIS2_PLACEMENT_3D('',#3840,#3173,#3174);
#2932=AXIS2_PLACEMENT_3D('',#3841,#3175,#3176);
#2933=AXIS2_PLACEMENT_3D('',#3842,#3177,#3178);
#2934=AXIS2_PLACEMENT_3D('',#3845,#3181,#3182);
#2935=AXIS2_PLACEMENT_3D('',#3847,#3184,#3185);
#2936=AXIS2_PLACEMENT_3D('',#3849,#3187,#3188);
#2937=AXIS2_PLACEMENT_3D('',#3851,#3190,#3191);
#2938=AXIS2_PLACEMENT_3D('',#3853,#3193,#3194);
#2939=AXIS2_PLACEMENT_3D('',#3855,#3196,#3197);
#2940=AXIS2_PLACEMENT_3D('',#3857,#3199,#3200);
#2941=AXIS2_PLACEMENT_3D('',#3858,#3201,#3202);
#2942=AXIS2_PLACEMENT_3D('',#3907,#3213,#3214);
#2943=AXIS2_PLACEMENT_3D('',#3953,#3220,#3221);
#2944=AXIS2_PLACEMENT_3D('',#3957,#3224,#3225);
#2945=AXIS2_PLACEMENT_3D('',#3961,#3228,#3229);
#2946=AXIS2_PLACEMENT_3D('',#3965,#3232,#3233);
#2947=AXIS2_PLACEMENT_3D('',#3969,#3236,#3237);
#2948=AXIS2_PLACEMENT_3D('',#3973,#3240,#3241);
#2949=AXIS2_PLACEMENT_3D('',#3977,#3244,#3245);
#2950=AXIS2_PLACEMENT_3D('',#4021,#3250,#3251);
#2951=AXIS2_PLACEMENT_3D('',#4025,#3254,#3255);
#2952=AXIS2_PLACEMENT_3D('',#4027,#3257,#3258);
#2953=AXIS2_PLACEMENT_3D('',#4267,#3275,#3276);
#2954=AXIS2_PLACEMENT_3D('',#4271,#3279,#3280);
#2955=AXIS2_PLACEMENT_3D('',#4275,#3283,#3284);
#2956=AXIS2_PLACEMENT_3D('',#4371,#3291,#3292);
#2957=AXIS2_PLACEMENT_3D('',#4481,#3300,#3301);
#2958=AXIS2_PLACEMENT_3D('',#4485,#3304,#3305);
#2959=AXIS2_PLACEMENT_3D('',#4489,#3308,#3309);
#2960=AXIS2_PLACEMENT_3D('',#4493,#3312,#3313);
#2961=AXIS2_PLACEMENT_3D('',#4497,#3316,#3317);
#2962=AXIS2_PLACEMENT_3D('',#4501,#3320,#3321);
#2963=AXIS2_PLACEMENT_3D('',#4505,#3324,#3325);
#2964=AXIS2_PLACEMENT_3D('',#4629,#3334,#3335);
#2965=AXIS2_PLACEMENT_3D('',#4691,#3340,#3341);
#2966=AXIS2_PLACEMENT_3D('',#5158,#3359,#3360);
#2967=AXIS2_PLACEMENT_3D('',#5242,#3367,#3368);
#2968=AXIS2_PLACEMENT_3D('',#5366,#3377,#3378);
#2969=AXIS2_PLACEMENT_3D('',#5450,#3385,#3386);
#2970=AXIS2_PLACEMENT_3D('',#5452,#3388,#3389);
#2971=AXIS2_PLACEMENT_3D('',#5519,#3396,#3397);
#2972=AXIS2_PLACEMENT_3D('',#5525,#3401,#3402);
#2973=AXIS2_PLACEMENT_3D('',#5529,#3405,#3406);
#2974=AXIS2_PLACEMENT_3D('',#5538,#3412,#3413);
#2975=AXIS2_PLACEMENT_3D('',#5542,#3416,#3417);
#2976=AXIS2_PLACEMENT_3D('',#5578,#3436,#3437);
#2977=AXIS2_PLACEMENT_3D('',#5582,#3440,#3441);
#2978=AXIS2_PLACEMENT_3D('',#5584,#3443,#3444);
#2979=AXIS2_PLACEMENT_3D('',#5620,#3463,#3464);
#2980=AXIS2_PLACEMENT_3D('',#5622,#3466,#3467);
#2981=AXIS2_PLACEMENT_3D('',#5624,#3469,#3470);
#2982=AXIS2_PLACEMENT_3D('',#5627,#3473,#3474);
#2983=AXIS2_PLACEMENT_3D('',#5629,#3476,#3477);
#2984=AXIS2_PLACEMENT_3D('',#5630,#3478,#3479);
#2985=AXIS2_PLACEMENT_3D('',#5632,#3481,#3482);
#2986=AXIS2_PLACEMENT_3D('',#5634,#3484,#3485);
#2987=AXIS2_PLACEMENT_3D('',#5636,#3487,#3488);
#2988=AXIS2_PLACEMENT_3D('',#5638,#3490,#3491);
#2989=AXIS2_PLACEMENT_3D('',#5640,#3493,#3494);
#2990=AXIS2_PLACEMENT_3D('',#5642,#3496,#3497);
#2991=AXIS2_PLACEMENT_3D('',#5644,#3499,#3500);
#2992=AXIS2_PLACEMENT_3D('',#5646,#3502,#3503);
#2993=AXIS2_PLACEMENT_3D('',#5648,#3505,#3506);
#2994=AXIS2_PLACEMENT_3D('',#5650,#3508,#3509);
#2995=AXIS2_PLACEMENT_3D('',#5652,#3511,#3512);
#2996=AXIS2_PLACEMENT_3D('',#5654,#3514,#3515);
#2997=DIRECTION('axis',(0.,0.,1.));
#2998=DIRECTION('refdir',(1.,0.,0.));
#2999=DIRECTION('center_axis',(0.,0.104528463267653,0.994521895368273));
#3000=DIRECTION('ref_axis',(1.,0.,0.));
#3001=DIRECTION('',(0.368029443766846,-0.92472051741788,0.0971920428176869));
#3002=DIRECTION('center_axis',(0.,0.156434465040231,0.987688340595138));
#3003=DIRECTION('ref_axis',(-0.707106781186551,-0.698401123333707,0.110615871041237));
#3004=DIRECTION('',(0.,0.156434465040231,0.987688340595138));
#3005=DIRECTION('center_axis',(0.,0.,-1.));
#3006=DIRECTION('ref_axis',(5.34570239230236E-15,-1.,0.));
#3007=DIRECTION('',(0.,-0.156434465040231,-0.987688340595138));
#3008=DIRECTION('center_axis',(0.,0.,1.));
#3009=DIRECTION('ref_axis',(-0.707106781186549,0.707106781186546,0.));
#3010=DIRECTION('',(0.,0.,1.));
#3011=DIRECTION('center_axis',(0.,0.,-1.));
#3012=DIRECTION('ref_axis',(-0.707106781186549,0.707106781186546,0.));
#3013=DIRECTION('',(0.,0.,-1.));
#3014=DIRECTION('',(-0.70662366021381,0.0739632506166096,0.703713322585457));
#3015=DIRECTION('',(0.707106781186548,-0.0739127852035647,-0.703233176253404));
#3016=DIRECTION('',(-0.707106781186548,0.0739127852035836,0.703233176253402));
#3017=DIRECTION('',(0.706985715501477,-0.0739254378473033,-0.703353558117074));
#3018=DIRECTION('center_axis',(-0.707106781186548,-0.0739127852035667,-0.703233176253404));
#3019=DIRECTION('ref_axis',(-0.70516199939428,0.,0.709046228824512));
#3020=DIRECTION('',(0.,0.994521895368273,-0.104528463267653));
#3021=DIRECTION('',(0.,-0.994521895368273,0.104528463267653));
#3022=DIRECTION('',(-3.22573006362666E-15,0.608761429008724,-0.793353340291233));
#3023=DIRECTION('',(0.,0.743144825477396,0.669130606358856));
#3024=DIRECTION('center_axis',(0.,0.,-1.));
#3025=DIRECTION('ref_axis',(1.,0.,0.));
#3026=DIRECTION('center_axis',(0.,0.,-1.));
#3027=DIRECTION('ref_axis',(1.,0.,0.));
#3028=DIRECTION('',(0.,0.,-1.));
#3029=DIRECTION('center_axis',(0.,0.,-1.));
#3030=DIRECTION('ref_axis',(1.,0.,0.));
#3031=DIRECTION('center_axis',(0.,0.,-1.));
#3032=DIRECTION('ref_axis',(1.,0.,0.));
#3033=DIRECTION('center_axis',(0.,0.,-1.));
#3034=DIRECTION('ref_axis',(1.,0.,0.));
#3035=DIRECTION('',(0.,0.,-1.));
#3036=DIRECTION('center_axis',(0.,0.,-1.));
#3037=DIRECTION('ref_axis',(1.,0.,0.));
#3038=DIRECTION('center_axis',(0.,0.,1.));
#3039=DIRECTION('ref_axis',(1.,0.,0.));
#3040=DIRECTION('center_axis',(0.,0.,-1.));
#3041=DIRECTION('ref_axis',(1.,0.,0.));
#3042=DIRECTION('center_axis',(0.,0.,-1.));
#3043=DIRECTION('ref_axis',(1.,0.,0.));
#3044=DIRECTION('',(0.,0.,-1.));
#3045=DIRECTION('center_axis',(0.,0.104528463267653,0.994521895368273));
#3046=DIRECTION('ref_axis',(0.,-0.994521895368273,0.104528463267653));
#3047=DIRECTION('center_axis',(0.,0.,1.));
#3048=DIRECTION('ref_axis',(1.,0.,0.));
#3049=DIRECTION('center_axis',(0.,0.,-1.));
#3050=DIRECTION('ref_axis',(1.,0.,0.));
#3051=DIRECTION('center_axis',(0.,0.,-1.));
#3052=DIRECTION('ref_axis',(1.,0.,0.));
#3053=DIRECTION('',(0.,0.,-1.));
#3054=DIRECTION('center_axis',(0.,0.104528463267653,0.994521895368273));
#3055=DIRECTION('ref_axis',(0.,-0.994521895368273,0.104528463267653));
#3056=DIRECTION('center_axis',(0.,0.,-1.));
#3057=DIRECTION('ref_axis',(1.,0.,0.));
#3058=DIRECTION('center_axis',(0.,0.,-1.));
#3059=DIRECTION('ref_axis',(1.,0.,0.));
#3060=DIRECTION('',(0.,0.,-1.));
#3061=DIRECTION('center_axis',(0.,0.,-1.));
#3062=DIRECTION('ref_axis',(1.,0.,0.));
#3063=DIRECTION('center_axis',(0.,0.,1.));
#3064=DIRECTION('ref_axis',(1.,0.,0.));
#3065=DIRECTION('center_axis',(0.,0.,-1.));
#3066=DIRECTION('ref_axis',(1.,0.,0.));
#3067=DIRECTION('center_axis',(0.,0.,-1.));
#3068=DIRECTION('ref_axis',(1.,0.,0.));
#3069=DIRECTION('',(0.,0.,-1.));
#3070=DIRECTION('center_axis',(0.,0.104528463267653,0.994521895368273));
#3071=DIRECTION('ref_axis',(0.,-0.994521895368273,0.104528463267653));
#3072=DIRECTION('center_axis',(1.,0.,0.));
#3073=DIRECTION('ref_axis',(0.,1.,0.));
#3074=DIRECTION('center_axis',(-1.,0.,0.));
#3075=DIRECTION('ref_axis',(0.,1.,0.));
#3076=DIRECTION('',(1.,0.,0.));
#3077=DIRECTION('center_axis',(1.,0.,0.));
#3078=DIRECTION('ref_axis',(0.,1.,0.));
#3079=DIRECTION('',(1.,0.,0.));
#3080=DIRECTION('center_axis',(0.,1.,0.));
#3081=DIRECTION('ref_axis',(0.,0.,1.));
#3082=DIRECTION('',(0.,0.,-1.));
#3083=DIRECTION('',(1.,0.,0.));
#3084=DIRECTION('',(0.,0.,1.));
#3085=DIRECTION('center_axis',(1.,0.,0.));
#3086=DIRECTION('ref_axis',(0.,0.,1.));
#3087=DIRECTION('center_axis',(-1.,0.,0.));
#3088=DIRECTION('ref_axis',(0.,0.,1.));
#3089=DIRECTION('',(1.,0.,0.));
#3090=DIRECTION('center_axis',(1.,0.,0.));
#3091=DIRECTION('ref_axis',(0.,0.,1.));
#3092=DIRECTION('center_axis',(-1.,0.,0.));
#3093=DIRECTION('ref_axis',(0.,-1.,0.));
#3094=DIRECTION('',(0.,-1.,0.));
#3095=DIRECTION('',(0.,1.,4.19268513831252E-17));
#3096=DIRECTION('center_axis',(-1.,0.,0.));
#3097=DIRECTION('ref_axis',(0.,-1.,8.70080740301847E-17));
#3098=DIRECTION('',(0.,0.,1.));
#3099=DIRECTION('center_axis',(-1.,0.,0.));
#3100=DIRECTION('ref_axis',(0.,0.,-1.));
#3101=DIRECTION('',(0.,-1.,0.));
#3102=DIRECTION('center_axis',(-1.,0.,0.));
#3103=DIRECTION('ref_axis',(0.,1.,0.));
#3104=DIRECTION('',(0.,0.,-1.));
#3105=DIRECTION('center_axis',(-1.,0.,0.));
#3106=DIRECTION('ref_axis',(0.,0.,1.));
#3107=DIRECTION('center_axis',(0.,-4.19268513831252E-17,1.));
#3108=DIRECTION('ref_axis',(0.,-1.,-4.19268513831252E-17));
#3109=DIRECTION('',(0.,1.,4.19268513831252E-17));
#3110=DIRECTION('',(1.,0.,0.));
#3111=DIRECTION('',(0.,-1.,-4.19268513831252E-17));
#3112=DIRECTION('center_axis',(-1.,0.,0.));
#3113=DIRECTION('ref_axis',(0.,0.,1.));
#3114=DIRECTION('',(0.707106781186548,1.96261557335472E-15,-0.707106781186548));
#3115=DIRECTION('',(-0.707106781186548,0.707106781186548,0.));
#3116=DIRECTION('center_axis',(-0.707106781186548,-0.707106781186548,0.));
#3117=DIRECTION('ref_axis',(0.,0.,1.));
#3118=DIRECTION('',(-0.707106781186548,0.707106781186548,0.));
#3119=DIRECTION('center_axis',(-1.,0.,0.));
#3120=DIRECTION('ref_axis',(0.,1.,0.));
#3121=DIRECTION('',(-0.707106781186548,0.,-0.707106781186548));
#3122=DIRECTION('center_axis',(-0.707106781186547,0.,0.707106781186548));
#3123=DIRECTION('ref_axis',(0.707106781186548,0.,0.707106781186547));
#3124=DIRECTION('',(-0.707106781186549,0.,-0.707106781186546));
#3125=DIRECTION('',(0.,1.,0.));
#3126=DIRECTION('center_axis',(-1.,0.,0.));
#3127=DIRECTION('ref_axis',(0.,0.,-1.));
#3128=DIRECTION('',(-0.707106781186548,-0.707106781186548,0.));
#3129=DIRECTION('center_axis',(1.,0.,0.));
#3130=DIRECTION('ref_axis',(0.,0.,-1.));
#3131=DIRECTION('center_axis',(-0.707106781186548,0.707106781186548,0.));
#3132=DIRECTION('ref_axis',(0.,0.,1.));
#3133=DIRECTION('',(-0.70710678118655,-0.707106781186545,0.));
#3134=DIRECTION('',(0.,0.,-1.));
#3135=DIRECTION('center_axis',(-1.,0.,0.));
#3136=DIRECTION('ref_axis',(0.,-1.,8.70080740301847E-17));
#3137=DIRECTION('',(-0.707106781186547,0.,0.707106781186548));
#3138=DIRECTION('center_axis',(1.,0.,0.));
#3139=DIRECTION('ref_axis',(0.,-1.,8.70080740301847E-17));
#3140=DIRECTION('center_axis',(-0.707106781186548,2.96467609268084E-17,
-0.707106781186548));
#3141=DIRECTION('ref_axis',(-0.707106781186548,0.,0.707106781186548));
#3142=DIRECTION('center_axis',(1.,0.,0.));
#3143=DIRECTION('ref_axis',(0.,1.,0.));
#3144=DIRECTION('',(0.,0.994521895368273,-0.104528463267653));
#3145=DIRECTION('',(0.,0.,1.));
#3146=DIRECTION('',(0.,1.,0.));
#3147=DIRECTION('',(0.,0.,1.));
#3148=DIRECTION('',(0.,1.,0.));
#3149=DIRECTION('center_axis',(1.,0.,0.));
#3150=DIRECTION('ref_axis',(0.,0.,-1.));
#3151=DIRECTION('',(0.,0.,-1.));
#3152=DIRECTION('center_axis',(1.,0.,0.));
#3153=DIRECTION('ref_axis',(0.,-1.,8.70080740301847E-17));
#3154=DIRECTION('',(0.,-1.,-4.19268513831252E-17));
#3155=DIRECTION('center_axis',(1.,0.,0.));
#3156=DIRECTION('ref_axis',(0.,0.,1.));
#3157=DIRECTION('',(0.,0.,1.));
#3158=DIRECTION('center_axis',(1.,0.,0.));
#3159=DIRECTION('ref_axis',(0.,1.,0.));
#3160=DIRECTION('center_axis',(0.,0.,-1.));
#3161=DIRECTION('ref_axis',(0.,1.,0.));
#3162=DIRECTION('',(0.,-1.,0.));
#3163=DIRECTION('',(1.,0.,0.));
#3164=DIRECTION('center_axis',(1.,0.,0.));
#3165=DIRECTION('ref_axis',(0.,0.,-1.));
#3166=DIRECTION('center_axis',(-1.,0.,0.));
#3167=DIRECTION('ref_axis',(0.,0.,-1.));
#3168=DIRECTION('',(1.,0.,0.));
#3169=DIRECTION('center_axis',(0.,-1.,0.));
#3170=DIRECTION('ref_axis',(0.,0.,-1.));
#3171=DIRECTION('',(0.,0.,1.));
#3172=DIRECTION('',(1.,0.,0.));
#3173=DIRECTION('center_axis',(1.,0.,0.));
#3174=DIRECTION('ref_axis',(0.,-1.,8.70080740301847E-17));
#3175=DIRECTION('center_axis',(-1.,0.,0.));
#3176=DIRECTION('ref_axis',(0.,-1.,8.70080740301847E-17));
#3177=DIRECTION('center_axis',(1.,0.,0.));
#3178=DIRECTION('ref_axis',(0.,1.,0.));
#3179=DIRECTION('',(-0.707106781186546,3.92523114670943E-15,0.707106781186548));
#3180=DIRECTION('',(0.70710678118655,0.707106781186545,0.));
#3181=DIRECTION('center_axis',(0.707106781186546,-0.70710678118655,0.));
#3182=DIRECTION('ref_axis',(0.,0.,-1.));
#3183=DIRECTION('',(0.707106781186548,0.707106781186548,0.));
#3184=DIRECTION('center_axis',(1.,0.,0.));
#3185=DIRECTION('ref_axis',(0.,0.,1.));
#3186=DIRECTION('',(0.707106781186548,-3.92523114670943E-15,0.707106781186547));
#3187=DIRECTION('center_axis',(0.707106781186547,2.96467609268084E-17,-0.707106781186548));
#3188=DIRECTION('ref_axis',(-0.707106781186548,0.,-0.707106781186547));
#3189=DIRECTION('',(0.707106781186546,0.,0.707106781186548));
#3190=DIRECTION('center_axis',(1.,0.,0.));
#3191=DIRECTION('ref_axis',(0.,-1.,8.70080740301847E-17));
#3192=DIRECTION('',(0.707106781186555,-0.70710678118654,0.));
#3193=DIRECTION('center_axis',(0.70710678118654,0.707106781186555,0.));
#3194=DIRECTION('ref_axis',(0.,0.,-1.));
#3195=DIRECTION('',(0.707106781186548,-0.707106781186548,0.));
#3196=DIRECTION('center_axis',(1.,0.,0.));
#3197=DIRECTION('ref_axis',(0.,0.,-1.));
#3198=DIRECTION('',(0.707106781186547,0.,-0.707106781186548));
#3199=DIRECTION('center_axis',(0.707106781186548,0.,0.707106781186547));
#3200=DIRECTION('ref_axis',(0.707106781186547,0.,-0.707106781186548));
#3201=DIRECTION('center_axis',(0.,0.104528463267653,0.994521895368273));
#3202=DIRECTION('ref_axis',(1.,0.,0.));
#3203=DIRECTION('',(-0.0102566347575999,0.994469582858512,-0.10452296500132));
#3204=DIRECTION('',(-0.999947527380015,-0.0101880255219269,0.00107080463134932));
#3205=DIRECTION('',(0.0102904189821985,-0.994469237658513,0.104522928719338));
#3206=DIRECTION('',(-0.479356131898026,-0.872812778592064,0.0917363196240291));
#3207=DIRECTION('',(0.0102754015975359,-0.99446939124311,0.10452294486173));
#3208=DIRECTION('',(0.99994721404378,0.0102183979535365,-0.00107399690254681));
#3209=DIRECTION('',(-0.0102705413910435,0.994469440900978,-0.104522950080982));
#3210=DIRECTION('',(-0.999947203542148,-0.0102194143382999,0.0010741037288901));
#3211=DIRECTION('',(-0.0101107846188662,0.994471060093985,-0.104523120265025));
#3212=DIRECTION('',(0.483639896874335,0.870472269003223,-0.091490322153562));
#3213=DIRECTION('center_axis',(-0.99994739933831,-0.0102004478392284,0.00107211026950964));
#3214=DIRECTION('ref_axis',(-0.0102566347575999,0.994469582858512,-0.10452296500132));
#3215=DIRECTION('',(-0.0102566347575999,0.994469582858512,-0.10452296500132));
#3216=DIRECTION('',(0.,-0.104528463267665,-0.994521895368272));
#3217=DIRECTION('',(0.,-0.104528463267665,-0.994521895368272));
#3218=DIRECTION('',(0.,-0.104528463267665,-0.994521895368272));
#3219=DIRECTION('',(0.,-0.104528463267665,-0.994521895368272));
#3220=DIRECTION('center_axis',(-0.875267073613182,0.480990466915179,-0.0505541351952062));
#3221=DIRECTION('ref_axis',(0.483639896874335,0.870472269003223,-0.091490322153562));
#3222=DIRECTION('',(0.483639896874335,0.870472269003223,-0.091490322153562));
#3223=DIRECTION('',(0.,-0.104528463267665,-0.994521895368272));
#3224=DIRECTION('center_axis',(-0.999948884710809,-0.0100553966828152,0.00105686477864042));
#3225=DIRECTION('ref_axis',(-0.0101107846188662,0.994471060093985,-0.104523120265025));
#3226=DIRECTION('',(-0.0101107846188662,0.994471060093985,-0.104523120265025));
#3227=DIRECTION('',(0.,-0.104528463267665,-0.994521895368272));
#3228=DIRECTION('center_axis',(0.0102757057294507,-0.99446938813494,0.10452294453506));
#3229=DIRECTION('ref_axis',(-0.999947203542148,-0.0102194143382999,0.0010741037288901));
#3230=DIRECTION('',(-0.999947203542148,-0.0102194143382999,0.0010741037288901));
#3231=DIRECTION('',(0.,-0.104528463267665,-0.994521895368272));
#3232=DIRECTION('center_axis',(-0.999947256598834,-0.0102142782906788,0.00107356390853272));
#3233=DIRECTION('ref_axis',(-0.0102705413910435,0.994469440900978,-0.104522950080982));
#3234=DIRECTION('',(-0.0102705413910435,0.994469440900978,-0.104522950080982));
#3235=DIRECTION('',(0.,-0.104528463267665,-0.994521895368272));
#3236=DIRECTION('center_axis',(-0.0102746837461559,0.994469398579043,-0.104522945632779));
#3237=DIRECTION('ref_axis',(0.99994721404378,0.0102183979535365,-0.00107399690254681));
#3238=DIRECTION('',(0.99994721404378,0.0102183979535365,-0.00107399690254681));
#3239=DIRECTION('',(0.,-0.104528463267665,-0.994521895368272));
#3240=DIRECTION('center_axis',(0.999947206667437,0.0102191118724515,-0.00107407193844853));
#3241=DIRECTION('ref_axis',(0.0102754015975359,-0.99446939124311,0.10452294486173));
#3242=DIRECTION('',(0.0102754015975359,-0.99446939124311,0.10452294486173));
#3243=DIRECTION('',(0.,-0.104528463267665,-0.994521895368272));
#3244=DIRECTION('center_axis',(0.877620475383159,-0.476730168851629,0.0501063598252328));
#3245=DIRECTION('ref_axis',(-0.479356131898026,-0.872812778592064,0.0917363196240291));
#3246=DIRECTION('',(-0.479356131898027,-0.872812778592064,0.0917363196240291));
#3247=DIRECTION('',(0.,-0.104528463267665,-0.994521895368272));
#3248=DIRECTION('',(0.,-0.104528463267665,-0.994521895368272));
#3249=DIRECTION('',(0.,-0.104528463267665,-0.994521895368272));
#3250=DIRECTION('center_axis',(0.999947052236853,0.0102340469903097,-0.00107564168258962));
#3251=DIRECTION('ref_axis',(0.0102904189821985,-0.994469237658513,0.104522928719338));
#3252=DIRECTION('',(0.0102904189821985,-0.994469237658513,0.104522928719338));
#3253=DIRECTION('',(0.,-0.104528463267665,-0.994521895368272));
#3254=DIRECTION('center_axis',(0.0102441440147019,-0.99446971019879,0.104522978385334));
#3255=DIRECTION('ref_axis',(-0.999947527380015,-0.0101880255219269,0.00107080463134932));
#3256=DIRECTION('',(-0.999947527380015,-0.0101880255219269,0.00107080463134932));
#3257=DIRECTION('center_axis',(0.,0.104528463267653,0.994521895368273));
#3258=DIRECTION('ref_axis',(1.,0.,0.));
#3259=DIRECTION('',(0.0102216440520867,-0.994469939189236,0.104523002453188));
#3260=DIRECTION('',(0.999947684489373,0.0101727623986648,-0.00106920041245109));
#3261=DIRECTION('',(0.0102755234644153,-0.994469389997665,0.104522944730828));
#3262=DIRECTION('',(-0.999947285993995,-0.0102114316381005,0.00107326471329029));
#3263=DIRECTION('',(0.010289882404144,-0.994469243150025,0.104522929296519));
#3264=DIRECTION('',(0.999947229628513,0.0102168894220161,-0.00107383834949498));
#3265=DIRECTION('',(-0.0102739687216732,0.99446940588558,-0.104522946400716));
#3266=DIRECTION('',(-0.999947358452598,-0.0102044112930675,0.00107252684529429));
#3267=DIRECTION('',(-0.0100330251944005,0.994471839028652,-0.104523202134357));
#3268=DIRECTION('',(0.00992288671396851,-0.994472932019769,0.104523317012353));
#3269=DIRECTION('',(0.999947385195169,0.0102018190470596,-0.00107225438926001));
#3270=DIRECTION('',(-0.0100328544484108,0.994471840732437,-0.104523202313432));
#3271=DIRECTION('',(0.,-0.104528463267665,-0.994521895368272));
#3272=DIRECTION('',(0.,-0.104528463267665,-0.994521895368272));
#3273=DIRECTION('',(0.,-0.104528463267665,-0.994521895368272));
#3274=DIRECTION('',(0.,-0.104528463267665,-0.994521895368272));
#3275=DIRECTION('center_axis',(-0.999949669649236,-0.0099778934219875,0.00104871885768054));
#3276=DIRECTION('ref_axis',(-0.0100328544484108,0.994471840732437,-0.104523202313432));
#3277=DIRECTION('',(-0.0100328544484108,0.994471840732437,-0.104523202313432));
#3278=DIRECTION('',(0.,-0.104528463267665,-0.994521895368272));
#3279=DIRECTION('center_axis',(-0.0102580135184272,0.994469568792847,-0.104522963522971));
#3280=DIRECTION('ref_axis',(0.999947385195169,0.0102018190470596,-0.00107225438926001));
#3281=DIRECTION('',(0.999947385195169,0.0102018190470596,-0.00107225438926001));
#3282=DIRECTION('',(0.,-0.104528463267665,-0.994521895368272));
#3283=DIRECTION('center_axis',(0.999950766947684,0.00986852810230061,-0.00103722409939026));
#3284=DIRECTION('ref_axis',(0.00992288671396851,-0.994472932019769,0.104523317012353));
#3285=DIRECTION('',(0.00992288671396851,-0.994472932019769,0.104523317012353));
#3286=DIRECTION('',(0.,-0.104528463267665,-0.994521895368272));
#3287=DIRECTION('',(0.,-0.104528463267665,-0.994521895368272));
#3288=DIRECTION('',(0.,-0.104528463267665,-0.994521895368272));
#3289=DIRECTION('',(0.,-0.104528463267665,-0.994521895368272));
#3290=DIRECTION('',(0.,-0.104528463267665,-0.994521895368272));
#3291=DIRECTION('center_axis',(-0.999949667936066,-0.00997806323261282,
0.00104873670549645));
#3292=DIRECTION('ref_axis',(-0.0100330251944005,0.994471839028652,-0.104523202134357));
#3293=DIRECTION('',(-0.0100330251944005,0.994471839028652,-0.104523202134357));
#3294=DIRECTION('',(0.,-0.104528463267665,-0.994521895368272));
#3295=DIRECTION('',(0.,-0.104528463267665,-0.994521895368272));
#3296=DIRECTION('',(0.,-0.104528463267665,-0.994521895368272));
#3297=DIRECTION('',(0.,-0.104528463267665,-0.994521895368272));
#3298=DIRECTION('',(0.,-0.104528463267665,-0.994521895368272));
#3299=DIRECTION('',(0.,-0.104528463267665,-0.994521895368272));
#3300=DIRECTION('center_axis',(0.0102606200432508,-0.994469542196775,0.104522960727611));
#3301=DIRECTION('ref_axis',(-0.999947358452598,-0.0102044112930675,0.00107252684529429));
#3302=DIRECTION('',(-0.999947358452598,-0.0102044112930675,0.00107252684529429));
#3303=DIRECTION('',(0.,-0.104528463267665,-0.994521895368272));
#3304=DIRECTION('center_axis',(-0.999947221390562,-0.0102176868460327,0.00107392216213655));
#3305=DIRECTION('ref_axis',(-0.0102739687216732,0.99446940588558,-0.104522946400716));
#3306=DIRECTION('',(-0.0102739687216732,0.99446940588558,-0.104522946400716));
#3307=DIRECTION('',(0.,-0.104528463267665,-0.994521895368272));
#3308=DIRECTION('center_axis',(-0.0102731669052221,0.994469414078401,-0.104522947261827));
#3309=DIRECTION('ref_axis',(0.999947229628513,0.0102168894220161,-0.00107383834949498));
#3310=DIRECTION('',(0.999947229628513,0.0102168894220161,-0.00107383834949498));
#3311=DIRECTION('',(0.,-0.104528463267665,-0.994521895368272));
#3312=DIRECTION('center_axis',(0.999947057758614,0.010233513351686,-0.00107558559491016));
#3313=DIRECTION('ref_axis',(0.010289882404144,-0.994469243150025,0.104522929296519));
#3314=DIRECTION('',(0.010289882404144,-0.994469243150025,0.104522929296519));
#3315=DIRECTION('',(0.,-0.104528463267665,-0.994521895368272));
#3316=DIRECTION('center_axis',(0.0102676790583069,-0.994469470135107,0.104522953153624));
#3317=DIRECTION('ref_axis',(-0.999947285993995,-0.0102114316381005,0.00107326471329029));
#3318=DIRECTION('',(-0.999947285993995,-0.0102114316381005,0.00107326471329029));
#3319=DIRECTION('',(0.,-0.104528463267665,-0.994521895368272));
#3320=DIRECTION('center_axis',(0.999947205415132,0.0102192330717315,-0.00107408467700616));
#3321=DIRECTION('ref_axis',(0.0102755234644153,-0.994469389997665,0.104522944730828));
#3322=DIRECTION('',(0.0102755234644153,-0.994469389997665,0.104522944730828));
#3323=DIRECTION('',(0.,-0.104528463267665,-0.994521895368272));
#3324=DIRECTION('center_axis',(-0.0102287968178899,0.994469866447486,-0.104522994807734));
#3325=DIRECTION('ref_axis',(0.999947684489373,0.0101727623986648,-0.00106920041245109));
#3326=DIRECTION('',(0.999947684489373,0.0101727623986648,-0.00106920041245109));
#3327=DIRECTION('',(0.,-0.104528463267665,-0.994521895368272));
#3328=DIRECTION('',(0.,-0.104528463267665,-0.994521895368272));
#3329=DIRECTION('',(0.,-0.104528463267665,-0.994521895368272));
#3330=DIRECTION('',(0.,-0.104528463267665,-0.994521895368272));
#3331=DIRECTION('',(0.,-0.104528463267665,-0.994521895368272));
#3332=DIRECTION('',(0.,-0.104528463267665,-0.994521895368272));
#3333=DIRECTION('',(0.,-0.104528463267665,-0.994521895368272));
#3334=DIRECTION('center_axis',(0.999947757631804,0.0101656488164611,-0.00106845274483369));
#3335=DIRECTION('ref_axis',(0.0102216440520867,-0.994469939189236,0.104523002453188));
#3336=DIRECTION('',(0.0102216440520867,-0.994469939189236,0.104523002453188));
#3337=DIRECTION('',(0.,-0.104528463267665,-0.994521895368272));
#3338=DIRECTION('',(0.,-0.104528463267665,-0.994521895368272));
#3339=DIRECTION('',(0.,-0.104528463267665,-0.994521895368272));
#3340=DIRECTION('center_axis',(0.,0.104528463267653,0.994521895368273));
#3341=DIRECTION('ref_axis',(1.,0.,0.));
#3342=DIRECTION('',(-0.957341589967602,-0.287375667641071,0.0302043997813779));
#3343=DIRECTION('',(0.138316828268525,-0.984962583281418,0.103523739081099));
#3344=DIRECTION('',(0.442604604529667,-0.891804571756352,0.0937324375208854));
#3345=DIRECTION('',(0.903184875122199,0.42690028308242,-0.0448690277880786));
#3346=DIRECTION('',(0.368029443766846,-0.92472051741788,0.0971920428176869));
#3347=DIRECTION('',(0.,-0.10452846326765,-0.994521895368274));
#3348=DIRECTION('',(0.,-0.10452846326765,-0.994521895368274));
#3349=DIRECTION('',(0.,-0.10452846326765,-0.994521895368274));
#3350=DIRECTION('',(0.,-0.10452846326765,-0.994521895368274));
#3351=DIRECTION('',(0.,-0.10452846326765,-0.994521895368274));
#3352=DIRECTION('',(0.,-0.10452846326765,-0.994521895368274));
#3353=DIRECTION('',(0.,-0.10452846326765,-0.994521895368274));
#3354=DIRECTION('',(0.,-0.10452846326765,-0.994521895368274));
#3355=DIRECTION('',(0.,-0.10452846326765,-0.994521895368274));
#3356=DIRECTION('',(0.,-0.10452846326765,-0.994521895368274));
#3357=DIRECTION('',(0.,-0.10452846326765,-0.994521895368274));
#3358=DIRECTION('',(0.,-0.10452846326765,-0.994521895368274));
#3359=DIRECTION('center_axis',(-0.429251769187383,0.898237133874487,-0.094408527043108));
#3360=DIRECTION('ref_axis',(0.903184875122199,0.42690028308242,-0.0448690277880786));
#3361=DIRECTION('',(0.903184875122199,0.42690028308242,-0.0448690277880786));
#3362=DIRECTION('',(0.,-0.10452846326765,-0.994521895368274));
#3363=DIRECTION('',(0.,-0.10452846326765,-0.994521895368274));
#3364=DIRECTION('',(0.,-0.10452846326765,-0.994521895368274));
#3365=DIRECTION('',(0.,-0.10452846326765,-0.994521895368274));
#3366=DIRECTION('',(0.,-0.10452846326765,-0.994521895368274));
#3367=DIRECTION('center_axis',(0.896716880653608,0.44017997019557,-0.0462647791466722));
#3368=DIRECTION('ref_axis',(0.442604604529667,-0.891804571756352,0.0937324375208855));
#3369=DIRECTION('',(0.442604604529667,-0.891804571756352,0.0937324375208855));
#3370=DIRECTION('',(0.,-0.10452846326765,-0.994521895368274));
#3371=DIRECTION('',(0.,-0.10452846326765,-0.994521895368274));
#3372=DIRECTION('',(0.,-0.10452846326765,-0.994521895368274));
#3373=DIRECTION('',(0.,-0.10452846326765,-0.994521895368274));
#3374=DIRECTION('',(0.,-0.10452846326765,-0.994521895368274));
#3375=DIRECTION('',(0.,-0.10452846326765,-0.994521895368274));
#3376=DIRECTION('',(0.,-0.10452846326765,-0.994521895368274));
#3377=DIRECTION('center_axis',(0.990388032549735,0.137559114210942,-0.0144580455029644));
#3378=DIRECTION('ref_axis',(0.138316828268525,-0.984962583281418,0.103523739081099));
#3379=DIRECTION('',(0.138316828268525,-0.984962583281418,0.103523739081099));
#3380=DIRECTION('',(0.,-0.10452846326765,-0.994521895368274));
#3381=DIRECTION('',(0.,-0.10452846326765,-0.994521895368274));
#3382=DIRECTION('',(0.,-0.10452846326765,-0.994521895368274));
#3383=DIRECTION('',(0.,-0.10452846326765,-0.994521895368274));
#3384=DIRECTION('',(0.,-0.10452846326765,-0.994521895368274));
#3385=DIRECTION('center_axis',(0.28895861315819,-0.952097172569456,0.100069445221522));
#3386=DIRECTION('ref_axis',(-0.957341589967602,-0.287375667641071,0.0302043997813779));
#3387=DIRECTION('',(-0.957341589967602,-0.287375667641071,0.0302043997813779));
#3388=DIRECTION('center_axis',(0.929814136545937,0.366013339966335,-0.0384695521941964));
#3389=DIRECTION('ref_axis',(0.368029443766846,-0.92472051741788,0.0971920428176869));
#3390=DIRECTION('',(0.,-0.10452846326765,-0.994521895368274));
#3391=DIRECTION('',(0.,-0.10452846326765,-0.994521895368274));
#3392=DIRECTION('',(0.,-0.10452846326765,-0.994521895368274));
#3393=DIRECTION('',(0.,-0.10452846326765,-0.994521895368274));
#3394=DIRECTION('',(0.,-0.10452846326765,-0.994521895368274));
#3395=DIRECTION('',(0.,-0.10452846326765,-0.994521895368274));
#3396=DIRECTION('center_axis',(0.,0.669130606358856,-0.743144825477396));
#3397=DIRECTION('ref_axis',(-1.,0.,0.));
#3398=DIRECTION('',(0.,-0.743144825477396,-0.669130606358856));
#3399=DIRECTION('',(-1.,0.,0.));
#3400=DIRECTION('',(1.,0.,0.));
#3401=DIRECTION('center_axis',(0.,1.,0.));
#3402=DIRECTION('ref_axis',(-1.,0.,0.));
#3403=DIRECTION('',(0.,0.,-1.));
#3404=DIRECTION('',(-1.,0.,0.));
#3405=DIRECTION('center_axis',(0.,0.,1.));
#3406=DIRECTION('ref_axis',(1.,0.,0.));
#3407=DIRECTION('',(0.,1.,0.));
#3408=DIRECTION('',(-1.,0.,0.));
#3409=DIRECTION('',(1.,0.,0.));
#3410=DIRECTION('',(0.,1.,0.));
#3411=DIRECTION('',(-1.,0.,0.));
#3412=DIRECTION('center_axis',(0.,-1.,0.));
#3413=DIRECTION('ref_axis',(1.,0.,0.));
#3414=DIRECTION('',(0.,0.,1.));
#3415=DIRECTION('',(1.,0.,0.));
#3416=DIRECTION('center_axis',(0.,0.104528463267653,0.994521895368273));
#3417=DIRECTION('ref_axis',(1.,0.,0.));
#3418=DIRECTION('',(0.,-0.994521895368273,0.104528463267653));
#3419=DIRECTION('',(1.,0.,0.));
#3420=DIRECTION('',(0.,-0.994521895368273,0.104528463267653));
#3421=DIRECTION('',(-1.,0.,0.));
#3422=DIRECTION('',(0.,-0.994521895368273,0.104528463267653));
#3423=DIRECTION('',(0.950555285138189,0.308854134499685,-0.0324618776152317));
#3424=DIRECTION('',(0.,-0.994521895368273,0.104528463267653));
#3425=DIRECTION('',(-0.95055528513819,0.308854134499683,-0.0324618776152315));
#3426=DIRECTION('',(1.7323673547636E-15,-0.994521895368273,0.104528463267653));
#3427=DIRECTION('',(0.950555285138189,0.308854134499684,-0.0324618776152317));
#3428=DIRECTION('',(0.,-0.994521895368273,0.104528463267653));
#3429=DIRECTION('',(-0.95055528513819,0.308854134499682,-0.0324618776152315));
#3430=DIRECTION('',(1.73236735476359E-15,-0.994521895368273,0.104528463267653));
#3431=DIRECTION('',(0.950555285138189,0.308854134499684,-0.0324618776152317));
#3432=DIRECTION('',(0.,-0.994521895368273,0.104528463267653));
#3433=DIRECTION('',(-0.95055528513819,0.308854134499682,-0.0324618776152315));
#3434=DIRECTION('',(-9.42859794968281E-15,-0.994521895368273,0.104528463267653));
#3435=DIRECTION('',(-1.,0.,0.));
#3436=DIRECTION('center_axis',(0.,-0.793353340291234,-0.608761429008723));
#3437=DIRECTION('ref_axis',(-1.,0.,0.));
#3438=DIRECTION('',(0.,-0.608761429008722,0.793353340291234));
#3439=DIRECTION('',(-1.,0.,0.));
#3440=DIRECTION('center_axis',(0.,-0.987688340595138,0.156434465040231));
#3441=DIRECTION('ref_axis',(1.,0.,0.));
#3442=DIRECTION('',(0.,0.156434465040231,0.987688340595138));
#3443=DIRECTION('center_axis',(0.,0.104528463267653,0.994521895368273));
#3444=DIRECTION('ref_axis',(1.,0.,0.));
#3445=DIRECTION('',(0.,0.994521895368273,-0.104528463267653));
#3446=DIRECTION('',(1.,0.,0.));
#3447=DIRECTION('',(9.42859794968281E-15,0.994521895368273,-0.104528463267653));
#3448=DIRECTION('',(0.95055528513819,-0.308854134499682,0.0324618776152315));
#3449=DIRECTION('',(0.,0.994521895368273,-0.104528463267653));
#3450=DIRECTION('',(-0.950555285138189,-0.308854134499684,0.0324618776152317));
#3451=DIRECTION('',(-1.73236735476359E-15,0.994521895368273,-0.104528463267653));
#3452=DIRECTION('',(0.95055528513819,-0.308854134499682,0.0324618776152315));
#3453=DIRECTION('',(0.,0.994521895368273,-0.104528463267653));
#3454=DIRECTION('',(-0.950555285138189,-0.308854134499684,0.0324618776152317));
#3455=DIRECTION('',(-1.7323673547636E-15,0.994521895368273,-0.104528463267653));
#3456=DIRECTION('',(0.95055528513819,-0.308854134499683,0.0324618776152315));
#3457=DIRECTION('',(0.,0.994521895368273,-0.104528463267653));
#3458=DIRECTION('',(-0.950555285138189,-0.308854134499685,0.0324618776152317));
#3459=DIRECTION('',(0.,0.994521895368273,-0.104528463267653));
#3460=DIRECTION('',(1.,0.,0.));
#3461=DIRECTION('',(0.,0.994521895368273,-0.104528463267653));
#3462=DIRECTION('',(-1.,0.,0.));
#3463=DIRECTION('center_axis',(0.,1.,0.));
#3464=DIRECTION('ref_axis',(-1.,0.,0.));
#3465=DIRECTION('',(0.,0.,-1.));
#3466=DIRECTION('center_axis',(1.,0.,0.));
#3467=DIRECTION('ref_axis',(0.,1.,0.));
#3468=DIRECTION('',(0.,0.,1.));
#3469=DIRECTION('center_axis',(0.,-1.,0.));
#3470=DIRECTION('ref_axis',(1.,0.,0.));
#3471=DIRECTION('',(0.,0.,1.));
#3472=DIRECTION('',(0.,0.,1.));
#3473=DIRECTION('center_axis',(1.,0.,0.));
#3474=DIRECTION('ref_axis',(0.,1.,0.));
#3475=DIRECTION('',(0.,0.,1.));
#3476=DIRECTION('center_axis',(1.,0.,0.));
#3477=DIRECTION('ref_axis',(0.,1.,0.));
#3478=DIRECTION('center_axis',(-0.309016994374948,0.951056516295154,0.));
#3479=DIRECTION('ref_axis',(-0.951056516295153,-0.309016994374948,0.));
#3480=DIRECTION('',(0.,0.,-1.));
#3481=DIRECTION('center_axis',(1.,0.,0.));
#3482=DIRECTION('ref_axis',(0.,1.,0.));
#3483=DIRECTION('',(0.,0.,-1.));
#3484=DIRECTION('center_axis',(-0.309016994374946,-0.951056516295154,0.));
#3485=DIRECTION('ref_axis',(0.951056516295154,-0.309016994374946,0.));
#3486=DIRECTION('',(0.,0.,1.));
#3487=DIRECTION('center_axis',(1.,1.74190971846034E-15,0.));
#3488=DIRECTION('ref_axis',(-1.74190971846034E-15,1.,0.));
#3489=DIRECTION('',(0.,0.,1.));
#3490=DIRECTION('center_axis',(-0.309016994374947,0.951056516295154,0.));
#3491=DIRECTION('ref_axis',(-0.951056516295154,-0.309016994374947,0.));
#3492=DIRECTION('',(0.,0.,-1.));
#3493=DIRECTION('center_axis',(1.,0.,0.));
#3494=DIRECTION('ref_axis',(0.,1.,0.));
#3495=DIRECTION('',(0.,0.,-1.));
#3496=DIRECTION('center_axis',(-0.309016994374946,-0.951056516295154,0.));
#3497=DIRECTION('ref_axis',(0.951056516295154,-0.309016994374946,0.));
#3498=DIRECTION('',(0.,0.,1.));
#3499=DIRECTION('center_axis',(1.,1.74190971846034E-15,0.));
#3500=DIRECTION('ref_axis',(-1.74190971846034E-15,1.,0.));
#3501=DIRECTION('',(0.,0.,1.));
#3502=DIRECTION('center_axis',(-0.309016994374947,0.951056516295154,0.));
#3503=DIRECTION('ref_axis',(-0.951056516295154,-0.309016994374947,0.));
#3504=DIRECTION('',(0.,0.,-1.));
#3505=DIRECTION('center_axis',(1.,0.,0.));
#3506=DIRECTION('ref_axis',(0.,1.,0.));
#3507=DIRECTION('',(0.,0.,-1.));
#3508=DIRECTION('center_axis',(-0.309016994374946,-0.951056516295154,0.));
#3509=DIRECTION('ref_axis',(0.951056516295154,-0.309016994374946,0.));
#3510=DIRECTION('',(0.,0.,1.));
#3511=DIRECTION('center_axis',(1.,-9.48053330308166E-15,0.));
#3512=DIRECTION('ref_axis',(9.48053330308166E-15,1.,0.));
#3513=DIRECTION('',(0.,0.,-1.));
#3514=DIRECTION('center_axis',(0.,-1.,0.));
#3515=DIRECTION('ref_axis',(1.,0.,0.));
#3516=CARTESIAN_POINT('',(0.,0.,0.));
#3517=CARTESIAN_POINT('Origin',(162.426,-66.4017510413894,-4.94254301716101));
#3518=CARTESIAN_POINT('',(63.7742626913985,-60.0369793517073,-5.61150747824568));
#3519=CARTESIAN_POINT('',(49.1422003897627,-70.0874310699801,-4.55516243632201));
#3520=CARTESIAN_POINT('Ctrl Pts',(63.7742626913985,-60.0369793517073,-5.61150747824568));
#3521=CARTESIAN_POINT('Ctrl Pts',(61.2810807179743,-61.6660323028,-5.44028711361379));
#3522=CARTESIAN_POINT('Ctrl Pts',(58.8064166064392,-63.3232657842575,-5.26610485588853));
#3523=CARTESIAN_POINT('Ctrl Pts',(53.9286401304389,-66.6737019423589,-4.91395982568481));
#3524=CARTESIAN_POINT('Ctrl Pts',(51.5249379537705,-68.366227078745,-4.73606826555701));
#3525=CARTESIAN_POINT('Ctrl Pts',(49.1422003897628,-70.0874310699801,-4.55516243632201));
#3526=CARTESIAN_POINT('',(49.2841232514978,-70.4440302072497,-4.5176823567029));
#3527=CARTESIAN_POINT('',(56.1800089504074,-87.7708150597955,-2.69656388516316));
#3528=CARTESIAN_POINT('',(58.179912626803,-70.2359449840372,-4.53955299495872));
#3529=CARTESIAN_POINT('Ctrl Pts',(49.2841232514978,-70.4440302072497,-4.5176823567029));
#3530=CARTESIAN_POINT('Ctrl Pts',(50.767331088756,-70.4217226976165,-4.52002697044357));
#3531=CARTESIAN_POINT('Ctrl Pts',(52.2504253775728,-70.3933860087917,-4.52300527645246));
#3532=CARTESIAN_POINT('Ctrl Pts',(55.2157447895985,-70.3241802001438,-4.53027910004634));
#3533=CARTESIAN_POINT('Ctrl Pts',(56.6979196218576,-70.2833174961534,-4.53457394330014));
#3534=CARTESIAN_POINT('Ctrl Pts',(58.179912626803,-70.2359449840372,-4.53955299495872));
#3535=CARTESIAN_POINT('',(67.0010150234501,-70.0205972389872,-4.5621869550184));
#3536=CARTESIAN_POINT('Ctrl Pts',(58.179912626803,-70.2359449840372,-4.53955299495872));
#3537=CARTESIAN_POINT('Ctrl Pts',(59.6551645310703,-70.186922315579,-4.54470548503771));
#3538=CARTESIAN_POINT('Ctrl Pts',(61.1309446240737,-70.1441641414029,-4.54919955023585));
#3539=CARTESIAN_POINT('Ctrl Pts',(64.0711374060503,-70.0722320585732,-4.55675991679273));
#3540=CARTESIAN_POINT('Ctrl Pts',(65.5361803086334,-70.0429432705144,-4.55983829246351));
#3541=CARTESIAN_POINT('Ctrl Pts',(67.0010150234501,-70.0205972389872,-4.5621869550184));
#3542=CARTESIAN_POINT('',(65.4548949266077,-64.9545321413397,-5.09465185291277));
#3543=CARTESIAN_POINT('Ctrl Pts',(67.0010150234501,-70.0205972389872,-4.5621869550184));
#3544=CARTESIAN_POINT('Ctrl Pts',(66.7628015857103,-69.1673694601972,-4.65186480821555));
#3545=CARTESIAN_POINT('Ctrl Pts',(66.5144941094698,-68.3167554265056,-4.74126794573296));
#3546=CARTESIAN_POINT('Ctrl Pts',(65.9991833633182,-66.6279861038045,-4.9187647539356));
#3547=CARTESIAN_POINT('Ctrl Pts',(65.7322258659684,-65.7894671750975,-5.00689664469314));
#3548=CARTESIAN_POINT('Ctrl Pts',(65.4548949266077,-64.9545321413397,-5.09465185291277));
#3549=CARTESIAN_POINT('Ctrl Pts',(65.4548949266077,-64.9545321413397,-5.09465185291277));
#3550=CARTESIAN_POINT('Ctrl Pts',(65.1819994179498,-64.1273534417437,-5.18159183756187));
#3551=CARTESIAN_POINT('Ctrl Pts',(64.9047478318663,-63.3018790565062,-5.26835269155366));
#3552=CARTESIAN_POINT('Ctrl Pts',(64.3443568333708,-61.6625269998475,-5.44065553579998));
#3553=CARTESIAN_POINT('Ctrl Pts',(64.0614935413304,-60.8491395793775,-5.5261459986032));
#3554=CARTESIAN_POINT('Ctrl Pts',(63.7742626913985,-60.0369793517073,-5.61150747824568));
#3555=CARTESIAN_POINT('Origin',(-5.99899999999999,-139.03599596944,11.4547595060106));
#3556=CARTESIAN_POINT('',(-5.99899999999999,-144.695699161373,1.29061279133279));
#3557=CARTESIAN_POINT('',(-9.99865760384626,-140.764058275228,0.878758637865926));
#3558=CARTESIAN_POINT('Ctrl Pts',(-5.99899999999999,-144.695699161373,1.2906127913328));
#3559=CARTESIAN_POINT('Ctrl Pts',(-6.88483762285518,-144.695699161373,1.2906127913328));
#3560=CARTESIAN_POINT('Ctrl Pts',(-8.95559632941791,-143.989078109473,1.21692170046848));
#3561=CARTESIAN_POINT('Ctrl Pts',(-9.98299872327353,-141.95583153538,1.00401366391061));
#3562=CARTESIAN_POINT('Ctrl Pts',(-9.99865760384626,-140.764058275228,0.878758637865926));
#3563=CARTESIAN_POINT('',(-5.999,-143.316267742759,10.));
#3564=CARTESIAN_POINT('',(-5.99899999999999,-142.986749331821,12.0804973661715));
#3565=CARTESIAN_POINT('',(-9.99899999999999,-139.266407239607,10.));
#3566=CARTESIAN_POINT('Origin',(-5.99899999999999,-139.266407239607,10.));
#3567=CARTESIAN_POINT('',(-9.99899999999999,-140.711937585116,0.873280591530645));
#3568=CARTESIAN_POINT('',(-9.99899999999999,-139.03599596944,11.4547595060106));
#3569=CARTESIAN_POINT('Ctrl Pts',(-9.99865760384626,-140.764058275228,0.878758637865928));
#3570=CARTESIAN_POINT('Ctrl Pts',(-9.99888587767903,-140.74668470573,0.876932680720603));
#3571=CARTESIAN_POINT('Ctrl Pts',(-9.999,-140.729311146444,0.875106626407897));
#3572=CARTESIAN_POINT('Ctrl Pts',(-9.999,-140.711937585116,0.873280591530654));
#3573=CARTESIAN_POINT('Origin',(-5.99899999999998,5.999,0.));
#3574=CARTESIAN_POINT('',(-9.99763399434791,6.10352836574405,-14.5576476205338));
#3575=CARTESIAN_POINT('',(-5.99899999999998,9.999,-14.9725855290896));
#3576=CARTESIAN_POINT('Ctrl Pts',(-9.99763399434791,6.10352836574405,-14.5576476205338));
#3577=CARTESIAN_POINT('Ctrl Pts',(-9.96635918045141,7.29991685917622,-14.6834360751516));
#3578=CARTESIAN_POINT('Ctrl Pts',(-8.91776291522322,9.31281028691895,-14.8981905609656));
#3579=CARTESIAN_POINT('Ctrl Pts',(-6.87301256578479,9.999,-14.9725855290896));
#3580=CARTESIAN_POINT('Ctrl Pts',(-5.99899999999998,9.999,-14.9725855290896));
#3581=CARTESIAN_POINT('',(-9.99899999999999,5.999,-14.5466603084634));
#3582=CARTESIAN_POINT('Ctrl Pts',(-9.99899999999998,5.99900000000001,-14.5466603084634));
#3583=CARTESIAN_POINT('Ctrl Pts',(-9.99899999999998,6.03384282108922,-14.5503224365284));
#3584=CARTESIAN_POINT('Ctrl Pts',(-9.99854481778343,6.06868567470822,-14.5539842550934));
#3585=CARTESIAN_POINT('Ctrl Pts',(-9.99763399434791,6.10352836574405,-14.5576476205338));
#3586=CARTESIAN_POINT('',(-9.99899999999999,5.999,10.));
#3587=CARTESIAN_POINT('',(-9.99899999999999,5.999,0.));
#3588=CARTESIAN_POINT('',(-5.99899999999998,9.999,10.));
#3589=CARTESIAN_POINT('Origin',(-5.99899999999998,5.999,10.));
#3590=CARTESIAN_POINT('',(-5.99899999999998,9.999,0.));
#3591=CARTESIAN_POINT('Ctrl Pts',(-8.99899999999999,5.89447153673236,-15.5411822038316));
#3592=CARTESIAN_POINT('Ctrl Pts',(-8.99899999999999,5.92931435782158,-15.5448443318967));
#3593=CARTESIAN_POINT('Ctrl Pts',(-8.99899999999999,5.96415717891078,-15.5485064599618));
#3594=CARTESIAN_POINT('Ctrl Pts',(-8.99899999999999,5.999,-15.5521685880269));
#3595=CARTESIAN_POINT('Ctrl Pts',(-9.33233333333332,5.92931435782157,-15.2096749053755));
#3596=CARTESIAN_POINT('Ctrl Pts',(-9.33233333333332,5.96415717891079,-15.2133370334406));
#3597=CARTESIAN_POINT('Ctrl Pts',(-9.3321816059278,5.99900001084326,-15.216999058339));
#3598=CARTESIAN_POINT('Ctrl Pts',(-9.33187799811596,6.03384278858135,-15.2206615988625));
#3599=CARTESIAN_POINT('Ctrl Pts',(-9.66566666666665,5.96415717891079,-14.8781676069195));
#3600=CARTESIAN_POINT('Ctrl Pts',(-9.66566666666665,5.99900000000001,-14.8818297349845));
#3601=CARTESIAN_POINT('Ctrl Pts',(-9.66536321185561,6.03384284277574,-14.8854916567162));
#3602=CARTESIAN_POINT('Ctrl Pts',(-9.66475599623194,6.0686855771627,-14.8891546096981));
#3603=CARTESIAN_POINT('Ctrl Pts',(-9.99899999999998,5.99900000000001,-14.5466603084634));
#3604=CARTESIAN_POINT('Ctrl Pts',(-9.99899999999998,6.03384282108922,-14.5503224365284));
#3605=CARTESIAN_POINT('Ctrl Pts',(-9.99854481778343,6.06868567470822,-14.5539842550934));
#3606=CARTESIAN_POINT('Ctrl Pts',(-9.99763399434791,6.10352836574405,-14.5576476205338));
#3607=CARTESIAN_POINT('',(-8.99899999999999,5.99900000000001,-15.5521685880269));
#3608=CARTESIAN_POINT('',(-8.99899999999999,5.99900000000001,-15.5521685880269));
#3609=CARTESIAN_POINT('',(-8.999,5.89447153673235,-15.5411822038316));
#3610=CARTESIAN_POINT('Ctrl Pts',(-8.99899999999999,5.999,-15.5521685880269));
#3611=CARTESIAN_POINT('Ctrl Pts',(-8.99899999999999,5.96415717891078,-15.5485064599618));
#3612=CARTESIAN_POINT('Ctrl Pts',(-8.99899999999999,5.92931435782158,-15.5448443318967));
#3613=CARTESIAN_POINT('Ctrl Pts',(-8.99899999999999,5.89447153673236,-15.5411822038316));
#3614=CARTESIAN_POINT('',(-9.99899999999999,5.999,-14.5466603084634));
#3615=CARTESIAN_POINT('Ctrl Pts',(-8.99899999999999,-140.868586732368,-0.115763199205893));
#3616=CARTESIAN_POINT('Ctrl Pts',(-8.99899999999999,-140.85121317104,-0.117589234083135));
#3617=CARTESIAN_POINT('Ctrl Pts',(-8.99899999999999,-140.833839609712,-0.119415268960379));
#3618=CARTESIAN_POINT('Ctrl Pts',(-8.99899999999999,-140.816466048384,-0.121241303837621));
#3619=CARTESIAN_POINT('Ctrl Pts',(-9.33221920128208,-140.833743913322,0.215744079818048));
#3620=CARTESIAN_POINT('Ctrl Pts',(-9.33229529255967,-140.81637034927,0.213918070851444));
#3621=CARTESIAN_POINT('Ctrl Pts',(-9.33233333333332,-140.798996788623,0.212092029495713));
#3622=CARTESIAN_POINT('Ctrl Pts',(-9.33233333333332,-140.781623227294,0.21026599461847));
#3623=CARTESIAN_POINT('Ctrl Pts',(-9.66543840256417,-140.798901094275,0.547251358841988));
#3624=CARTESIAN_POINT('Ctrl Pts',(-9.66559058511935,-140.7815275275,0.545425375786024));
#3625=CARTESIAN_POINT('Ctrl Pts',(-9.66566666666666,-140.764153967533,0.543599327951805));
#3626=CARTESIAN_POINT('Ctrl Pts',(-9.66566666666666,-140.746780406205,0.541773293074562));
#3627=CARTESIAN_POINT('Ctrl Pts',(-9.99865760384626,-140.764058275228,0.878758637865928));
#3628=CARTESIAN_POINT('Ctrl Pts',(-9.99888587767903,-140.74668470573,0.876932680720603));
#3629=CARTESIAN_POINT('Ctrl Pts',(-9.999,-140.729311146444,0.875106626407897));
#3630=CARTESIAN_POINT('Ctrl Pts',(-9.999,-140.711937585116,0.873280591530654));
#3631=CARTESIAN_POINT('',(-8.999,-140.816466048384,-0.12124130383762));
#3632=CARTESIAN_POINT('',(-8.999,-140.816466048384,-0.12124130383762));
#3633=CARTESIAN_POINT('',(-8.99899999999999,-140.868586732368,-0.115763199205894));
#3634=CARTESIAN_POINT('Ctrl Pts',(-8.99899999999999,-140.816466048384,-0.121241303837621));
#3635=CARTESIAN_POINT('Ctrl Pts',(-8.99899999999999,-140.833839609712,-0.119415268960379));
#3636=CARTESIAN_POINT('Ctrl Pts',(-8.99899999999999,-140.85121317104,-0.117589234083135));
#3637=CARTESIAN_POINT('Ctrl Pts',(-8.99899999999999,-140.868586732368,-0.115763199205893));
#3638=CARTESIAN_POINT('',(-9.99865760384626,-140.764058275228,0.878758637865926));
#3639=CARTESIAN_POINT('Origin',(-9.499,-28.979333105082,-11.3730434963674));
#3640=CARTESIAN_POINT('',(-9.99899999999999,-28.9270688734481,-10.8757825486833));
#3641=CARTESIAN_POINT('',(-8.999,-29.0315973367158,-11.8703044440515));
#3642=CARTESIAN_POINT('Ctrl Pts',(-9.99865760384626,-140.764058275228,0.878758637865926));
#3643=CARTESIAN_POINT('Ctrl Pts',(-9.98299872327353,-141.95583153538,1.00401366391061));
#3644=CARTESIAN_POINT('Ctrl Pts',(-8.95559632941791,-143.989078109473,1.21692170046848));
#3645=CARTESIAN_POINT('Ctrl Pts',(-6.88483762285518,-144.695699161373,1.2906127913328));
#3646=CARTESIAN_POINT('Ctrl Pts',(-5.99899999999999,-144.695699161373,1.2906127913328));
#3647=CARTESIAN_POINT('Ctrl Pts',(-9.66543840256417,-140.798901094275,0.547251358841986));
#3648=CARTESIAN_POINT('Ctrl Pts',(-9.65499914884902,-141.891657262475,0.662101066183404));
#3649=CARTESIAN_POINT('Ctrl Pts',(-8.71857103417474,-143.763268347984,0.858285458228113));
#3650=CARTESIAN_POINT('Ctrl Pts',(-6.8138552392526,-144.416336684597,0.926540523378533));
#3651=CARTESIAN_POINT('Ctrl Pts',(-5.99899999999999,-144.416336684597,0.926540523378533));
#3652=CARTESIAN_POINT('Ctrl Pts',(-9.33221920128208,-140.833743913321,0.215744079818046));
#3653=CARTESIAN_POINT('Ctrl Pts',(-9.3269995744245,-141.82748298957,0.320188468456203));
#3654=CARTESIAN_POINT('Ctrl Pts',(-8.48154573893157,-143.537458586495,0.499649215987748));
#3655=CARTESIAN_POINT('Ctrl Pts',(-6.74287285565001,-144.136974207821,0.562468255424268));
#3656=CARTESIAN_POINT('Ctrl Pts',(-5.99899999999999,-144.136974207821,0.562468255424268));
#3657=CARTESIAN_POINT('Ctrl Pts',(-8.99899999999999,-140.868586732368,-0.115763199205894));
#3658=CARTESIAN_POINT('Ctrl Pts',(-8.99899999999998,-141.763308716665,-0.0217241292709988));
#3659=CARTESIAN_POINT('Ctrl Pts',(-8.2445204436884,-143.311648825006,0.141012973747384));
#3660=CARTESIAN_POINT('Ctrl Pts',(-6.67189047204742,-143.857611731045,0.198395987470004));
#3661=CARTESIAN_POINT('Ctrl Pts',(-5.99899999999998,-143.857611731045,0.198395987470004));
#3662=CARTESIAN_POINT('',(-5.999,-143.857611731045,0.198395987470002));
#3663=CARTESIAN_POINT('',(-5.99899999999999,-144.695699161373,1.29061279133279));
#3664=CARTESIAN_POINT('Ctrl Pts',(-8.99899999999999,-140.868586732368,-0.115763199205894));
#3665=CARTESIAN_POINT('Ctrl Pts',(-8.99899999999998,-141.763308716665,-0.0217241292709988));
#3666=CARTESIAN_POINT('Ctrl Pts',(-8.2445204436884,-143.311648825006,0.141012973747384));
#3667=CARTESIAN_POINT('Ctrl Pts',(-6.67189047204742,-143.857611731045,0.198395987470004));
#3668=CARTESIAN_POINT('Ctrl Pts',(-5.99899999999998,-143.857611731045,0.198395987470004));
#3669=CARTESIAN_POINT('Ctrl Pts',(-5.99899999999998,9.999,-14.9725855290896));
#3670=CARTESIAN_POINT('Ctrl Pts',(-6.87301256578479,9.999,-14.9725855290896));
#3671=CARTESIAN_POINT('Ctrl Pts',(-8.91776291522322,9.31281028691895,-14.8981905609656));
#3672=CARTESIAN_POINT('Ctrl Pts',(-9.96635918045141,7.29991685917622,-14.6834360751516));
#3673=CARTESIAN_POINT('Ctrl Pts',(-9.99763399434791,6.10352836574405,-14.5576476205338));
#3674=CARTESIAN_POINT('Ctrl Pts',(-5.99899999999998,9.66749270154391,-15.2710760413337));
#3675=CARTESIAN_POINT('Ctrl Pts',(-6.80566250076506,9.66749270154391,-15.2710760413337));
#3676=CARTESIAN_POINT('Ctrl Pts',(-8.69278539346429,9.0281189393474,-15.2023594689535));
#3677=CARTESIAN_POINT('Ctrl Pts',(-9.64390612030094,7.16656691022124,-15.0045752255784));
#3678=CARTESIAN_POINT('Ctrl Pts',(-9.66475599623194,6.0686855771627,-14.8891546096981));
#3679=CARTESIAN_POINT('Ctrl Pts',(-5.99899999999998,9.33598540308782,-15.5695665535778));
#3680=CARTESIAN_POINT('Ctrl Pts',(-6.73831243574533,9.33598540308782,-15.5695665535778));
#3681=CARTESIAN_POINT('Ctrl Pts',(-8.46780787170537,8.74342759177584,-15.5065283769414));
#3682=CARTESIAN_POINT('Ctrl Pts',(-9.32145306015046,7.03321696126627,-15.3257143760052));
#3683=CARTESIAN_POINT('Ctrl Pts',(-9.33187799811596,6.03384278858135,-15.2206615988625));
#3684=CARTESIAN_POINT('Ctrl Pts',(-5.99899999999998,9.00447810463173,-15.8680570658219));
#3685=CARTESIAN_POINT('Ctrl Pts',(-6.6709623707256,9.00447810463173,-15.8680570658219));
#3686=CARTESIAN_POINT('Ctrl Pts',(-8.24283034994645,8.45873624420429,-15.8106972849292));
#3687=CARTESIAN_POINT('Ctrl Pts',(-8.99899999999999,6.89986701231128,-15.6468535264319));
#3688=CARTESIAN_POINT('Ctrl Pts',(-8.99899999999999,5.99900000000001,-15.5521685880269));
#3689=CARTESIAN_POINT('',(-5.99899999999998,9.00447810463172,-15.8680570658219));
#3690=CARTESIAN_POINT('',(-5.99899999999998,9.00447810463172,-15.8680570658219));
#3691=CARTESIAN_POINT('Ctrl Pts',(-5.99899999999998,9.00447810463173,-15.8680570658219));
#3692=CARTESIAN_POINT('Ctrl Pts',(-6.6709623707256,9.00447810463173,-15.8680570658219));
#3693=CARTESIAN_POINT('Ctrl Pts',(-8.24283034994645,8.45873624420429,-15.8106972849292));
#3694=CARTESIAN_POINT('Ctrl Pts',(-8.99899999999999,6.89986701231128,-15.6468535264319));
#3695=CARTESIAN_POINT('Ctrl Pts',(-8.99899999999999,5.99900000000001,-15.5521685880269));
#3696=CARTESIAN_POINT('Origin',(-4.9989999999999,4.999,10.));
#3697=CARTESIAN_POINT('',(-6.6989999999999,4.999,10.));
#3698=CARTESIAN_POINT('Origin',(-4.9989999999999,4.999,10.));
#3699=CARTESIAN_POINT('',(-6.6989999999999,4.999,-10.5));
#3700=CARTESIAN_POINT('',(-6.6989999999999,4.999,10.));
#3701=CARTESIAN_POINT('Origin',(-4.9989999999999,4.999,-10.5));
#3702=CARTESIAN_POINT('Origin',(162.426,4.999,10.));
#3703=CARTESIAN_POINT('',(160.726,4.999,10.));
#3704=CARTESIAN_POINT('Origin',(162.426,4.999,10.));
#3705=CARTESIAN_POINT('',(160.726,4.999,-10.5));
#3706=CARTESIAN_POINT('',(160.726,4.999,10.));
#3707=CARTESIAN_POINT('Origin',(162.426,4.999,-10.5));
#3708=CARTESIAN_POINT('Origin',(162.426,4.999,-10.5));
#3709=CARTESIAN_POINT('',(-7.9989999999999,4.999,-10.5));
#3710=CARTESIAN_POINT('Origin',(-4.9989999999999,4.999,-10.5));
#3711=CARTESIAN_POINT('Origin',(-4.9989999999999,4.999,-10.5));
#3712=CARTESIAN_POINT('',(-7.9989999999999,4.999,-15.4470643527612));
#3713=CARTESIAN_POINT('',(-7.9989999999999,4.999,-10.5));
#3714=CARTESIAN_POINT('Origin',(-4.9989999999999,4.999,-15.4470643527612));
#3715=CARTESIAN_POINT('Origin',(162.426,4.999,-10.5));
#3716=CARTESIAN_POINT('',(159.426,4.999,-10.5));
#3717=CARTESIAN_POINT('Origin',(162.426,4.999,-10.5));
#3718=CARTESIAN_POINT('Origin',(162.426,4.999,-10.5));
#3719=CARTESIAN_POINT('',(159.426,4.999,-15.4470643527612));
#3720=CARTESIAN_POINT('',(159.426,4.999,-10.5));
#3721=CARTESIAN_POINT('Origin',(162.426,4.999,-15.4470643527612));
#3722=CARTESIAN_POINT('Origin',(-4.9989999999999,-136.97,10.));
#3723=CARTESIAN_POINT('',(-6.6989999999999,-136.97,10.));
#3724=CARTESIAN_POINT('Origin',(-4.9989999999999,-136.97,10.));
#3725=CARTESIAN_POINT('',(-6.6989999999999,-136.97,2.8));
#3726=CARTESIAN_POINT('',(-6.6989999999999,-136.97,10.));
#3727=CARTESIAN_POINT('Origin',(-4.9989999999999,-136.97,2.8));
#3728=CARTESIAN_POINT('Origin',(162.426,-136.97,2.8));
#3729=CARTESIAN_POINT('',(-7.9989999999999,-136.97,2.8));
#3730=CARTESIAN_POINT('Origin',(-4.9989999999999,-136.97,2.8));
#3731=CARTESIAN_POINT('Origin',(-4.9989999999999,-136.97,2.8));
#3732=CARTESIAN_POINT('',(-7.9989999999999,-136.97,-0.525521176328378));
#3733=CARTESIAN_POINT('',(-7.9989999999999,-136.97,2.8));
#3734=CARTESIAN_POINT('Origin',(-4.9989999999999,-136.97,-0.525521176328378));
#3735=CARTESIAN_POINT('Origin',(-9.99899999999999,-11.5863345786098,-1.337));
#3736=CARTESIAN_POINT('',(-0.398999999999994,-8.39633457860978,-1.337));
#3737=CARTESIAN_POINT('',(-0.398999999999994,-11.5863345786098,-4.527));
#3738=CARTESIAN_POINT('Origin',(-0.398999999999994,-11.5863345786098,-1.337));
#3739=CARTESIAN_POINT('',(-9.19899999999999,-8.39633457860978,-1.337));
#3740=CARTESIAN_POINT('',(-9.99899999999999,-8.39633457860978,-1.337));
#3741=CARTESIAN_POINT('',(-9.19899999999999,-11.5863345786098,-4.527));
#3742=CARTESIAN_POINT('Origin',(-9.19899999999999,-11.5863345786098,-1.337));
#3743=CARTESIAN_POINT('',(-9.99899999999999,-11.5863345786098,-4.527));
#3744=CARTESIAN_POINT('Origin',(-9.99899999999999,-8.39633457860978,-1.337));
#3745=CARTESIAN_POINT('',(-0.398999999999994,-8.39633457860978,-1.317));
#3746=CARTESIAN_POINT('',(-0.398999999999994,-8.39633457860978,0.831499999999998));
#3747=CARTESIAN_POINT('',(-9.19899999999999,-8.39633457860978,-1.317));
#3748=CARTESIAN_POINT('',(-9.99899999999999,-8.39633457860978,-1.317));
#3749=CARTESIAN_POINT('',(-9.19899999999999,-8.39633457860978,-0.668500000000002));
#3750=CARTESIAN_POINT('Origin',(-9.99899999999999,-11.5863345786098,-1.317));
#3751=CARTESIAN_POINT('',(-0.398999999999994,-11.5863345786098,1.873));
#3752=CARTESIAN_POINT('Origin',(-0.398999999999994,-11.5863345786098,-1.317));
#3753=CARTESIAN_POINT('',(-9.19899999999999,-11.5863345786098,1.873));
#3754=CARTESIAN_POINT('',(-9.99899999999999,-11.5863345786098,1.873));
#3755=CARTESIAN_POINT('Origin',(-9.19899999999999,-11.5863345786098,-1.317));
#3756=CARTESIAN_POINT('Origin',(-9.99899999999999,9.999,0.));
#3757=CARTESIAN_POINT('',(-9.99899999999999,-141.97,10.));
#3758=CARTESIAN_POINT('',(-9.99899999999999,-18.2063345786098,2.673));
#3759=CARTESIAN_POINT('',(-9.99899999999999,-11.5863345786098,2.673));
#3760=CARTESIAN_POINT('',(-9.99899999999999,-0.79366728930489,2.673));
#3761=CARTESIAN_POINT('',(-9.99899999999999,-22.1963345786098,-1.317));
#3762=CARTESIAN_POINT('Origin',(-9.99899999999999,-18.2063345786098,-1.317));
#3763=CARTESIAN_POINT('',(-9.99899999999999,-22.1963345786098,-1.337));
#3764=CARTESIAN_POINT('',(-9.99899999999999,-22.1963345786098,-0.658500000000002));
#3765=CARTESIAN_POINT('',(-9.99899999999999,-18.2063345786098,-5.327));
#3766=CARTESIAN_POINT('Origin',(-9.99899999999999,-18.2063345786098,-1.337));
#3767=CARTESIAN_POINT('',(-9.99899999999999,-11.5863345786098,-5.32700000000001));
#3768=CARTESIAN_POINT('',(-9.99899999999999,-4.10366728930489,-5.32700000000001));
#3769=CARTESIAN_POINT('',(-9.99899999999999,-7.59633457860978,-1.337));
#3770=CARTESIAN_POINT('Origin',(-9.99899999999999,-11.5863345786098,-1.337));
#3771=CARTESIAN_POINT('',(-9.99899999999999,-7.59633457860978,-1.317));
#3772=CARTESIAN_POINT('',(-9.99899999999999,-7.59633457860978,-0.668500000000002));
#3773=CARTESIAN_POINT('Origin',(-9.99899999999999,-11.5863345786098,-1.317));
#3774=CARTESIAN_POINT('Origin',(-9.99899999999999,-11.5863345786098,1.873));
#3775=CARTESIAN_POINT('',(-0.398999999999994,-18.2063345786098,1.87299999999999));
#3776=CARTESIAN_POINT('',(-0.398999999999994,-71.7781672893049,1.87299999999999));
#3777=CARTESIAN_POINT('',(-9.19899999999999,-18.2063345786098,1.87299999999999));
#3778=CARTESIAN_POINT('',(-9.99899999999999,-18.2063345786098,1.87299999999999));
#3779=CARTESIAN_POINT('',(-9.19899999999999,-0.79366728930489,1.873));
#3780=CARTESIAN_POINT('Origin',(-9.59899999999999,-11.5863345786098,-1.317));
#3781=CARTESIAN_POINT('',(-9.99899999999999,-11.5863345786098,2.673));
#3782=CARTESIAN_POINT('',(-9.19899999999999,-8.39633457860978,-1.317));
#3783=CARTESIAN_POINT('Origin',(-9.59899999999999,-7.99633457860978,-0.668500000000002));
#3784=CARTESIAN_POINT('',(-9.19899999999999,-8.39633457860978,-1.337));
#3785=CARTESIAN_POINT('Origin',(-9.59899999999999,-11.5863345786098,-1.337));
#3786=CARTESIAN_POINT('',(-9.19899999999999,-11.5863345786098,-4.527));
#3787=CARTESIAN_POINT('Origin',(-9.59899999999999,-4.10366728930489,-4.927));
#3788=CARTESIAN_POINT('',(-9.19899999999999,-18.2063345786098,-4.527));
#3789=CARTESIAN_POINT('',(-9.19899999999999,-18.2063345786098,-4.527));
#3790=CARTESIAN_POINT('',(-9.19899999999999,-4.10366728930489,-4.527));
#3791=CARTESIAN_POINT('Origin',(-9.59899999999999,-18.2063345786098,-1.337));
#3792=CARTESIAN_POINT('',(-9.19899999999999,-21.3963345786098,-1.337));
#3793=CARTESIAN_POINT('',(-9.19899999999999,-21.3963345786098,-1.337));
#3794=CARTESIAN_POINT('Origin',(-9.19899999999999,-18.2063345786098,-1.337));
#3795=CARTESIAN_POINT('Origin',(-9.59899999999999,-21.7963345786098,-0.658500000000002));
#3796=CARTESIAN_POINT('',(-9.19899999999999,-21.3963345786098,-1.317));
#3797=CARTESIAN_POINT('',(-9.19899999999999,-21.3963345786098,-1.317));
#3798=CARTESIAN_POINT('',(-9.19899999999999,-21.3963345786098,-0.658500000000002));
#3799=CARTESIAN_POINT('Origin',(-9.59899999999999,-18.2063345786098,-1.317));
#3800=CARTESIAN_POINT('',(-9.19899999999999,-18.2063345786098,1.87299999999999));
#3801=CARTESIAN_POINT('Origin',(-9.19899999999999,-18.2063345786098,-1.317));
#3802=CARTESIAN_POINT('Origin',(-9.59899999999999,-0.79366728930489,2.273));
#3803=CARTESIAN_POINT('Origin',(0.00100000000000655,-131.97,3.));
#3804=CARTESIAN_POINT('',(0.00100000000000655,-0.000999999999997669,-11.9215431764328));
#3805=CARTESIAN_POINT('',(0.00100000000000655,-131.97,1.94895764734324));
#3806=CARTESIAN_POINT('',(0.000999999999979906,-99.2405065188602,-1.4910507356249));
#3807=CARTESIAN_POINT('',(0.0010000000000332,-0.000999999999997669,10.));
#3808=CARTESIAN_POINT('',(0.00100000000000655,-0.000999999999997669,3.));
#3809=CARTESIAN_POINT('',(0.0010000000000332,-131.97,10.));
#3810=CARTESIAN_POINT('',(0.00100000000000655,-131.97,10.));
#3811=CARTESIAN_POINT('',(0.00100000000000655,-131.97,3.));
#3812=CARTESIAN_POINT('',(0.00100000000000655,-18.2063345786098,-4.92700000000001));
#3813=CARTESIAN_POINT('',(0.00100000000000655,-11.5863345786098,-4.92700000000001));
#3814=CARTESIAN_POINT('',(0.00100000000000655,-75.0881672893049,-4.92700000000001));
#3815=CARTESIAN_POINT('',(0.00100000000000655,-21.7963345786098,-1.337));
#3816=CARTESIAN_POINT('Origin',(0.00100000000000655,-18.2063345786098,-1.337));
#3817=CARTESIAN_POINT('',(0.00100000000000655,-21.7963345786098,-1.317));
#3818=CARTESIAN_POINT('',(0.00100000000000655,-21.7963345786098,0.841499999999998));
#3819=CARTESIAN_POINT('',(0.00100000000000655,-18.2063345786098,2.273));
#3820=CARTESIAN_POINT('Origin',(0.00100000000000655,-18.2063345786098,-1.317));
#3821=CARTESIAN_POINT('',(0.00100000000000655,-11.5863345786098,2.273));
#3822=CARTESIAN_POINT('',(0.00100000000000655,-71.7781672893049,2.27299999999999));
#3823=CARTESIAN_POINT('',(0.00100000000000655,-7.99633457860978,-1.317));
#3824=CARTESIAN_POINT('Origin',(0.00100000000000655,-11.5863345786098,-1.317));
#3825=CARTESIAN_POINT('',(0.00100000000000655,-7.99633457860979,-1.337));
#3826=CARTESIAN_POINT('',(0.00100000000000655,-7.99633457860979,0.831499999999998));
#3827=CARTESIAN_POINT('Origin',(0.00100000000000655,-11.5863345786098,-1.337));
#3828=CARTESIAN_POINT('Origin',(-9.99899999999999,-18.2063345786098,-4.527));
#3829=CARTESIAN_POINT('',(-0.398999999999994,-18.2063345786098,-4.527));
#3830=CARTESIAN_POINT('',(-0.398999999999994,-75.0881672893049,-4.527));
#3831=CARTESIAN_POINT('',(-9.99899999999999,-18.2063345786098,-4.527));
#3832=CARTESIAN_POINT('Origin',(-9.99899999999999,-18.2063345786098,-1.337));
#3833=CARTESIAN_POINT('',(-0.398999999999994,-21.3963345786098,-1.337));
#3834=CARTESIAN_POINT('Origin',(-0.398999999999994,-18.2063345786098,-1.337));
#3835=CARTESIAN_POINT('',(-9.99899999999999,-21.3963345786098,-1.337));
#3836=CARTESIAN_POINT('Origin',(-9.99899999999999,-21.3963345786098,-1.317));
#3837=CARTESIAN_POINT('',(-0.398999999999994,-21.3963345786098,-1.317));
#3838=CARTESIAN_POINT('',(-0.398999999999994,-21.3963345786098,0.841499999999998));
#3839=CARTESIAN_POINT('',(-9.99899999999999,-21.3963345786098,-1.317));
#3840=CARTESIAN_POINT('Origin',(-9.99899999999999,-18.2063345786098,-1.317));
#3841=CARTESIAN_POINT('Origin',(-0.398999999999994,-18.2063345786098,-1.317));
#3842=CARTESIAN_POINT('Origin',(-0.198999999999994,-11.5863345786098,-1.337));
#3843=CARTESIAN_POINT('',(0.00100000000000655,-11.5863345786098,-4.92700000000001));
#3844=CARTESIAN_POINT('',(-0.398999999999994,-8.39633457860978,-1.337));
#3845=CARTESIAN_POINT('Origin',(-0.198999999999994,-8.19633457860978,0.831499999999998));
#3846=CARTESIAN_POINT('',(-0.398999999999994,-8.39633457860978,-1.317));
#3847=CARTESIAN_POINT('Origin',(-0.198999999999994,-11.5863345786098,-1.317));
#3848=CARTESIAN_POINT('',(-0.398999999999994,-11.5863345786098,1.873));
#3849=CARTESIAN_POINT('Origin',(-0.198999999999994,-71.7781672893049,2.07299999999999));
#3850=CARTESIAN_POINT('',(-0.398999999999994,-18.2063345786098,1.87299999999999));
#3851=CARTESIAN_POINT('Origin',(-0.198999999999994,-18.2063345786098,-1.317));
#3852=CARTESIAN_POINT('',(-0.398999999999994,-21.3963345786098,-1.317));
#3853=CARTESIAN_POINT('Origin',(-0.198999999999994,-21.5963345786098,0.841499999999998));
#3854=CARTESIAN_POINT('',(-0.398999999999994,-21.3963345786098,-1.337));
#3855=CARTESIAN_POINT('Origin',(-0.198999999999994,-18.2063345786098,-1.337));
#3856=CARTESIAN_POINT('',(-0.398999999999994,-18.2063345786098,-4.527));
#3857=CARTESIAN_POINT('Origin',(-0.198999999999994,-75.0881672893049,-4.72700000000001));
#3858=CARTESIAN_POINT('Origin',(68.718901121676,-65.1249486881194,-5.68004531982499));
#3859=CARTESIAN_POINT('',(49.3992906404138,-90.9962486394527,-2.96086212311116));
#3860=CARTESIAN_POINT('',(49.394232002159,-90.5057698426559,-3.01241352196252));
#3861=CARTESIAN_POINT('',(49.2643774811954,-77.9152492336158,-4.33573056217242));
#3862=CARTESIAN_POINT('',(51.8268217301965,-90.971515592947,-2.96346167104994));
#3863=CARTESIAN_POINT('',(59.1913197544453,-90.8964819619086,-2.97134802345943));
#3864=CARTESIAN_POINT('',(51.8229161223372,-90.5940764549334,-3.0031321230102));
#3865=CARTESIAN_POINT('',(51.6940046590093,-78.1360332126794,-4.31252523089402));
#3866=CARTESIAN_POINT('',(51.9091705473861,-89.7629946989966,-3.09048233541118));
#3867=CARTESIAN_POINT('Ctrl Pts',(51.9091705473861,-89.7629946989966,-3.09048233541118));
#3868=CARTESIAN_POINT('Ctrl Pts',(51.8762021348861,-89.8859261514312,-3.07756171911295));
#3869=CARTESIAN_POINT('Ctrl Pts',(51.8550732161257,-90.0145373907661,-3.06404413315608));
#3870=CARTESIAN_POINT('Ctrl Pts',(51.8264414340045,-90.2904293396249,-3.03504672085532));
#3871=CARTESIAN_POINT('Ctrl Pts',(51.8213663918167,-90.4439556804317,-3.01891045221168));
#3872=CARTESIAN_POINT('Ctrl Pts',(51.8229161223372,-90.5940764549334,-3.0031321230102));
#3873=CARTESIAN_POINT('',(52.2425562056502,-88.9859080744576,-3.17215743081855));
#3874=CARTESIAN_POINT('Ctrl Pts',(52.2425562056502,-88.9859080744576,-3.17215743081855));
#3875=CARTESIAN_POINT('Ctrl Pts',(52.1686666053207,-89.1191037323498,-3.15815800305508));
#3876=CARTESIAN_POINT('Ctrl Pts',(52.0982234375435,-89.258394181306,-3.14351798693772));
#3877=CARTESIAN_POINT('Ctrl Pts',(51.9877362288658,-89.5159304901306,-3.11644983014556));
#3878=CARTESIAN_POINT('Ctrl Pts',(51.9422879917109,-89.6394268364228,-3.10346984111042));
#3879=CARTESIAN_POINT('Ctrl Pts',(51.9091705473861,-89.7629946989966,-3.09048233541118));
#3880=CARTESIAN_POINT('',(56.8595345648726,-80.5793029592661,-4.05572723263127));
#3881=CARTESIAN_POINT('',(59.1822552381909,-76.3500876642724,-4.50023567198548));
#3882=CARTESIAN_POINT('',(56.8299013607304,-77.7113552489778,-4.35716068350307));
#3883=CARTESIAN_POINT('',(56.7803276538556,-72.9135345867409,-4.86143195514934));
#3884=CARTESIAN_POINT('',(47.2715434162419,-77.8090315101717,-4.34689449476667));
#3885=CARTESIAN_POINT('',(62.8387870960925,-77.6499508219851,-4.36361454884406));
#3886=CARTESIAN_POINT('',(47.2937578225732,-79.95999389893,-4.120819237811));
#3887=CARTESIAN_POINT('',(47.2071830602214,-71.5771879460436,-5.00188764686968));
#3888=CARTESIAN_POINT('',(54.3487454756698,-79.8878922502397,-4.12839742645799));
#3889=CARTESIAN_POINT('',(58.0818344061262,-79.8497402534074,-4.13240736290891));
#3890=CARTESIAN_POINT('',(54.3518145712813,-80.1897606888844,-4.09666977506339));
#3891=CARTESIAN_POINT('',(54.2744402595668,-72.5794201767114,-4.89654879470673));
#3892=CARTESIAN_POINT('',(49.9759657121301,-88.0655689293907,-3.26888897284586));
#3893=CARTESIAN_POINT('',(59.2382366275318,-71.395004668752,-5.02103588090761));
#3894=CARTESIAN_POINT('',(49.4951544595361,-89.2592499954376,-3.14342803724789));
#3895=CARTESIAN_POINT('Ctrl Pts',(49.4951544595361,-89.2592499954376,-3.14342803724789));
#3896=CARTESIAN_POINT('Ctrl Pts',(49.5343317721481,-89.0678063979379,-3.1635495701596));
#3897=CARTESIAN_POINT('Ctrl Pts',(49.5965088862965,-88.8773950831968,-3.1835626057814));
#3898=CARTESIAN_POINT('Ctrl Pts',(49.7562295848623,-88.4808505405284,-3.22524111668734));
#3899=CARTESIAN_POINT('Ctrl Pts',(49.8624367985899,-88.2680153989726,-3.24761099147822));
#3900=CARTESIAN_POINT('Ctrl Pts',(49.9759657121301,-88.0655689293907,-3.26888897284587));
#3901=CARTESIAN_POINT('Ctrl Pts',(49.394232002159,-90.505769842656,-3.01241352196252));
#3902=CARTESIAN_POINT('Ctrl Pts',(49.3919075373363,-90.2808452854242,-3.03605404554283));
#3903=CARTESIAN_POINT('Ctrl Pts',(49.3975017578329,-90.0504810250117,-3.06026630496603));
#3904=CARTESIAN_POINT('Ctrl Pts',(49.4309290744376,-89.6376144851232,-3.1036603269078));
#3905=CARTESIAN_POINT('Ctrl Pts',(49.4557941525121,-89.4444372494195,-3.12396407253717));
#3906=CARTESIAN_POINT('Ctrl Pts',(49.4951544595361,-89.2592499954376,-3.14342803724789));
#3907=CARTESIAN_POINT('Origin',(49.3992906404138,-90.9335315614921,-2.3641489858902));
#3908=CARTESIAN_POINT('',(49.3992906404138,-90.9335315614921,-2.3641489858902));
#3909=CARTESIAN_POINT('',(49.394232002159,-90.4430527646953,-2.41570038474156));
#3910=CARTESIAN_POINT('',(49.2787426825625,-79.2453628597642,-3.59262501894152));
#3911=CARTESIAN_POINT('',(49.3992906404138,-90.9335315614921,-2.3641489858902));
#3912=CARTESIAN_POINT('',(49.394232002159,-90.4430527646953,-2.41570038474156));
#3913=CARTESIAN_POINT('Ctrl Pts',(49.394232002159,-90.4430527646954,-2.41570038474155));
#3914=CARTESIAN_POINT('Ctrl Pts',(49.394232002159,-90.505769842656,-3.01241352196252));
#3915=CARTESIAN_POINT('Ctrl Pts',(49.3919075373363,-90.2181282074636,-2.43934090832187));
#3916=CARTESIAN_POINT('Ctrl Pts',(49.3919075373363,-90.2808452854242,-3.03605404554283));
#3917=CARTESIAN_POINT('Ctrl Pts',(49.3975017578329,-89.9877639470511,-2.46355316774506));
#3918=CARTESIAN_POINT('Ctrl Pts',(49.3975017578329,-90.0504810250117,-3.06026630496603));
#3919=CARTESIAN_POINT('Ctrl Pts',(49.4309290744376,-89.5748974071626,-2.50694718968684));
#3920=CARTESIAN_POINT('Ctrl Pts',(49.4309290744376,-89.6376144851232,-3.1036603269078));
#3921=CARTESIAN_POINT('Ctrl Pts',(49.4557941525121,-89.3817201714589,-2.52725093531621));
#3922=CARTESIAN_POINT('Ctrl Pts',(49.4557941525121,-89.4444372494195,-3.12396407253717));
#3923=CARTESIAN_POINT('Ctrl Pts',(49.4951544595361,-89.196532917477,-2.54671490002692));
#3924=CARTESIAN_POINT('Ctrl Pts',(49.4951544595361,-89.2592499954376,-3.14342803724789));
#3925=CARTESIAN_POINT('',(49.4951544595361,-89.196532917477,-2.54671490002692));
#3926=CARTESIAN_POINT('Ctrl Pts',(49.394232002159,-90.4430527646954,-2.41570038474155));
#3927=CARTESIAN_POINT('Ctrl Pts',(49.3919075373363,-90.2181282074636,-2.43934090832187));
#3928=CARTESIAN_POINT('Ctrl Pts',(49.3975017578329,-89.9877639470511,-2.46355316774506));
#3929=CARTESIAN_POINT('Ctrl Pts',(49.4309290744376,-89.5748974071626,-2.50694718968684));
#3930=CARTESIAN_POINT('Ctrl Pts',(49.4557941525121,-89.3817201714589,-2.52725093531621));
#3931=CARTESIAN_POINT('Ctrl Pts',(49.4951544595361,-89.196532917477,-2.54671490002692));
#3932=CARTESIAN_POINT('',(49.4951544595361,-89.196532917477,-2.54671490002692));
#3933=CARTESIAN_POINT('Ctrl Pts',(49.4951544595361,-89.196532917477,-2.54671490002692));
#3934=CARTESIAN_POINT('Ctrl Pts',(49.4951544595361,-89.2592499954376,-3.14342803724789));
#3935=CARTESIAN_POINT('Ctrl Pts',(49.5343317721481,-89.0050893199773,-2.56683643293864));
#3936=CARTESIAN_POINT('Ctrl Pts',(49.5343317721481,-89.0678063979379,-3.1635495701596));
#3937=CARTESIAN_POINT('Ctrl Pts',(49.5965088862965,-88.8146780052362,-2.58684946856043));
#3938=CARTESIAN_POINT('Ctrl Pts',(49.5965088862965,-88.8773950831968,-3.1835626057814));
#3939=CARTESIAN_POINT('Ctrl Pts',(49.7562295848623,-88.4181334625678,-2.62852797946637));
#3940=CARTESIAN_POINT('Ctrl Pts',(49.7562295848623,-88.4808505405284,-3.22524111668734));
#3941=CARTESIAN_POINT('Ctrl Pts',(49.8624367985899,-88.205298321012,-2.65089785425726));
#3942=CARTESIAN_POINT('Ctrl Pts',(49.8624367985899,-88.2680153989726,-3.24761099147822));
#3943=CARTESIAN_POINT('Ctrl Pts',(49.9759657121301,-88.0028518514301,-2.6721758356249));
#3944=CARTESIAN_POINT('Ctrl Pts',(49.9759657121301,-88.0655689293907,-3.26888897284587));
#3945=CARTESIAN_POINT('',(49.9759657121301,-88.0028518514301,-2.6721758356249));
#3946=CARTESIAN_POINT('Ctrl Pts',(49.4951544595361,-89.196532917477,-2.54671490002692));
#3947=CARTESIAN_POINT('Ctrl Pts',(49.5343317721481,-89.0050893199773,-2.56683643293864));
#3948=CARTESIAN_POINT('Ctrl Pts',(49.5965088862965,-88.8146780052362,-2.58684946856043));
#3949=CARTESIAN_POINT('Ctrl Pts',(49.7562295848623,-88.4181334625678,-2.62852797946637));
#3950=CARTESIAN_POINT('Ctrl Pts',(49.8624367985899,-88.205298321012,-2.65089785425726));
#3951=CARTESIAN_POINT('Ctrl Pts',(49.9759657121301,-88.0028518514301,-2.6721758356249));
#3952=CARTESIAN_POINT('',(49.9759657121301,-88.0028518514301,-2.6721758356249));
#3953=CARTESIAN_POINT('Origin',(49.9759657121301,-88.0028518514301,-2.6721758356249));
#3954=CARTESIAN_POINT('',(54.3518145712813,-80.1270436109238,-3.49995663784243));
#3955=CARTESIAN_POINT('',(67.7246307326579,-56.0581739783983,-6.02969677427829));
#3956=CARTESIAN_POINT('',(54.3518145712813,-80.1270436109238,-3.49995663784243));
#3957=CARTESIAN_POINT('Origin',(54.3518145712813,-80.1270436109238,-3.49995663784243));
#3958=CARTESIAN_POINT('',(54.3487454756698,-79.8251751722791,-3.53168428923702));
#3959=CARTESIAN_POINT('',(54.2875732995421,-73.8084355091254,-4.16406911032546));
#3960=CARTESIAN_POINT('',(54.3487454756698,-79.8251751722791,-3.53168428923702));
#3961=CARTESIAN_POINT('Origin',(54.3487454756698,-79.8251751722791,-3.53168428923702));
#3962=CARTESIAN_POINT('',(47.2937578225732,-79.8972768209694,-3.52410610059004));
#3963=CARTESIAN_POINT('',(108.451010601778,-79.2722525159572,-3.58979880219081));
#3964=CARTESIAN_POINT('',(47.2937578225732,-79.8972768209694,-3.52410610059004));
#3965=CARTESIAN_POINT('Origin',(47.2937578225732,-79.8972768209694,-3.52410610059004));
#3966=CARTESIAN_POINT('',(47.2715434162419,-77.7463144322112,-3.75018135754571));
#3967=CARTESIAN_POINT('',(47.230148884552,-73.7381910803242,-4.17145209729629));
#3968=CARTESIAN_POINT('',(47.2715434162419,-77.7463144322112,-3.75018135754571));
#3969=CARTESIAN_POINT('Origin',(47.2715434162418,-77.7463144322112,-3.75018135754571));
#3970=CARTESIAN_POINT('',(56.8299013607304,-77.6486381710172,-3.76044754628211));
#3971=CARTESIAN_POINT('',(104.901292165122,-77.1573996391023,-3.81207879651206));
#3972=CARTESIAN_POINT('',(56.8299013607304,-77.6486381710172,-3.76044754628211));
#3973=CARTESIAN_POINT('Origin',(56.8299013607304,-77.6486381710172,-3.76044754628211));
#3974=CARTESIAN_POINT('',(56.8595345648726,-80.5165858813055,-3.45901409541031));
#3975=CARTESIAN_POINT('',(56.7773776242117,-72.5653090392282,-4.29472696728253));
#3976=CARTESIAN_POINT('',(56.8595345648726,-80.5165858813055,-3.45901409541031));
#3977=CARTESIAN_POINT('Origin',(56.8595345648726,-80.5165858813055,-3.45901409541031));
#3978=CARTESIAN_POINT('',(52.2425562056502,-88.923190996497,-2.57544429359758));
#3979=CARTESIAN_POINT('',(71.9735457362026,-52.996958597334,-6.35144347588858));
#3980=CARTESIAN_POINT('',(52.2425562056502,-88.923190996497,-2.57544429359758));
#3981=CARTESIAN_POINT('Ctrl Pts',(52.2425562056502,-88.923190996497,-2.57544429359758));
#3982=CARTESIAN_POINT('Ctrl Pts',(52.2425562056502,-88.9859080744576,-3.17215743081855));
#3983=CARTESIAN_POINT('Ctrl Pts',(52.1686666053207,-89.0563866543892,-2.56144486583411));
#3984=CARTESIAN_POINT('Ctrl Pts',(52.1686666053207,-89.1191037323498,-3.15815800305508));
#3985=CARTESIAN_POINT('Ctrl Pts',(52.0982234375435,-89.1956771033454,-2.54680484971675));
#3986=CARTESIAN_POINT('Ctrl Pts',(52.0982234375435,-89.258394181306,-3.14351798693772));
#3987=CARTESIAN_POINT('Ctrl Pts',(51.9877362288658,-89.45321341217,-2.5197366929246));
#3988=CARTESIAN_POINT('Ctrl Pts',(51.9877362288658,-89.5159304901306,-3.11644983014556));
#3989=CARTESIAN_POINT('Ctrl Pts',(51.9422879917109,-89.5767097584622,-2.50675670388946));
#3990=CARTESIAN_POINT('Ctrl Pts',(51.9422879917109,-89.6394268364228,-3.10346984111042));
#3991=CARTESIAN_POINT('Ctrl Pts',(51.9091705473861,-89.7002776210361,-2.49376919819022));
#3992=CARTESIAN_POINT('Ctrl Pts',(51.9091705473861,-89.7629946989966,-3.09048233541118));
#3993=CARTESIAN_POINT('',(51.9091705473861,-89.7002776210361,-2.49376919819022));
#3994=CARTESIAN_POINT('Ctrl Pts',(52.2425562056502,-88.923190996497,-2.57544429359758));
#3995=CARTESIAN_POINT('Ctrl Pts',(52.1686666053207,-89.0563866543892,-2.56144486583411));
#3996=CARTESIAN_POINT('Ctrl Pts',(52.0982234375435,-89.1956771033454,-2.54680484971675));
#3997=CARTESIAN_POINT('Ctrl Pts',(51.9877362288658,-89.45321341217,-2.5197366929246));
#3998=CARTESIAN_POINT('Ctrl Pts',(51.9422879917109,-89.5767097584622,-2.50675670388946));
#3999=CARTESIAN_POINT('Ctrl Pts',(51.9091705473861,-89.7002776210361,-2.49376919819022));
#4000=CARTESIAN_POINT('',(51.9091705473861,-89.7002776210361,-2.49376919819022));
#4001=CARTESIAN_POINT('Ctrl Pts',(51.9091705473861,-89.7002776210361,-2.49376919819022));
#4002=CARTESIAN_POINT('Ctrl Pts',(51.9091705473861,-89.7629946989966,-3.09048233541118));
#4003=CARTESIAN_POINT('Ctrl Pts',(51.8762021348861,-89.8232090734706,-2.48084858189198));
#4004=CARTESIAN_POINT('Ctrl Pts',(51.8762021348861,-89.8859261514312,-3.07756171911295));
#4005=CARTESIAN_POINT('Ctrl Pts',(51.8550732161257,-89.9518203128055,-2.46733099593512));
#4006=CARTESIAN_POINT('Ctrl Pts',(51.8550732161257,-90.0145373907661,-3.06404413315608));
#4007=CARTESIAN_POINT('Ctrl Pts',(51.8264414340045,-90.2277122616643,-2.43833358363436));
#4008=CARTESIAN_POINT('Ctrl Pts',(51.8264414340045,-90.2904293396249,-3.03504672085532));
#4009=CARTESIAN_POINT('Ctrl Pts',(51.8213663918167,-90.3812386024711,-2.42219731499072));
#4010=CARTESIAN_POINT('Ctrl Pts',(51.8213663918167,-90.4439556804317,-3.01891045221168));
#4011=CARTESIAN_POINT('Ctrl Pts',(51.8229161223372,-90.5313593769728,-2.40641898578923));
#4012=CARTESIAN_POINT('Ctrl Pts',(51.8229161223372,-90.5940764549334,-3.0031321230102));
#4013=CARTESIAN_POINT('',(51.8229161223372,-90.5313593769728,-2.40641898578923));
#4014=CARTESIAN_POINT('Ctrl Pts',(51.9091705473861,-89.7002776210361,-2.49376919819022));
#4015=CARTESIAN_POINT('Ctrl Pts',(51.8762021348861,-89.8232090734706,-2.48084858189198));
#4016=CARTESIAN_POINT('Ctrl Pts',(51.8550732161257,-89.9518203128055,-2.46733099593512));
#4017=CARTESIAN_POINT('Ctrl Pts',(51.8264414340045,-90.2277122616643,-2.43833358363436));
#4018=CARTESIAN_POINT('Ctrl Pts',(51.8213663918167,-90.3812386024711,-2.42219731499072));
#4019=CARTESIAN_POINT('Ctrl Pts',(51.8229161223372,-90.5313593769728,-2.40641898578923));
#4020=CARTESIAN_POINT('',(51.8229161223372,-90.5313593769728,-2.40641898578923));
#4021=CARTESIAN_POINT('Origin',(51.8229161223372,-90.5313593769728,-2.40641898578923));
#4022=CARTESIAN_POINT('',(51.8268217301965,-90.9087985149864,-2.36674853382897));
#4023=CARTESIAN_POINT('',(51.7039430098214,-79.0337613967426,-3.61486522889351));
#4024=CARTESIAN_POINT('',(51.8268217301965,-90.9087985149864,-2.36674853382897));
#4025=CARTESIAN_POINT('Origin',(51.8268217301965,-90.9087985149864,-2.36674853382897));
#4026=CARTESIAN_POINT('',(107.246819264597,-90.3441485370171,-2.42609563795622));
#4027=CARTESIAN_POINT('Origin',(68.718901121676,-65.1249486881194,-5.68004531982499));
#4028=CARTESIAN_POINT('',(63.1651913413009,-91.1198175094626,-2.94787451152613));
#4029=CARTESIAN_POINT('',(60.4664413413009,-90.6001794144607,-3.00249067611622));
#4030=CARTESIAN_POINT('Ctrl Pts',(63.1651913413009,-91.1198175094626,-2.94787451152613));
#4031=CARTESIAN_POINT('Ctrl Pts',(62.679309723167,-91.1247998097442,-2.94735085066517));
#4032=CARTESIAN_POINT('Ctrl Pts',(62.1900367827344,-91.0897459052912,-2.95103516448578));
#4033=CARTESIAN_POINT('Ctrl Pts',(61.2821395388145,-90.9149178275182,-2.96941033590308));
#4034=CARTESIAN_POINT('Ctrl Pts',(60.8634287164432,-90.7860767999346,-2.98295207357809));
#4035=CARTESIAN_POINT('Ctrl Pts',(60.4664413413009,-90.6001794144607,-3.00249067611622));
#4036=CARTESIAN_POINT('',(65.8335669033329,-90.5453427170651,-3.00825424526048));
#4037=CARTESIAN_POINT('Ctrl Pts',(65.8335669033329,-90.5453427170651,-3.00825424526048));
#4038=CARTESIAN_POINT('Ctrl Pts',(65.4458729711489,-90.7398592961071,-2.98780972897378));
#4039=CARTESIAN_POINT('Ctrl Pts',(65.0342066194604,-90.8768771931249,-2.97340856769001));
#4040=CARTESIAN_POINT('Ctrl Pts',(64.1366281133425,-91.070109987853,-2.95309898257186));
#4041=CARTESIAN_POINT('Ctrl Pts',(63.6492288823242,-91.1148536160831,-2.94839623774373));
#4042=CARTESIAN_POINT('Ctrl Pts',(63.1651913413009,-91.1198175094627,-2.94787451152613));
#4043=CARTESIAN_POINT('',(67.5240434988936,-88.9429625118885,-3.17667119133043));
#4044=CARTESIAN_POINT('Ctrl Pts',(67.5240434988936,-88.9429625118885,-3.17667119133043));
#4045=CARTESIAN_POINT('Ctrl Pts',(67.3327056779155,-89.2826266074576,-3.14097105631842));
#4046=CARTESIAN_POINT('Ctrl Pts',(67.0961015929988,-89.5874059280472,-3.10893745890306));
#4047=CARTESIAN_POINT('Ctrl Pts',(66.5208494966953,-90.1326450234562,-3.05163052074315));
#4048=CARTESIAN_POINT('Ctrl Pts',(66.1910062999967,-90.3598703747357,-3.02774817396395));
#4049=CARTESIAN_POINT('Ctrl Pts',(65.8335669033329,-90.5453427170651,-3.00825424526048));
#4050=CARTESIAN_POINT('',(68.1059136669437,-86.5217096819138,-3.43115511840977));
#4051=CARTESIAN_POINT('Ctrl Pts',(68.1059136669437,-86.5217096819138,-3.43115511840977));
#4052=CARTESIAN_POINT('Ctrl Pts',(68.1104488852318,-86.9599933910729,-3.3850896443292));
#4053=CARTESIAN_POINT('Ctrl Pts',(68.0701221038652,-87.3987356486472,-3.33897597486811));
#4054=CARTESIAN_POINT('Ctrl Pts',(67.8731025242069,-88.2185279804433,-3.25281232875802));
#4055=CARTESIAN_POINT('Ctrl Pts',(67.7277142102023,-88.5928062834728,-3.21347409394157));
#4056=CARTESIAN_POINT('Ctrl Pts',(67.5240434988936,-88.9429625118885,-3.17667119133043));
#4057=CARTESIAN_POINT('',(68.1035866126022,-86.2953091559513,-3.4549507725548));
#4058=CARTESIAN_POINT('',(67.9959940389677,-75.8275625181088,-4.55515527788009));
#4059=CARTESIAN_POINT('',(67.4915519420902,-83.9616273710269,-3.70023061191273));
#4060=CARTESIAN_POINT('Ctrl Pts',(67.4915519420902,-83.9616273710269,-3.70023061191273));
#4061=CARTESIAN_POINT('Ctrl Pts',(67.6989534587516,-84.2868863339465,-3.66604451735175));
#4062=CARTESIAN_POINT('Ctrl Pts',(67.8456827466688,-84.6410685635192,-3.62881846496781));
#4063=CARTESIAN_POINT('Ctrl Pts',(68.0527591066328,-85.4306239156755,-3.5458328534795));
#4064=CARTESIAN_POINT('Ctrl Pts',(68.0991789084334,-85.8646072754579,-3.50021936433155));
#4065=CARTESIAN_POINT('Ctrl Pts',(68.1035866126021,-86.2953091559513,-3.4549507725548));
#4066=CARTESIAN_POINT('',(65.9403530208866,-82.5244960373483,-3.85127920171535));
#4067=CARTESIAN_POINT('Ctrl Pts',(65.9403530208866,-82.5244960373483,-3.85127920171535));
#4068=CARTESIAN_POINT('Ctrl Pts',(66.2605430266475,-82.6828033174975,-3.83464043609828));
#4069=CARTESIAN_POINT('Ctrl Pts',(66.5526622596855,-82.8817377376256,-3.8137315860027));
#4070=CARTESIAN_POINT('Ctrl Pts',(67.0801792408076,-83.3704722960043,-3.7623635139964));
#4071=CARTESIAN_POINT('Ctrl Pts',(67.3041380655093,-83.6520223248521,-3.73277141352532));
#4072=CARTESIAN_POINT('Ctrl Pts',(67.4915519420902,-83.9616273710269,-3.70023061191273));
#4073=CARTESIAN_POINT('',(63.7922541642786,-82.0558015939803,-3.90054097275882));
#4074=CARTESIAN_POINT('Ctrl Pts',(63.7922541642785,-82.0558015939803,-3.90054097275882));
#4075=CARTESIAN_POINT('Ctrl Pts',(64.1709473477751,-82.0519378437824,-3.90094706926862));
#4076=CARTESIAN_POINT('Ctrl Pts',(64.5472959361935,-82.0862540463613,-3.89734029103934));
#4077=CARTESIAN_POINT('Ctrl Pts',(65.2729668949744,-82.2445770484655,-3.88069987297822));
#4078=CARTESIAN_POINT('Ctrl Pts',(65.6142376245782,-82.3632314157295,-3.86822879644601));
#4079=CARTESIAN_POINT('Ctrl Pts',(65.9403530208866,-82.5244960373483,-3.85127920171535));
#4080=CARTESIAN_POINT('',(62.5800381049117,-82.2191553359409,-3.88337180263226));
#4081=CARTESIAN_POINT('Ctrl Pts',(62.5800381049117,-82.2191553359409,-3.88337180263226));
#4082=CARTESIAN_POINT('Ctrl Pts',(62.7615315477634,-82.1636466327112,-3.88920600243581));
#4083=CARTESIAN_POINT('Ctrl Pts',(62.9502429109531,-82.1256034275852,-3.89320450441763));
#4084=CARTESIAN_POINT('Ctrl Pts',(63.3540108032941,-82.071202008053,-3.89892232401494));
#4085=CARTESIAN_POINT('Ctrl Pts',(63.5746998761953,-82.0580528413828,-3.90030435712218));
#4086=CARTESIAN_POINT('Ctrl Pts',(63.7922541642786,-82.0558015939803,-3.90054097275882));
#4087=CARTESIAN_POINT('',(61.7494589575728,-82.6050133460184,-3.84281649156193));
#4088=CARTESIAN_POINT('Ctrl Pts',(61.7494589575728,-82.6050133460184,-3.84281649156193));
#4089=CARTESIAN_POINT('Ctrl Pts',(61.8639917808251,-82.5228462817625,-3.85145259801457));
#4090=CARTESIAN_POINT('Ctrl Pts',(61.9892539691496,-82.4531193740345,-3.85878119132876));
#4091=CARTESIAN_POINT('Ctrl Pts',(62.2659522903639,-82.3245622953894,-3.87229308476775));
#4092=CARTESIAN_POINT('Ctrl Pts',(62.4231199668464,-82.2671465733978,-3.8783277203199));
#4093=CARTESIAN_POINT('Ctrl Pts',(62.5800381049117,-82.2191553359409,-3.88337180263226));
#4094=CARTESIAN_POINT('',(61.2423048361739,-83.0820238747635,-3.79268066472451));
#4095=CARTESIAN_POINT('Ctrl Pts',(61.2423048361739,-83.0820238747635,-3.79268066472451));
#4096=CARTESIAN_POINT('Ctrl Pts',(61.3082190456902,-82.9949528460497,-3.80183219861126));
#4097=CARTESIAN_POINT('Ctrl Pts',(61.3830558650757,-82.9140213392764,-3.81033844273957));
#4098=CARTESIAN_POINT('Ctrl Pts',(61.5522973259332,-82.754822369334,-3.82707092873045));
#4099=CARTESIAN_POINT('Ctrl Pts',(61.6494318391596,-82.6768106736426,-3.83527028834787));
#4100=CARTESIAN_POINT('Ctrl Pts',(61.7494589575728,-82.6050133460184,-3.84281649156193));
#4101=CARTESIAN_POINT('',(60.900993305107,-83.0854961375261,-3.79231571520219));
#4102=CARTESIAN_POINT('',(65.0725525312593,-83.0430576364947,-3.79677618139893));
#4103=CARTESIAN_POINT('',(60.8676555467248,-79.8590541604308,-4.13142843183387));
#4104=CARTESIAN_POINT('',(60.8086256350089,-74.1461150095349,-4.73188253240814));
#4105=CARTESIAN_POINT('',(67.505415759941,-79.7912695525852,-4.13855288120427));
#4106=CARTESIAN_POINT('',(64.8689196584373,-79.8181933715522,-4.13572307380131));
#4107=CARTESIAN_POINT('',(67.4827685634891,-77.6025234201845,-4.36859936964095));
#4108=CARTESIAN_POINT('',(67.4296110210378,-72.4650943482993,-4.9085649234731));
#4109=CARTESIAN_POINT('',(58.417507943372,-77.6951470733066,-4.35886423141204));
#4110=CARTESIAN_POINT('',(68.1652113534589,-77.5955506097047,-4.36933224155408));
#4111=CARTESIAN_POINT('',(58.4939196229578,-85.0914200870739,-3.58148461248387));
#4112=CARTESIAN_POINT('',(58.3531264509009,-71.4633367279398,-5.01385389208254));
#4113=CARTESIAN_POINT('',(61.4334398103357,-85.0614224349548,-3.58463749276962));
#4114=CARTESIAN_POINT('',(63.7088651301002,-85.038201836757,-3.5870780759856));
#4115=CARTESIAN_POINT('',(61.8080907146733,-84.604728337268,-3.63263797665734));
#4116=CARTESIAN_POINT('Ctrl Pts',(61.8080907146733,-84.604728337268,-3.63263797665734));
#4117=CARTESIAN_POINT('Ctrl Pts',(61.7361282807906,-84.6777587626503,-3.6249621696464));
#4118=CARTESIAN_POINT('Ctrl Pts',(61.6667876291666,-84.7539985797858,-3.61694904196958));
#4119=CARTESIAN_POINT('Ctrl Pts',(61.5418664800182,-84.9062934074005,-3.60094221057822));
#4120=CARTESIAN_POINT('Ctrl Pts',(61.4852023236183,-84.9824268257273,-3.59294026586682));
#4121=CARTESIAN_POINT('Ctrl Pts',(61.4334398103357,-85.0614224349548,-3.58463749276962));
#4122=CARTESIAN_POINT('',(62.3920780015588,-84.2212890264137,-3.67293907219547));
#4123=CARTESIAN_POINT('Ctrl Pts',(62.3920780015588,-84.2212890264137,-3.67293907219547));
#4124=CARTESIAN_POINT('Ctrl Pts',(62.2792323911712,-84.2699531667227,-3.66782426494343));
#4125=CARTESIAN_POINT('Ctrl Pts',(62.1693673351366,-84.3270920633269,-3.66181872491193));
#4126=CARTESIAN_POINT('Ctrl Pts',(61.973468210704,-84.4557145071477,-3.64829996131614));
#4127=CARTESIAN_POINT('Ctrl Pts',(61.886266280257,-84.5253365397578,-3.64098239082101));
#4128=CARTESIAN_POINT('Ctrl Pts',(61.8080907146733,-84.604728337268,-3.63263797665734));
#4129=CARTESIAN_POINT('',(63.3008694291711,-84.0610927629876,-3.6897763779553));
#4130=CARTESIAN_POINT('Ctrl Pts',(63.3008694291711,-84.0610927629876,-3.6897763779553));
#4131=CARTESIAN_POINT('Ctrl Pts',(63.133948225622,-84.0627697764904,-3.68960011673356));
#4132=CARTESIAN_POINT('Ctrl Pts',(62.9630926502661,-84.0749340131824,-3.68832160393844));
#4133=CARTESIAN_POINT('Ctrl Pts',(62.6599836106175,-84.1283832199705,-3.68270386593343));
#4134=CARTESIAN_POINT('Ctrl Pts',(62.5213543100696,-84.1655951559742,-3.678792733857));
#4135=CARTESIAN_POINT('Ctrl Pts',(62.3920780015588,-84.2212890264137,-3.67293907219547));
#4136=CARTESIAN_POINT('',(64.9762112896244,-84.6666155589597,-3.62613336754871));
#4137=CARTESIAN_POINT('Ctrl Pts',(64.9762112896244,-84.6666155589597,-3.62613336754871));
#4138=CARTESIAN_POINT('Ctrl Pts',(64.7554290738861,-84.4637893270914,-3.64745126354105));
#4139=CARTESIAN_POINT('Ctrl Pts',(64.5047649969184,-84.3094619594164,-3.66367172350109));
#4140=CARTESIAN_POINT('Ctrl Pts',(63.9265343784837,-84.1004549466571,-3.68563924574233));
#4141=CARTESIAN_POINT('Ctrl Pts',(63.6154767652419,-84.0578807898361,-3.69011396993707));
#4142=CARTESIAN_POINT('Ctrl Pts',(63.3008694291711,-84.0610927629876,-3.6897763779553));
#4143=CARTESIAN_POINT('',(65.6762993709843,-86.3388842869769,-3.45037084173175));
#4144=CARTESIAN_POINT('Ctrl Pts',(65.6762993709843,-86.3388842869769,-3.45037084173175));
#4145=CARTESIAN_POINT('Ctrl Pts',(65.6729346230264,-86.0143420024031,-3.48448161036326));
#4146=CARTESIAN_POINT('Ctrl Pts',(65.6212785633217,-85.6922739119669,-3.51833233071204));
#4147=CARTESIAN_POINT('Ctrl Pts',(65.4379362097881,-85.2543319058762,-3.56436189035292));
#4148=CARTESIAN_POINT('Ctrl Pts',(65.3656946466419,-85.1240053687008,-3.57805976137756));
#4149=CARTESIAN_POINT('Ctrl Pts',(65.1903542326334,-84.8790317542713,-3.60380752578244));
#4150=CARTESIAN_POINT('Ctrl Pts',(65.0891413475648,-84.7675170768515,-3.61552819067354));
#4151=CARTESIAN_POINT('Ctrl Pts',(64.9762112896244,-84.6666155589597,-3.62613336754871));
#4152=CARTESIAN_POINT('',(65.6782033245365,-86.5276038559837,-3.43053561575163));
#4153=CARTESIAN_POINT('',(65.5694517272552,-75.7481630741478,-4.56350049571814));
#4154=CARTESIAN_POINT('',(65.0136767030359,-88.2893387585886,-3.24536981607249));
#4155=CARTESIAN_POINT('Ctrl Pts',(65.0136767030359,-88.2893387585886,-3.24536981607249));
#4156=CARTESIAN_POINT('Ctrl Pts',(65.2255285155439,-88.0741416524625,-3.26798794334326));
#4157=CARTESIAN_POINT('Ctrl Pts',(65.3893027780192,-87.8276567185481,-3.29389455382684));
#4158=CARTESIAN_POINT('Ctrl Pts',(65.6312899064549,-87.2229444663829,-3.35745237264645));
#4159=CARTESIAN_POINT('Ctrl Pts',(65.6818157200456,-86.8771798091453,-3.39379370252731));
#4160=CARTESIAN_POINT('Ctrl Pts',(65.6782033245365,-86.5276038559838,-3.43053561575162));
#4161=CARTESIAN_POINT('',(63.104972148796,-88.9692759037034,-3.17390554240647));
#4162=CARTESIAN_POINT('Ctrl Pts',(63.104972148796,-88.9692759037034,-3.17390554240647));
#4163=CARTESIAN_POINT('Ctrl Pts',(63.47711193255,-88.9654742720208,-3.17430510999724));
#4164=CARTESIAN_POINT('Ctrl Pts',(63.8573456906792,-88.917795983621,-3.17931630003827));
#4165=CARTESIAN_POINT('Ctrl Pts',(64.3619769161693,-88.7380126000376,-3.19821229508328));
#4166=CARTESIAN_POINT('Ctrl Pts',(64.5094996940108,-88.6685430926544,-3.20551383453108));
#4167=CARTESIAN_POINT('Ctrl Pts',(64.7813736404486,-88.4986247018839,-3.22337297705058));
#4168=CARTESIAN_POINT('Ctrl Pts',(64.9034353617227,-88.4012541860433,-3.23360703065543));
#4169=CARTESIAN_POINT('Ctrl Pts',(65.0136767030359,-88.2893387585885,-3.24536981607249));
#4170=CARTESIAN_POINT('',(61.2016645519535,-88.3282820645413,-3.24127670968162));
#4171=CARTESIAN_POINT('Ctrl Pts',(61.2016645519535,-88.3282820645413,-3.24127670968162));
#4172=CARTESIAN_POINT('Ctrl Pts',(61.3804033824815,-88.5075998001365,-3.22242965621231));
#4173=CARTESIAN_POINT('Ctrl Pts',(61.5887031285406,-88.6449981459909,-3.20798850814451));
#4174=CARTESIAN_POINT('Ctrl Pts',(62.0093856388767,-88.827041805606,-3.1888549485157));
#4175=CARTESIAN_POINT('Ctrl Pts',(62.2077002655456,-88.8820717696424,-3.18307106622896));
#4176=CARTESIAN_POINT('Ctrl Pts',(62.6380769386056,-88.9570286883562,-3.17519277660968));
#4177=CARTESIAN_POINT('Ctrl Pts',(62.8729871389915,-88.9716460682194,-3.17365642807756));
#4178=CARTESIAN_POINT('Ctrl Pts',(63.104972148796,-88.9692759037034,-3.17390554240647));
#4179=CARTESIAN_POINT('',(60.5590455079675,-86.7120095962299,-3.41115379144445));
#4180=CARTESIAN_POINT('Ctrl Pts',(60.5590455079675,-86.7120095962299,-3.41115379144445));
#4181=CARTESIAN_POINT('Ctrl Pts',(60.5621901350748,-87.0134177274838,-3.37947452030615));
#4182=CARTESIAN_POINT('Ctrl Pts',(60.6131696431565,-87.3074382013477,-3.34857172324824));
#4183=CARTESIAN_POINT('Ctrl Pts',(60.8348290330964,-87.8649495970718,-3.28997491434876));
#4184=CARTESIAN_POINT('Ctrl Pts',(60.9969434766166,-88.1105846821886,-3.26415762657313));
#4185=CARTESIAN_POINT('Ctrl Pts',(61.2016645519535,-88.3282820645413,-3.24127670968162));
#4186=CARTESIAN_POINT('',(60.5573514899215,-86.5422348984297,-3.42899783122421));
#4187=CARTESIAN_POINT('',(60.4517596016334,-75.959802812864,-4.54125626282854));
#4188=CARTESIAN_POINT('',(58.091859215955,-86.5673887279344,-3.4263540572101));
#4189=CARTESIAN_POINT('',(64.7481455741867,-86.4994789259214,-3.43349166501773));
#4190=CARTESIAN_POINT('',(58.0937631695073,-86.7561115090252,-3.40651849362635));
#4191=CARTESIAN_POINT('',(57.9842425738427,-75.9002629637583,-4.54751415313663));
#4192=CARTESIAN_POINT('',(58.7246355144779,-89.0706364252015,-3.16325212230828));
#4193=CARTESIAN_POINT('Ctrl Pts',(58.7246355144779,-89.0706364252015,-3.16325212230828));
#4194=CARTESIAN_POINT('Ctrl Pts',(58.5162197426433,-88.7350415810091,-3.19852456176623));
#4195=CARTESIAN_POINT('Ctrl Pts',(58.3620763064309,-88.375780189152,-3.23628445561786));
#4196=CARTESIAN_POINT('Ctrl Pts',(58.148144935636,-87.5909156754154,-3.31877704012131));
#4197=CARTESIAN_POINT('Ctrl Pts',(58.0980913403267,-87.1748020275273,-3.36251234686619));
#4198=CARTESIAN_POINT('Ctrl Pts',(58.0937631695072,-86.7561115090252,-3.40651849362635));
#4199=CARTESIAN_POINT('Ctrl Pts',(60.4664413413009,-90.6001794144608,-3.00249067611622));
#4200=CARTESIAN_POINT('Ctrl Pts',(60.1049458962989,-90.4279849090944,-3.0205890479197));
#4201=CARTESIAN_POINT('Ctrl Pts',(59.7691648846076,-90.2138023685232,-3.0431005400537));
#4202=CARTESIAN_POINT('Ctrl Pts',(59.1768131367045,-89.6936360754507,-3.09777222049806));
#4203=CARTESIAN_POINT('Ctrl Pts',(58.9292505417367,-89.4001096444964,-3.12862309155378));
#4204=CARTESIAN_POINT('Ctrl Pts',(58.7246355144779,-89.0706364252015,-3.16325212230828));
#4205=CARTESIAN_POINT('Ctrl Pts',(63.1651913413009,-91.0571004315021,-2.35116137430516));
#4206=CARTESIAN_POINT('Ctrl Pts',(63.1651913413009,-91.1198175094626,-2.94787451152613));
#4207=CARTESIAN_POINT('Ctrl Pts',(62.679309723167,-91.0620827317836,-2.35063771344421));
#4208=CARTESIAN_POINT('Ctrl Pts',(62.679309723167,-91.1247998097442,-2.94735085066517));
#4209=CARTESIAN_POINT('Ctrl Pts',(62.1900367827344,-91.0270288273306,-2.35432202726482));
#4210=CARTESIAN_POINT('Ctrl Pts',(62.1900367827344,-91.0897459052912,-2.95103516448578));
#4211=CARTESIAN_POINT('Ctrl Pts',(61.2821395388145,-90.8522007495576,-2.37269719868212));
#4212=CARTESIAN_POINT('Ctrl Pts',(61.2821395388145,-90.9149178275182,-2.96941033590308));
#4213=CARTESIAN_POINT('Ctrl Pts',(60.8634287164432,-90.723359721974,-2.38623893635713));
#4214=CARTESIAN_POINT('Ctrl Pts',(60.8634287164432,-90.7860767999346,-2.98295207357809));
#4215=CARTESIAN_POINT('Ctrl Pts',(60.4664413413009,-90.5374623365001,-2.40577753889525));
#4216=CARTESIAN_POINT('Ctrl Pts',(60.4664413413009,-90.6001794144607,-3.00249067611622));
#4217=CARTESIAN_POINT('',(63.1651913413009,-91.0571004315021,-2.35116137430516));
#4218=CARTESIAN_POINT('',(60.4664413413009,-90.5374623365001,-2.40577753889525));
#4219=CARTESIAN_POINT('Ctrl Pts',(63.1651913413009,-91.0571004315021,-2.35116137430516));
#4220=CARTESIAN_POINT('Ctrl Pts',(62.679309723167,-91.0620827317836,-2.35063771344421));
#4221=CARTESIAN_POINT('Ctrl Pts',(62.1900367827344,-91.0270288273306,-2.35432202726482));
#4222=CARTESIAN_POINT('Ctrl Pts',(61.2821395388145,-90.8522007495576,-2.37269719868212));
#4223=CARTESIAN_POINT('Ctrl Pts',(60.8634287164432,-90.723359721974,-2.38623893635713));
#4224=CARTESIAN_POINT('Ctrl Pts',(60.4664413413009,-90.5374623365001,-2.40577753889525));
#4225=CARTESIAN_POINT('',(63.1651913413009,-91.0571004315021,-2.35116137430516));
#4226=CARTESIAN_POINT('',(60.4664413413009,-90.5374623365001,-2.40577753889525));
#4227=CARTESIAN_POINT('Ctrl Pts',(60.4664413413009,-90.5374623365002,-2.40577753889525));
#4228=CARTESIAN_POINT('Ctrl Pts',(60.4664413413009,-90.6001794144608,-3.00249067611622));
#4229=CARTESIAN_POINT('Ctrl Pts',(60.1049458962989,-90.3652678311338,-2.42387591069873));
#4230=CARTESIAN_POINT('Ctrl Pts',(60.1049458962989,-90.4279849090944,-3.0205890479197));
#4231=CARTESIAN_POINT('Ctrl Pts',(59.7691648846076,-90.1510852905626,-2.44638740283273));
#4232=CARTESIAN_POINT('Ctrl Pts',(59.7691648846076,-90.2138023685232,-3.0431005400537));
#4233=CARTESIAN_POINT('Ctrl Pts',(59.1768131367045,-89.6309189974901,-2.5010590832771));
#4234=CARTESIAN_POINT('Ctrl Pts',(59.1768131367045,-89.6936360754507,-3.09777222049806));
#4235=CARTESIAN_POINT('Ctrl Pts',(58.9292505417367,-89.3373925665358,-2.53190995433281));
#4236=CARTESIAN_POINT('Ctrl Pts',(58.9292505417367,-89.4001096444964,-3.12862309155378));
#4237=CARTESIAN_POINT('Ctrl Pts',(58.7246355144779,-89.0079193472409,-2.56653898508732));
#4238=CARTESIAN_POINT('Ctrl Pts',(58.7246355144779,-89.0706364252015,-3.16325212230828));
#4239=CARTESIAN_POINT('',(58.7246355144779,-89.0079193472409,-2.56653898508732));
#4240=CARTESIAN_POINT('Ctrl Pts',(60.4664413413009,-90.5374623365002,-2.40577753889525));
#4241=CARTESIAN_POINT('Ctrl Pts',(60.1049458962989,-90.3652678311338,-2.42387591069873));
#4242=CARTESIAN_POINT('Ctrl Pts',(59.7691648846076,-90.1510852905626,-2.44638740283273));
#4243=CARTESIAN_POINT('Ctrl Pts',(59.1768131367045,-89.6309189974901,-2.5010590832771));
#4244=CARTESIAN_POINT('Ctrl Pts',(58.9292505417367,-89.3373925665358,-2.53190995433281));
#4245=CARTESIAN_POINT('Ctrl Pts',(58.7246355144779,-89.0079193472409,-2.56653898508732));
#4246=CARTESIAN_POINT('',(58.7246355144779,-89.0079193472409,-2.56653898508732));
#4247=CARTESIAN_POINT('Ctrl Pts',(58.7246355144779,-89.0079193472409,-2.56653898508732));
#4248=CARTESIAN_POINT('Ctrl Pts',(58.7246355144779,-89.0706364252015,-3.16325212230828));
#4249=CARTESIAN_POINT('Ctrl Pts',(58.5162197426433,-88.6723245030485,-2.60181142454527));
#4250=CARTESIAN_POINT('Ctrl Pts',(58.5162197426433,-88.7350415810091,-3.19852456176623));
#4251=CARTESIAN_POINT('Ctrl Pts',(58.3620763064309,-88.3130631111914,-2.63957131839689));
#4252=CARTESIAN_POINT('Ctrl Pts',(58.3620763064309,-88.375780189152,-3.23628445561786));
#4253=CARTESIAN_POINT('Ctrl Pts',(58.148144935636,-87.5281985974548,-2.72206390290034));
#4254=CARTESIAN_POINT('Ctrl Pts',(58.148144935636,-87.5909156754154,-3.31877704012131));
#4255=CARTESIAN_POINT('Ctrl Pts',(58.0980913403267,-87.1120849495667,-2.76579920964523));
#4256=CARTESIAN_POINT('Ctrl Pts',(58.0980913403267,-87.1748020275273,-3.36251234686619));
#4257=CARTESIAN_POINT('Ctrl Pts',(58.0937631695072,-86.6933944310646,-2.80980535640538));
#4258=CARTESIAN_POINT('Ctrl Pts',(58.0937631695072,-86.7561115090252,-3.40651849362635));
#4259=CARTESIAN_POINT('',(58.0937631695073,-86.6933944310646,-2.80980535640538));
#4260=CARTESIAN_POINT('Ctrl Pts',(58.7246355144779,-89.0079193472409,-2.56653898508732));
#4261=CARTESIAN_POINT('Ctrl Pts',(58.5162197426433,-88.6723245030485,-2.60181142454527));
#4262=CARTESIAN_POINT('Ctrl Pts',(58.3620763064309,-88.3130631111914,-2.63957131839689));
#4263=CARTESIAN_POINT('Ctrl Pts',(58.148144935636,-87.5281985974548,-2.72206390290034));
#4264=CARTESIAN_POINT('Ctrl Pts',(58.0980913403267,-87.1120849495667,-2.76579920964523));
#4265=CARTESIAN_POINT('Ctrl Pts',(58.0937631695072,-86.6933944310646,-2.80980535640538));
#4266=CARTESIAN_POINT('',(58.0937631695073,-86.6933944310646,-2.80980535640538));
#4267=CARTESIAN_POINT('Origin',(58.0937631695073,-86.6933944310646,-2.80980535640538));
#4268=CARTESIAN_POINT('',(58.091859215955,-86.5046716499738,-2.82964091998914));
#4269=CARTESIAN_POINT('',(57.9966670182119,-77.069075768493,-3.82136200938815));
#4270=CARTESIAN_POINT('',(58.091859215955,-86.5046716499738,-2.82964091998914));
#4271=CARTESIAN_POINT('Origin',(58.091859215955,-86.5046716499738,-2.82964091998914));
#4272=CARTESIAN_POINT('',(60.5573514899215,-86.4795178204691,-2.83228469400324));
#4273=CARTESIAN_POINT('',(110.357110740504,-85.9714429557477,-2.8856855141175));
#4274=CARTESIAN_POINT('',(60.5573514899215,-86.4795178204691,-2.83228469400324));
#4275=CARTESIAN_POINT('Origin',(60.5573514899215,-86.4795178204691,-2.83228469400324));
#4276=CARTESIAN_POINT('',(60.5590455079675,-86.6492925182693,-2.81444065422349));
#4277=CARTESIAN_POINT('',(60.4622081940741,-76.9442449597841,-3.83448225607509));
#4278=CARTESIAN_POINT('',(60.5590455079675,-86.6492925182693,-2.81444065422349));
#4279=CARTESIAN_POINT('Ctrl Pts',(60.5590455079675,-86.6492925182693,-2.81444065422349));
#4280=CARTESIAN_POINT('Ctrl Pts',(60.5590455079675,-86.7120095962299,-3.41115379144445));
#4281=CARTESIAN_POINT('Ctrl Pts',(60.5621901350748,-86.9507006495232,-2.78276138308519));
#4282=CARTESIAN_POINT('Ctrl Pts',(60.5621901350748,-87.0134177274838,-3.37947452030615));
#4283=CARTESIAN_POINT('Ctrl Pts',(60.6131696431565,-87.2447211233871,-2.75185858602727));
#4284=CARTESIAN_POINT('Ctrl Pts',(60.6131696431565,-87.3074382013477,-3.34857172324824));
#4285=CARTESIAN_POINT('Ctrl Pts',(60.8348290330964,-87.8022325191112,-2.6932617771278));
#4286=CARTESIAN_POINT('Ctrl Pts',(60.8348290330964,-87.8649495970718,-3.28997491434876));
#4287=CARTESIAN_POINT('Ctrl Pts',(60.9969434766166,-88.047867604228,-2.66744448935217));
#4288=CARTESIAN_POINT('Ctrl Pts',(60.9969434766166,-88.1105846821886,-3.26415762657313));
#4289=CARTESIAN_POINT('Ctrl Pts',(61.2016645519535,-88.2655649865807,-2.64456357246066));
#4290=CARTESIAN_POINT('Ctrl Pts',(61.2016645519535,-88.3282820645413,-3.24127670968162));
#4291=CARTESIAN_POINT('',(61.2016645519535,-88.2655649865807,-2.64456357246066));
#4292=CARTESIAN_POINT('Ctrl Pts',(60.5590455079675,-86.6492925182693,-2.81444065422349));
#4293=CARTESIAN_POINT('Ctrl Pts',(60.5621901350748,-86.9507006495232,-2.78276138308519));
#4294=CARTESIAN_POINT('Ctrl Pts',(60.6131696431565,-87.2447211233871,-2.75185858602727));
#4295=CARTESIAN_POINT('Ctrl Pts',(60.8348290330964,-87.8022325191112,-2.6932617771278));
#4296=CARTESIAN_POINT('Ctrl Pts',(60.9969434766166,-88.047867604228,-2.66744448935217));
#4297=CARTESIAN_POINT('Ctrl Pts',(61.2016645519535,-88.2655649865807,-2.64456357246066));
#4298=CARTESIAN_POINT('',(61.2016645519535,-88.2655649865807,-2.64456357246066));
#4299=CARTESIAN_POINT('Ctrl Pts',(61.2016645519535,-88.2655649865807,-2.64456357246066));
#4300=CARTESIAN_POINT('Ctrl Pts',(61.2016645519535,-88.3282820645413,-3.24127670968162));
#4301=CARTESIAN_POINT('Ctrl Pts',(61.3804033824815,-88.4448827221759,-2.62571651899135));
#4302=CARTESIAN_POINT('Ctrl Pts',(61.3804033824815,-88.5075998001365,-3.22242965621231));
#4303=CARTESIAN_POINT('Ctrl Pts',(61.5887031285406,-88.5822810680303,-2.61127537092355));
#4304=CARTESIAN_POINT('Ctrl Pts',(61.5887031285406,-88.6449981459909,-3.20798850814451));
#4305=CARTESIAN_POINT('Ctrl Pts',(62.0093856388767,-88.7643247276454,-2.59214181129474));
#4306=CARTESIAN_POINT('Ctrl Pts',(62.0093856388767,-88.827041805606,-3.1888549485157));
#4307=CARTESIAN_POINT('Ctrl Pts',(62.2077002655456,-88.8193546916818,-2.586357929008));
#4308=CARTESIAN_POINT('Ctrl Pts',(62.2077002655456,-88.8820717696424,-3.18307106622896));
#4309=CARTESIAN_POINT('Ctrl Pts',(62.6380769386056,-88.8943116103956,-2.57847963938871));
#4310=CARTESIAN_POINT('Ctrl Pts',(62.6380769386056,-88.9570286883562,-3.17519277660968));
#4311=CARTESIAN_POINT('Ctrl Pts',(62.8729871389915,-88.9089289902588,-2.5769432908566));
#4312=CARTESIAN_POINT('Ctrl Pts',(62.8729871389915,-88.9716460682194,-3.17365642807756));
#4313=CARTESIAN_POINT('Ctrl Pts',(63.104972148796,-88.9065588257428,-2.57719240518551));
#4314=CARTESIAN_POINT('Ctrl Pts',(63.104972148796,-88.9692759037034,-3.17390554240647));
#4315=CARTESIAN_POINT('',(63.104972148796,-88.9065588257428,-2.5771924051855));
#4316=CARTESIAN_POINT('Ctrl Pts',(61.2016645519535,-88.2655649865807,-2.64456357246066));
#4317=CARTESIAN_POINT('Ctrl Pts',(61.3804033824815,-88.4448827221759,-2.62571651899135));
#4318=CARTESIAN_POINT('Ctrl Pts',(61.5887031285406,-88.5822810680303,-2.61127537092355));
#4319=CARTESIAN_POINT('Ctrl Pts',(62.0093856388767,-88.7643247276454,-2.59214181129474));
#4320=CARTESIAN_POINT('Ctrl Pts',(62.2077002655456,-88.8193546916818,-2.586357929008));
#4321=CARTESIAN_POINT('Ctrl Pts',(62.6380769386056,-88.8943116103956,-2.57847963938871));
#4322=CARTESIAN_POINT('Ctrl Pts',(62.8729871389915,-88.9089289902588,-2.5769432908566));
#4323=CARTESIAN_POINT('Ctrl Pts',(63.104972148796,-88.9065588257428,-2.57719240518551));
#4324=CARTESIAN_POINT('',(63.104972148796,-88.9065588257428,-2.5771924051855));
#4325=CARTESIAN_POINT('Ctrl Pts',(63.104972148796,-88.9065588257428,-2.57719240518551));
#4326=CARTESIAN_POINT('Ctrl Pts',(63.104972148796,-88.9692759037034,-3.17390554240647));
#4327=CARTESIAN_POINT('Ctrl Pts',(63.47711193255,-88.9027571940602,-2.57759197277627));
#4328=CARTESIAN_POINT('Ctrl Pts',(63.47711193255,-88.9654742720208,-3.17430510999724));
#4329=CARTESIAN_POINT('Ctrl Pts',(63.8573456906792,-88.8550789056604,-2.5826031628173));
#4330=CARTESIAN_POINT('Ctrl Pts',(63.8573456906792,-88.917795983621,-3.17931630003827));
#4331=CARTESIAN_POINT('Ctrl Pts',(64.3619769161693,-88.675295522077,-2.60149915786232));
#4332=CARTESIAN_POINT('Ctrl Pts',(64.3619769161693,-88.7380126000376,-3.19821229508328));
#4333=CARTESIAN_POINT('Ctrl Pts',(64.5094996940108,-88.6058260146938,-2.60880069731011));
#4334=CARTESIAN_POINT('Ctrl Pts',(64.5094996940108,-88.6685430926544,-3.20551383453108));
#4335=CARTESIAN_POINT('Ctrl Pts',(64.7813736404486,-88.4359076239233,-2.62665983982961));
#4336=CARTESIAN_POINT('Ctrl Pts',(64.7813736404486,-88.4986247018839,-3.22337297705058));
#4337=CARTESIAN_POINT('Ctrl Pts',(64.9034353617227,-88.3385371080827,-2.63689389343447));
#4338=CARTESIAN_POINT('Ctrl Pts',(64.9034353617227,-88.4012541860433,-3.23360703065543));
#4339=CARTESIAN_POINT('Ctrl Pts',(65.0136767030359,-88.2266216806279,-2.64865667885153));
#4340=CARTESIAN_POINT('Ctrl Pts',(65.0136767030359,-88.2893387585885,-3.24536981607249));
#4341=CARTESIAN_POINT('',(65.0136767030359,-88.226621680628,-2.64865667885153));
#4342=CARTESIAN_POINT('Ctrl Pts',(63.104972148796,-88.9065588257428,-2.57719240518551));
#4343=CARTESIAN_POINT('Ctrl Pts',(63.47711193255,-88.9027571940602,-2.57759197277627));
#4344=CARTESIAN_POINT('Ctrl Pts',(63.8573456906792,-88.8550789056604,-2.5826031628173));
#4345=CARTESIAN_POINT('Ctrl Pts',(64.3619769161693,-88.675295522077,-2.60149915786232));
#4346=CARTESIAN_POINT('Ctrl Pts',(64.5094996940108,-88.6058260146938,-2.60880069731011));
#4347=CARTESIAN_POINT('Ctrl Pts',(64.7813736404486,-88.4359076239233,-2.62665983982961));
#4348=CARTESIAN_POINT('Ctrl Pts',(64.9034353617227,-88.3385371080827,-2.63689389343447));
#4349=CARTESIAN_POINT('Ctrl Pts',(65.0136767030359,-88.2266216806279,-2.64865667885153));
#4350=CARTESIAN_POINT('',(65.0136767030359,-88.226621680628,-2.64865667885153));
#4351=CARTESIAN_POINT('Ctrl Pts',(65.0136767030359,-88.226621680628,-2.64865667885153));
#4352=CARTESIAN_POINT('Ctrl Pts',(65.0136767030359,-88.2893387585886,-3.24536981607249));
#4353=CARTESIAN_POINT('Ctrl Pts',(65.2255285155439,-88.0114245745019,-2.6712748061223));
#4354=CARTESIAN_POINT('Ctrl Pts',(65.2255285155439,-88.0741416524625,-3.26798794334326));
#4355=CARTESIAN_POINT('Ctrl Pts',(65.3893027780192,-87.7649396405875,-2.69718141660588));
#4356=CARTESIAN_POINT('Ctrl Pts',(65.3893027780192,-87.8276567185481,-3.29389455382684));
#4357=CARTESIAN_POINT('Ctrl Pts',(65.6312899064549,-87.1602273884223,-2.76073923542549));
#4358=CARTESIAN_POINT('Ctrl Pts',(65.6312899064549,-87.2229444663829,-3.35745237264645));
#4359=CARTESIAN_POINT('Ctrl Pts',(65.6818157200456,-86.8144627311847,-2.79708056530634));
#4360=CARTESIAN_POINT('Ctrl Pts',(65.6818157200456,-86.8771798091453,-3.39379370252731));
#4361=CARTESIAN_POINT('Ctrl Pts',(65.6782033245365,-86.4648867780232,-2.83382247853066));
#4362=CARTESIAN_POINT('Ctrl Pts',(65.6782033245365,-86.5276038559838,-3.43053561575162));
#4363=CARTESIAN_POINT('',(65.6782033245365,-86.4648867780231,-2.83382247853066));
#4364=CARTESIAN_POINT('Ctrl Pts',(65.0136767030359,-88.226621680628,-2.64865667885153));
#4365=CARTESIAN_POINT('Ctrl Pts',(65.2255285155439,-88.0114245745019,-2.6712748061223));
#4366=CARTESIAN_POINT('Ctrl Pts',(65.3893027780192,-87.7649396405875,-2.69718141660588));
#4367=CARTESIAN_POINT('Ctrl Pts',(65.6312899064549,-87.1602273884223,-2.76073923542549));
#4368=CARTESIAN_POINT('Ctrl Pts',(65.6818157200456,-86.8144627311847,-2.79708056530634));
#4369=CARTESIAN_POINT('Ctrl Pts',(65.6782033245365,-86.4648867780232,-2.83382247853066));
#4370=CARTESIAN_POINT('',(65.6782033245365,-86.4648867780231,-2.83382247853066));
#4371=CARTESIAN_POINT('Origin',(65.6782033245365,-86.4648867780231,-2.83382247853067));
#4372=CARTESIAN_POINT('',(65.6762993709843,-86.2761672090163,-2.85365770451079));
#4373=CARTESIAN_POINT('',(65.5818764471239,-76.9169822255749,-3.8373476849054));
#4374=CARTESIAN_POINT('',(65.6762993709843,-86.2761672090163,-2.85365770451079));
#4375=CARTESIAN_POINT('Ctrl Pts',(65.6762993709843,-86.2761672090163,-2.85365770451079));
#4376=CARTESIAN_POINT('Ctrl Pts',(65.6762993709843,-86.3388842869769,-3.45037084173175));
#4377=CARTESIAN_POINT('Ctrl Pts',(65.6729346230264,-85.9516249244425,-2.8877684731423));
#4378=CARTESIAN_POINT('Ctrl Pts',(65.6729346230264,-86.0143420024031,-3.48448161036326));
#4379=CARTESIAN_POINT('Ctrl Pts',(65.6212785633217,-85.6295568340063,-2.92161919349107));
#4380=CARTESIAN_POINT('Ctrl Pts',(65.6212785633217,-85.6922739119669,-3.51833233071204));
#4381=CARTESIAN_POINT('Ctrl Pts',(65.4379362097881,-85.1916148279156,-2.96764875313195));
#4382=CARTESIAN_POINT('Ctrl Pts',(65.4379362097881,-85.2543319058762,-3.56436189035292));
#4383=CARTESIAN_POINT('Ctrl Pts',(65.3656946466419,-85.0612882907402,-2.98134662415659));
#4384=CARTESIAN_POINT('Ctrl Pts',(65.3656946466419,-85.1240053687008,-3.57805976137756));
#4385=CARTESIAN_POINT('Ctrl Pts',(65.1903542326334,-84.8163146763107,-3.00709438856147));
#4386=CARTESIAN_POINT('Ctrl Pts',(65.1903542326334,-84.8790317542713,-3.60380752578244));
#4387=CARTESIAN_POINT('Ctrl Pts',(65.0891413475648,-84.7047999988909,-3.01881505345258));
#4388=CARTESIAN_POINT('Ctrl Pts',(65.0891413475648,-84.7675170768515,-3.61552819067354));
#4389=CARTESIAN_POINT('Ctrl Pts',(64.9762112896244,-84.6038984809991,-3.02942023032774));
#4390=CARTESIAN_POINT('Ctrl Pts',(64.9762112896244,-84.6666155589597,-3.62613336754871));
#4391=CARTESIAN_POINT('',(64.9762112896244,-84.6038984809991,-3.02942023032774));
#4392=CARTESIAN_POINT('Ctrl Pts',(65.6762993709843,-86.2761672090163,-2.85365770451079));
#4393=CARTESIAN_POINT('Ctrl Pts',(65.6729346230264,-85.9516249244425,-2.8877684731423));
#4394=CARTESIAN_POINT('Ctrl Pts',(65.6212785633217,-85.6295568340063,-2.92161919349107));
#4395=CARTESIAN_POINT('Ctrl Pts',(65.4379362097881,-85.1916148279156,-2.96764875313195));
#4396=CARTESIAN_POINT('Ctrl Pts',(65.3656946466419,-85.0612882907402,-2.98134662415659));
#4397=CARTESIAN_POINT('Ctrl Pts',(65.1903542326334,-84.8163146763107,-3.00709438856147));
#4398=CARTESIAN_POINT('Ctrl Pts',(65.0891413475648,-84.7047999988909,-3.01881505345258));
#4399=CARTESIAN_POINT('Ctrl Pts',(64.9762112896244,-84.6038984809991,-3.02942023032774));
#4400=CARTESIAN_POINT('',(64.9762112896244,-84.6038984809991,-3.02942023032774));
#4401=CARTESIAN_POINT('Ctrl Pts',(64.9762112896244,-84.6038984809991,-3.02942023032775));
#4402=CARTESIAN_POINT('Ctrl Pts',(64.9762112896244,-84.6666155589597,-3.62613336754871));
#4403=CARTESIAN_POINT('Ctrl Pts',(64.7554290738861,-84.4010722491308,-3.05073812632008));
#4404=CARTESIAN_POINT('Ctrl Pts',(64.7554290738861,-84.4637893270914,-3.64745126354105));
#4405=CARTESIAN_POINT('Ctrl Pts',(64.5047649969184,-84.2467448814558,-3.06695858628013));
#4406=CARTESIAN_POINT('Ctrl Pts',(64.5047649969184,-84.3094619594164,-3.66367172350109));
#4407=CARTESIAN_POINT('Ctrl Pts',(63.9265343784837,-84.0377378686965,-3.08892610852136));
#4408=CARTESIAN_POINT('Ctrl Pts',(63.9265343784837,-84.1004549466571,-3.68563924574233));
#4409=CARTESIAN_POINT('Ctrl Pts',(63.6154767652419,-83.9951637118755,-3.09340083271611));
#4410=CARTESIAN_POINT('Ctrl Pts',(63.6154767652419,-84.0578807898361,-3.69011396993707));
#4411=CARTESIAN_POINT('Ctrl Pts',(63.3008694291711,-83.998375685027,-3.09306324073433));
#4412=CARTESIAN_POINT('Ctrl Pts',(63.3008694291711,-84.0610927629876,-3.6897763779553));
#4413=CARTESIAN_POINT('',(63.3008694291711,-83.998375685027,-3.09306324073433));
#4414=CARTESIAN_POINT('Ctrl Pts',(64.9762112896244,-84.6038984809991,-3.02942023032775));
#4415=CARTESIAN_POINT('Ctrl Pts',(64.7554290738861,-84.4010722491308,-3.05073812632008));
#4416=CARTESIAN_POINT('Ctrl Pts',(64.5047649969184,-84.2467448814558,-3.06695858628013));
#4417=CARTESIAN_POINT('Ctrl Pts',(63.9265343784837,-84.0377378686965,-3.08892610852136));
#4418=CARTESIAN_POINT('Ctrl Pts',(63.6154767652419,-83.9951637118755,-3.09340083271611));
#4419=CARTESIAN_POINT('Ctrl Pts',(63.3008694291711,-83.998375685027,-3.09306324073433));
#4420=CARTESIAN_POINT('',(63.3008694291711,-83.998375685027,-3.09306324073433));
#4421=CARTESIAN_POINT('Ctrl Pts',(63.3008694291711,-83.998375685027,-3.09306324073433));
#4422=CARTESIAN_POINT('Ctrl Pts',(63.3008694291711,-84.0610927629876,-3.6897763779553));
#4423=CARTESIAN_POINT('Ctrl Pts',(63.133948225622,-84.0000526985298,-3.09288697951259));
#4424=CARTESIAN_POINT('Ctrl Pts',(63.133948225622,-84.0627697764904,-3.68960011673356));
#4425=CARTESIAN_POINT('Ctrl Pts',(62.9630926502661,-84.0122169352218,-3.09160846671748));
#4426=CARTESIAN_POINT('Ctrl Pts',(62.9630926502661,-84.0749340131824,-3.68832160393844));
#4427=CARTESIAN_POINT('Ctrl Pts',(62.6599836106175,-84.0656661420099,-3.08599072871246));
#4428=CARTESIAN_POINT('Ctrl Pts',(62.6599836106175,-84.1283832199705,-3.68270386593343));
#4429=CARTESIAN_POINT('Ctrl Pts',(62.5213543100696,-84.1028780780136,-3.08207959663604));
#4430=CARTESIAN_POINT('Ctrl Pts',(62.5213543100696,-84.1655951559742,-3.678792733857));
#4431=CARTESIAN_POINT('Ctrl Pts',(62.3920780015588,-84.1585719484531,-3.07622593497451));
#4432=CARTESIAN_POINT('Ctrl Pts',(62.3920780015588,-84.2212890264137,-3.67293907219547));
#4433=CARTESIAN_POINT('',(62.3920780015588,-84.1585719484531,-3.07622593497451));
#4434=CARTESIAN_POINT('Ctrl Pts',(63.3008694291711,-83.998375685027,-3.09306324073433));
#4435=CARTESIAN_POINT('Ctrl Pts',(63.133948225622,-84.0000526985298,-3.09288697951259));
#4436=CARTESIAN_POINT('Ctrl Pts',(62.9630926502661,-84.0122169352218,-3.09160846671748));
#4437=CARTESIAN_POINT('Ctrl Pts',(62.6599836106175,-84.0656661420099,-3.08599072871246));
#4438=CARTESIAN_POINT('Ctrl Pts',(62.5213543100696,-84.1028780780136,-3.08207959663604));
#4439=CARTESIAN_POINT('Ctrl Pts',(62.3920780015588,-84.1585719484531,-3.07622593497451));
#4440=CARTESIAN_POINT('',(62.3920780015588,-84.1585719484531,-3.07622593497451));
#4441=CARTESIAN_POINT('Ctrl Pts',(62.3920780015588,-84.1585719484531,-3.07622593497451));
#4442=CARTESIAN_POINT('Ctrl Pts',(62.3920780015588,-84.2212890264137,-3.67293907219547));
#4443=CARTESIAN_POINT('Ctrl Pts',(62.2792323911712,-84.2072360887621,-3.07111112772247));
#4444=CARTESIAN_POINT('Ctrl Pts',(62.2792323911712,-84.2699531667227,-3.66782426494343));
#4445=CARTESIAN_POINT('Ctrl Pts',(62.1693673351366,-84.2643749853663,-3.06510558769097));
#4446=CARTESIAN_POINT('Ctrl Pts',(62.1693673351366,-84.3270920633269,-3.66181872491193));
#4447=CARTESIAN_POINT('Ctrl Pts',(61.973468210704,-84.3929974291871,-3.05158682409517));
#4448=CARTESIAN_POINT('Ctrl Pts',(61.973468210704,-84.4557145071477,-3.64829996131614));
#4449=CARTESIAN_POINT('Ctrl Pts',(61.886266280257,-84.4626194617972,-3.04426925360005));
#4450=CARTESIAN_POINT('Ctrl Pts',(61.886266280257,-84.5253365397578,-3.64098239082101));
#4451=CARTESIAN_POINT('Ctrl Pts',(61.8080907146733,-84.5420112593074,-3.03592483943637));
#4452=CARTESIAN_POINT('Ctrl Pts',(61.8080907146733,-84.604728337268,-3.63263797665734));
#4453=CARTESIAN_POINT('',(61.8080907146733,-84.5420112593074,-3.03592483943637));
#4454=CARTESIAN_POINT('Ctrl Pts',(62.3920780015588,-84.1585719484531,-3.07622593497451));
#4455=CARTESIAN_POINT('Ctrl Pts',(62.2792323911712,-84.2072360887621,-3.07111112772247));
#4456=CARTESIAN_POINT('Ctrl Pts',(62.1693673351366,-84.2643749853663,-3.06510558769097));
#4457=CARTESIAN_POINT('Ctrl Pts',(61.973468210704,-84.3929974291871,-3.05158682409517));
#4458=CARTESIAN_POINT('Ctrl Pts',(61.886266280257,-84.4626194617972,-3.04426925360005));
#4459=CARTESIAN_POINT('Ctrl Pts',(61.8080907146733,-84.5420112593074,-3.03592483943637));
#4460=CARTESIAN_POINT('',(61.8080907146733,-84.5420112593074,-3.03592483943637));
#4461=CARTESIAN_POINT('Ctrl Pts',(61.8080907146733,-84.5420112593074,-3.03592483943637));
#4462=CARTESIAN_POINT('Ctrl Pts',(61.8080907146733,-84.604728337268,-3.63263797665734));
#4463=CARTESIAN_POINT('Ctrl Pts',(61.7361282807906,-84.6150416846897,-3.02824903242544));
#4464=CARTESIAN_POINT('Ctrl Pts',(61.7361282807906,-84.6777587626503,-3.6249621696464));
#4465=CARTESIAN_POINT('Ctrl Pts',(61.6667876291666,-84.6912815018252,-3.02023590474861));
#4466=CARTESIAN_POINT('Ctrl Pts',(61.6667876291666,-84.7539985797858,-3.61694904196958));
#4467=CARTESIAN_POINT('Ctrl Pts',(61.5418664800182,-84.8435763294399,-3.00422907335726));
#4468=CARTESIAN_POINT('Ctrl Pts',(61.5418664800182,-84.9062934074005,-3.60094221057822));
#4469=CARTESIAN_POINT('Ctrl Pts',(61.4852023236183,-84.9197097477667,-2.99622712864585));
#4470=CARTESIAN_POINT('Ctrl Pts',(61.4852023236183,-84.9824268257273,-3.59294026586682));
#4471=CARTESIAN_POINT('Ctrl Pts',(61.4334398103357,-84.9987053569942,-2.98792435554865));
#4472=CARTESIAN_POINT('Ctrl Pts',(61.4334398103357,-85.0614224349548,-3.58463749276962));
#4473=CARTESIAN_POINT('',(61.4334398103357,-84.9987053569942,-2.98792435554865));
#4474=CARTESIAN_POINT('Ctrl Pts',(61.8080907146733,-84.5420112593074,-3.03592483943637));
#4475=CARTESIAN_POINT('Ctrl Pts',(61.7361282807906,-84.6150416846897,-3.02824903242544));
#4476=CARTESIAN_POINT('Ctrl Pts',(61.6667876291666,-84.6912815018252,-3.02023590474861));
#4477=CARTESIAN_POINT('Ctrl Pts',(61.5418664800182,-84.8435763294399,-3.00422907335726));
#4478=CARTESIAN_POINT('Ctrl Pts',(61.4852023236183,-84.9197097477667,-2.99622712864585));
#4479=CARTESIAN_POINT('Ctrl Pts',(61.4334398103357,-84.9987053569942,-2.98792435554865));
#4480=CARTESIAN_POINT('',(61.4334398103357,-84.9987053569942,-2.98792435554865));
#4481=CARTESIAN_POINT('Origin',(61.4334398103357,-84.9987053569942,-2.98792435554865));
#4482=CARTESIAN_POINT('',(58.4939196229578,-85.0287030091133,-2.98477147526291));
#4483=CARTESIAN_POINT('',(112.020332266169,-84.4824687248415,-3.04218301198719));
#4484=CARTESIAN_POINT('',(58.4939196229578,-85.0287030091133,-2.98477147526291));
#4485=CARTESIAN_POINT('Origin',(58.4939196229578,-85.0287030091133,-2.98477147526291));
#4486=CARTESIAN_POINT('',(58.417507943372,-77.632429995346,-3.76215109419108));
#4487=CARTESIAN_POINT('',(58.4031965187166,-76.2471548052034,-3.90774938368353));
#4488=CARTESIAN_POINT('',(58.417507943372,-77.632429995346,-3.76215109419108));
#4489=CARTESIAN_POINT('Origin',(58.417507943372,-77.632429995346,-3.76215109419108));
#4490=CARTESIAN_POINT('',(67.4827685634891,-77.5398063422239,-3.77188623241999));
#4491=CARTESIAN_POINT('',(110.47426756635,-77.1005437707759,-3.81805458907287));
#4492=CARTESIAN_POINT('',(67.4827685634891,-77.5398063422239,-3.77188623241999));
#4493=CARTESIAN_POINT('Origin',(67.4827685634891,-77.5398063422239,-3.77188623241999));
#4494=CARTESIAN_POINT('',(67.505415759941,-79.7285524746246,-3.54183974398331));
#4495=CARTESIAN_POINT('',(67.4301776988522,-72.4571440436728,-4.30609556642289));
#4496=CARTESIAN_POINT('',(67.505415759941,-79.7285524746246,-3.54183974398331));
#4497=CARTESIAN_POINT('Origin',(67.505415759941,-79.7285524746246,-3.54183974398331));
#4498=CARTESIAN_POINT('',(60.8676555467248,-79.7963370824702,-3.53471529461291));
#4499=CARTESIAN_POINT('',(115.029495264762,-79.2432380027275,-3.59284835041542));
#4500=CARTESIAN_POINT('',(60.8676555467248,-79.7963370824702,-3.53471529461291));
#4501=CARTESIAN_POINT('Origin',(60.8676555467248,-79.7963370824702,-3.53471529461291));
#4502=CARTESIAN_POINT('',(60.900993305107,-83.0227790595656,-3.19560257798123));
#4503=CARTESIAN_POINT('',(60.8038235276467,-73.6186480046583,-4.18401658084546));
#4504=CARTESIAN_POINT('',(60.900993305107,-83.0227790595656,-3.19560257798123));
#4505=CARTESIAN_POINT('Origin',(60.900993305107,-83.0227790595656,-3.19560257798123));
#4506=CARTESIAN_POINT('',(61.2423048361739,-83.0193067968029,-3.19596752750354));
#4507=CARTESIAN_POINT('',(111.743655786406,-82.5055416748899,-3.24996641774838));
#4508=CARTESIAN_POINT('',(61.2423048361739,-83.0193067968029,-3.19596752750354));
#4509=CARTESIAN_POINT('Ctrl Pts',(61.2423048361739,-83.0193067968029,-3.19596752750354));
#4510=CARTESIAN_POINT('Ctrl Pts',(61.2423048361739,-83.0820238747635,-3.79268066472451));
#4511=CARTESIAN_POINT('Ctrl Pts',(61.3082190456902,-82.9322357680891,-3.2051190613903));
#4512=CARTESIAN_POINT('Ctrl Pts',(61.3082190456902,-82.9949528460497,-3.80183219861126));
#4513=CARTESIAN_POINT('Ctrl Pts',(61.3830558650757,-82.8513042613158,-3.21362530551861));
#4514=CARTESIAN_POINT('Ctrl Pts',(61.3830558650757,-82.9140213392764,-3.81033844273957));
#4515=CARTESIAN_POINT('Ctrl Pts',(61.5522973259332,-82.6921052913734,-3.23035779150948));
#4516=CARTESIAN_POINT('Ctrl Pts',(61.5522973259332,-82.754822369334,-3.82707092873045));
#4517=CARTESIAN_POINT('Ctrl Pts',(61.6494318391596,-82.614093595682,-3.23855715112691));
#4518=CARTESIAN_POINT('Ctrl Pts',(61.6494318391596,-82.6768106736426,-3.83527028834787));
#4519=CARTESIAN_POINT('Ctrl Pts',(61.7494589575728,-82.5422962680578,-3.24610335434097));
#4520=CARTESIAN_POINT('Ctrl Pts',(61.7494589575728,-82.6050133460184,-3.84281649156193));
#4521=CARTESIAN_POINT('',(61.7494589575728,-82.5422962680578,-3.24610335434097));
#4522=CARTESIAN_POINT('Ctrl Pts',(61.2423048361739,-83.0193067968029,-3.19596752750354));
#4523=CARTESIAN_POINT('Ctrl Pts',(61.3082190456902,-82.9322357680891,-3.2051190613903));
#4524=CARTESIAN_POINT('Ctrl Pts',(61.3830558650757,-82.8513042613158,-3.21362530551861));
#4525=CARTESIAN_POINT('Ctrl Pts',(61.5522973259332,-82.6921052913734,-3.23035779150948));
#4526=CARTESIAN_POINT('Ctrl Pts',(61.6494318391596,-82.614093595682,-3.23855715112691));
#4527=CARTESIAN_POINT('Ctrl Pts',(61.7494589575728,-82.5422962680578,-3.24610335434097));
#4528=CARTESIAN_POINT('',(61.7494589575728,-82.5422962680578,-3.24610335434097));
#4529=CARTESIAN_POINT('Ctrl Pts',(61.7494589575728,-82.5422962680578,-3.24610335434097));
#4530=CARTESIAN_POINT('Ctrl Pts',(61.7494589575728,-82.6050133460184,-3.84281649156193));
#4531=CARTESIAN_POINT('Ctrl Pts',(61.8639917808251,-82.4601292038019,-3.25473946079361));
#4532=CARTESIAN_POINT('Ctrl Pts',(61.8639917808251,-82.5228462817625,-3.85145259801457));
#4533=CARTESIAN_POINT('Ctrl Pts',(61.9892539691496,-82.3904022960739,-3.2620680541078));
#4534=CARTESIAN_POINT('Ctrl Pts',(61.9892539691496,-82.4531193740345,-3.85878119132876));
#4535=CARTESIAN_POINT('Ctrl Pts',(62.2659522903639,-82.2618452174288,-3.27557994754679));
#4536=CARTESIAN_POINT('Ctrl Pts',(62.2659522903639,-82.3245622953894,-3.87229308476775));
#4537=CARTESIAN_POINT('Ctrl Pts',(62.4231199668464,-82.2044294954372,-3.28161458309894));
#4538=CARTESIAN_POINT('Ctrl Pts',(62.4231199668464,-82.2671465733978,-3.8783277203199));
#4539=CARTESIAN_POINT('Ctrl Pts',(62.5800381049117,-82.1564382579803,-3.2866586654113));
#4540=CARTESIAN_POINT('Ctrl Pts',(62.5800381049117,-82.2191553359409,-3.88337180263226));
#4541=CARTESIAN_POINT('',(62.5800381049117,-82.1564382579803,-3.2866586654113));
#4542=CARTESIAN_POINT('Ctrl Pts',(61.7494589575728,-82.5422962680578,-3.24610335434097));
#4543=CARTESIAN_POINT('Ctrl Pts',(61.8639917808251,-82.4601292038019,-3.25473946079361));
#4544=CARTESIAN_POINT('Ctrl Pts',(61.9892539691496,-82.3904022960739,-3.2620680541078));
#4545=CARTESIAN_POINT('Ctrl Pts',(62.2659522903639,-82.2618452174288,-3.27557994754679));
#4546=CARTESIAN_POINT('Ctrl Pts',(62.4231199668464,-82.2044294954372,-3.28161458309894));
#4547=CARTESIAN_POINT('Ctrl Pts',(62.5800381049117,-82.1564382579803,-3.2866586654113));
#4548=CARTESIAN_POINT('',(62.5800381049117,-82.1564382579803,-3.2866586654113));
#4549=CARTESIAN_POINT('Ctrl Pts',(62.5800381049117,-82.1564382579803,-3.2866586654113));
#4550=CARTESIAN_POINT('Ctrl Pts',(62.5800381049117,-82.2191553359409,-3.88337180263226));
#4551=CARTESIAN_POINT('Ctrl Pts',(62.7615315477634,-82.1009295547506,-3.29249286521485));
#4552=CARTESIAN_POINT('Ctrl Pts',(62.7615315477634,-82.1636466327112,-3.88920600243581));
#4553=CARTESIAN_POINT('Ctrl Pts',(62.9502429109531,-82.0628863496246,-3.29649136719667));
#4554=CARTESIAN_POINT('Ctrl Pts',(62.9502429109531,-82.1256034275852,-3.89320450441763));
#4555=CARTESIAN_POINT('Ctrl Pts',(63.3540108032941,-82.0084849300924,-3.30220918679397));
#4556=CARTESIAN_POINT('Ctrl Pts',(63.3540108032941,-82.071202008053,-3.89892232401494));
#4557=CARTESIAN_POINT('Ctrl Pts',(63.5746998761953,-81.9953357634222,-3.30359121990122));
#4558=CARTESIAN_POINT('Ctrl Pts',(63.5746998761953,-82.0580528413828,-3.90030435712218));
#4559=CARTESIAN_POINT('Ctrl Pts',(63.7922541642786,-81.9930845160197,-3.30382783553785));
#4560=CARTESIAN_POINT('Ctrl Pts',(63.7922541642786,-82.0558015939803,-3.90054097275882));
#4561=CARTESIAN_POINT('',(63.7922541642786,-81.9930845160197,-3.30382783553785));
#4562=CARTESIAN_POINT('Ctrl Pts',(62.5800381049117,-82.1564382579803,-3.2866586654113));
#4563=CARTESIAN_POINT('Ctrl Pts',(62.7615315477634,-82.1009295547506,-3.29249286521485));
#4564=CARTESIAN_POINT('Ctrl Pts',(62.9502429109531,-82.0628863496246,-3.29649136719667));
#4565=CARTESIAN_POINT('Ctrl Pts',(63.3540108032941,-82.0084849300924,-3.30220918679397));
#4566=CARTESIAN_POINT('Ctrl Pts',(63.5746998761953,-81.9953357634222,-3.30359121990122));
#4567=CARTESIAN_POINT('Ctrl Pts',(63.7922541642786,-81.9930845160197,-3.30382783553785));
#4568=CARTESIAN_POINT('',(63.7922541642786,-81.9930845160197,-3.30382783553785));
#4569=CARTESIAN_POINT('Ctrl Pts',(63.7922541642785,-81.9930845160197,-3.30382783553785));
#4570=CARTESIAN_POINT('Ctrl Pts',(63.7922541642785,-82.0558015939803,-3.90054097275882));
#4571=CARTESIAN_POINT('Ctrl Pts',(64.1709473477751,-81.9892207658218,-3.30423393204766));
#4572=CARTESIAN_POINT('Ctrl Pts',(64.1709473477751,-82.0519378437824,-3.90094706926862));
#4573=CARTESIAN_POINT('Ctrl Pts',(64.5472959361935,-82.0235369684007,-3.30062715381838));
#4574=CARTESIAN_POINT('Ctrl Pts',(64.5472959361935,-82.0862540463613,-3.89734029103934));
#4575=CARTESIAN_POINT('Ctrl Pts',(65.2729668949744,-82.1818599705049,-3.28398673575725));
#4576=CARTESIAN_POINT('Ctrl Pts',(65.2729668949744,-82.2445770484655,-3.88069987297822));
#4577=CARTESIAN_POINT('Ctrl Pts',(65.6142376245782,-82.3005143377689,-3.27151565922505));
#4578=CARTESIAN_POINT('Ctrl Pts',(65.6142376245782,-82.3632314157295,-3.86822879644601));
#4579=CARTESIAN_POINT('Ctrl Pts',(65.9403530208866,-82.4617789593877,-3.25456606449439));
#4580=CARTESIAN_POINT('Ctrl Pts',(65.9403530208866,-82.5244960373483,-3.85127920171535));
#4581=CARTESIAN_POINT('',(65.9403530208866,-82.4617789593877,-3.25456606449439));
#4582=CARTESIAN_POINT('Ctrl Pts',(63.7922541642785,-81.9930845160197,-3.30382783553785));
#4583=CARTESIAN_POINT('Ctrl Pts',(64.1709473477751,-81.9892207658218,-3.30423393204766));
#4584=CARTESIAN_POINT('Ctrl Pts',(64.5472959361935,-82.0235369684007,-3.30062715381838));
#4585=CARTESIAN_POINT('Ctrl Pts',(65.2729668949744,-82.1818599705049,-3.28398673575725));
#4586=CARTESIAN_POINT('Ctrl Pts',(65.6142376245782,-82.3005143377689,-3.27151565922505));
#4587=CARTESIAN_POINT('Ctrl Pts',(65.9403530208866,-82.4617789593877,-3.25456606449439));
#4588=CARTESIAN_POINT('',(65.9403530208866,-82.4617789593877,-3.25456606449439));
#4589=CARTESIAN_POINT('Ctrl Pts',(65.9403530208866,-82.4617789593877,-3.25456606449439));
#4590=CARTESIAN_POINT('Ctrl Pts',(65.9403530208866,-82.5244960373483,-3.85127920171535));
#4591=CARTESIAN_POINT('Ctrl Pts',(66.2605430266475,-82.6200862395369,-3.23792729887731));
#4592=CARTESIAN_POINT('Ctrl Pts',(66.2605430266475,-82.6828033174975,-3.83464043609828));
#4593=CARTESIAN_POINT('Ctrl Pts',(66.5526622596855,-82.819020659665,-3.21701844878173));
#4594=CARTESIAN_POINT('Ctrl Pts',(66.5526622596855,-82.8817377376256,-3.8137315860027));
#4595=CARTESIAN_POINT('Ctrl Pts',(67.0801792408076,-83.3077552180437,-3.16565037677543));
#4596=CARTESIAN_POINT('Ctrl Pts',(67.0801792408076,-83.3704722960043,-3.7623635139964));
#4597=CARTESIAN_POINT('Ctrl Pts',(67.3041380655093,-83.5893052468915,-3.13605827630435));
#4598=CARTESIAN_POINT('Ctrl Pts',(67.3041380655093,-83.6520223248521,-3.73277141352532));
#4599=CARTESIAN_POINT('Ctrl Pts',(67.4915519420902,-83.8989102930663,-3.10351747469176));
#4600=CARTESIAN_POINT('Ctrl Pts',(67.4915519420902,-83.9616273710269,-3.70023061191273));
#4601=CARTESIAN_POINT('',(67.4915519420902,-83.8989102930663,-3.10351747469176));
#4602=CARTESIAN_POINT('Ctrl Pts',(65.9403530208866,-82.4617789593877,-3.25456606449439));
#4603=CARTESIAN_POINT('Ctrl Pts',(66.2605430266475,-82.6200862395369,-3.23792729887731));
#4604=CARTESIAN_POINT('Ctrl Pts',(66.5526622596855,-82.819020659665,-3.21701844878173));
#4605=CARTESIAN_POINT('Ctrl Pts',(67.0801792408076,-83.3077552180437,-3.16565037677543));
#4606=CARTESIAN_POINT('Ctrl Pts',(67.3041380655093,-83.5893052468915,-3.13605827630435));
#4607=CARTESIAN_POINT('Ctrl Pts',(67.4915519420902,-83.8989102930663,-3.10351747469176));
#4608=CARTESIAN_POINT('',(67.4915519420902,-83.8989102930663,-3.10351747469176));
#4609=CARTESIAN_POINT('Ctrl Pts',(67.4915519420902,-83.8989102930663,-3.10351747469176));
#4610=CARTESIAN_POINT('Ctrl Pts',(67.4915519420902,-83.9616273710269,-3.70023061191273));
#4611=CARTESIAN_POINT('Ctrl Pts',(67.6989534587516,-84.2241692559859,-3.06933138013078));
#4612=CARTESIAN_POINT('Ctrl Pts',(67.6989534587516,-84.2868863339465,-3.66604451735175));
#4613=CARTESIAN_POINT('Ctrl Pts',(67.8456827466688,-84.5783514855586,-3.03210532774685));
#4614=CARTESIAN_POINT('Ctrl Pts',(67.8456827466688,-84.6410685635192,-3.62881846496781));
#4615=CARTESIAN_POINT('Ctrl Pts',(68.0527591066328,-85.3679068377149,-2.94911971625854));
#4616=CARTESIAN_POINT('Ctrl Pts',(68.0527591066328,-85.4306239156755,-3.5458328534795));
#4617=CARTESIAN_POINT('Ctrl Pts',(68.0991789084334,-85.8018901974973,-2.90350622711058));
#4618=CARTESIAN_POINT('Ctrl Pts',(68.0991789084334,-85.8646072754579,-3.50021936433155));
#4619=CARTESIAN_POINT('Ctrl Pts',(68.1035866126021,-86.2325920779907,-2.85823763533384));
#4620=CARTESIAN_POINT('Ctrl Pts',(68.1035866126021,-86.2953091559513,-3.4549507725548));
#4621=CARTESIAN_POINT('',(68.1035866126022,-86.2325920779907,-2.85823763533384));
#4622=CARTESIAN_POINT('Ctrl Pts',(67.4915519420902,-83.8989102930663,-3.10351747469176));
#4623=CARTESIAN_POINT('Ctrl Pts',(67.6989534587516,-84.2241692559859,-3.06933138013078));
#4624=CARTESIAN_POINT('Ctrl Pts',(67.8456827466688,-84.5783514855586,-3.03210532774685));
#4625=CARTESIAN_POINT('Ctrl Pts',(68.0527591066328,-85.3679068377149,-2.94911971625854));
#4626=CARTESIAN_POINT('Ctrl Pts',(68.0991789084334,-85.8018901974973,-2.90350622711058));
#4627=CARTESIAN_POINT('Ctrl Pts',(68.1035866126021,-86.2325920779907,-2.85823763533384));
#4628=CARTESIAN_POINT('',(68.1035866126022,-86.2325920779907,-2.85823763533384));
#4629=CARTESIAN_POINT('Origin',(68.1035866126022,-86.2325920779907,-2.85823763533384));
#4630=CARTESIAN_POINT('',(68.1059136669437,-86.4589926039532,-2.8344419811888));
#4631=CARTESIAN_POINT('',(68.0066092604051,-76.7976067614771,-3.84989455176889));
#4632=CARTESIAN_POINT('',(68.1059136669437,-86.4589926039532,-2.8344419811888));
#4633=CARTESIAN_POINT('Ctrl Pts',(68.1059136669437,-86.4589926039532,-2.8344419811888));
#4634=CARTESIAN_POINT('Ctrl Pts',(68.1059136669437,-86.5217096819138,-3.43115511840977));
#4635=CARTESIAN_POINT('Ctrl Pts',(68.1104488852318,-86.8972763131123,-2.78837650710823));
#4636=CARTESIAN_POINT('Ctrl Pts',(68.1104488852318,-86.9599933910729,-3.3850896443292));
#4637=CARTESIAN_POINT('Ctrl Pts',(68.0701221038652,-87.3360185706866,-2.74226283764715));
#4638=CARTESIAN_POINT('Ctrl Pts',(68.0701221038652,-87.3987356486472,-3.33897597486811));
#4639=CARTESIAN_POINT('Ctrl Pts',(67.8731025242069,-88.1558109024827,-2.65609919153705));
#4640=CARTESIAN_POINT('Ctrl Pts',(67.8731025242069,-88.2185279804433,-3.25281232875802));
#4641=CARTESIAN_POINT('Ctrl Pts',(67.7277142102023,-88.5300892055122,-2.6167609567206));
#4642=CARTESIAN_POINT('Ctrl Pts',(67.7277142102023,-88.5928062834728,-3.21347409394157));
#4643=CARTESIAN_POINT('Ctrl Pts',(67.5240434988936,-88.8802454339279,-2.57995805410946));
#4644=CARTESIAN_POINT('Ctrl Pts',(67.5240434988936,-88.9429625118885,-3.17667119133043));
#4645=CARTESIAN_POINT('',(67.5240434988936,-88.8802454339279,-2.57995805410946));
#4646=CARTESIAN_POINT('Ctrl Pts',(68.1059136669437,-86.4589926039532,-2.8344419811888));
#4647=CARTESIAN_POINT('Ctrl Pts',(68.1104488852318,-86.8972763131123,-2.78837650710823));
#4648=CARTESIAN_POINT('Ctrl Pts',(68.0701221038652,-87.3360185706866,-2.74226283764715));
#4649=CARTESIAN_POINT('Ctrl Pts',(67.8731025242069,-88.1558109024827,-2.65609919153705));
#4650=CARTESIAN_POINT('Ctrl Pts',(67.7277142102023,-88.5300892055122,-2.6167609567206));
#4651=CARTESIAN_POINT('Ctrl Pts',(67.5240434988936,-88.8802454339279,-2.57995805410946));
#4652=CARTESIAN_POINT('',(67.5240434988936,-88.8802454339279,-2.57995805410946));
#4653=CARTESIAN_POINT('Ctrl Pts',(67.5240434988936,-88.8802454339279,-2.57995805410946));
#4654=CARTESIAN_POINT('Ctrl Pts',(67.5240434988936,-88.9429625118885,-3.17667119133043));
#4655=CARTESIAN_POINT('Ctrl Pts',(67.3327056779155,-89.219909529497,-2.54425791909746));
#4656=CARTESIAN_POINT('Ctrl Pts',(67.3327056779155,-89.2826266074576,-3.14097105631842));
#4657=CARTESIAN_POINT('Ctrl Pts',(67.0961015929988,-89.5246888500866,-2.5122243216821));
#4658=CARTESIAN_POINT('Ctrl Pts',(67.0961015929988,-89.5874059280472,-3.10893745890306));
#4659=CARTESIAN_POINT('Ctrl Pts',(66.5208494966953,-90.0699279454956,-2.45491738352218));
#4660=CARTESIAN_POINT('Ctrl Pts',(66.5208494966953,-90.1326450234562,-3.05163052074315));
#4661=CARTESIAN_POINT('Ctrl Pts',(66.1910062999967,-90.2971532967751,-2.43103503674298));
#4662=CARTESIAN_POINT('Ctrl Pts',(66.1910062999967,-90.3598703747357,-3.02774817396395));
#4663=CARTESIAN_POINT('Ctrl Pts',(65.8335669033329,-90.4826256391045,-2.41154110803951));
#4664=CARTESIAN_POINT('Ctrl Pts',(65.8335669033329,-90.5453427170651,-3.00825424526048));
#4665=CARTESIAN_POINT('',(65.8335669033329,-90.4826256391045,-2.41154110803951));
#4666=CARTESIAN_POINT('Ctrl Pts',(67.5240434988936,-88.8802454339279,-2.57995805410946));
#4667=CARTESIAN_POINT('Ctrl Pts',(67.3327056779155,-89.219909529497,-2.54425791909746));
#4668=CARTESIAN_POINT('Ctrl Pts',(67.0961015929988,-89.5246888500866,-2.5122243216821));
#4669=CARTESIAN_POINT('Ctrl Pts',(66.5208494966953,-90.0699279454956,-2.45491738352218));
#4670=CARTESIAN_POINT('Ctrl Pts',(66.1910062999967,-90.2971532967751,-2.43103503674298));
#4671=CARTESIAN_POINT('Ctrl Pts',(65.8335669033329,-90.4826256391045,-2.41154110803951));
#4672=CARTESIAN_POINT('',(65.8335669033329,-90.4826256391045,-2.41154110803951));
#4673=CARTESIAN_POINT('Ctrl Pts',(65.8335669033329,-90.4826256391045,-2.41154110803951));
#4674=CARTESIAN_POINT('Ctrl Pts',(65.8335669033329,-90.5453427170651,-3.00825424526048));
#4675=CARTESIAN_POINT('Ctrl Pts',(65.4458729711489,-90.6771422181465,-2.39109659175281));
#4676=CARTESIAN_POINT('Ctrl Pts',(65.4458729711489,-90.7398592961071,-2.98780972897378));
#4677=CARTESIAN_POINT('Ctrl Pts',(65.0342066194604,-90.8141601151643,-2.37669543046905));
#4678=CARTESIAN_POINT('Ctrl Pts',(65.0342066194604,-90.8768771931249,-2.97340856769001));
#4679=CARTESIAN_POINT('Ctrl Pts',(64.1366281133425,-91.0073929098924,-2.3563858453509));
#4680=CARTESIAN_POINT('Ctrl Pts',(64.1366281133425,-91.070109987853,-2.95309898257186));
#4681=CARTESIAN_POINT('Ctrl Pts',(63.6492288823242,-91.0521365381225,-2.35168310052276));
#4682=CARTESIAN_POINT('Ctrl Pts',(63.6492288823242,-91.1148536160831,-2.94839623774373));
#4683=CARTESIAN_POINT('Ctrl Pts',(63.1651913413009,-91.0571004315021,-2.35116137430516));
#4684=CARTESIAN_POINT('Ctrl Pts',(63.1651913413009,-91.1198175094627,-2.94787451152613));
#4685=CARTESIAN_POINT('Ctrl Pts',(65.8335669033329,-90.4826256391045,-2.41154110803951));
#4686=CARTESIAN_POINT('Ctrl Pts',(65.4458729711489,-90.6771422181465,-2.39109659175281));
#4687=CARTESIAN_POINT('Ctrl Pts',(65.0342066194604,-90.8141601151643,-2.37669543046905));
#4688=CARTESIAN_POINT('Ctrl Pts',(64.1366281133425,-91.0073929098924,-2.3563858453509));
#4689=CARTESIAN_POINT('Ctrl Pts',(63.6492288823242,-91.0521365381225,-2.35168310052276));
#4690=CARTESIAN_POINT('Ctrl Pts',(63.1651913413009,-91.0571004315021,-2.35116137430516));
#4691=CARTESIAN_POINT('Origin',(68.718901121676,-65.1249486881194,-5.68004531982499));
#4692=CARTESIAN_POINT('',(72.0202661475142,-91.4024230805885,-2.91817146909112));
#4693=CARTESIAN_POINT('',(70.3695820197066,-83.1719108323501,-3.78323316478701));
#4694=CARTESIAN_POINT('Ctrl Pts',(72.0202661475142,-91.4024230805885,-2.91817146909112));
#4695=CARTESIAN_POINT('Ctrl Pts',(71.7608211769114,-90.0019264138809,-3.06536960023756));
#4696=CARTESIAN_POINT('Ctrl Pts',(71.4912175137541,-88.6021959309679,-3.21248720222219));
#4697=CARTESIAN_POINT('Ctrl Pts',(70.9409304721146,-85.8593348930188,-3.50077351405584));
#4698=CARTESIAN_POINT('Ctrl Pts',(70.6605806253776,-84.513918925989,-3.64218243038474));
#4699=CARTESIAN_POINT('Ctrl Pts',(70.3695820197066,-83.17191083235,-3.78323316478701));
#4700=CARTESIAN_POINT('',(78.1823060441614,-89.5526963499345,-3.11258558256699));
#4701=CARTESIAN_POINT('',(74.1620276156163,-90.7595071786014,-2.98574465330962));
#4702=CARTESIAN_POINT('',(76.8229833309452,-82.3473528189398,-3.86989770421869));
#4703=CARTESIAN_POINT('Ctrl Pts',(76.8229833309452,-82.3473528189398,-3.86989770421869));
#4704=CARTESIAN_POINT('Ctrl Pts',(77.0629103357185,-83.5406305745503,-3.7444791582557));
#4705=CARTESIAN_POINT('Ctrl Pts',(77.2953583659124,-84.7358940397729,-3.61885190580248));
#4706=CARTESIAN_POINT('Ctrl Pts',(77.7480671291792,-87.1374671699389,-3.36643639852178));
#4707=CARTESIAN_POINT('Ctrl Pts',(77.9684027702782,-88.3447760673794,-3.23954312012685));
#4708=CARTESIAN_POINT('Ctrl Pts',(78.1823060441614,-89.5526963499345,-3.112585582567));
#4709=CARTESIAN_POINT('',(75.1722992031376,-75.2905232020021,-4.61160038450709));
#4710=CARTESIAN_POINT('Ctrl Pts',(75.1722992031376,-75.2905232020021,-4.61160038450709));
#4711=CARTESIAN_POINT('Ctrl Pts',(75.4835334959494,-76.4561974451079,-4.48908308461656));
#4712=CARTESIAN_POINT('Ctrl Pts',(75.7766495222382,-77.6261450942378,-4.36611663165389));
#4713=CARTESIAN_POINT('Ctrl Pts',(76.3272616121071,-79.9790762896554,-4.11881359772677));
#4714=CARTESIAN_POINT('Ctrl Pts',(76.5844164890397,-81.1611059779299,-3.99457727127935));
#4715=CARTESIAN_POINT('Ctrl Pts',(76.8229833309452,-82.3473528189398,-3.86989770421869));
#4716=CARTESIAN_POINT('',(84.8523446488977,-74.8967698895466,-4.65298552529606));
#4717=CARTESIAN_POINT('Ctrl Pts',(84.8523446488977,-74.8967698895466,-4.65298552529606));
#4718=CARTESIAN_POINT('Ctrl Pts',(83.2104143946299,-74.9769762671481,-4.64455549531482));
#4719=CARTESIAN_POINT('Ctrl Pts',(81.5652597494219,-75.0511437317921,-4.63676018066182));
#4720=CARTESIAN_POINT('Ctrl Pts',(78.3404711199342,-75.1824757450364,-4.62295662984388));
#4721=CARTESIAN_POINT('Ctrl Pts',(76.7550757040249,-75.2403925872193,-4.61686932443724));
#4722=CARTESIAN_POINT('Ctrl Pts',(75.1722992031376,-75.2905232020021,-4.61160038450709));
#4723=CARTESIAN_POINT('',(94.9655677883426,-74.361977182413,-4.709194503805));
#4724=CARTESIAN_POINT('Ctrl Pts',(94.9655677883426,-74.361977182413,-4.709194503805));
#4725=CARTESIAN_POINT('Ctrl Pts',(93.2738398353597,-74.4563377762153,-4.69927680575419));
#4726=CARTESIAN_POINT('Ctrl Pts',(91.5820235216706,-74.5482713469428,-4.68961419810763));
#4727=CARTESIAN_POINT('Ctrl Pts',(88.2109090876017,-74.7265279471131,-4.67087867446567));
#4728=CARTESIAN_POINT('Ctrl Pts',(86.5317171574333,-74.8128828942495,-4.66180240378549));
#4729=CARTESIAN_POINT('Ctrl Pts',(84.8523446488977,-74.8967698895466,-4.65298552529606));
#4730=CARTESIAN_POINT('',(94.173829939425,-68.7239635964038,-5.30177361017998));
#4731=CARTESIAN_POINT('',(94.0783352375517,-68.0439399910026,-5.37324697118829));
#4732=CARTESIAN_POINT('',(83.9934015997847,-69.3032789993318,-5.24088510777761));
#4733=CARTESIAN_POINT('Ctrl Pts',(83.9934015997847,-69.3032789993318,-5.24088510777761));
#4734=CARTESIAN_POINT('Ctrl Pts',(85.7015956140467,-69.2073576498958,-5.25096684785573));
#4735=CARTESIAN_POINT('Ctrl Pts',(87.4104983434526,-69.110777874587,-5.26111779128169));
#4736=CARTESIAN_POINT('Ctrl Pts',(90.8034679406845,-68.9177120482024,-5.28140982731979));
#4737=CARTESIAN_POINT('Ctrl Pts',(92.4890580661395,-68.8211571790216,-5.29155815300621));
#4738=CARTESIAN_POINT('Ctrl Pts',(94.173829939425,-68.7239635964039,-5.30177361017998));
#4739=CARTESIAN_POINT('',(73.663541166842,-69.7935490106711,-5.1893556531621));
#4740=CARTESIAN_POINT('Ctrl Pts',(73.663541166842,-69.7935490106711,-5.1893556531621));
#4741=CARTESIAN_POINT('Ctrl Pts',(75.3859228252563,-69.7248778935614,-5.19657327841076));
#4742=CARTESIAN_POINT('Ctrl Pts',(77.1080164389372,-69.6496754069976,-5.20447737825112));
#4743=CARTESIAN_POINT('Ctrl Pts',(80.5513524910334,-69.4862406445708,-5.22165506397181));
#4744=CARTESIAN_POINT('Ctrl Pts',(82.272545825833,-69.3980127847275,-5.23092818570978));
#4745=CARTESIAN_POINT('Ctrl Pts',(83.9934015997847,-69.3032789993318,-5.24088510777761));
#4746=CARTESIAN_POINT('',(71.6617027625044,-63.0933185310031,-5.89357825383138));
#4747=CARTESIAN_POINT('Ctrl Pts',(71.6617027625044,-63.0933185310031,-5.89357825383138));
#4748=CARTESIAN_POINT('Ctrl Pts',(72.0191188331309,-64.2067481981216,-5.77655208014677));
#4749=CARTESIAN_POINT('Ctrl Pts',(72.3651015611739,-65.3237324921863,-5.65915230011533));
#4750=CARTESIAN_POINT('Ctrl Pts',(73.0322207710575,-67.5574011339935,-5.42438426568127));
#4751=CARTESIAN_POINT('Ctrl Pts',(73.3534633683848,-68.6739131192881,-5.30703412730191));
#4752=CARTESIAN_POINT('Ctrl Pts',(73.663541166842,-69.7935490106711,-5.1893556531621));
#4753=CARTESIAN_POINT('',(69.3612036475142,-56.4598174895992,-6.59078730792221));
#4754=CARTESIAN_POINT('Ctrl Pts',(69.3612036475142,-56.4598174895992,-6.59078730792221));
#4755=CARTESIAN_POINT('Ctrl Pts',(69.7696036755878,-57.5555249645857,-6.47562381168886));
#4756=CARTESIAN_POINT('Ctrl Pts',(70.1654504526069,-58.6558518529718,-6.35997479554278));
#4757=CARTESIAN_POINT('Ctrl Pts',(70.9324299607502,-60.8671918256603,-6.12755359880094));
#4758=CARTESIAN_POINT('Ctrl Pts',(71.3035109934903,-61.9782010994252,-6.0107818187088));
#4759=CARTESIAN_POINT('Ctrl Pts',(71.6617027625045,-63.0933185310031,-5.89357825383138));
#4760=CARTESIAN_POINT('',(77.1068290544152,-51.7578260486003,-7.08498652255415));
#4761=CARTESIAN_POINT('Ctrl Pts',(77.1068290544152,-51.7578260486003,-7.08498652255415));
#4762=CARTESIAN_POINT('Ctrl Pts',(75.8007625028591,-52.5354568853156,-7.00325422814218));
#4763=CARTESIAN_POINT('Ctrl Pts',(74.4976194135594,-53.3187142901386,-6.92093055759208));
#4764=CARTESIAN_POINT('Ctrl Pts',(71.915913746838,-54.8858830539844,-6.75621448313581));
#4765=CARTESIAN_POINT('Ctrl Pts',(70.6365752985799,-55.6700636519023,-6.67379378108147));
#4766=CARTESIAN_POINT('Ctrl Pts',(69.3612036475142,-56.4598174895992,-6.59078730792221));
#4767=CARTESIAN_POINT('',(85.2108046810429,-47.0482653317455,-7.57998130013645));
#4768=CARTESIAN_POINT('Ctrl Pts',(85.2108046810429,-47.0482653317455,-7.57998130013645));
#4769=CARTESIAN_POINT('Ctrl Pts',(83.8376292244873,-47.8257670473737,-7.4982625768976));
#4770=CARTESIAN_POINT('Ctrl Pts',(82.4684860394,-48.6108865867028,-7.41574318812426));
#4771=CARTESIAN_POINT('Ctrl Pts',(79.7672615889183,-50.1807067560465,-7.25074843972077));
#4772=CARTESIAN_POINT('Ctrl Pts',(78.4345491048592,-50.9653552050294,-7.16827856453802));
#4773=CARTESIAN_POINT('Ctrl Pts',(77.1068290544152,-51.7578260486003,-7.08498652255415));
#4774=CARTESIAN_POINT('',(82.6264598425826,-41.8410656814325,-8.12728003725829));
#4775=CARTESIAN_POINT('',(87.202428479237,-51.0611906160084,-7.1582058569557));
#4776=CARTESIAN_POINT('',(74.8809410183231,-46.4762959648381,-7.64009770304064));
#4777=CARTESIAN_POINT('Ctrl Pts',(74.8809410183231,-46.4762959648381,-7.64009770304064));
#4778=CARTESIAN_POINT('Ctrl Pts',(76.1538750723654,-45.6879983224543,-7.72295112390512));
#4779=CARTESIAN_POINT('Ctrl Pts',(77.433135397979,-44.9094536656866,-7.80477946467487));
#4780=CARTESIAN_POINT('Ctrl Pts',(80.0150047355032,-43.3644504639684,-7.96716584467449));
#4781=CARTESIAN_POINT('Ctrl Pts',(81.3180480333772,-42.5979785607245,-8.04772528791757));
#4782=CARTESIAN_POINT('Ctrl Pts',(82.6264598425826,-41.8410656814325,-8.12728003725829));
#4783=CARTESIAN_POINT('',(67.4267819937667,-51.185772364489,-7.14511178755358));
#4784=CARTESIAN_POINT('Ctrl Pts',(67.4267819937667,-51.185772364489,-7.14511178755359));
#4785=CARTESIAN_POINT('Ctrl Pts',(68.6541373175428,-50.395979902274,-7.22812232031328));
#4786=CARTESIAN_POINT('Ctrl Pts',(69.8855527611137,-49.6112102309657,-7.31060493647584));
#4787=CARTESIAN_POINT('Ctrl Pts',(72.3700334228535,-48.0418017780056,-7.47555641174369));
#4788=CARTESIAN_POINT('Ctrl Pts',(73.6243463163166,-47.2565610895887,-7.55808853379925));
#4789=CARTESIAN_POINT('Ctrl Pts',(74.8809410183231,-46.4762959648381,-7.64009770304064));
#4790=CARTESIAN_POINT('',(64.9544086798629,-44.9832109315662,-7.79702726364931));
#4791=CARTESIAN_POINT('Ctrl Pts',(64.9544086798628,-44.9832109315662,-7.79702726364931));
#4792=CARTESIAN_POINT('Ctrl Pts',(65.3970886091934,-46.0039877888476,-7.68973929268785));
#4793=CARTESIAN_POINT('Ctrl Pts',(65.8246968013105,-47.0309380087511,-7.58180247516897));
#4794=CARTESIAN_POINT('Ctrl Pts',(66.6493455285293,-49.0988186689316,-7.36445945976002));
#4795=CARTESIAN_POINT('Ctrl Pts',(67.0461377166911,-50.1392273769264,-7.25510809814248));
#4796=CARTESIAN_POINT('Ctrl Pts',(67.4267819937667,-51.185772364489,-7.14511178755359));
#4797=CARTESIAN_POINT('',(62.2655014253259,-38.8474742956502,-8.44191917055885));
#4798=CARTESIAN_POINT('Ctrl Pts',(62.2655014253259,-38.8474742956502,-8.44191917055885));
#4799=CARTESIAN_POINT('Ctrl Pts',(62.7178448063787,-39.8695494437961,-8.33449474372893));
#4800=CARTESIAN_POINT('Ctrl Pts',(63.1683687709597,-40.8923565482544,-8.22699338519054));
#4801=CARTESIAN_POINT('Ctrl Pts',(64.0647483781903,-42.9376223004812,-8.01202729238766));
#4802=CARTESIAN_POINT('Ctrl Pts',(64.5105587515433,-43.9599564866762,-7.90457563956168));
#4803=CARTESIAN_POINT('Ctrl Pts',(64.9544086798629,-44.9832109315662,-7.79702726364931));
#4804=CARTESIAN_POINT('',(56.5292301138839,-41.5587861368288,-8.15694881292501));
#4805=CARTESIAN_POINT('',(59.775795161341,-40.0242613944637,-8.31823386246755));
#4806=CARTESIAN_POINT('',(59.3226997844975,-48.1922241410849,-7.45974638430539));
#4807=CARTESIAN_POINT('Ctrl Pts',(59.3226997844975,-48.1922241410849,-7.45974638430539));
#4808=CARTESIAN_POINT('Ctrl Pts',(58.8658770418356,-47.0910309159859,-7.57548645610917));
#4809=CARTESIAN_POINT('Ctrl Pts',(58.4066729027747,-45.9916838143028,-7.69103249252311));
#4810=CARTESIAN_POINT('Ctrl Pts',(57.4756414040874,-43.7799676661025,-7.92349322690445));
#4811=CARTESIAN_POINT('Ctrl Pts',(57.004283552997,-42.668934884319,-8.0402674777889));
#4812=CARTESIAN_POINT('Ctrl Pts',(56.5292301138838,-41.5587861368288,-8.15694881292501));
#4813=CARTESIAN_POINT('',(61.9070446229578,-54.8181775881996,-6.76333061434043));
#4814=CARTESIAN_POINT('Ctrl Pts',(61.9070446229578,-54.8181775881996,-6.76333061434043));
#4815=CARTESIAN_POINT('Ctrl Pts',(61.5013026709134,-53.7032030295724,-6.88051916266563));
#4816=CARTESIAN_POINT('Ctrl Pts',(61.0830405362316,-52.5926726015025,-6.99724061404718));
#4817=CARTESIAN_POINT('Ctrl Pts',(60.2217644651573,-50.3837655825906,-7.2294060970429));
#4818=CARTESIAN_POINT('Ctrl Pts',(59.7787646855127,-49.2852771567941,-7.34486188298444));
#4819=CARTESIAN_POINT('Ctrl Pts',(59.3226997844975,-48.1922241410849,-7.45974638430539));
#4820=CARTESIAN_POINT('',(54.6245466320316,-59.6762618553635,-6.25272538258396));
#4821=CARTESIAN_POINT('Ctrl Pts',(54.6245466320316,-59.6762618553635,-6.25272538258396));
#4822=CARTESIAN_POINT('Ctrl Pts',(55.8191178456304,-58.8599245231919,-6.33852589360067));
#4823=CARTESIAN_POINT('Ctrl Pts',(57.0186814635587,-58.0502290536585,-6.42362831672407));
#4824=CARTESIAN_POINT('Ctrl Pts',(59.4460481552855,-56.4309645885125,-6.59381987002612));
#4825=CARTESIAN_POINT('Ctrl Pts',(60.6745559797337,-55.6212428014744,-6.67892505923071));
#4826=CARTESIAN_POINT('Ctrl Pts',(61.9070446229578,-54.8181775881996,-6.76333061434043));
#4827=CARTESIAN_POINT('',(47.6409015234908,-64.44519633821,-5.75149017073226));
#4828=CARTESIAN_POINT('Ctrl Pts',(47.6409015234908,-64.44519633821,-5.75149017073226));
#4829=CARTESIAN_POINT('Ctrl Pts',(48.7926340288951,-63.6585359556513,-5.8341715086549));
#4830=CARTESIAN_POINT('Ctrl Pts',(49.9679681708621,-62.855961949265,-5.91852543584023));
#4831=CARTESIAN_POINT('Ctrl Pts',(52.2589286357065,-61.2916407447085,-6.08294221975503));
#4832=CARTESIAN_POINT('Ctrl Pts',(53.4466852742342,-60.4806422364736,-6.16818159776467));
#4833=CARTESIAN_POINT('Ctrl Pts',(54.6245466320316,-59.6762618553635,-6.25272538258396));
#4834=CARTESIAN_POINT('',(43.8316213600438,-67.7656287101531,-5.40249866552778));
#4835=CARTESIAN_POINT('Ctrl Pts',(43.8316213600438,-67.7656287101531,-5.40249866552779));
#4836=CARTESIAN_POINT('Ctrl Pts',(44.327315258769,-67.1838023644826,-5.4636510786469));
#4837=CARTESIAN_POINT('Ctrl Pts',(44.8910230879668,-66.6357107189757,-5.52125783190341));
#4838=CARTESIAN_POINT('Ctrl Pts',(46.1537679926908,-65.5350054090338,-5.63694662175772));
#4839=CARTESIAN_POINT('Ctrl Pts',(46.8957344640373,-64.9687386155198,-5.69646366004637));
#4840=CARTESIAN_POINT('Ctrl Pts',(47.6409015234908,-64.44519633821,-5.75149017073226));
#4841=CARTESIAN_POINT('',(42.4722344550094,-71.5094988684846,-5.00900205560236));
#4842=CARTESIAN_POINT('Ctrl Pts',(42.4722344550094,-71.5094988684846,-5.00900205560236));
#4843=CARTESIAN_POINT('Ctrl Pts',(42.4722344550094,-70.8224393025174,-5.08121492586531));
#4844=CARTESIAN_POINT('Ctrl Pts',(42.5771083390203,-70.150180510635,-5.15187217208674));
#4845=CARTESIAN_POINT('Ctrl Pts',(43.0440391984388,-68.8633217059605,-5.28712648264695));
#4846=CARTESIAN_POINT('Ctrl Pts',(43.3900701323818,-68.286097163455,-5.34779522676358));
#4847=CARTESIAN_POINT('Ctrl Pts',(43.8316213600437,-67.7656287101531,-5.40249866552779));
#4848=CARTESIAN_POINT('',(48.8583764672876,-75.8549987770266,-4.55227161086799));
#4849=CARTESIAN_POINT('Ctrl Pts',(48.8583764672876,-75.8549987770266,-4.55227161086799));
#4850=CARTESIAN_POINT('Ctrl Pts',(47.6208998269772,-75.8549987770266,-4.55227161086799));
#4851=CARTESIAN_POINT('Ctrl Pts',(46.3876846799985,-75.7332096156,-4.56507216754338));
#4852=CARTESIAN_POINT('Ctrl Pts',(44.7626990397918,-75.1886584305696,-4.62230680340901));
#4853=CARTESIAN_POINT('Ctrl Pts',(44.2086035513056,-74.9146788672546,-4.65110321588966));
#4854=CARTESIAN_POINT('Ctrl Pts',(43.3923516158879,-74.2257209741586,-4.72351560837377));
#4855=CARTESIAN_POINT('Ctrl Pts',(43.1082956587628,-73.8745118792452,-4.760429171713));
#4856=CARTESIAN_POINT('Ctrl Pts',(42.7517213237544,-73.1782028579014,-4.83361419890993));
#4857=CARTESIAN_POINT('Ctrl Pts',(42.6474728308648,-72.8746081535663,-4.86552328813977));
#4858=CARTESIAN_POINT('Ctrl Pts',(42.5037355171149,-72.2154276490724,-4.93480595096664));
#4859=CARTESIAN_POINT('Ctrl Pts',(42.4722344550094,-71.861912698457,-4.97196186950607));
#4860=CARTESIAN_POINT('Ctrl Pts',(42.4722344550094,-71.5094988684846,-5.00900205560236));
#4861=CARTESIAN_POINT('',(56.5964336991907,-75.7881617339498,-4.559296467168));
#4862=CARTESIAN_POINT('Ctrl Pts',(56.5964336991907,-75.7881617339498,-4.559296467168));
#4863=CARTESIAN_POINT('Ctrl Pts',(55.1314824329633,-75.8071595832296,-4.55729971274775));
#4864=CARTESIAN_POINT('Ctrl Pts',(53.5488808734267,-75.8256474925956,-4.55535655517218));
#4865=CARTESIAN_POINT('Ctrl Pts',(51.0648007571729,-75.8470878003324,-4.55310308802364));
#4866=CARTESIAN_POINT('Ctrl Pts',(49.880616911896,-75.8549987770266,-4.55227161086799));
#4867=CARTESIAN_POINT('Ctrl Pts',(48.8583764672876,-75.8549987770266,-4.55227161086799));
#4868=CARTESIAN_POINT('',(68.5022605984013,-75.4985056385278,-4.58974054956737));
#4869=CARTESIAN_POINT('Ctrl Pts',(68.5022605984013,-75.4985056385278,-4.58974054956737));
#4870=CARTESIAN_POINT('Ctrl Pts',(66.3976334010422,-75.5663514280041,-4.58260966974846));
#4871=CARTESIAN_POINT('Ctrl Pts',(64.2620340064184,-75.6283058317325,-4.57609799952325));
#4872=CARTESIAN_POINT('Ctrl Pts',(60.3151978220686,-75.7243237893715,-4.56600610551383));
#4873=CARTESIAN_POINT('Ctrl Pts',(58.438638411654,-75.7623296642361,-4.56201152710058));
#4874=CARTESIAN_POINT('Ctrl Pts',(56.5964336991907,-75.7881617339498,-4.559296467168));
#4875=CARTESIAN_POINT('Ctrl Pts',(70.3695820197066,-83.1719108323501,-3.78323316478701));
#4876=CARTESIAN_POINT('Ctrl Pts',(70.0866325801966,-81.8694826040169,-3.92012388771439));
#4877=CARTESIAN_POINT('Ctrl Pts',(69.7881318396996,-80.5697412773305,-4.05673220589896));
#4878=CARTESIAN_POINT('Ctrl Pts',(69.1658357031045,-78.0120109381807,-4.32556049721113));
#4879=CARTESIAN_POINT('Ctrl Pts',(68.8425964509495,-76.752695067054,-4.45791992880382));
#4880=CARTESIAN_POINT('Ctrl Pts',(68.5022605984013,-75.4985056385278,-4.58974054956737));
#4881=CARTESIAN_POINT('',(49.1422003897627,-70.1501481479407,-5.15187557354298));
#4882=CARTESIAN_POINT('',(49.2841232514978,-70.5067472852103,-5.11439549392386));
#4883=CARTESIAN_POINT('',(49.6744063765137,-71.4873829909034,-5.01132652800276));
#4884=CARTESIAN_POINT('',(63.7742626913985,-60.0996964296679,-6.20822061546664));
#4885=CARTESIAN_POINT('Ctrl Pts',(63.7742626913985,-60.0996964296679,-6.20822061546664));
#4886=CARTESIAN_POINT('Ctrl Pts',(61.2810807179743,-61.7287493807606,-6.03700025083475));
#4887=CARTESIAN_POINT('Ctrl Pts',(58.8064166064392,-63.385982862218,-5.86281799310949));
#4888=CARTESIAN_POINT('Ctrl Pts',(53.9286401304389,-66.7364190203195,-5.51067296290577));
#4889=CARTESIAN_POINT('Ctrl Pts',(51.5249379537705,-68.4289441567056,-5.33278140277797));
#4890=CARTESIAN_POINT('Ctrl Pts',(49.1422003897628,-70.1501481479407,-5.15187557354298));
#4891=CARTESIAN_POINT('',(65.4548949266077,-65.0172492193003,-5.69136499013374));
#4892=CARTESIAN_POINT('Ctrl Pts',(65.4548949266077,-65.0172492193003,-5.69136499013374));
#4893=CARTESIAN_POINT('Ctrl Pts',(65.1819994179498,-64.1900705197043,-5.77830497478283));
#4894=CARTESIAN_POINT('Ctrl Pts',(64.9047478318663,-63.3645961344668,-5.86506582877463));
#4895=CARTESIAN_POINT('Ctrl Pts',(64.3443568333708,-61.7252440778081,-6.03736867302095));
#4896=CARTESIAN_POINT('Ctrl Pts',(64.0614935413304,-60.9118566573381,-6.12285913582417));
#4897=CARTESIAN_POINT('Ctrl Pts',(63.7742626913985,-60.0996964296679,-6.20822061546664));
#4898=CARTESIAN_POINT('',(67.0010150234501,-70.0833143169478,-5.15890009223936));
#4899=CARTESIAN_POINT('Ctrl Pts',(67.0010150234501,-70.0833143169478,-5.15890009223936));
#4900=CARTESIAN_POINT('Ctrl Pts',(66.7628015857103,-69.2300865381578,-5.24857794543652));
#4901=CARTESIAN_POINT('Ctrl Pts',(66.5144941094698,-68.3794725044662,-5.33798108295392));
#4902=CARTESIAN_POINT('Ctrl Pts',(65.9991833633182,-66.6907031817651,-5.51547789115656));
#4903=CARTESIAN_POINT('Ctrl Pts',(65.7322258659684,-65.8521842530581,-5.6036097819141));
#4904=CARTESIAN_POINT('Ctrl Pts',(65.4548949266077,-65.0172492193003,-5.69136499013374));
#4905=CARTESIAN_POINT('',(58.179912626803,-70.2986620619978,-5.13626613217969));
#4906=CARTESIAN_POINT('Ctrl Pts',(58.179912626803,-70.2986620619978,-5.13626613217969));
#4907=CARTESIAN_POINT('Ctrl Pts',(59.6551645310703,-70.2496393935396,-5.14141862225868));
#4908=CARTESIAN_POINT('Ctrl Pts',(61.1309446240737,-70.2068812193635,-5.14591268745682));
#4909=CARTESIAN_POINT('Ctrl Pts',(64.0711374060503,-70.1349491365338,-5.15347305401369));
#4910=CARTESIAN_POINT('Ctrl Pts',(65.5361803086334,-70.105660348475,-5.15655142968447));
#4911=CARTESIAN_POINT('Ctrl Pts',(67.0010150234501,-70.0833143169478,-5.15890009223936));
#4912=CARTESIAN_POINT('Ctrl Pts',(49.2841232514978,-70.5067472852103,-5.11439549392386));
#4913=CARTESIAN_POINT('Ctrl Pts',(50.767331088756,-70.4844397755771,-5.11674010766454));
#4914=CARTESIAN_POINT('Ctrl Pts',(52.2504253775728,-70.4561030867523,-5.11971841367342));
#4915=CARTESIAN_POINT('Ctrl Pts',(55.2157447895985,-70.3868972781044,-5.12699223726731));
#4916=CARTESIAN_POINT('Ctrl Pts',(56.6979196218576,-70.346034574114,-5.13128708052111));
#4917=CARTESIAN_POINT('Ctrl Pts',(58.179912626803,-70.2986620619978,-5.13626613217969));
#4918=CARTESIAN_POINT('Ctrl Pts',(72.0202661475142,-91.3397060026279,-2.32145833187016));
#4919=CARTESIAN_POINT('Ctrl Pts',(72.0202661475142,-91.4024230805885,-2.91817146909112));
#4920=CARTESIAN_POINT('Ctrl Pts',(71.7608211769114,-89.9392093359203,-2.46865646301659));
#4921=CARTESIAN_POINT('Ctrl Pts',(71.7608211769114,-90.0019264138809,-3.06536960023756));
#4922=CARTESIAN_POINT('Ctrl Pts',(71.4912175137541,-88.5394788530073,-2.61577406500122));
#4923=CARTESIAN_POINT('Ctrl Pts',(71.4912175137541,-88.6021959309679,-3.21248720222219));
#4924=CARTESIAN_POINT('Ctrl Pts',(70.9409304721146,-85.7966178150582,-2.90406037683488));
#4925=CARTESIAN_POINT('Ctrl Pts',(70.9409304721146,-85.8593348930188,-3.50077351405584));
#4926=CARTESIAN_POINT('Ctrl Pts',(70.6605806253776,-84.4512018480284,-3.04546929316377));
#4927=CARTESIAN_POINT('Ctrl Pts',(70.6605806253776,-84.513918925989,-3.64218243038474));
#4928=CARTESIAN_POINT('Ctrl Pts',(70.3695820197066,-83.1091937543894,-3.18652002756605));
#4929=CARTESIAN_POINT('Ctrl Pts',(70.3695820197066,-83.17191083235,-3.78323316478701));
#4930=CARTESIAN_POINT('',(72.0202661475142,-91.3397060026279,-2.32145833187016));
#4931=CARTESIAN_POINT('',(70.3695820197066,-83.1091937543895,-3.18652002756605));
#4932=CARTESIAN_POINT('Ctrl Pts',(72.0202661475142,-91.3397060026279,-2.32145833187016));
#4933=CARTESIAN_POINT('Ctrl Pts',(71.7608211769114,-89.9392093359203,-2.46865646301659));
#4934=CARTESIAN_POINT('Ctrl Pts',(71.4912175137541,-88.5394788530073,-2.61577406500122));
#4935=CARTESIAN_POINT('Ctrl Pts',(70.9409304721146,-85.7966178150582,-2.90406037683488));
#4936=CARTESIAN_POINT('Ctrl Pts',(70.6605806253776,-84.4512018480284,-3.04546929316377));
#4937=CARTESIAN_POINT('Ctrl Pts',(70.3695820197066,-83.1091937543894,-3.18652002756605));
#4938=CARTESIAN_POINT('',(72.0202661475142,-91.3397060026279,-2.32145833187016));
#4939=CARTESIAN_POINT('',(70.3695820197066,-83.1091937543895,-3.18652002756605));
#4940=CARTESIAN_POINT('Ctrl Pts',(70.3695820197066,-83.1091937543895,-3.18652002756605));
#4941=CARTESIAN_POINT('Ctrl Pts',(70.3695820197066,-83.1719108323501,-3.78323316478701));
#4942=CARTESIAN_POINT('Ctrl Pts',(70.0866325801966,-81.8067655260563,-3.32341075049343));
#4943=CARTESIAN_POINT('Ctrl Pts',(70.0866325801966,-81.8694826040169,-3.92012388771439));
#4944=CARTESIAN_POINT('Ctrl Pts',(69.7881318396996,-80.5070241993699,-3.460019068678));
#4945=CARTESIAN_POINT('Ctrl Pts',(69.7881318396996,-80.5697412773305,-4.05673220589896));
#4946=CARTESIAN_POINT('Ctrl Pts',(69.1658357031045,-77.9492938602201,-3.72884735999016));
#4947=CARTESIAN_POINT('Ctrl Pts',(69.1658357031045,-78.0120109381807,-4.32556049721113));
#4948=CARTESIAN_POINT('Ctrl Pts',(68.8425964509495,-76.6899779890934,-3.86120679158286));
#4949=CARTESIAN_POINT('Ctrl Pts',(68.8425964509495,-76.752695067054,-4.45791992880382));
#4950=CARTESIAN_POINT('Ctrl Pts',(68.5022605984013,-75.4357885605672,-3.9930274123464));
#4951=CARTESIAN_POINT('Ctrl Pts',(68.5022605984013,-75.4985056385278,-4.58974054956737));
#4952=CARTESIAN_POINT('',(68.5022605984013,-75.4357885605672,-3.9930274123464));
#4953=CARTESIAN_POINT('Ctrl Pts',(70.3695820197066,-83.1091937543895,-3.18652002756605));
#4954=CARTESIAN_POINT('Ctrl Pts',(70.0866325801966,-81.8067655260563,-3.32341075049343));
#4955=CARTESIAN_POINT('Ctrl Pts',(69.7881318396996,-80.5070241993699,-3.460019068678));
#4956=CARTESIAN_POINT('Ctrl Pts',(69.1658357031045,-77.9492938602201,-3.72884735999016));
#4957=CARTESIAN_POINT('Ctrl Pts',(68.8425964509495,-76.6899779890934,-3.86120679158286));
#4958=CARTESIAN_POINT('Ctrl Pts',(68.5022605984013,-75.4357885605672,-3.9930274123464));
#4959=CARTESIAN_POINT('',(68.5022605984013,-75.4357885605672,-3.9930274123464));
#4960=CARTESIAN_POINT('Ctrl Pts',(68.5022605984013,-75.4357885605672,-3.9930274123464));
#4961=CARTESIAN_POINT('Ctrl Pts',(68.5022605984013,-75.4985056385278,-4.58974054956737));
#4962=CARTESIAN_POINT('Ctrl Pts',(66.3976334010422,-75.5036343500435,-3.9858965325275));
#4963=CARTESIAN_POINT('Ctrl Pts',(66.3976334010422,-75.5663514280041,-4.58260966974846));
#4964=CARTESIAN_POINT('Ctrl Pts',(64.2620340064184,-75.5655887537719,-3.97938486230229));
#4965=CARTESIAN_POINT('Ctrl Pts',(64.2620340064184,-75.6283058317325,-4.57609799952325));
#4966=CARTESIAN_POINT('Ctrl Pts',(60.3151978220686,-75.6616067114109,-3.96929296829286));
#4967=CARTESIAN_POINT('Ctrl Pts',(60.3151978220686,-75.7243237893715,-4.56600610551383));
#4968=CARTESIAN_POINT('Ctrl Pts',(58.438638411654,-75.6996125862755,-3.96529838987962));
#4969=CARTESIAN_POINT('Ctrl Pts',(58.438638411654,-75.7623296642361,-4.56201152710058));
#4970=CARTESIAN_POINT('Ctrl Pts',(56.5964336991907,-75.7254446559892,-3.96258332994704));
#4971=CARTESIAN_POINT('Ctrl Pts',(56.5964336991907,-75.7881617339498,-4.559296467168));
#4972=CARTESIAN_POINT('',(56.5964336991907,-75.7254446559892,-3.96258332994703));
#4973=CARTESIAN_POINT('Ctrl Pts',(68.5022605984013,-75.4357885605672,-3.9930274123464));
#4974=CARTESIAN_POINT('Ctrl Pts',(66.3976334010422,-75.5036343500435,-3.9858965325275));
#4975=CARTESIAN_POINT('Ctrl Pts',(64.2620340064184,-75.5655887537719,-3.97938486230229));
#4976=CARTESIAN_POINT('Ctrl Pts',(60.3151978220686,-75.6616067114109,-3.96929296829286));
#4977=CARTESIAN_POINT('Ctrl Pts',(58.438638411654,-75.6996125862755,-3.96529838987962));
#4978=CARTESIAN_POINT('Ctrl Pts',(56.5964336991907,-75.7254446559892,-3.96258332994704));
#4979=CARTESIAN_POINT('',(56.5964336991907,-75.7254446559892,-3.96258332994703));
#4980=CARTESIAN_POINT('Ctrl Pts',(56.5964336991907,-75.7254446559892,-3.96258332994703));
#4981=CARTESIAN_POINT('Ctrl Pts',(56.5964336991907,-75.7881617339498,-4.559296467168));
#4982=CARTESIAN_POINT('Ctrl Pts',(55.1314824329633,-75.744442505269,-3.96058657552679));
#4983=CARTESIAN_POINT('Ctrl Pts',(55.1314824329633,-75.8071595832296,-4.55729971274775));
#4984=CARTESIAN_POINT('Ctrl Pts',(53.5488808734267,-75.762930414635,-3.95864341795122));
#4985=CARTESIAN_POINT('Ctrl Pts',(53.5488808734267,-75.8256474925956,-4.55535655517218));
#4986=CARTESIAN_POINT('Ctrl Pts',(51.0648007571729,-75.7843707223718,-3.95638995080267));
#4987=CARTESIAN_POINT('Ctrl Pts',(51.0648007571729,-75.8470878003324,-4.55310308802364));
#4988=CARTESIAN_POINT('Ctrl Pts',(49.880616911896,-75.792281699066,-3.95555847364702));
#4989=CARTESIAN_POINT('Ctrl Pts',(49.880616911896,-75.8549987770266,-4.55227161086799));
#4990=CARTESIAN_POINT('Ctrl Pts',(48.8583764672876,-75.792281699066,-3.95555847364702));
#4991=CARTESIAN_POINT('Ctrl Pts',(48.8583764672876,-75.8549987770266,-4.55227161086799));
#4992=CARTESIAN_POINT('',(48.8583764672876,-75.792281699066,-3.95555847364702));
#4993=CARTESIAN_POINT('Ctrl Pts',(56.5964336991907,-75.7254446559892,-3.96258332994703));
#4994=CARTESIAN_POINT('Ctrl Pts',(55.1314824329633,-75.744442505269,-3.96058657552679));
#4995=CARTESIAN_POINT('Ctrl Pts',(53.5488808734267,-75.762930414635,-3.95864341795122));
#4996=CARTESIAN_POINT('Ctrl Pts',(51.0648007571729,-75.7843707223718,-3.95638995080267));
#4997=CARTESIAN_POINT('Ctrl Pts',(49.880616911896,-75.792281699066,-3.95555847364702));
#4998=CARTESIAN_POINT('Ctrl Pts',(48.8583764672876,-75.792281699066,-3.95555847364702));
#4999=CARTESIAN_POINT('',(48.8583764672876,-75.792281699066,-3.95555847364702));
#5000=CARTESIAN_POINT('Ctrl Pts',(48.8583764672876,-75.792281699066,-3.95555847364702));
#5001=CARTESIAN_POINT('Ctrl Pts',(48.8583764672876,-75.8549987770266,-4.55227161086799));
#5002=CARTESIAN_POINT('Ctrl Pts',(47.6208998269772,-75.792281699066,-3.95555847364702));
#5003=CARTESIAN_POINT('Ctrl Pts',(47.6208998269772,-75.8549987770266,-4.55227161086799));
#5004=CARTESIAN_POINT('Ctrl Pts',(46.3876846799985,-75.6704925376394,-3.96835903032242));
#5005=CARTESIAN_POINT('Ctrl Pts',(46.3876846799985,-75.7332096156,-4.56507216754338));
#5006=CARTESIAN_POINT('Ctrl Pts',(44.7626990397918,-75.125941352609,-4.02559366618805));
#5007=CARTESIAN_POINT('Ctrl Pts',(44.7626990397918,-75.1886584305696,-4.62230680340901));
#5008=CARTESIAN_POINT('Ctrl Pts',(44.2086035513056,-74.851961789294,-4.0543900786687));
#5009=CARTESIAN_POINT('Ctrl Pts',(44.2086035513056,-74.9146788672546,-4.65110321588966));
#5010=CARTESIAN_POINT('Ctrl Pts',(43.3923516158879,-74.163003896198,-4.1268024711528));
#5011=CARTESIAN_POINT('Ctrl Pts',(43.3923516158879,-74.2257209741586,-4.72351560837377));
#5012=CARTESIAN_POINT('Ctrl Pts',(43.1082956587628,-73.8117948012846,-4.16371603449203));
#5013=CARTESIAN_POINT('Ctrl Pts',(43.1082956587628,-73.8745118792452,-4.760429171713));
#5014=CARTESIAN_POINT('Ctrl Pts',(42.7517213237544,-73.1154857799408,-4.23690106168896));
#5015=CARTESIAN_POINT('Ctrl Pts',(42.7517213237544,-73.1782028579014,-4.83361419890993));
#5016=CARTESIAN_POINT('Ctrl Pts',(42.6474728308648,-72.8118910756057,-4.26881015091881));
#5017=CARTESIAN_POINT('Ctrl Pts',(42.6474728308648,-72.8746081535663,-4.86552328813977));
#5018=CARTESIAN_POINT('Ctrl Pts',(42.5037355171149,-72.1527105711119,-4.33809281374568));
#5019=CARTESIAN_POINT('Ctrl Pts',(42.5037355171149,-72.2154276490724,-4.93480595096664));
#5020=CARTESIAN_POINT('Ctrl Pts',(42.4722344550094,-71.7991956204964,-4.3752487322851));
#5021=CARTESIAN_POINT('Ctrl Pts',(42.4722344550094,-71.861912698457,-4.97196186950607));
#5022=CARTESIAN_POINT('Ctrl Pts',(42.4722344550094,-71.4467817905241,-4.4122889183814));
#5023=CARTESIAN_POINT('Ctrl Pts',(42.4722344550094,-71.5094988684846,-5.00900205560236));
#5024=CARTESIAN_POINT('',(42.4722344550094,-71.446781790524,-4.4122889183814));
#5025=CARTESIAN_POINT('Ctrl Pts',(48.8583764672876,-75.792281699066,-3.95555847364702));
#5026=CARTESIAN_POINT('Ctrl Pts',(47.6208998269772,-75.792281699066,-3.95555847364702));
#5027=CARTESIAN_POINT('Ctrl Pts',(46.3876846799985,-75.6704925376394,-3.96835903032242));
#5028=CARTESIAN_POINT('Ctrl Pts',(44.7626990397918,-75.125941352609,-4.02559366618805));
#5029=CARTESIAN_POINT('Ctrl Pts',(44.2086035513056,-74.851961789294,-4.0543900786687));
#5030=CARTESIAN_POINT('Ctrl Pts',(43.3923516158879,-74.163003896198,-4.1268024711528));
#5031=CARTESIAN_POINT('Ctrl Pts',(43.1082956587628,-73.8117948012846,-4.16371603449203));
#5032=CARTESIAN_POINT('Ctrl Pts',(42.7517213237544,-73.1154857799408,-4.23690106168896));
#5033=CARTESIAN_POINT('Ctrl Pts',(42.6474728308648,-72.8118910756057,-4.26881015091881));
#5034=CARTESIAN_POINT('Ctrl Pts',(42.5037355171149,-72.1527105711119,-4.33809281374568));
#5035=CARTESIAN_POINT('Ctrl Pts',(42.4722344550094,-71.7991956204964,-4.3752487322851));
#5036=CARTESIAN_POINT('Ctrl Pts',(42.4722344550094,-71.4467817905241,-4.4122889183814));
#5037=CARTESIAN_POINT('',(42.4722344550094,-71.446781790524,-4.4122889183814));
#5038=CARTESIAN_POINT('Ctrl Pts',(42.4722344550094,-71.446781790524,-4.4122889183814));
#5039=CARTESIAN_POINT('Ctrl Pts',(42.4722344550094,-71.5094988684846,-5.00900205560236));
#5040=CARTESIAN_POINT('Ctrl Pts',(42.4722344550094,-70.7597222245568,-4.48450178864435));
#5041=CARTESIAN_POINT('Ctrl Pts',(42.4722344550094,-70.8224393025174,-5.08121492586531));
#5042=CARTESIAN_POINT('Ctrl Pts',(42.5771083390203,-70.0874634326744,-4.55515903486578));
#5043=CARTESIAN_POINT('Ctrl Pts',(42.5771083390203,-70.150180510635,-5.15187217208674));
#5044=CARTESIAN_POINT('Ctrl Pts',(43.0440391984388,-68.800604628,-4.69041334542599));
#5045=CARTESIAN_POINT('Ctrl Pts',(43.0440391984388,-68.8633217059605,-5.28712648264695));
#5046=CARTESIAN_POINT('Ctrl Pts',(43.3900701323818,-68.2233800854944,-4.75108208954262));
#5047=CARTESIAN_POINT('Ctrl Pts',(43.3900701323818,-68.286097163455,-5.34779522676358));
#5048=CARTESIAN_POINT('Ctrl Pts',(43.8316213600437,-67.7029116321925,-4.80578552830682));
#5049=CARTESIAN_POINT('Ctrl Pts',(43.8316213600437,-67.7656287101531,-5.40249866552779));
#5050=CARTESIAN_POINT('',(43.8316213600438,-67.7029116321925,-4.80578552830682));
#5051=CARTESIAN_POINT('Ctrl Pts',(42.4722344550094,-71.446781790524,-4.4122889183814));
#5052=CARTESIAN_POINT('Ctrl Pts',(42.4722344550094,-70.7597222245568,-4.48450178864435));
#5053=CARTESIAN_POINT('Ctrl Pts',(42.5771083390203,-70.0874634326744,-4.55515903486578));
#5054=CARTESIAN_POINT('Ctrl Pts',(43.0440391984388,-68.800604628,-4.69041334542599));
#5055=CARTESIAN_POINT('Ctrl Pts',(43.3900701323818,-68.2233800854944,-4.75108208954262));
#5056=CARTESIAN_POINT('Ctrl Pts',(43.8316213600437,-67.7029116321925,-4.80578552830682));
#5057=CARTESIAN_POINT('',(43.8316213600438,-67.7029116321925,-4.80578552830682));
#5058=CARTESIAN_POINT('Ctrl Pts',(43.8316213600438,-67.7029116321925,-4.80578552830682));
#5059=CARTESIAN_POINT('Ctrl Pts',(43.8316213600438,-67.7656287101531,-5.40249866552779));
#5060=CARTESIAN_POINT('Ctrl Pts',(44.327315258769,-67.121085286522,-4.86693794142594));
#5061=CARTESIAN_POINT('Ctrl Pts',(44.327315258769,-67.1838023644826,-5.4636510786469));
#5062=CARTESIAN_POINT('Ctrl Pts',(44.8910230879668,-66.5729936410151,-4.92454469468245));
#5063=CARTESIAN_POINT('Ctrl Pts',(44.8910230879668,-66.6357107189757,-5.52125783190341));
#5064=CARTESIAN_POINT('Ctrl Pts',(46.1537679926908,-65.4722883310732,-5.04023348453676));
#5065=CARTESIAN_POINT('Ctrl Pts',(46.1537679926908,-65.5350054090338,-5.63694662175772));
#5066=CARTESIAN_POINT('Ctrl Pts',(46.8957344640373,-64.9060215375592,-5.0997505228254));
#5067=CARTESIAN_POINT('Ctrl Pts',(46.8957344640373,-64.9687386155198,-5.69646366004637));
#5068=CARTESIAN_POINT('Ctrl Pts',(47.6409015234908,-64.3824792602494,-5.1547770335113));
#5069=CARTESIAN_POINT('Ctrl Pts',(47.6409015234908,-64.44519633821,-5.75149017073226));
#5070=CARTESIAN_POINT('',(47.6409015234908,-64.3824792602494,-5.1547770335113));
#5071=CARTESIAN_POINT('Ctrl Pts',(43.8316213600438,-67.7029116321925,-4.80578552830682));
#5072=CARTESIAN_POINT('Ctrl Pts',(44.327315258769,-67.121085286522,-4.86693794142594));
#5073=CARTESIAN_POINT('Ctrl Pts',(44.8910230879668,-66.5729936410151,-4.92454469468245));
#5074=CARTESIAN_POINT('Ctrl Pts',(46.1537679926908,-65.4722883310732,-5.04023348453676));
#5075=CARTESIAN_POINT('Ctrl Pts',(46.8957344640373,-64.9060215375592,-5.0997505228254));
#5076=CARTESIAN_POINT('Ctrl Pts',(47.6409015234908,-64.3824792602494,-5.1547770335113));
#5077=CARTESIAN_POINT('',(47.6409015234908,-64.3824792602494,-5.1547770335113));
#5078=CARTESIAN_POINT('Ctrl Pts',(47.6409015234908,-64.3824792602494,-5.1547770335113));
#5079=CARTESIAN_POINT('Ctrl Pts',(47.6409015234908,-64.44519633821,-5.75149017073226));
#5080=CARTESIAN_POINT('Ctrl Pts',(48.7926340288951,-63.5958188776907,-5.23745837143394));
#5081=CARTESIAN_POINT('Ctrl Pts',(48.7926340288951,-63.6585359556513,-5.8341715086549));
#5082=CARTESIAN_POINT('Ctrl Pts',(49.9679681708621,-62.7932448713045,-5.32181229861927));
#5083=CARTESIAN_POINT('Ctrl Pts',(49.9679681708621,-62.855961949265,-5.91852543584023));
#5084=CARTESIAN_POINT('Ctrl Pts',(52.2589286357065,-61.228923666748,-5.48622908253406));
#5085=CARTESIAN_POINT('Ctrl Pts',(52.2589286357065,-61.2916407447085,-6.08294221975503));
#5086=CARTESIAN_POINT('Ctrl Pts',(53.4466852742342,-60.417925158513,-5.5714684605437));
#5087=CARTESIAN_POINT('Ctrl Pts',(53.4466852742342,-60.4806422364736,-6.16818159776467));
#5088=CARTESIAN_POINT('Ctrl Pts',(54.6245466320316,-59.6135447774029,-5.65601224536299));
#5089=CARTESIAN_POINT('Ctrl Pts',(54.6245466320316,-59.6762618553635,-6.25272538258396));
#5090=CARTESIAN_POINT('',(54.6245466320316,-59.6135447774029,-5.65601224536299));
#5091=CARTESIAN_POINT('Ctrl Pts',(47.6409015234908,-64.3824792602494,-5.1547770335113));
#5092=CARTESIAN_POINT('Ctrl Pts',(48.7926340288951,-63.5958188776907,-5.23745837143394));
#5093=CARTESIAN_POINT('Ctrl Pts',(49.9679681708621,-62.7932448713045,-5.32181229861927));
#5094=CARTESIAN_POINT('Ctrl Pts',(52.2589286357065,-61.228923666748,-5.48622908253406));
#5095=CARTESIAN_POINT('Ctrl Pts',(53.4466852742342,-60.417925158513,-5.5714684605437));
#5096=CARTESIAN_POINT('Ctrl Pts',(54.6245466320316,-59.6135447774029,-5.65601224536299));
#5097=CARTESIAN_POINT('',(54.6245466320316,-59.6135447774029,-5.65601224536299));
#5098=CARTESIAN_POINT('Ctrl Pts',(54.6245466320316,-59.6135447774029,-5.65601224536299));
#5099=CARTESIAN_POINT('Ctrl Pts',(54.6245466320316,-59.6762618553635,-6.25272538258396));
#5100=CARTESIAN_POINT('Ctrl Pts',(55.8191178456304,-58.7972074452313,-5.74181275637971));
#5101=CARTESIAN_POINT('Ctrl Pts',(55.8191178456304,-58.8599245231919,-6.33852589360067));
#5102=CARTESIAN_POINT('Ctrl Pts',(57.0186814635587,-57.9875119756979,-5.82691517950311));
#5103=CARTESIAN_POINT('Ctrl Pts',(57.0186814635587,-58.0502290536585,-6.42362831672407));
#5104=CARTESIAN_POINT('Ctrl Pts',(59.4460481552855,-56.3682475105519,-5.99710673280516));
#5105=CARTESIAN_POINT('Ctrl Pts',(59.4460481552855,-56.4309645885125,-6.59381987002612));
#5106=CARTESIAN_POINT('Ctrl Pts',(60.6745559797337,-55.5585257235138,-6.08221192200975));
#5107=CARTESIAN_POINT('Ctrl Pts',(60.6745559797337,-55.6212428014744,-6.67892505923071));
#5108=CARTESIAN_POINT('Ctrl Pts',(61.9070446229578,-54.755460510239,-6.16661747711946));
#5109=CARTESIAN_POINT('Ctrl Pts',(61.9070446229578,-54.8181775881996,-6.76333061434043));
#5110=CARTESIAN_POINT('',(61.9070446229578,-54.755460510239,-6.16661747711946));
#5111=CARTESIAN_POINT('Ctrl Pts',(54.6245466320316,-59.6135447774029,-5.65601224536299));
#5112=CARTESIAN_POINT('Ctrl Pts',(55.8191178456304,-58.7972074452313,-5.74181275637971));
#5113=CARTESIAN_POINT('Ctrl Pts',(57.0186814635587,-57.9875119756979,-5.82691517950311));
#5114=CARTESIAN_POINT('Ctrl Pts',(59.4460481552855,-56.3682475105519,-5.99710673280516));
#5115=CARTESIAN_POINT('Ctrl Pts',(60.6745559797337,-55.5585257235138,-6.08221192200975));
#5116=CARTESIAN_POINT('Ctrl Pts',(61.9070446229578,-54.755460510239,-6.16661747711946));
#5117=CARTESIAN_POINT('',(61.9070446229578,-54.755460510239,-6.16661747711946));
#5118=CARTESIAN_POINT('Ctrl Pts',(61.9070446229578,-54.755460510239,-6.16661747711946));
#5119=CARTESIAN_POINT('Ctrl Pts',(61.9070446229578,-54.8181775881996,-6.76333061434043));
#5120=CARTESIAN_POINT('Ctrl Pts',(61.5013026709134,-53.6404859516118,-6.28380602544466));
#5121=CARTESIAN_POINT('Ctrl Pts',(61.5013026709134,-53.7032030295724,-6.88051916266563));
#5122=CARTESIAN_POINT('Ctrl Pts',(61.0830405362316,-52.5299555235419,-6.40052747682621));
#5123=CARTESIAN_POINT('Ctrl Pts',(61.0830405362316,-52.5926726015025,-6.99724061404718));
#5124=CARTESIAN_POINT('Ctrl Pts',(60.2217644651573,-50.3210485046301,-6.63269295982193));
#5125=CARTESIAN_POINT('Ctrl Pts',(60.2217644651573,-50.3837655825906,-7.2294060970429));
#5126=CARTESIAN_POINT('Ctrl Pts',(59.7787646855127,-49.2225600788335,-6.74814874576347));
#5127=CARTESIAN_POINT('Ctrl Pts',(59.7787646855127,-49.2852771567941,-7.34486188298444));
#5128=CARTESIAN_POINT('Ctrl Pts',(59.3226997844975,-48.1295070631243,-6.86303324708443));
#5129=CARTESIAN_POINT('Ctrl Pts',(59.3226997844975,-48.1922241410849,-7.45974638430539));
#5130=CARTESIAN_POINT('',(59.3226997844975,-48.1295070631243,-6.86303324708443));
#5131=CARTESIAN_POINT('Ctrl Pts',(61.9070446229578,-54.755460510239,-6.16661747711946));
#5132=CARTESIAN_POINT('Ctrl Pts',(61.5013026709134,-53.6404859516118,-6.28380602544466));
#5133=CARTESIAN_POINT('Ctrl Pts',(61.0830405362316,-52.5299555235419,-6.40052747682621));
#5134=CARTESIAN_POINT('Ctrl Pts',(60.2217644651573,-50.3210485046301,-6.63269295982193));
#5135=CARTESIAN_POINT('Ctrl Pts',(59.7787646855127,-49.2225600788335,-6.74814874576347));
#5136=CARTESIAN_POINT('Ctrl Pts',(59.3226997844975,-48.1295070631243,-6.86303324708443));
#5137=CARTESIAN_POINT('',(59.3226997844975,-48.1295070631243,-6.86303324708443));
#5138=CARTESIAN_POINT('Ctrl Pts',(59.3226997844975,-48.1295070631243,-6.86303324708443));
#5139=CARTESIAN_POINT('Ctrl Pts',(59.3226997844975,-48.1922241410849,-7.45974638430539));
#5140=CARTESIAN_POINT('Ctrl Pts',(58.8658770418356,-47.0283138380253,-6.97877331888821));
#5141=CARTESIAN_POINT('Ctrl Pts',(58.8658770418356,-47.0910309159859,-7.57548645610917));
#5142=CARTESIAN_POINT('Ctrl Pts',(58.4066729027747,-45.9289667363422,-7.09431935530214));
#5143=CARTESIAN_POINT('Ctrl Pts',(58.4066729027747,-45.9916838143028,-7.69103249252311));
#5144=CARTESIAN_POINT('Ctrl Pts',(57.4756414040874,-43.7172505881419,-7.32678008968348));
#5145=CARTESIAN_POINT('Ctrl Pts',(57.4756414040874,-43.7799676661025,-7.92349322690445));
#5146=CARTESIAN_POINT('Ctrl Pts',(57.004283552997,-42.6062178063584,-7.44355434056794));
#5147=CARTESIAN_POINT('Ctrl Pts',(57.004283552997,-42.668934884319,-8.0402674777889));
#5148=CARTESIAN_POINT('Ctrl Pts',(56.5292301138838,-41.4960690588682,-7.56023567570405));
#5149=CARTESIAN_POINT('Ctrl Pts',(56.5292301138838,-41.5587861368288,-8.15694881292501));
#5150=CARTESIAN_POINT('',(56.5292301138839,-41.4960690588682,-7.56023567570405));
#5151=CARTESIAN_POINT('Ctrl Pts',(59.3226997844975,-48.1295070631243,-6.86303324708443));
#5152=CARTESIAN_POINT('Ctrl Pts',(58.8658770418356,-47.0283138380253,-6.97877331888821));
#5153=CARTESIAN_POINT('Ctrl Pts',(58.4066729027747,-45.9289667363422,-7.09431935530214));
#5154=CARTESIAN_POINT('Ctrl Pts',(57.4756414040874,-43.7172505881419,-7.32678008968348));
#5155=CARTESIAN_POINT('Ctrl Pts',(57.004283552997,-42.6062178063584,-7.44355434056794));
#5156=CARTESIAN_POINT('Ctrl Pts',(56.5292301138838,-41.4960690588682,-7.56023567570405));
#5157=CARTESIAN_POINT('',(56.5292301138839,-41.4960690588682,-7.56023567570405));
#5158=CARTESIAN_POINT('Origin',(56.5292301138839,-41.4960690588682,-7.56023567570405));
#5159=CARTESIAN_POINT('',(62.2655014253259,-38.7847572176896,-7.84520603333789));
#5160=CARTESIAN_POINT('',(94.8670187594082,-23.3752908258248,-9.46480621430699));
#5161=CARTESIAN_POINT('',(62.2655014253259,-38.7847572176896,-7.84520603333789));
#5162=CARTESIAN_POINT('Ctrl Pts',(62.2655014253259,-38.7847572176896,-7.84520603333789));
#5163=CARTESIAN_POINT('Ctrl Pts',(62.2655014253259,-38.8474742956502,-8.44191917055885));
#5164=CARTESIAN_POINT('Ctrl Pts',(62.7178448063787,-39.8068323658355,-7.73778160650796));
#5165=CARTESIAN_POINT('Ctrl Pts',(62.7178448063787,-39.8695494437961,-8.33449474372893));
#5166=CARTESIAN_POINT('Ctrl Pts',(63.1683687709597,-40.8296394702938,-7.63028024796957));
#5167=CARTESIAN_POINT('Ctrl Pts',(63.1683687709597,-40.8923565482544,-8.22699338519054));
#5168=CARTESIAN_POINT('Ctrl Pts',(64.0647483781903,-42.8749052225206,-7.4153141551667));
#5169=CARTESIAN_POINT('Ctrl Pts',(64.0647483781903,-42.9376223004812,-8.01202729238766));
#5170=CARTESIAN_POINT('Ctrl Pts',(64.5105587515433,-43.8972394087156,-7.30786250234071));
#5171=CARTESIAN_POINT('Ctrl Pts',(64.5105587515433,-43.9599564866762,-7.90457563956168));
#5172=CARTESIAN_POINT('Ctrl Pts',(64.9544086798629,-44.9204938536057,-7.20031412642834));
#5173=CARTESIAN_POINT('Ctrl Pts',(64.9544086798629,-44.9832109315662,-7.79702726364931));
#5174=CARTESIAN_POINT('',(64.9544086798629,-44.9204938536056,-7.20031412642834));
#5175=CARTESIAN_POINT('Ctrl Pts',(62.2655014253259,-38.7847572176896,-7.84520603333789));
#5176=CARTESIAN_POINT('Ctrl Pts',(62.7178448063787,-39.8068323658355,-7.73778160650796));
#5177=CARTESIAN_POINT('Ctrl Pts',(63.1683687709597,-40.8296394702938,-7.63028024796957));
#5178=CARTESIAN_POINT('Ctrl Pts',(64.0647483781903,-42.8749052225206,-7.4153141551667));
#5179=CARTESIAN_POINT('Ctrl Pts',(64.5105587515433,-43.8972394087156,-7.30786250234071));
#5180=CARTESIAN_POINT('Ctrl Pts',(64.9544086798629,-44.9204938536057,-7.20031412642834));
#5181=CARTESIAN_POINT('',(64.9544086798629,-44.9204938536056,-7.20031412642834));
#5182=CARTESIAN_POINT('Ctrl Pts',(64.9544086798628,-44.9204938536056,-7.20031412642834));
#5183=CARTESIAN_POINT('Ctrl Pts',(64.9544086798628,-44.9832109315662,-7.79702726364931));
#5184=CARTESIAN_POINT('Ctrl Pts',(65.3970886091934,-45.941270710887,-7.09302615546689));
#5185=CARTESIAN_POINT('Ctrl Pts',(65.3970886091934,-46.0039877888476,-7.68973929268785));
#5186=CARTESIAN_POINT('Ctrl Pts',(65.8246968013105,-46.9682209307905,-6.98508933794801));
#5187=CARTESIAN_POINT('Ctrl Pts',(65.8246968013105,-47.0309380087511,-7.58180247516897));
#5188=CARTESIAN_POINT('Ctrl Pts',(66.6493455285293,-49.036101590971,-6.76774632253906));
#5189=CARTESIAN_POINT('Ctrl Pts',(66.6493455285293,-49.0988186689316,-7.36445945976002));
#5190=CARTESIAN_POINT('Ctrl Pts',(67.0461377166911,-50.0765102989658,-6.65839496092151));
#5191=CARTESIAN_POINT('Ctrl Pts',(67.0461377166911,-50.1392273769264,-7.25510809814248));
#5192=CARTESIAN_POINT('Ctrl Pts',(67.4267819937667,-51.1230552865284,-6.54839865033262));
#5193=CARTESIAN_POINT('Ctrl Pts',(67.4267819937667,-51.185772364489,-7.14511178755359));
#5194=CARTESIAN_POINT('',(67.4267819937667,-51.1230552865284,-6.54839865033262));
#5195=CARTESIAN_POINT('Ctrl Pts',(64.9544086798628,-44.9204938536056,-7.20031412642834));
#5196=CARTESIAN_POINT('Ctrl Pts',(65.3970886091934,-45.941270710887,-7.09302615546689));
#5197=CARTESIAN_POINT('Ctrl Pts',(65.8246968013105,-46.9682209307905,-6.98508933794801));
#5198=CARTESIAN_POINT('Ctrl Pts',(66.6493455285293,-49.036101590971,-6.76774632253906));
#5199=CARTESIAN_POINT('Ctrl Pts',(67.0461377166911,-50.0765102989658,-6.65839496092151));
#5200=CARTESIAN_POINT('Ctrl Pts',(67.4267819937667,-51.1230552865284,-6.54839865033262));
#5201=CARTESIAN_POINT('',(67.4267819937667,-51.1230552865284,-6.54839865033262));
#5202=CARTESIAN_POINT('Ctrl Pts',(67.4267819937667,-51.1230552865284,-6.54839865033262));
#5203=CARTESIAN_POINT('Ctrl Pts',(67.4267819937667,-51.185772364489,-7.14511178755359));
#5204=CARTESIAN_POINT('Ctrl Pts',(68.6541373175428,-50.3332628243134,-6.63140918309232));
#5205=CARTESIAN_POINT('Ctrl Pts',(68.6541373175428,-50.395979902274,-7.22812232031328));
#5206=CARTESIAN_POINT('Ctrl Pts',(69.8855527611137,-49.5484931530051,-6.71389179925488));
#5207=CARTESIAN_POINT('Ctrl Pts',(69.8855527611137,-49.6112102309657,-7.31060493647584));
#5208=CARTESIAN_POINT('Ctrl Pts',(72.3700334228535,-47.9790847000451,-6.87884327452273));
#5209=CARTESIAN_POINT('Ctrl Pts',(72.3700334228535,-48.0418017780056,-7.47555641174369));
#5210=CARTESIAN_POINT('Ctrl Pts',(73.6243463163166,-47.1938440116281,-6.96137539657829));
#5211=CARTESIAN_POINT('Ctrl Pts',(73.6243463163166,-47.2565610895887,-7.55808853379925));
#5212=CARTESIAN_POINT('Ctrl Pts',(74.8809410183231,-46.4135788868775,-7.04338456581967));
#5213=CARTESIAN_POINT('Ctrl Pts',(74.8809410183231,-46.4762959648381,-7.64009770304064));
#5214=CARTESIAN_POINT('',(74.8809410183231,-46.4135788868775,-7.04338456581967));
#5215=CARTESIAN_POINT('Ctrl Pts',(67.4267819937667,-51.1230552865284,-6.54839865033262));
#5216=CARTESIAN_POINT('Ctrl Pts',(68.6541373175428,-50.3332628243134,-6.63140918309232));
#5217=CARTESIAN_POINT('Ctrl Pts',(69.8855527611137,-49.5484931530051,-6.71389179925488));
#5218=CARTESIAN_POINT('Ctrl Pts',(72.3700334228535,-47.9790847000451,-6.87884327452273));
#5219=CARTESIAN_POINT('Ctrl Pts',(73.6243463163166,-47.1938440116281,-6.96137539657829));
#5220=CARTESIAN_POINT('Ctrl Pts',(74.8809410183231,-46.4135788868775,-7.04338456581967));
#5221=CARTESIAN_POINT('',(74.8809410183231,-46.4135788868775,-7.04338456581967));
#5222=CARTESIAN_POINT('Ctrl Pts',(74.8809410183231,-46.4135788868776,-7.04338456581967));
#5223=CARTESIAN_POINT('Ctrl Pts',(74.8809410183231,-46.4762959648381,-7.64009770304064));
#5224=CARTESIAN_POINT('Ctrl Pts',(76.1538750723654,-45.6252812444938,-7.12623798668416));
#5225=CARTESIAN_POINT('Ctrl Pts',(76.1538750723654,-45.6879983224543,-7.72295112390512));
#5226=CARTESIAN_POINT('Ctrl Pts',(77.433135397979,-44.8467365877261,-7.2080663274539));
#5227=CARTESIAN_POINT('Ctrl Pts',(77.433135397979,-44.9094536656866,-7.80477946467487));
#5228=CARTESIAN_POINT('Ctrl Pts',(80.0150047355032,-43.3017333860078,-7.37045270745353));
#5229=CARTESIAN_POINT('Ctrl Pts',(80.0150047355032,-43.3644504639684,-7.96716584467449));
#5230=CARTESIAN_POINT('Ctrl Pts',(81.3180480333772,-42.5352614827639,-7.4510121506966));
#5231=CARTESIAN_POINT('Ctrl Pts',(81.3180480333772,-42.5979785607245,-8.04772528791757));
#5232=CARTESIAN_POINT('Ctrl Pts',(82.6264598425826,-41.7783486034719,-7.53056690003733));
#5233=CARTESIAN_POINT('Ctrl Pts',(82.6264598425826,-41.8410656814325,-8.12728003725829));
#5234=CARTESIAN_POINT('',(82.6264598425826,-41.7783486034719,-7.53056690003732));
#5235=CARTESIAN_POINT('Ctrl Pts',(74.8809410183231,-46.4135788868776,-7.04338456581967));
#5236=CARTESIAN_POINT('Ctrl Pts',(76.1538750723654,-45.6252812444938,-7.12623798668416));
#5237=CARTESIAN_POINT('Ctrl Pts',(77.433135397979,-44.8467365877261,-7.2080663274539));
#5238=CARTESIAN_POINT('Ctrl Pts',(80.0150047355032,-43.3017333860078,-7.37045270745353));
#5239=CARTESIAN_POINT('Ctrl Pts',(81.3180480333772,-42.5352614827639,-7.4510121506966));
#5240=CARTESIAN_POINT('Ctrl Pts',(82.6264598425826,-41.7783486034719,-7.53056690003733));
#5241=CARTESIAN_POINT('',(82.6264598425826,-41.7783486034719,-7.53056690003732));
#5242=CARTESIAN_POINT('Origin',(82.6264598425826,-41.7783486034719,-7.53056690003733));
#5243=CARTESIAN_POINT('',(85.2108046810429,-46.9855482537849,-6.98326816291549));
#5244=CARTESIAN_POINT('',(95.3560976919959,-67.427311842282,-4.83475223346474));
#5245=CARTESIAN_POINT('',(85.2108046810429,-46.9855482537849,-6.98326816291549));
#5246=CARTESIAN_POINT('Ctrl Pts',(85.2108046810429,-46.9855482537849,-6.98326816291549));
#5247=CARTESIAN_POINT('Ctrl Pts',(85.2108046810429,-47.0482653317455,-7.57998130013645));
#5248=CARTESIAN_POINT('Ctrl Pts',(83.8376292244873,-47.7630499694131,-6.90154943967663));
#5249=CARTESIAN_POINT('Ctrl Pts',(83.8376292244873,-47.8257670473737,-7.4982625768976));
#5250=CARTESIAN_POINT('Ctrl Pts',(82.4684860394,-48.5481695087422,-6.8190300509033));
#5251=CARTESIAN_POINT('Ctrl Pts',(82.4684860394,-48.6108865867028,-7.41574318812426));
#5252=CARTESIAN_POINT('Ctrl Pts',(79.7672615889183,-50.1179896780859,-6.6540353024998));
#5253=CARTESIAN_POINT('Ctrl Pts',(79.7672615889183,-50.1807067560465,-7.25074843972077));
#5254=CARTESIAN_POINT('Ctrl Pts',(78.4345491048592,-50.9026381270688,-6.57156542731705));
#5255=CARTESIAN_POINT('Ctrl Pts',(78.4345491048592,-50.9653552050294,-7.16827856453802));
#5256=CARTESIAN_POINT('Ctrl Pts',(77.1068290544152,-51.6951089706397,-6.48827338533319));
#5257=CARTESIAN_POINT('Ctrl Pts',(77.1068290544152,-51.7578260486003,-7.08498652255415));
#5258=CARTESIAN_POINT('',(77.1068290544152,-51.6951089706397,-6.48827338533319));
#5259=CARTESIAN_POINT('Ctrl Pts',(85.2108046810429,-46.9855482537849,-6.98326816291549));
#5260=CARTESIAN_POINT('Ctrl Pts',(83.8376292244873,-47.7630499694131,-6.90154943967663));
#5261=CARTESIAN_POINT('Ctrl Pts',(82.4684860394,-48.5481695087422,-6.8190300509033));
#5262=CARTESIAN_POINT('Ctrl Pts',(79.7672615889183,-50.1179896780859,-6.6540353024998));
#5263=CARTESIAN_POINT('Ctrl Pts',(78.4345491048592,-50.9026381270688,-6.57156542731705));
#5264=CARTESIAN_POINT('Ctrl Pts',(77.1068290544152,-51.6951089706397,-6.48827338533319));
#5265=CARTESIAN_POINT('',(77.1068290544152,-51.6951089706397,-6.48827338533319));
#5266=CARTESIAN_POINT('Ctrl Pts',(77.1068290544152,-51.6951089706397,-6.48827338533319));
#5267=CARTESIAN_POINT('Ctrl Pts',(77.1068290544152,-51.7578260486003,-7.08498652255415));
#5268=CARTESIAN_POINT('Ctrl Pts',(75.8007625028591,-52.472739807355,-6.40654109092122));
#5269=CARTESIAN_POINT('Ctrl Pts',(75.8007625028591,-52.5354568853156,-7.00325422814218));
#5270=CARTESIAN_POINT('Ctrl Pts',(74.4976194135594,-53.255997212178,-6.32421742037111));
#5271=CARTESIAN_POINT('Ctrl Pts',(74.4976194135594,-53.3187142901386,-6.92093055759208));
#5272=CARTESIAN_POINT('Ctrl Pts',(71.915913746838,-54.8231659760238,-6.15950134591485));
#5273=CARTESIAN_POINT('Ctrl Pts',(71.915913746838,-54.8858830539844,-6.75621448313581));
#5274=CARTESIAN_POINT('Ctrl Pts',(70.6365752985799,-55.6073465739417,-6.0770806438605));
#5275=CARTESIAN_POINT('Ctrl Pts',(70.6365752985799,-55.6700636519023,-6.67379378108147));
#5276=CARTESIAN_POINT('Ctrl Pts',(69.3612036475142,-56.3971004116386,-5.99407417070124));
#5277=CARTESIAN_POINT('Ctrl Pts',(69.3612036475142,-56.4598174895992,-6.59078730792221));
#5278=CARTESIAN_POINT('',(69.3612036475142,-56.3971004116386,-5.99407417070124));
#5279=CARTESIAN_POINT('Ctrl Pts',(77.1068290544152,-51.6951089706397,-6.48827338533319));
#5280=CARTESIAN_POINT('Ctrl Pts',(75.8007625028591,-52.472739807355,-6.40654109092122));
#5281=CARTESIAN_POINT('Ctrl Pts',(74.4976194135594,-53.255997212178,-6.32421742037111));
#5282=CARTESIAN_POINT('Ctrl Pts',(71.915913746838,-54.8231659760238,-6.15950134591485));
#5283=CARTESIAN_POINT('Ctrl Pts',(70.6365752985799,-55.6073465739417,-6.0770806438605));
#5284=CARTESIAN_POINT('Ctrl Pts',(69.3612036475142,-56.3971004116386,-5.99407417070124));
#5285=CARTESIAN_POINT('',(69.3612036475142,-56.3971004116386,-5.99407417070124));
#5286=CARTESIAN_POINT('Ctrl Pts',(69.3612036475142,-56.3971004116386,-5.99407417070124));
#5287=CARTESIAN_POINT('Ctrl Pts',(69.3612036475142,-56.4598174895992,-6.59078730792221));
#5288=CARTESIAN_POINT('Ctrl Pts',(69.7696036755878,-57.4928078866251,-5.8789106744679));
#5289=CARTESIAN_POINT('Ctrl Pts',(69.7696036755878,-57.5555249645857,-6.47562381168886));
#5290=CARTESIAN_POINT('Ctrl Pts',(70.1654504526069,-58.5931347750112,-5.76326165832182));
#5291=CARTESIAN_POINT('Ctrl Pts',(70.1654504526069,-58.6558518529718,-6.35997479554278));
#5292=CARTESIAN_POINT('Ctrl Pts',(70.9324299607502,-60.8044747476997,-5.53084046157997));
#5293=CARTESIAN_POINT('Ctrl Pts',(70.9324299607502,-60.8671918256603,-6.12755359880094));
#5294=CARTESIAN_POINT('Ctrl Pts',(71.3035109934903,-61.9154840214646,-5.41406868148784));
#5295=CARTESIAN_POINT('Ctrl Pts',(71.3035109934903,-61.9782010994252,-6.0107818187088));
#5296=CARTESIAN_POINT('Ctrl Pts',(71.6617027625045,-63.0306014530425,-5.29686511661042));
#5297=CARTESIAN_POINT('Ctrl Pts',(71.6617027625045,-63.0933185310031,-5.89357825383138));
#5298=CARTESIAN_POINT('',(71.6617027625044,-63.0306014530425,-5.29686511661042));
#5299=CARTESIAN_POINT('Ctrl Pts',(69.3612036475142,-56.3971004116386,-5.99407417070124));
#5300=CARTESIAN_POINT('Ctrl Pts',(69.7696036755878,-57.4928078866251,-5.8789106744679));
#5301=CARTESIAN_POINT('Ctrl Pts',(70.1654504526069,-58.5931347750112,-5.76326165832182));
#5302=CARTESIAN_POINT('Ctrl Pts',(70.9324299607502,-60.8044747476997,-5.53084046157997));
#5303=CARTESIAN_POINT('Ctrl Pts',(71.3035109934903,-61.9154840214646,-5.41406868148784));
#5304=CARTESIAN_POINT('Ctrl Pts',(71.6617027625045,-63.0306014530425,-5.29686511661042));
#5305=CARTESIAN_POINT('',(71.6617027625044,-63.0306014530425,-5.29686511661042));
#5306=CARTESIAN_POINT('Ctrl Pts',(71.6617027625044,-63.0306014530425,-5.29686511661042));
#5307=CARTESIAN_POINT('Ctrl Pts',(71.6617027625044,-63.0933185310031,-5.89357825383138));
#5308=CARTESIAN_POINT('Ctrl Pts',(72.0191188331309,-64.144031120161,-5.17983894292581));
#5309=CARTESIAN_POINT('Ctrl Pts',(72.0191188331309,-64.2067481981216,-5.77655208014677));
#5310=CARTESIAN_POINT('Ctrl Pts',(72.3651015611739,-65.2610154142257,-5.06243916289436));
#5311=CARTESIAN_POINT('Ctrl Pts',(72.3651015611739,-65.3237324921863,-5.65915230011533));
#5312=CARTESIAN_POINT('Ctrl Pts',(73.0322207710575,-67.4946840560329,-4.8276711284603));
#5313=CARTESIAN_POINT('Ctrl Pts',(73.0322207710575,-67.5574011339935,-5.42438426568127));
#5314=CARTESIAN_POINT('Ctrl Pts',(73.3534633683848,-68.6111960413275,-4.71032099008095));
#5315=CARTESIAN_POINT('Ctrl Pts',(73.3534633683848,-68.6739131192881,-5.30703412730191));
#5316=CARTESIAN_POINT('Ctrl Pts',(73.663541166842,-69.7308319327105,-4.59264251594113));
#5317=CARTESIAN_POINT('Ctrl Pts',(73.663541166842,-69.7935490106711,-5.1893556531621));
#5318=CARTESIAN_POINT('',(73.663541166842,-69.7308319327105,-4.59264251594113));
#5319=CARTESIAN_POINT('Ctrl Pts',(71.6617027625044,-63.0306014530425,-5.29686511661042));
#5320=CARTESIAN_POINT('Ctrl Pts',(72.0191188331309,-64.144031120161,-5.17983894292581));
#5321=CARTESIAN_POINT('Ctrl Pts',(72.3651015611739,-65.2610154142257,-5.06243916289436));
#5322=CARTESIAN_POINT('Ctrl Pts',(73.0322207710575,-67.4946840560329,-4.8276711284603));
#5323=CARTESIAN_POINT('Ctrl Pts',(73.3534633683848,-68.6111960413275,-4.71032099008095));
#5324=CARTESIAN_POINT('Ctrl Pts',(73.663541166842,-69.7308319327105,-4.59264251594113));
#5325=CARTESIAN_POINT('',(73.663541166842,-69.7308319327105,-4.59264251594113));
#5326=CARTESIAN_POINT('Ctrl Pts',(73.663541166842,-69.7308319327105,-4.59264251594113));
#5327=CARTESIAN_POINT('Ctrl Pts',(73.663541166842,-69.7935490106711,-5.1893556531621));
#5328=CARTESIAN_POINT('Ctrl Pts',(75.3859228252563,-69.6621608156008,-4.59986014118979));
#5329=CARTESIAN_POINT('Ctrl Pts',(75.3859228252563,-69.7248778935614,-5.19657327841076));
#5330=CARTESIAN_POINT('Ctrl Pts',(77.1080164389372,-69.586958329037,-4.60776424103015));
#5331=CARTESIAN_POINT('Ctrl Pts',(77.1080164389372,-69.6496754069976,-5.20447737825112));
#5332=CARTESIAN_POINT('Ctrl Pts',(80.5513524910334,-69.4235235666102,-4.62494192675085));
#5333=CARTESIAN_POINT('Ctrl Pts',(80.5513524910334,-69.4862406445708,-5.22165506397181));
#5334=CARTESIAN_POINT('Ctrl Pts',(82.272545825833,-69.3352957067669,-4.63421504848881));
#5335=CARTESIAN_POINT('Ctrl Pts',(82.272545825833,-69.3980127847275,-5.23092818570978));
#5336=CARTESIAN_POINT('Ctrl Pts',(83.9934015997847,-69.2405619213712,-4.64417197055664));
#5337=CARTESIAN_POINT('Ctrl Pts',(83.9934015997847,-69.3032789993318,-5.24088510777761));
#5338=CARTESIAN_POINT('',(83.9934015997847,-69.2405619213712,-4.64417197055664));
#5339=CARTESIAN_POINT('Ctrl Pts',(73.663541166842,-69.7308319327105,-4.59264251594113));
#5340=CARTESIAN_POINT('Ctrl Pts',(75.3859228252563,-69.6621608156008,-4.59986014118979));
#5341=CARTESIAN_POINT('Ctrl Pts',(77.1080164389372,-69.586958329037,-4.60776424103015));
#5342=CARTESIAN_POINT('Ctrl Pts',(80.5513524910334,-69.4235235666102,-4.62494192675085));
#5343=CARTESIAN_POINT('Ctrl Pts',(82.272545825833,-69.3352957067669,-4.63421504848881));
#5344=CARTESIAN_POINT('Ctrl Pts',(83.9934015997847,-69.2405619213712,-4.64417197055664));
#5345=CARTESIAN_POINT('',(83.9934015997847,-69.2405619213712,-4.64417197055664));
#5346=CARTESIAN_POINT('Ctrl Pts',(83.9934015997847,-69.2405619213712,-4.64417197055664));
#5347=CARTESIAN_POINT('Ctrl Pts',(83.9934015997847,-69.3032789993318,-5.24088510777761));
#5348=CARTESIAN_POINT('Ctrl Pts',(85.7015956140467,-69.1446405719352,-4.65425371063477));
#5349=CARTESIAN_POINT('Ctrl Pts',(85.7015956140467,-69.2073576498958,-5.25096684785573));
#5350=CARTESIAN_POINT('Ctrl Pts',(87.4104983434526,-69.0480607966264,-4.66440465406073));
#5351=CARTESIAN_POINT('Ctrl Pts',(87.4104983434526,-69.110777874587,-5.26111779128169));
#5352=CARTESIAN_POINT('Ctrl Pts',(90.8034679406845,-68.8549949702418,-4.68469669009882));
#5353=CARTESIAN_POINT('Ctrl Pts',(90.8034679406845,-68.9177120482024,-5.28140982731979));
#5354=CARTESIAN_POINT('Ctrl Pts',(92.4890580661395,-68.758440101061,-4.69484501578525));
#5355=CARTESIAN_POINT('Ctrl Pts',(92.4890580661395,-68.8211571790216,-5.29155815300621));
#5356=CARTESIAN_POINT('Ctrl Pts',(94.173829939425,-68.6612465184433,-4.70506047295901));
#5357=CARTESIAN_POINT('Ctrl Pts',(94.173829939425,-68.7239635964039,-5.30177361017998));
#5358=CARTESIAN_POINT('',(94.173829939425,-68.6612465184433,-4.70506047295901));
#5359=CARTESIAN_POINT('Ctrl Pts',(83.9934015997847,-69.2405619213712,-4.64417197055664));
#5360=CARTESIAN_POINT('Ctrl Pts',(85.7015956140467,-69.1446405719352,-4.65425371063477));
#5361=CARTESIAN_POINT('Ctrl Pts',(87.4104983434526,-69.0480607966264,-4.66440465406073));
#5362=CARTESIAN_POINT('Ctrl Pts',(90.8034679406845,-68.8549949702418,-4.68469669009882));
#5363=CARTESIAN_POINT('Ctrl Pts',(92.4890580661395,-68.758440101061,-4.69484501578525));
#5364=CARTESIAN_POINT('Ctrl Pts',(94.173829939425,-68.6612465184433,-4.70506047295901));
#5365=CARTESIAN_POINT('',(94.173829939425,-68.6612465184433,-4.70506047295901));
#5366=CARTESIAN_POINT('Origin',(94.173829939425,-68.6612465184433,-4.70506047295901));
#5367=CARTESIAN_POINT('',(94.9655677883426,-74.2992601044524,-4.11248136658403));
#5368=CARTESIAN_POINT('',(94.671101074817,-72.2023446497286,-4.33287606186955));
#5369=CARTESIAN_POINT('',(94.9655677883426,-74.2992601044524,-4.11248136658403));
#5370=CARTESIAN_POINT('Ctrl Pts',(94.9655677883426,-74.2992601044524,-4.11248136658403));
#5371=CARTESIAN_POINT('Ctrl Pts',(94.9655677883426,-74.361977182413,-4.709194503805));
#5372=CARTESIAN_POINT('Ctrl Pts',(93.2738398353597,-74.3936206982547,-4.10256366853322));
#5373=CARTESIAN_POINT('Ctrl Pts',(93.2738398353597,-74.4563377762153,-4.69927680575419));
#5374=CARTESIAN_POINT('Ctrl Pts',(91.5820235216706,-74.4855542689822,-4.09290106088666));
#5375=CARTESIAN_POINT('Ctrl Pts',(91.5820235216706,-74.5482713469428,-4.68961419810763));
#5376=CARTESIAN_POINT('Ctrl Pts',(88.2109090876017,-74.6638108691525,-4.07416553724471));
#5377=CARTESIAN_POINT('Ctrl Pts',(88.2109090876017,-74.7265279471131,-4.67087867446567));
#5378=CARTESIAN_POINT('Ctrl Pts',(86.5317171574333,-74.7501658162889,-4.06508926656453));
#5379=CARTESIAN_POINT('Ctrl Pts',(86.5317171574333,-74.8128828942495,-4.66180240378549));
#5380=CARTESIAN_POINT('Ctrl Pts',(84.8523446488977,-74.834052811586,-4.05627238807509));
#5381=CARTESIAN_POINT('Ctrl Pts',(84.8523446488977,-74.8967698895466,-4.65298552529606));
#5382=CARTESIAN_POINT('',(84.8523446488977,-74.834052811586,-4.05627238807509));
#5383=CARTESIAN_POINT('Ctrl Pts',(94.9655677883426,-74.2992601044524,-4.11248136658403));
#5384=CARTESIAN_POINT('Ctrl Pts',(93.2738398353597,-74.3936206982547,-4.10256366853322));
#5385=CARTESIAN_POINT('Ctrl Pts',(91.5820235216706,-74.4855542689822,-4.09290106088666));
#5386=CARTESIAN_POINT('Ctrl Pts',(88.2109090876017,-74.6638108691525,-4.07416553724471));
#5387=CARTESIAN_POINT('Ctrl Pts',(86.5317171574333,-74.7501658162889,-4.06508926656453));
#5388=CARTESIAN_POINT('Ctrl Pts',(84.8523446488977,-74.834052811586,-4.05627238807509));
#5389=CARTESIAN_POINT('',(84.8523446488977,-74.834052811586,-4.05627238807509));
#5390=CARTESIAN_POINT('Ctrl Pts',(84.8523446488977,-74.834052811586,-4.05627238807509));
#5391=CARTESIAN_POINT('Ctrl Pts',(84.8523446488977,-74.8967698895466,-4.65298552529606));
#5392=CARTESIAN_POINT('Ctrl Pts',(83.2104143946299,-74.9142591891875,-4.04784235809386));
#5393=CARTESIAN_POINT('Ctrl Pts',(83.2104143946299,-74.9769762671481,-4.64455549531482));
#5394=CARTESIAN_POINT('Ctrl Pts',(81.5652597494219,-74.9884266538315,-4.04004704344085));
#5395=CARTESIAN_POINT('Ctrl Pts',(81.5652597494219,-75.0511437317921,-4.63676018066182));
#5396=CARTESIAN_POINT('Ctrl Pts',(78.3404711199342,-75.1197586670758,-4.02624349262291));
#5397=CARTESIAN_POINT('Ctrl Pts',(78.3404711199342,-75.1824757450364,-4.62295662984388));
#5398=CARTESIAN_POINT('Ctrl Pts',(76.7550757040249,-75.1776755092587,-4.02015618721627));
#5399=CARTESIAN_POINT('Ctrl Pts',(76.7550757040249,-75.2403925872193,-4.61686932443724));
#5400=CARTESIAN_POINT('Ctrl Pts',(75.1722992031376,-75.2278061240415,-4.01488724728612));
#5401=CARTESIAN_POINT('Ctrl Pts',(75.1722992031376,-75.2905232020021,-4.61160038450709));
#5402=CARTESIAN_POINT('',(75.1722992031376,-75.2278061240415,-4.01488724728612));
#5403=CARTESIAN_POINT('Ctrl Pts',(84.8523446488977,-74.834052811586,-4.05627238807509));
#5404=CARTESIAN_POINT('Ctrl Pts',(83.2104143946299,-74.9142591891875,-4.04784235809386));
#5405=CARTESIAN_POINT('Ctrl Pts',(81.5652597494219,-74.9884266538315,-4.04004704344085));
#5406=CARTESIAN_POINT('Ctrl Pts',(78.3404711199342,-75.1197586670758,-4.02624349262291));
#5407=CARTESIAN_POINT('Ctrl Pts',(76.7550757040249,-75.1776755092587,-4.02015618721627));
#5408=CARTESIAN_POINT('Ctrl Pts',(75.1722992031376,-75.2278061240415,-4.01488724728612));
#5409=CARTESIAN_POINT('',(75.1722992031376,-75.2278061240415,-4.01488724728612));
#5410=CARTESIAN_POINT('Ctrl Pts',(75.1722992031376,-75.2278061240415,-4.01488724728613));
#5411=CARTESIAN_POINT('Ctrl Pts',(75.1722992031376,-75.2905232020021,-4.61160038450709));
#5412=CARTESIAN_POINT('Ctrl Pts',(75.4835334959494,-76.3934803671473,-3.8923699473956));
#5413=CARTESIAN_POINT('Ctrl Pts',(75.4835334959494,-76.4561974451079,-4.48908308461656));
#5414=CARTESIAN_POINT('Ctrl Pts',(75.7766495222382,-77.5634280162772,-3.76940349443292));
#5415=CARTESIAN_POINT('Ctrl Pts',(75.7766495222382,-77.6261450942378,-4.36611663165389));
#5416=CARTESIAN_POINT('Ctrl Pts',(76.3272616121071,-79.9163592116948,-3.52210046050581));
#5417=CARTESIAN_POINT('Ctrl Pts',(76.3272616121071,-79.9790762896554,-4.11881359772677));
#5418=CARTESIAN_POINT('Ctrl Pts',(76.5844164890397,-81.0983888999693,-3.39786413405839));
#5419=CARTESIAN_POINT('Ctrl Pts',(76.5844164890397,-81.1611059779299,-3.99457727127935));
#5420=CARTESIAN_POINT('Ctrl Pts',(76.8229833309452,-82.2846357409792,-3.27318456699772));
#5421=CARTESIAN_POINT('Ctrl Pts',(76.8229833309452,-82.3473528189398,-3.86989770421869));
#5422=CARTESIAN_POINT('',(76.8229833309452,-82.2846357409792,-3.27318456699772));
#5423=CARTESIAN_POINT('Ctrl Pts',(75.1722992031376,-75.2278061240415,-4.01488724728613));
#5424=CARTESIAN_POINT('Ctrl Pts',(75.4835334959494,-76.3934803671473,-3.8923699473956));
#5425=CARTESIAN_POINT('Ctrl Pts',(75.7766495222382,-77.5634280162772,-3.76940349443292));
#5426=CARTESIAN_POINT('Ctrl Pts',(76.3272616121071,-79.9163592116948,-3.52210046050581));
#5427=CARTESIAN_POINT('Ctrl Pts',(76.5844164890397,-81.0983888999693,-3.39786413405839));
#5428=CARTESIAN_POINT('Ctrl Pts',(76.8229833309452,-82.2846357409792,-3.27318456699772));
#5429=CARTESIAN_POINT('',(76.8229833309452,-82.2846357409792,-3.27318456699772));
#5430=CARTESIAN_POINT('Ctrl Pts',(76.8229833309452,-82.2846357409792,-3.27318456699772));
#5431=CARTESIAN_POINT('Ctrl Pts',(76.8229833309452,-82.3473528189398,-3.86989770421869));
#5432=CARTESIAN_POINT('Ctrl Pts',(77.0629103357185,-83.4779134965897,-3.14776602103473));
#5433=CARTESIAN_POINT('Ctrl Pts',(77.0629103357185,-83.5406305745503,-3.7444791582557));
#5434=CARTESIAN_POINT('Ctrl Pts',(77.2953583659124,-84.6731769618123,-3.02213876858151));
#5435=CARTESIAN_POINT('Ctrl Pts',(77.2953583659124,-84.7358940397729,-3.61885190580248));
#5436=CARTESIAN_POINT('Ctrl Pts',(77.7480671291792,-87.0747500919783,-2.76972326130081));
#5437=CARTESIAN_POINT('Ctrl Pts',(77.7480671291792,-87.1374671699389,-3.36643639852178));
#5438=CARTESIAN_POINT('Ctrl Pts',(77.9684027702782,-88.2820589894188,-2.64282998290589));
#5439=CARTESIAN_POINT('Ctrl Pts',(77.9684027702782,-88.3447760673794,-3.23954312012685));
#5440=CARTESIAN_POINT('Ctrl Pts',(78.1823060441614,-89.4899792719739,-2.51587244534603));
#5441=CARTESIAN_POINT('Ctrl Pts',(78.1823060441614,-89.5526963499345,-3.112585582567));
#5442=CARTESIAN_POINT('',(78.1823060441614,-89.4899792719739,-2.51587244534603));
#5443=CARTESIAN_POINT('Ctrl Pts',(76.8229833309452,-82.2846357409792,-3.27318456699772));
#5444=CARTESIAN_POINT('Ctrl Pts',(77.0629103357185,-83.4779134965897,-3.14776602103473));
#5445=CARTESIAN_POINT('Ctrl Pts',(77.2953583659124,-84.6731769618123,-3.02213876858151));
#5446=CARTESIAN_POINT('Ctrl Pts',(77.7480671291792,-87.0747500919783,-2.76972326130081));
#5447=CARTESIAN_POINT('Ctrl Pts',(77.9684027702782,-88.2820589894188,-2.64282998290589));
#5448=CARTESIAN_POINT('Ctrl Pts',(78.1823060441614,-89.4899792719739,-2.51587244534603));
#5449=CARTESIAN_POINT('',(78.1823060441614,-89.4899792719739,-2.51587244534603));
#5450=CARTESIAN_POINT('Origin',(78.1823060441614,-89.4899792719739,-2.51587244534603));
#5451=CARTESIAN_POINT('',(119.998164838655,-76.9376568146795,-3.83517469802814));
#5452=CARTESIAN_POINT('Origin',(49.1422003897627,-70.0874310699801,-4.55516243632201));
#5453=CARTESIAN_POINT('',(49.1422003897627,-70.0874310699801,-4.55516243632201));
#5454=CARTESIAN_POINT('',(49.2841232514978,-70.4440302072497,-4.5176823567029));
#5455=CARTESIAN_POINT('Ctrl Pts',(49.2841232514978,-70.4440302072497,-4.5176823567029));
#5456=CARTESIAN_POINT('Ctrl Pts',(49.2841232514978,-70.5067472852103,-5.11439549392386));
#5457=CARTESIAN_POINT('Ctrl Pts',(50.767331088756,-70.4217226976165,-4.52002697044357));
#5458=CARTESIAN_POINT('Ctrl Pts',(50.767331088756,-70.4844397755771,-5.11674010766454));
#5459=CARTESIAN_POINT('Ctrl Pts',(52.2504253775728,-70.3933860087917,-4.52300527645246));
#5460=CARTESIAN_POINT('Ctrl Pts',(52.2504253775728,-70.4561030867523,-5.11971841367342));
#5461=CARTESIAN_POINT('Ctrl Pts',(55.2157447895985,-70.3241802001438,-4.53027910004634));
#5462=CARTESIAN_POINT('Ctrl Pts',(55.2157447895985,-70.3868972781044,-5.12699223726731));
#5463=CARTESIAN_POINT('Ctrl Pts',(56.6979196218576,-70.2833174961534,-4.53457394330014));
#5464=CARTESIAN_POINT('Ctrl Pts',(56.6979196218576,-70.346034574114,-5.13128708052111));
#5465=CARTESIAN_POINT('Ctrl Pts',(58.179912626803,-70.2359449840372,-4.53955299495872));
#5466=CARTESIAN_POINT('Ctrl Pts',(58.179912626803,-70.2986620619978,-5.13626613217969));
#5467=CARTESIAN_POINT('',(58.179912626803,-70.2359449840372,-4.53955299495872));
#5468=CARTESIAN_POINT('Ctrl Pts',(58.179912626803,-70.2359449840372,-4.53955299495872));
#5469=CARTESIAN_POINT('Ctrl Pts',(58.179912626803,-70.2986620619978,-5.13626613217969));
#5470=CARTESIAN_POINT('Ctrl Pts',(59.6551645310703,-70.186922315579,-4.54470548503771));
#5471=CARTESIAN_POINT('Ctrl Pts',(59.6551645310703,-70.2496393935396,-5.14141862225868));
#5472=CARTESIAN_POINT('Ctrl Pts',(61.1309446240737,-70.1441641414029,-4.54919955023585));
#5473=CARTESIAN_POINT('Ctrl Pts',(61.1309446240737,-70.2068812193635,-5.14591268745682));
#5474=CARTESIAN_POINT('Ctrl Pts',(64.0711374060503,-70.0722320585732,-4.55675991679273));
#5475=CARTESIAN_POINT('Ctrl Pts',(64.0711374060503,-70.1349491365338,-5.15347305401369));
#5476=CARTESIAN_POINT('Ctrl Pts',(65.5361803086334,-70.0429432705144,-4.55983829246351));
#5477=CARTESIAN_POINT('Ctrl Pts',(65.5361803086334,-70.105660348475,-5.15655142968447));
#5478=CARTESIAN_POINT('Ctrl Pts',(67.0010150234501,-70.0205972389872,-4.5621869550184));
#5479=CARTESIAN_POINT('Ctrl Pts',(67.0010150234501,-70.0833143169478,-5.15890009223936));
#5480=CARTESIAN_POINT('',(67.0010150234501,-70.0205972389872,-4.5621869550184));
#5481=CARTESIAN_POINT('Ctrl Pts',(67.0010150234501,-70.0205972389872,-4.5621869550184));
#5482=CARTESIAN_POINT('Ctrl Pts',(67.0010150234501,-70.0833143169478,-5.15890009223936));
#5483=CARTESIAN_POINT('Ctrl Pts',(66.7628015857103,-69.1673694601972,-4.65186480821555));
#5484=CARTESIAN_POINT('Ctrl Pts',(66.7628015857103,-69.2300865381578,-5.24857794543652));
#5485=CARTESIAN_POINT('Ctrl Pts',(66.5144941094698,-68.3167554265056,-4.74126794573296));
#5486=CARTESIAN_POINT('Ctrl Pts',(66.5144941094698,-68.3794725044662,-5.33798108295392));
#5487=CARTESIAN_POINT('Ctrl Pts',(65.9991833633182,-66.6279861038045,-4.9187647539356));
#5488=CARTESIAN_POINT('Ctrl Pts',(65.9991833633182,-66.6907031817651,-5.51547789115656));
#5489=CARTESIAN_POINT('Ctrl Pts',(65.7322258659684,-65.7894671750975,-5.00689664469314));
#5490=CARTESIAN_POINT('Ctrl Pts',(65.7322258659684,-65.8521842530581,-5.6036097819141));
#5491=CARTESIAN_POINT('Ctrl Pts',(65.4548949266077,-64.9545321413397,-5.09465185291277));
#5492=CARTESIAN_POINT('Ctrl Pts',(65.4548949266077,-65.0172492193003,-5.69136499013374));
#5493=CARTESIAN_POINT('',(65.4548949266077,-64.9545321413397,-5.09465185291277));
#5494=CARTESIAN_POINT('Ctrl Pts',(65.4548949266077,-64.9545321413397,-5.09465185291277));
#5495=CARTESIAN_POINT('Ctrl Pts',(65.4548949266077,-65.0172492193003,-5.69136499013374));
#5496=CARTESIAN_POINT('Ctrl Pts',(65.1819994179498,-64.1273534417437,-5.18159183756187));
#5497=CARTESIAN_POINT('Ctrl Pts',(65.1819994179498,-64.1900705197043,-5.77830497478283));
#5498=CARTESIAN_POINT('Ctrl Pts',(64.9047478318663,-63.3018790565062,-5.26835269155366));
#5499=CARTESIAN_POINT('Ctrl Pts',(64.9047478318663,-63.3645961344668,-5.86506582877463));
#5500=CARTESIAN_POINT('Ctrl Pts',(64.3443568333708,-61.6625269998475,-5.44065553579998));
#5501=CARTESIAN_POINT('Ctrl Pts',(64.3443568333708,-61.7252440778081,-6.03736867302095));
#5502=CARTESIAN_POINT('Ctrl Pts',(64.0614935413304,-60.8491395793775,-5.5261459986032));
#5503=CARTESIAN_POINT('Ctrl Pts',(64.0614935413304,-60.9118566573381,-6.12285913582417));
#5504=CARTESIAN_POINT('Ctrl Pts',(63.7742626913985,-60.0369793517073,-5.61150747824568));
#5505=CARTESIAN_POINT('Ctrl Pts',(63.7742626913985,-60.0996964296679,-6.20822061546664));
#5506=CARTESIAN_POINT('',(63.7742626913985,-60.0369793517073,-5.61150747824568));
#5507=CARTESIAN_POINT('Ctrl Pts',(63.7742626913985,-60.0369793517073,-5.61150747824568));
#5508=CARTESIAN_POINT('Ctrl Pts',(63.7742626913985,-60.0996964296679,-6.20822061546664));
#5509=CARTESIAN_POINT('Ctrl Pts',(61.2810807179743,-61.6660323028,-5.44028711361379));
#5510=CARTESIAN_POINT('Ctrl Pts',(61.2810807179743,-61.7287493807606,-6.03700025083475));
#5511=CARTESIAN_POINT('Ctrl Pts',(58.8064166064392,-63.3232657842575,-5.26610485588853));
#5512=CARTESIAN_POINT('Ctrl Pts',(58.8064166064392,-63.385982862218,-5.86281799310949));
#5513=CARTESIAN_POINT('Ctrl Pts',(53.9286401304389,-66.6737019423589,-4.91395982568481));
#5514=CARTESIAN_POINT('Ctrl Pts',(53.9286401304389,-66.7364190203195,-5.51067296290577));
#5515=CARTESIAN_POINT('Ctrl Pts',(51.5249379537705,-68.366227078745,-4.73606826555701));
#5516=CARTESIAN_POINT('Ctrl Pts',(51.5249379537705,-68.4289441567056,-5.33278140277797));
#5517=CARTESIAN_POINT('Ctrl Pts',(49.1422003897628,-70.0874310699801,-4.55516243632201));
#5518=CARTESIAN_POINT('Ctrl Pts',(49.1422003897628,-70.1501481479407,-5.15187557354298));
#5519=CARTESIAN_POINT('Origin',(248.6385,9.50173905231586,-15.4203212974558));
#5520=CARTESIAN_POINT('',(174.276,9.999,-14.9725855290896));
#5521=CARTESIAN_POINT('',(174.276,9.00447810463172,-15.8680570658219));
#5522=CARTESIAN_POINT('',(174.276,8.77876459200882,-16.0712904254403));
#5523=CARTESIAN_POINT('',(248.6385,9.00447810463172,-15.8680570658219));
#5524=CARTESIAN_POINT('',(248.6385,9.999,-14.9725855290896));
#5525=CARTESIAN_POINT('Origin',(334.851,9.999,0.));
#5526=CARTESIAN_POINT('',(174.276,9.999,10.));
#5527=CARTESIAN_POINT('',(174.276,9.999,0.));
#5528=CARTESIAN_POINT('',(-9.99899999999999,9.999,10.));
#5529=CARTESIAN_POINT('Origin',(162.426,-65.9855,10.));
#5530=CARTESIAN_POINT('',(150.276,-143.316267742759,10.));
#5531=CARTESIAN_POINT('',(150.276,-131.97,10.));
#5532=CARTESIAN_POINT('',(150.276,-107.97775,10.));
#5533=CARTESIAN_POINT('',(324.851,-131.97,10.));
#5534=CARTESIAN_POINT('',(174.276,-0.000999999999997669,10.));
#5535=CARTESIAN_POINT('',(0.00100000000000655,-0.000999999999997669,10.));
#5536=CARTESIAN_POINT('',(174.276,-36.49325,10.));
#5537=CARTESIAN_POINT('',(76.2135000000001,-143.316267742759,10.));
#5538=CARTESIAN_POINT('Origin',(0.00100000000000655,-0.000999999999997669,
3.));
#5539=CARTESIAN_POINT('',(174.276,-0.000999999999997669,-11.9215431764328));
#5540=CARTESIAN_POINT('',(174.276,-0.000999999999997669,1.5));
#5541=CARTESIAN_POINT('',(81.2135,-0.000999999999997669,-11.9215431764328));
#5542=CARTESIAN_POINT('Origin',(162.426,-66.4017510413894,-7.94254301716101));
#5543=CARTESIAN_POINT('',(150.276,-124.82,-1.80253763480635));
#5544=CARTESIAN_POINT('',(150.276,-143.857611731045,0.198395987470002));
#5545=CARTESIAN_POINT('',(150.276,-108.142170722162,-3.55544812694499));
#5546=CARTESIAN_POINT('',(76.2135000000001,-143.857611731045,0.198395987470002));
#5547=CARTESIAN_POINT('',(174.276,-6.851,-14.2015791648629));
#5548=CARTESIAN_POINT('',(174.276,-37.4387246398344,-10.986679758076));
#5549=CARTESIAN_POINT('',(162.276,-6.851,-14.2015791648629));
#5550=CARTESIAN_POINT('',(162.426,-6.851,-14.2015791648629));
#5551=CARTESIAN_POINT('',(162.276,-22.2074572880707,-12.5875504652102));
#5552=CARTESIAN_POINT('',(162.276,-44.8567781425862,-10.2070109175094));
#5553=CARTESIAN_POINT('',(176.541847744427,-17.5722023724465,-13.0747353883784));
#5554=CARTESIAN_POINT('',(162.814030857271,-22.0326404653624,-12.6059244536726));
#5555=CARTESIAN_POINT('',(176.541847744427,-42.1592877963051,-10.4905285774919));
#5556=CARTESIAN_POINT('',(176.541847744427,-54.9278960496396,-9.14849377161814));
#5557=CARTESIAN_POINT('',(162.276,-37.5240328806809,-10.97771350066));
#5558=CARTESIAN_POINT('',(166.897038467943,-39.0254992959656,-10.8199030213044));
#5559=CARTESIAN_POINT('',(162.276,-58.3324572880707,-8.79065996623768));
#5560=CARTESIAN_POINT('',(162.276,-62.7219236617134,-8.32930845981156));
#5561=CARTESIAN_POINT('',(176.541847744427,-53.6972023724465,-9.27784488940583));
#5562=CARTESIAN_POINT('',(168.234032454511,-56.3965751928054,-8.99412937342506));
#5563=CARTESIAN_POINT('',(176.541847744427,-78.2842877963051,-6.69363807851931));
#5564=CARTESIAN_POINT('',(176.541847744427,-72.7930415687668,-7.27079131392025));
#5565=CARTESIAN_POINT('',(162.276,-73.6490328806809,-7.18082300168745));
#5566=CARTESIAN_POINT('',(161.477036870703,-73.3894340234086,-7.20810794105691));
#5567=CARTESIAN_POINT('',(162.276,-94.4574572880707,-4.99376946726512));
#5568=CARTESIAN_POINT('',(162.276,-80.5870691808406,-6.45160600211367));
#5569=CARTESIAN_POINT('',(176.541847744427,-89.8222023724465,-5.48095439043326));
#5570=CARTESIAN_POINT('',(173.65403405175,-90.7605099202483,-5.38233429317754));
#5571=CARTESIAN_POINT('',(176.541847744427,-114.409287796305,-2.89674757954674));
#5572=CARTESIAN_POINT('',(176.541847744427,-90.658187087894,-5.39308885622236));
#5573=CARTESIAN_POINT('',(162.276,-109.774032880681,-3.38393250271489));
#5574=CARTESIAN_POINT('',(156.057035273464,-107.753368750852,-3.59631286080939));
#5575=CARTESIAN_POINT('',(162.276,-124.82,-1.80253763480635));
#5576=CARTESIAN_POINT('',(162.276,-95.778748217576,-4.85489619455598));
#5577=CARTESIAN_POINT('',(156.426,-124.82,-1.80253763480635));
#5578=CARTESIAN_POINT('Origin',(76.2135000000001,-144.276655446209,0.744504389401396));
#5579=CARTESIAN_POINT('',(150.276,-144.695699161373,1.29061279133279));
#5580=CARTESIAN_POINT('',(150.276,-145.151821080067,1.88504244888342));
#5581=CARTESIAN_POINT('',(76.2135000000001,-144.695699161373,1.29061279133279));
#5582=CARTESIAN_POINT('Origin',(-9.99899999999997,-144.864037603244,0.22776569898995));
#5583=CARTESIAN_POINT('',(150.276,-144.944109368016,-0.277787527120004));
#5584=CARTESIAN_POINT('Origin',(162.426,-66.4017510413894,-4.94254301716101));
#5585=CARTESIAN_POINT('',(150.276,-131.97,1.94895764734324));
#5586=CARTESIAN_POINT('',(150.276,-124.82,1.19746236519365));
#5587=CARTESIAN_POINT('',(150.276,-107.986236954049,-0.571837426394633));
#5588=CARTESIAN_POINT('',(162.276,-124.82,1.19746236519365));
#5589=CARTESIAN_POINT('',(156.426,-124.82,1.19746236519365));
#5590=CARTESIAN_POINT('',(162.276,-109.774032880681,-0.38393250271489));
#5591=CARTESIAN_POINT('',(162.276,-95.6228144494627,-1.87128549400563));
#5592=CARTESIAN_POINT('',(176.541847744427,-114.409287796305,0.103252420453257));
#5593=CARTESIAN_POINT('',(156.010750059465,-107.738329773179,-0.597893521056849));
#5594=CARTESIAN_POINT('',(176.541847744427,-89.8222023724465,-2.48095439043327));
#5595=CARTESIAN_POINT('',(176.541847744427,-90.5022533197807,-2.40947815567201));
#5596=CARTESIAN_POINT('',(162.276,-94.4574572880707,-1.99376946726512));
#5597=CARTESIAN_POINT('',(173.700319265749,-90.7454709425757,-2.383914953425));
#5598=CARTESIAN_POINT('',(162.276,-73.6490328806809,-4.18082300168745));
#5599=CARTESIAN_POINT('',(162.276,-80.4311354127273,-3.46799530156332));
#5600=CARTESIAN_POINT('',(176.541847744427,-78.2842877963051,-3.69363807851931));
#5601=CARTESIAN_POINT('',(161.430751656704,-73.374395045736,-4.20968860130437));
#5602=CARTESIAN_POINT('',(176.541847744427,-53.6972023724465,-6.27784488940583));
#5603=CARTESIAN_POINT('',(176.541847744427,-72.6371078006535,-4.2871806133699));
#5604=CARTESIAN_POINT('',(162.276,-58.3324572880707,-5.79065996623768));
#5605=CARTESIAN_POINT('',(168.28031766851,-56.3815362151327,-5.99571003367252));
#5606=CARTESIAN_POINT('',(162.276,-37.5240328806809,-7.97771350066002));
#5607=CARTESIAN_POINT('',(162.276,-62.5659898936001,-5.34569775926121));
#5608=CARTESIAN_POINT('',(176.541847744427,-42.1592877963051,-7.49052857749187));
#5609=CARTESIAN_POINT('',(166.850753253944,-39.010460318293,-7.82148368155188));
#5610=CARTESIAN_POINT('',(176.541847744427,-17.5722023724465,-10.0747353883784));
#5611=CARTESIAN_POINT('',(176.541847744427,-54.7719622815263,-6.16488307106779));
#5612=CARTESIAN_POINT('',(162.276,-22.2074572880707,-9.58755046521024));
#5613=CARTESIAN_POINT('',(162.86031607127,-22.0176014876898,-9.60750511392003));
#5614=CARTESIAN_POINT('',(162.276,-6.851,-11.2015791648629));
#5615=CARTESIAN_POINT('',(162.276,-44.7008443744729,-7.22340021695909));
#5616=CARTESIAN_POINT('',(174.276,-6.851,-11.2015791648629));
#5617=CARTESIAN_POINT('',(162.426,-6.851,-11.2015791648629));
#5618=CARTESIAN_POINT('',(174.276,-37.2827908717211,-8.00306905752569));
#5619=CARTESIAN_POINT('',(243.6385,-131.97,1.94895764734324));
#5620=CARTESIAN_POINT('Origin',(324.851,-131.97,3.));
#5621=CARTESIAN_POINT('',(150.276,-131.97,1.5));
#5622=CARTESIAN_POINT('Origin',(150.276,-149.97,0.));
#5623=CARTESIAN_POINT('',(150.276,-124.82,0.));
#5624=CARTESIAN_POINT('Origin',(162.426,-6.851,0.));
#5625=CARTESIAN_POINT('',(162.276,-6.851,0.));
#5626=CARTESIAN_POINT('',(174.276,-6.851,0.));
#5627=CARTESIAN_POINT('Origin',(162.276,-22.001,0.));
#5628=CARTESIAN_POINT('',(162.276,-22.2074572880707,0.));
#5629=CARTESIAN_POINT('Origin',(174.276,-7.001,0.));
#5630=CARTESIAN_POINT('Origin',(176.738200293584,-17.5084035618201,0.));
#5631=CARTESIAN_POINT('',(176.541847744427,-17.5722023724465,0.));
#5632=CARTESIAN_POINT('Origin',(176.541847744427,-42.3657450843758,0.));
#5633=CARTESIAN_POINT('',(176.541847744427,-42.1592877963051,0.));
#5634=CARTESIAN_POINT('Origin',(162.472352549156,-37.5878316913073,0.));
#5635=CARTESIAN_POINT('',(162.276,-37.5240328806809,0.));
#5636=CARTESIAN_POINT('Origin',(162.276,-58.126,0.));
#5637=CARTESIAN_POINT('',(162.276,-58.3324572880707,0.));
#5638=CARTESIAN_POINT('Origin',(176.738200293584,-53.6334035618201,0.));
#5639=CARTESIAN_POINT('',(176.541847744427,-53.6972023724465,0.));
#5640=CARTESIAN_POINT('Origin',(176.541847744427,-78.4907450843758,0.));
#5641=CARTESIAN_POINT('',(176.541847744427,-78.2842877963051,0.));
#5642=CARTESIAN_POINT('Origin',(162.472352549156,-73.7128316913073,0.));
#5643=CARTESIAN_POINT('',(162.276,-73.6490328806809,0.));
#5644=CARTESIAN_POINT('Origin',(162.276,-94.251,0.));
#5645=CARTESIAN_POINT('',(162.276,-94.4574572880707,0.));
#5646=CARTESIAN_POINT('Origin',(176.738200293584,-89.7584035618201,0.));
#5647=CARTESIAN_POINT('',(176.541847744427,-89.8222023724465,0.));
#5648=CARTESIAN_POINT('Origin',(176.541847744427,-114.615745084376,0.));
#5649=CARTESIAN_POINT('',(176.541847744427,-114.409287796305,0.));
#5650=CARTESIAN_POINT('Origin',(162.472352549156,-109.837831691307,0.));
#5651=CARTESIAN_POINT('',(162.276,-109.774032880681,0.));
#5652=CARTESIAN_POINT('Origin',(162.276,-124.97,0.));
#5653=CARTESIAN_POINT('',(162.276,-124.82,0.));
#5654=CARTESIAN_POINT('Origin',(150.426,-124.82,0.));
#5655=UNCERTAINTY_MEASURE_WITH_UNIT(LENGTH_MEASURE(0.01),#5659,
'DISTANCE_ACCURACY_VALUE',
'Maximum model space distance between geometric entities at asserted c
onnectivities');
#5656=UNCERTAINTY_MEASURE_WITH_UNIT(LENGTH_MEASURE(0.01),#5659,
'DISTANCE_ACCURACY_VALUE',
'Maximum model space distance between geometric entities at asserted c
onnectivities');
#5657=(
GEOMETRIC_REPRESENTATION_CONTEXT(3)
GLOBAL_UNCERTAINTY_ASSIGNED_CONTEXT((#5655))
GLOBAL_UNIT_ASSIGNED_CONTEXT((#5659,#5661,#5662))
REPRESENTATION_CONTEXT('','3D')
);
#5658=(
GEOMETRIC_REPRESENTATION_CONTEXT(3)
GLOBAL_UNCERTAINTY_ASSIGNED_CONTEXT((#5656))
GLOBAL_UNIT_ASSIGNED_CONTEXT((#5659,#5661,#5662))
REPRESENTATION_CONTEXT('','3D')
);
#5659=(
LENGTH_UNIT()
NAMED_UNIT(*)
SI_UNIT(.MILLI.,.METRE.)
);
#5660=(
LENGTH_UNIT()
NAMED_UNIT(*)
SI_UNIT($,.METRE.)
);
#5661=(
NAMED_UNIT(*)
PLANE_ANGLE_UNIT()
SI_UNIT($,.RADIAN.)
);
#5662=(
NAMED_UNIT(*)
SI_UNIT($,.STERADIAN.)
SOLID_ANGLE_UNIT()
);
#5663=SHAPE_DEFINITION_REPRESENTATION(#5664,#5665);
#5664=PRODUCT_DEFINITION_SHAPE('',$,#5667);
#5665=SHAPE_REPRESENTATION('',(#2871),#5657);
#5666=PRODUCT_DEFINITION_CONTEXT('part definition',#5671,'design');
#5667=PRODUCT_DEFINITION('Bottom Left','Bottom Left',#5668,#5666);
#5668=PRODUCT_DEFINITION_FORMATION('',$,#5673);
#5669=PRODUCT_RELATED_PRODUCT_CATEGORY('Bottom Left','Bottom Left',(#5673));
#5670=APPLICATION_PROTOCOL_DEFINITION('international standard',
'automotive_design',2009,#5671);
#5671=APPLICATION_CONTEXT(
'Core Data for Automotive Mechanical Design Process');
#5672=PRODUCT_CONTEXT('part definition',#5671,'mechanical');
#5673=PRODUCT('Bottom Left','Bottom Left',$,(#5672));
#5674=PRESENTATION_STYLE_ASSIGNMENT((#5676));
#5675=PRESENTATION_STYLE_ASSIGNMENT((#5677));
#5676=SURFACE_STYLE_USAGE(.BOTH.,#5678);
#5677=SURFACE_STYLE_USAGE(.BOTH.,#5679);
#5678=SURFACE_SIDE_STYLE('',(#5680));
#5679=SURFACE_SIDE_STYLE('',(#5681));
#5680=SURFACE_STYLE_FILL_AREA(#5682);
#5681=SURFACE_STYLE_FILL_AREA(#5683);
#5682=FILL_AREA_STYLE('Steel - Satin',(#5684));
#5683=FILL_AREA_STYLE('Plastic - Glossy (Black)',(#5685));
#5684=FILL_AREA_STYLE_COLOUR('Steel - Satin',#5686);
#5685=FILL_AREA_STYLE_COLOUR('Plastic - Glossy (Black)',#5687);
#5686=COLOUR_RGB('Steel - Satin',0.627450980392157,0.627450980392157,0.627450980392157);
#5687=COLOUR_RGB('Plastic - Glossy (Black)',0.0980392156862745,0.0980392156862745,
0.0980392156862745);
ENDSEC;
END-ISO-10303-21;
