ISO-10303-21;
HEADER;
/* Generated by software containing ST-Developer
 * from STEP Tools, Inc. (www.steptools.com) 
 */

FILE_DESCRIPTION(
/* description */ (''),
/* implementation_level */ '2;1');

FILE_NAME(
/* name */ 'Plate_Right.step',
/* time_stamp */ '2026-07-31T15:21:44+05:30',
/* author */ (''),
/* organization */ (''),
/* preprocessor_version */ 'ST-DEVELOPER v20.1',
/* originating_system */ 'Autodesk Translation Framework v15.8.0.0',
/* authorisation */ '');

FILE_SCHEMA (('AUTOMOTIVE_DESIGN { 1 0 10303 214 3 1 1 }'));
ENDSEC;

DATA;
#10=MECHANICAL_DESIGN_GEOMETRIC_PRESENTATION_REPRESENTATION('',(#13),#13186);
#11=SHAPE_REPRESENTATION_RELATIONSHIP('SRR','None',#13193,#12);
#12=ADVANCED_BREP_SHAPE_REPRESENTATION('',(#14),#13185);
#13=STYLED_ITEM('',(#13203),#14);
#14=MANIFOLD_SOLID_BREP('Plate Right',#7846);
#15=FACE_BOUND('',#1417,.T.);
#16=FACE_BOUND('',#1418,.T.);
#17=FACE_BOUND('',#1419,.T.);
#18=FACE_BOUND('',#1420,.T.);
#19=FACE_BOUND('',#1421,.T.);
#20=FACE_BOUND('',#1422,.T.);
#21=FACE_BOUND('',#1423,.T.);
#22=FACE_BOUND('',#1424,.T.);
#23=FACE_BOUND('',#1425,.T.);
#24=FACE_BOUND('',#1426,.T.);
#25=FACE_BOUND('',#1427,.T.);
#26=FACE_BOUND('',#1428,.T.);
#27=FACE_BOUND('',#1429,.T.);
#28=FACE_BOUND('',#1430,.T.);
#29=FACE_BOUND('',#1431,.T.);
#30=FACE_BOUND('',#1432,.T.);
#31=FACE_BOUND('',#1433,.T.);
#32=FACE_BOUND('',#1434,.T.);
#33=FACE_BOUND('',#1435,.T.);
#34=FACE_BOUND('',#1436,.T.);
#35=FACE_BOUND('',#1437,.T.);
#36=FACE_BOUND('',#1438,.T.);
#37=FACE_BOUND('',#1439,.T.);
#38=FACE_BOUND('',#1440,.T.);
#39=FACE_BOUND('',#1441,.T.);
#40=FACE_BOUND('',#1442,.T.);
#41=FACE_BOUND('',#1443,.T.);
#42=FACE_BOUND('',#1444,.T.);
#43=FACE_BOUND('',#1445,.T.);
#44=FACE_BOUND('',#1446,.T.);
#45=FACE_BOUND('',#1447,.T.);
#46=FACE_BOUND('',#1448,.T.);
#47=FACE_BOUND('',#1449,.T.);
#48=FACE_BOUND('',#1450,.T.);
#49=FACE_BOUND('',#1451,.T.);
#50=FACE_BOUND('',#1452,.T.);
#51=FACE_BOUND('',#1453,.T.);
#52=FACE_BOUND('',#1454,.T.);
#53=FACE_BOUND('',#1455,.T.);
#54=FACE_BOUND('',#1456,.T.);
#55=FACE_BOUND('',#1457,.T.);
#56=FACE_BOUND('',#1458,.T.);
#57=FACE_BOUND('',#1459,.T.);
#58=FACE_BOUND('',#1460,.T.);
#59=FACE_BOUND('',#1461,.T.);
#60=FACE_BOUND('',#1462,.T.);
#61=FACE_BOUND('',#1463,.T.);
#62=FACE_BOUND('',#1464,.T.);
#63=FACE_BOUND('',#1467,.T.);
#64=FACE_BOUND('',#1468,.T.);
#65=FACE_BOUND('',#1469,.T.);
#66=FACE_BOUND('',#1470,.T.);
#67=FACE_BOUND('',#1471,.T.);
#68=FACE_BOUND('',#1472,.T.);
#69=FACE_BOUND('',#1473,.T.);
#70=FACE_BOUND('',#1474,.T.);
#71=FACE_BOUND('',#1475,.T.);
#72=FACE_BOUND('',#1476,.T.);
#73=FACE_BOUND('',#1477,.T.);
#74=FACE_BOUND('',#1478,.T.);
#75=FACE_BOUND('',#1479,.T.);
#76=FACE_BOUND('',#1480,.T.);
#77=FACE_BOUND('',#1481,.T.);
#78=FACE_BOUND('',#1482,.T.);
#79=FACE_BOUND('',#1483,.T.);
#80=FACE_BOUND('',#1484,.T.);
#81=FACE_BOUND('',#1485,.T.);
#82=FACE_BOUND('',#1486,.T.);
#83=FACE_BOUND('',#1487,.T.);
#84=FACE_BOUND('',#1488,.T.);
#85=FACE_BOUND('',#1489,.T.);
#86=FACE_BOUND('',#1490,.T.);
#87=FACE_BOUND('',#1491,.T.);
#88=FACE_BOUND('',#1492,.T.);
#89=FACE_BOUND('',#1493,.T.);
#90=FACE_BOUND('',#1494,.T.);
#91=FACE_BOUND('',#1495,.T.);
#92=FACE_BOUND('',#1496,.T.);
#93=FACE_BOUND('',#1497,.T.);
#94=FACE_BOUND('',#1498,.T.);
#95=FACE_BOUND('',#1499,.T.);
#96=FACE_BOUND('',#1500,.T.);
#97=FACE_BOUND('',#1501,.T.);
#98=FACE_BOUND('',#1502,.T.);
#99=FACE_BOUND('',#1503,.T.);
#100=FACE_BOUND('',#1504,.T.);
#101=FACE_BOUND('',#1505,.T.);
#102=FACE_BOUND('',#1506,.T.);
#103=FACE_BOUND('',#1507,.T.);
#104=FACE_BOUND('',#1508,.T.);
#105=FACE_BOUND('',#1509,.T.);
#106=FACE_BOUND('',#1510,.T.);
#107=FACE_BOUND('',#1511,.T.);
#108=FACE_BOUND('',#1512,.T.);
#109=FACE_BOUND('',#1513,.T.);
#110=FACE_BOUND('',#1514,.T.);
#111=ELLIPSE('',#8590,4.04986050315201,4.);
#112=ELLIPSE('',#8591,4.04986050315201,4.);
#113=CIRCLE('',#7862,0.499999999999998);
#114=CIRCLE('',#7863,0.499999999999998);
#115=CIRCLE('',#7866,0.500000000000007);
#116=CIRCLE('',#7867,0.500000000000007);
#117=CIRCLE('',#7870,0.499999999999998);
#118=CIRCLE('',#7871,0.499999999999998);
#119=CIRCLE('',#7874,0.500000000000007);
#120=CIRCLE('',#7875,0.500000000000007);
#121=CIRCLE('',#7878,0.499999999999999);
#122=CIRCLE('',#7879,0.499999999999999);
#123=CIRCLE('',#7882,0.499999999999998);
#124=CIRCLE('',#7883,0.499999999999998);
#125=CIRCLE('',#7886,0.499999999999998);
#126=CIRCLE('',#7887,0.499999999999998);
#127=CIRCLE('',#7890,0.499999999999998);
#128=CIRCLE('',#7891,0.499999999999998);
#129=CIRCLE('',#7894,0.499999999999998);
#130=CIRCLE('',#7895,0.499999999999998);
#131=CIRCLE('',#7898,0.500000000000007);
#132=CIRCLE('',#7899,0.500000000000007);
#133=CIRCLE('',#7902,0.500000000000007);
#134=CIRCLE('',#7903,0.500000000000007);
#135=CIRCLE('',#7906,0.500000000000007);
#136=CIRCLE('',#7907,0.500000000000007);
#137=CIRCLE('',#7910,0.499999999999998);
#138=CIRCLE('',#7911,0.499999999999998);
#139=CIRCLE('',#7914,0.500000000000007);
#140=CIRCLE('',#7915,0.500000000000007);
#141=CIRCLE('',#7918,0.499999999999998);
#142=CIRCLE('',#7919,0.499999999999998);
#143=CIRCLE('',#7922,0.500000000000007);
#144=CIRCLE('',#7923,0.500000000000007);
#145=CIRCLE('',#7925,1.7);
#146=CIRCLE('',#7926,1.7);
#147=CIRCLE('',#7929,0.499999999999998);
#148=CIRCLE('',#7930,0.499999999999998);
#149=CIRCLE('',#7933,0.500000000000007);
#150=CIRCLE('',#7934,0.500000000000007);
#151=CIRCLE('',#7937,0.500000000000007);
#152=CIRCLE('',#7938,0.500000000000007);
#153=CIRCLE('',#7941,0.500000000000007);
#154=CIRCLE('',#7942,0.500000000000007);
#155=CIRCLE('',#7945,0.500000000000007);
#156=CIRCLE('',#7946,0.500000000000007);
#157=CIRCLE('',#7949,0.5);
#158=CIRCLE('',#7950,0.5);
#159=CIRCLE('',#7953,0.500000000000007);
#160=CIRCLE('',#7954,0.500000000000007);
#161=CIRCLE('',#7957,0.5);
#162=CIRCLE('',#7958,0.5);
#163=CIRCLE('',#7961,0.499999999999972);
#164=CIRCLE('',#7962,0.499999999999972);
#165=CIRCLE('',#7965,0.499999999999998);
#166=CIRCLE('',#7966,0.499999999999998);
#167=CIRCLE('',#7969,0.500000000000007);
#168=CIRCLE('',#7970,0.500000000000007);
#169=CIRCLE('',#7973,0.499999999999998);
#170=CIRCLE('',#7974,0.499999999999998);
#171=CIRCLE('',#7977,0.499999999999972);
#172=CIRCLE('',#7978,0.499999999999972);
#173=CIRCLE('',#7981,0.500000000000007);
#174=CIRCLE('',#7982,0.500000000000007);
#175=CIRCLE('',#7985,0.500000000000007);
#176=CIRCLE('',#7986,0.500000000000007);
#177=CIRCLE('',#7989,0.500000000000007);
#178=CIRCLE('',#7990,0.500000000000007);
#179=CIRCLE('',#7993,0.499999999999998);
#180=CIRCLE('',#7994,0.499999999999998);
#181=CIRCLE('',#7997,0.500000000000007);
#182=CIRCLE('',#7998,0.500000000000007);
#183=CIRCLE('',#8001,0.499999999999998);
#184=CIRCLE('',#8002,0.499999999999998);
#185=CIRCLE('',#8005,0.499999999999998);
#186=CIRCLE('',#8006,0.499999999999998);
#187=CIRCLE('',#8009,0.500000000000007);
#188=CIRCLE('',#8010,0.500000000000007);
#189=CIRCLE('',#8013,0.500000000000007);
#190=CIRCLE('',#8014,0.500000000000007);
#191=CIRCLE('',#8017,0.500000000000007);
#192=CIRCLE('',#8018,0.500000000000007);
#193=CIRCLE('',#8021,0.499999999999998);
#194=CIRCLE('',#8022,0.499999999999998);
#195=CIRCLE('',#8025,0.499999999999998);
#196=CIRCLE('',#8026,0.499999999999998);
#197=CIRCLE('',#8029,0.499999999999998);
#198=CIRCLE('',#8030,0.499999999999998);
#199=CIRCLE('',#8033,0.500000000000007);
#200=CIRCLE('',#8034,0.500000000000007);
#201=CIRCLE('',#8037,0.499999999999998);
#202=CIRCLE('',#8038,0.499999999999998);
#203=CIRCLE('',#8041,0.499999999999998);
#204=CIRCLE('',#8042,0.499999999999998);
#205=CIRCLE('',#8045,0.499999999999998);
#206=CIRCLE('',#8046,0.499999999999998);
#207=CIRCLE('',#8049,0.500000000000007);
#208=CIRCLE('',#8050,0.500000000000007);
#209=CIRCLE('',#8053,0.499999999999998);
#210=CIRCLE('',#8054,0.499999999999998);
#211=CIRCLE('',#8057,0.500000000000007);
#212=CIRCLE('',#8058,0.500000000000007);
#213=CIRCLE('',#8061,0.499999999999989);
#214=CIRCLE('',#8062,0.499999999999989);
#215=CIRCLE('',#8065,0.500000000000007);
#216=CIRCLE('',#8066,0.500000000000007);
#217=CIRCLE('',#8069,0.499999999999989);
#218=CIRCLE('',#8070,0.499999999999989);
#219=CIRCLE('',#8073,0.499999999999998);
#220=CIRCLE('',#8074,0.499999999999998);
#221=CIRCLE('',#8077,0.500000000000007);
#222=CIRCLE('',#8078,0.500000000000007);
#223=CIRCLE('',#8081,0.499999999999998);
#224=CIRCLE('',#8082,0.499999999999998);
#225=CIRCLE('',#8085,0.500000000000007);
#226=CIRCLE('',#8086,0.500000000000007);
#227=CIRCLE('',#8089,0.499999999999998);
#228=CIRCLE('',#8090,0.499999999999998);
#229=CIRCLE('',#8093,0.499999999999998);
#230=CIRCLE('',#8094,0.499999999999998);
#231=CIRCLE('',#8097,0.500000000000007);
#232=CIRCLE('',#8098,0.500000000000007);
#233=CIRCLE('',#8101,0.5);
#234=CIRCLE('',#8102,0.5);
#235=CIRCLE('',#8105,0.499999999999999);
#236=CIRCLE('',#8106,0.499999999999999);
#237=CIRCLE('',#8109,0.500000000000007);
#238=CIRCLE('',#8110,0.500000000000007);
#239=CIRCLE('',#8113,0.499999999999998);
#240=CIRCLE('',#8114,0.499999999999998);
#241=CIRCLE('',#8117,0.499999999999998);
#242=CIRCLE('',#8118,0.499999999999998);
#243=CIRCLE('',#8121,0.500000000000007);
#244=CIRCLE('',#8122,0.500000000000007);
#245=CIRCLE('',#8125,0.499999999999998);
#246=CIRCLE('',#8126,0.499999999999998);
#247=CIRCLE('',#8129,0.500000000000007);
#248=CIRCLE('',#8130,0.500000000000007);
#249=CIRCLE('',#8133,0.499999999999998);
#250=CIRCLE('',#8134,0.499999999999998);
#251=CIRCLE('',#8136,1.7);
#252=CIRCLE('',#8137,1.7);
#253=CIRCLE('',#8140,0.499999999999972);
#254=CIRCLE('',#8141,0.499999999999972);
#255=CIRCLE('',#8144,0.500000000000007);
#256=CIRCLE('',#8145,0.500000000000007);
#257=CIRCLE('',#8148,0.500000000000007);
#258=CIRCLE('',#8149,0.500000000000007);
#259=CIRCLE('',#8152,0.500000000000007);
#260=CIRCLE('',#8153,0.500000000000007);
#261=CIRCLE('',#8156,0.499999999999972);
#262=CIRCLE('',#8157,0.499999999999972);
#263=CIRCLE('',#8160,0.500000000000007);
#264=CIRCLE('',#8161,0.500000000000007);
#265=CIRCLE('',#8164,0.500000000000007);
#266=CIRCLE('',#8165,0.500000000000007);
#267=CIRCLE('',#8168,0.499999999999998);
#268=CIRCLE('',#8169,0.499999999999998);
#269=CIRCLE('',#8172,0.500000000000007);
#270=CIRCLE('',#8173,0.500000000000007);
#271=CIRCLE('',#8176,0.500000000000007);
#272=CIRCLE('',#8177,0.500000000000007);
#273=CIRCLE('',#8180,0.500000000000007);
#274=CIRCLE('',#8181,0.500000000000007);
#275=CIRCLE('',#8184,0.499999999999998);
#276=CIRCLE('',#8185,0.499999999999998);
#277=CIRCLE('',#8188,0.499999999999998);
#278=CIRCLE('',#8189,0.499999999999998);
#279=CIRCLE('',#8192,0.500000000000007);
#280=CIRCLE('',#8193,0.500000000000007);
#281=CIRCLE('',#8196,0.500000000000007);
#282=CIRCLE('',#8197,0.500000000000007);
#283=CIRCLE('',#8200,0.500000000000007);
#284=CIRCLE('',#8201,0.500000000000007);
#285=CIRCLE('',#8204,0.499999999999998);
#286=CIRCLE('',#8205,0.499999999999998);
#287=CIRCLE('',#8208,0.500000000000007);
#288=CIRCLE('',#8209,0.500000000000007);
#289=CIRCLE('',#8212,0.500000000000007);
#290=CIRCLE('',#8213,0.500000000000007);
#291=CIRCLE('',#8216,0.499999999999989);
#292=CIRCLE('',#8217,0.499999999999989);
#293=CIRCLE('',#8220,0.499999999999998);
#294=CIRCLE('',#8221,0.499999999999998);
#295=CIRCLE('',#8224,0.499999999999998);
#296=CIRCLE('',#8225,0.499999999999998);
#297=CIRCLE('',#8228,0.500000000000007);
#298=CIRCLE('',#8229,0.500000000000007);
#299=CIRCLE('',#8232,0.499999999999999);
#300=CIRCLE('',#8233,0.499999999999999);
#301=CIRCLE('',#8236,0.499999999999972);
#302=CIRCLE('',#8237,0.499999999999972);
#303=CIRCLE('',#8240,0.500000000000003);
#304=CIRCLE('',#8241,0.500000000000003);
#305=CIRCLE('',#8244,0.500000000000007);
#306=CIRCLE('',#8245,0.500000000000007);
#307=CIRCLE('',#8248,0.5);
#308=CIRCLE('',#8249,0.5);
#309=CIRCLE('',#8252,0.499999999999998);
#310=CIRCLE('',#8253,0.499999999999998);
#311=CIRCLE('',#8256,0.499999999999998);
#312=CIRCLE('',#8257,0.499999999999998);
#313=CIRCLE('',#8260,0.500000000000007);
#314=CIRCLE('',#8261,0.500000000000007);
#315=CIRCLE('',#8264,0.499999999999998);
#316=CIRCLE('',#8265,0.499999999999998);
#317=CIRCLE('',#8268,0.499999999999998);
#318=CIRCLE('',#8269,0.499999999999998);
#319=CIRCLE('',#8272,0.499999999999989);
#320=CIRCLE('',#8273,0.499999999999989);
#321=CIRCLE('',#8276,0.500000000000007);
#322=CIRCLE('',#8277,0.500000000000007);
#323=CIRCLE('',#8280,0.500000000000007);
#324=CIRCLE('',#8281,0.500000000000007);
#325=CIRCLE('',#8284,0.500000000000007);
#326=CIRCLE('',#8285,0.500000000000007);
#327=CIRCLE('',#8288,0.499999999999998);
#328=CIRCLE('',#8289,0.499999999999998);
#329=CIRCLE('',#8292,0.500000000000007);
#330=CIRCLE('',#8293,0.500000000000007);
#331=CIRCLE('',#8296,0.5);
#332=CIRCLE('',#8297,0.5);
#333=CIRCLE('',#8299,1.70000000000002);
#334=CIRCLE('',#8300,1.70000000000002);
#335=CIRCLE('',#8303,0.499999999999998);
#336=CIRCLE('',#8304,0.499999999999998);
#337=CIRCLE('',#8307,0.499999999999989);
#338=CIRCLE('',#8308,0.499999999999989);
#339=CIRCLE('',#8311,0.500000000000007);
#340=CIRCLE('',#8312,0.500000000000007);
#341=CIRCLE('',#8315,0.499999999999998);
#342=CIRCLE('',#8316,0.499999999999998);
#343=CIRCLE('',#8319,0.499999999999999);
#344=CIRCLE('',#8320,0.499999999999999);
#345=CIRCLE('',#8323,0.500000000000007);
#346=CIRCLE('',#8324,0.500000000000007);
#347=CIRCLE('',#8327,0.499999999999998);
#348=CIRCLE('',#8328,0.499999999999998);
#349=CIRCLE('',#8331,0.499999999999989);
#350=CIRCLE('',#8332,0.499999999999989);
#351=CIRCLE('',#8335,0.499999999999998);
#352=CIRCLE('',#8336,0.499999999999998);
#353=CIRCLE('',#8339,0.500000000000007);
#354=CIRCLE('',#8340,0.500000000000007);
#355=CIRCLE('',#8343,0.500000000000007);
#356=CIRCLE('',#8344,0.500000000000007);
#357=CIRCLE('',#8347,0.499999999999989);
#358=CIRCLE('',#8348,0.499999999999989);
#359=CIRCLE('',#8351,0.499999999999999);
#360=CIRCLE('',#8352,0.499999999999999);
#361=CIRCLE('',#8355,0.500000000000007);
#362=CIRCLE('',#8356,0.500000000000007);
#363=CIRCLE('',#8359,0.499999999999998);
#364=CIRCLE('',#8360,0.499999999999998);
#365=CIRCLE('',#8363,0.500000000000007);
#366=CIRCLE('',#8364,0.500000000000007);
#367=CIRCLE('',#8367,0.499999999999972);
#368=CIRCLE('',#8368,0.499999999999972);
#369=CIRCLE('',#8371,0.499999999999989);
#370=CIRCLE('',#8372,0.499999999999989);
#371=CIRCLE('',#8375,0.500000000000007);
#372=CIRCLE('',#8376,0.500000000000007);
#373=CIRCLE('',#8379,0.500000000000007);
#374=CIRCLE('',#8380,0.500000000000007);
#375=CIRCLE('',#8383,0.499999999999999);
#376=CIRCLE('',#8384,0.499999999999999);
#377=CIRCLE('',#8387,0.499999999999998);
#378=CIRCLE('',#8388,0.499999999999998);
#379=CIRCLE('',#8391,0.499999999999998);
#380=CIRCLE('',#8392,0.499999999999998);
#381=CIRCLE('',#8395,0.499999999999999);
#382=CIRCLE('',#8396,0.499999999999999);
#383=CIRCLE('',#8399,0.499999999999998);
#384=CIRCLE('',#8400,0.499999999999998);
#385=CIRCLE('',#8403,0.499999999999998);
#386=CIRCLE('',#8404,0.499999999999998);
#387=CIRCLE('',#8407,0.500000000000007);
#388=CIRCLE('',#8408,0.500000000000007);
#389=CIRCLE('',#8411,0.499999999999998);
#390=CIRCLE('',#8412,0.499999999999998);
#391=CIRCLE('',#8415,0.499999999999998);
#392=CIRCLE('',#8416,0.499999999999998);
#393=CIRCLE('',#8419,0.499999999999998);
#394=CIRCLE('',#8420,0.499999999999998);
#395=CIRCLE('',#8423,0.500000000000007);
#396=CIRCLE('',#8424,0.500000000000007);
#397=CIRCLE('',#8427,0.499999999999998);
#398=CIRCLE('',#8428,0.499999999999998);
#399=CIRCLE('',#8431,0.499999999999998);
#400=CIRCLE('',#8432,0.499999999999998);
#401=CIRCLE('',#8435,0.500000000000007);
#402=CIRCLE('',#8436,0.500000000000007);
#403=CIRCLE('',#8439,0.499999999999998);
#404=CIRCLE('',#8440,0.499999999999998);
#405=CIRCLE('',#8443,0.499999999999989);
#406=CIRCLE('',#8444,0.499999999999989);
#407=CIRCLE('',#8447,0.499999999999998);
#408=CIRCLE('',#8448,0.499999999999998);
#409=CIRCLE('',#8451,0.500000000000007);
#410=CIRCLE('',#8452,0.500000000000007);
#411=CIRCLE('',#8455,0.499999999999998);
#412=CIRCLE('',#8456,0.499999999999998);
#413=CIRCLE('',#8459,0.499999999999998);
#414=CIRCLE('',#8460,0.499999999999998);
#415=CIRCLE('',#8463,0.499999999999998);
#416=CIRCLE('',#8464,0.499999999999998);
#417=CIRCLE('',#8467,0.499999999999998);
#418=CIRCLE('',#8468,0.499999999999998);
#419=CIRCLE('',#8471,0.499999999999998);
#420=CIRCLE('',#8472,0.499999999999998);
#421=CIRCLE('',#8475,0.5);
#422=CIRCLE('',#8476,0.5);
#423=CIRCLE('',#8479,0.499999999999998);
#424=CIRCLE('',#8480,0.499999999999998);
#425=CIRCLE('',#8483,0.500000000000007);
#426=CIRCLE('',#8484,0.500000000000007);
#427=CIRCLE('',#8487,0.500000000000007);
#428=CIRCLE('',#8488,0.500000000000007);
#429=CIRCLE('',#8491,0.500000000000007);
#430=CIRCLE('',#8492,0.500000000000007);
#431=CIRCLE('',#8495,0.499999999999999);
#432=CIRCLE('',#8496,0.499999999999999);
#433=CIRCLE('',#8499,0.500000000000007);
#434=CIRCLE('',#8500,0.500000000000007);
#435=CIRCLE('',#8503,0.499999999999998);
#436=CIRCLE('',#8504,0.499999999999998);
#437=CIRCLE('',#8507,0.499999999999998);
#438=CIRCLE('',#8508,0.499999999999998);
#439=CIRCLE('',#8511,0.499999999999999);
#440=CIRCLE('',#8512,0.499999999999999);
#441=CIRCLE('',#8515,0.500000000000007);
#442=CIRCLE('',#8516,0.500000000000007);
#443=CIRCLE('',#8519,0.499999999999998);
#444=CIRCLE('',#8520,0.499999999999998);
#445=CIRCLE('',#8523,0.500000000000007);
#446=CIRCLE('',#8524,0.500000000000007);
#447=CIRCLE('',#8527,0.500000000000007);
#448=CIRCLE('',#8528,0.500000000000007);
#449=CIRCLE('',#8531,0.500000000000007);
#450=CIRCLE('',#8532,0.500000000000007);
#451=CIRCLE('',#8535,0.500000000000007);
#452=CIRCLE('',#8536,0.500000000000007);
#453=CIRCLE('',#8539,0.500000000000007);
#454=CIRCLE('',#8540,0.500000000000007);
#455=CIRCLE('',#8543,0.499999999999999);
#456=CIRCLE('',#8544,0.499999999999999);
#457=CIRCLE('',#8547,0.500000000000007);
#458=CIRCLE('',#8548,0.500000000000007);
#459=CIRCLE('',#8551,0.499999999999998);
#460=CIRCLE('',#8552,0.499999999999998);
#461=CIRCLE('',#8555,0.500000000000007);
#462=CIRCLE('',#8556,0.500000000000007);
#463=CIRCLE('',#8559,0.499999999999972);
#464=CIRCLE('',#8560,0.499999999999972);
#465=CIRCLE('',#8563,0.500000000000007);
#466=CIRCLE('',#8564,0.500000000000007);
#467=CIRCLE('',#8567,0.500000000000007);
#468=CIRCLE('',#8568,0.500000000000007);
#469=CIRCLE('',#8571,0.499999999999989);
#470=CIRCLE('',#8572,0.499999999999989);
#471=CIRCLE('',#8575,0.499999999999998);
#472=CIRCLE('',#8576,0.499999999999998);
#473=CIRCLE('',#8579,0.499999999999989);
#474=CIRCLE('',#8580,0.499999999999989);
#475=CIRCLE('',#8583,0.499999999999998);
#476=CIRCLE('',#8584,0.499999999999998);
#477=CIRCLE('',#8587,0.499999999999998);
#478=CIRCLE('',#8588,0.499999999999998);
#479=CIRCLE('',#8594,4.);
#480=CIRCLE('',#8595,4.);
#481=CYLINDRICAL_SURFACE('',#7861,0.499999999999998);
#482=CYLINDRICAL_SURFACE('',#7865,0.500000000000007);
#483=CYLINDRICAL_SURFACE('',#7869,0.499999999999998);
#484=CYLINDRICAL_SURFACE('',#7873,0.500000000000007);
#485=CYLINDRICAL_SURFACE('',#7877,0.499999999999999);
#486=CYLINDRICAL_SURFACE('',#7881,0.499999999999998);
#487=CYLINDRICAL_SURFACE('',#7885,0.499999999999998);
#488=CYLINDRICAL_SURFACE('',#7889,0.499999999999998);
#489=CYLINDRICAL_SURFACE('',#7893,0.499999999999998);
#490=CYLINDRICAL_SURFACE('',#7897,0.500000000000007);
#491=CYLINDRICAL_SURFACE('',#7901,0.500000000000007);
#492=CYLINDRICAL_SURFACE('',#7905,0.500000000000007);
#493=CYLINDRICAL_SURFACE('',#7909,0.499999999999998);
#494=CYLINDRICAL_SURFACE('',#7913,0.500000000000007);
#495=CYLINDRICAL_SURFACE('',#7917,0.499999999999998);
#496=CYLINDRICAL_SURFACE('',#7921,0.500000000000007);
#497=CYLINDRICAL_SURFACE('',#7924,1.7);
#498=CYLINDRICAL_SURFACE('',#7928,0.499999999999998);
#499=CYLINDRICAL_SURFACE('',#7932,0.500000000000007);
#500=CYLINDRICAL_SURFACE('',#7936,0.500000000000007);
#501=CYLINDRICAL_SURFACE('',#7940,0.500000000000007);
#502=CYLINDRICAL_SURFACE('',#7944,0.500000000000007);
#503=CYLINDRICAL_SURFACE('',#7948,0.5);
#504=CYLINDRICAL_SURFACE('',#7952,0.500000000000007);
#505=CYLINDRICAL_SURFACE('',#7956,0.5);
#506=CYLINDRICAL_SURFACE('',#7960,0.499999999999972);
#507=CYLINDRICAL_SURFACE('',#7964,0.499999999999998);
#508=CYLINDRICAL_SURFACE('',#7968,0.500000000000007);
#509=CYLINDRICAL_SURFACE('',#7972,0.499999999999998);
#510=CYLINDRICAL_SURFACE('',#7976,0.499999999999972);
#511=CYLINDRICAL_SURFACE('',#7980,0.500000000000007);
#512=CYLINDRICAL_SURFACE('',#7984,0.500000000000007);
#513=CYLINDRICAL_SURFACE('',#7988,0.500000000000007);
#514=CYLINDRICAL_SURFACE('',#7992,0.499999999999998);
#515=CYLINDRICAL_SURFACE('',#7996,0.500000000000007);
#516=CYLINDRICAL_SURFACE('',#8000,0.499999999999998);
#517=CYLINDRICAL_SURFACE('',#8004,0.499999999999998);
#518=CYLINDRICAL_SURFACE('',#8008,0.500000000000007);
#519=CYLINDRICAL_SURFACE('',#8012,0.500000000000007);
#520=CYLINDRICAL_SURFACE('',#8016,0.500000000000007);
#521=CYLINDRICAL_SURFACE('',#8020,0.499999999999998);
#522=CYLINDRICAL_SURFACE('',#8024,0.499999999999998);
#523=CYLINDRICAL_SURFACE('',#8028,0.499999999999998);
#524=CYLINDRICAL_SURFACE('',#8032,0.500000000000007);
#525=CYLINDRICAL_SURFACE('',#8036,0.499999999999998);
#526=CYLINDRICAL_SURFACE('',#8040,0.499999999999998);
#527=CYLINDRICAL_SURFACE('',#8044,0.499999999999998);
#528=CYLINDRICAL_SURFACE('',#8048,0.500000000000007);
#529=CYLINDRICAL_SURFACE('',#8052,0.499999999999998);
#530=CYLINDRICAL_SURFACE('',#8056,0.500000000000007);
#531=CYLINDRICAL_SURFACE('',#8060,0.499999999999989);
#532=CYLINDRICAL_SURFACE('',#8064,0.500000000000007);
#533=CYLINDRICAL_SURFACE('',#8068,0.499999999999989);
#534=CYLINDRICAL_SURFACE('',#8072,0.499999999999998);
#535=CYLINDRICAL_SURFACE('',#8076,0.500000000000007);
#536=CYLINDRICAL_SURFACE('',#8080,0.499999999999998);
#537=CYLINDRICAL_SURFACE('',#8084,0.500000000000007);
#538=CYLINDRICAL_SURFACE('',#8088,0.499999999999998);
#539=CYLINDRICAL_SURFACE('',#8092,0.499999999999998);
#540=CYLINDRICAL_SURFACE('',#8096,0.500000000000007);
#541=CYLINDRICAL_SURFACE('',#8100,0.5);
#542=CYLINDRICAL_SURFACE('',#8104,0.499999999999999);
#543=CYLINDRICAL_SURFACE('',#8108,0.500000000000007);
#544=CYLINDRICAL_SURFACE('',#8112,0.499999999999998);
#545=CYLINDRICAL_SURFACE('',#8116,0.499999999999998);
#546=CYLINDRICAL_SURFACE('',#8120,0.500000000000007);
#547=CYLINDRICAL_SURFACE('',#8124,0.499999999999998);
#548=CYLINDRICAL_SURFACE('',#8128,0.500000000000007);
#549=CYLINDRICAL_SURFACE('',#8132,0.499999999999998);
#550=CYLINDRICAL_SURFACE('',#8135,1.7);
#551=CYLINDRICAL_SURFACE('',#8139,0.499999999999972);
#552=CYLINDRICAL_SURFACE('',#8143,0.500000000000007);
#553=CYLINDRICAL_SURFACE('',#8147,0.500000000000007);
#554=CYLINDRICAL_SURFACE('',#8151,0.500000000000007);
#555=CYLINDRICAL_SURFACE('',#8155,0.499999999999972);
#556=CYLINDRICAL_SURFACE('',#8159,0.500000000000007);
#557=CYLINDRICAL_SURFACE('',#8163,0.500000000000007);
#558=CYLINDRICAL_SURFACE('',#8167,0.499999999999998);
#559=CYLINDRICAL_SURFACE('',#8171,0.500000000000007);
#560=CYLINDRICAL_SURFACE('',#8175,0.500000000000007);
#561=CYLINDRICAL_SURFACE('',#8179,0.500000000000007);
#562=CYLINDRICAL_SURFACE('',#8183,0.499999999999998);
#563=CYLINDRICAL_SURFACE('',#8187,0.499999999999998);
#564=CYLINDRICAL_SURFACE('',#8191,0.500000000000007);
#565=CYLINDRICAL_SURFACE('',#8195,0.500000000000007);
#566=CYLINDRICAL_SURFACE('',#8199,0.500000000000007);
#567=CYLINDRICAL_SURFACE('',#8203,0.499999999999998);
#568=CYLINDRICAL_SURFACE('',#8207,0.500000000000007);
#569=CYLINDRICAL_SURFACE('',#8211,0.500000000000007);
#570=CYLINDRICAL_SURFACE('',#8215,0.499999999999989);
#571=CYLINDRICAL_SURFACE('',#8219,0.499999999999998);
#572=CYLINDRICAL_SURFACE('',#8223,0.499999999999998);
#573=CYLINDRICAL_SURFACE('',#8227,0.500000000000007);
#574=CYLINDRICAL_SURFACE('',#8231,0.499999999999999);
#575=CYLINDRICAL_SURFACE('',#8235,0.499999999999972);
#576=CYLINDRICAL_SURFACE('',#8239,0.500000000000003);
#577=CYLINDRICAL_SURFACE('',#8243,0.500000000000007);
#578=CYLINDRICAL_SURFACE('',#8247,0.5);
#579=CYLINDRICAL_SURFACE('',#8251,0.499999999999998);
#580=CYLINDRICAL_SURFACE('',#8255,0.499999999999998);
#581=CYLINDRICAL_SURFACE('',#8259,0.500000000000007);
#582=CYLINDRICAL_SURFACE('',#8263,0.499999999999998);
#583=CYLINDRICAL_SURFACE('',#8267,0.499999999999998);
#584=CYLINDRICAL_SURFACE('',#8271,0.499999999999989);
#585=CYLINDRICAL_SURFACE('',#8275,0.500000000000007);
#586=CYLINDRICAL_SURFACE('',#8279,0.500000000000007);
#587=CYLINDRICAL_SURFACE('',#8283,0.500000000000007);
#588=CYLINDRICAL_SURFACE('',#8287,0.499999999999998);
#589=CYLINDRICAL_SURFACE('',#8291,0.500000000000007);
#590=CYLINDRICAL_SURFACE('',#8295,0.5);
#591=CYLINDRICAL_SURFACE('',#8298,1.70000000000002);
#592=CYLINDRICAL_SURFACE('',#8302,0.499999999999998);
#593=CYLINDRICAL_SURFACE('',#8306,0.499999999999989);
#594=CYLINDRICAL_SURFACE('',#8310,0.500000000000007);
#595=CYLINDRICAL_SURFACE('',#8314,0.499999999999998);
#596=CYLINDRICAL_SURFACE('',#8318,0.499999999999999);
#597=CYLINDRICAL_SURFACE('',#8322,0.500000000000007);
#598=CYLINDRICAL_SURFACE('',#8326,0.499999999999998);
#599=CYLINDRICAL_SURFACE('',#8330,0.499999999999989);
#600=CYLINDRICAL_SURFACE('',#8334,0.499999999999998);
#601=CYLINDRICAL_SURFACE('',#8338,0.500000000000007);
#602=CYLINDRICAL_SURFACE('',#8342,0.500000000000007);
#603=CYLINDRICAL_SURFACE('',#8346,0.499999999999989);
#604=CYLINDRICAL_SURFACE('',#8350,0.499999999999999);
#605=CYLINDRICAL_SURFACE('',#8354,0.500000000000007);
#606=CYLINDRICAL_SURFACE('',#8358,0.499999999999998);
#607=CYLINDRICAL_SURFACE('',#8362,0.500000000000007);
#608=CYLINDRICAL_SURFACE('',#8366,0.499999999999972);
#609=CYLINDRICAL_SURFACE('',#8370,0.499999999999989);
#610=CYLINDRICAL_SURFACE('',#8374,0.500000000000007);
#611=CYLINDRICAL_SURFACE('',#8378,0.500000000000007);
#612=CYLINDRICAL_SURFACE('',#8382,0.499999999999999);
#613=CYLINDRICAL_SURFACE('',#8386,0.499999999999998);
#614=CYLINDRICAL_SURFACE('',#8390,0.499999999999998);
#615=CYLINDRICAL_SURFACE('',#8394,0.499999999999999);
#616=CYLINDRICAL_SURFACE('',#8398,0.499999999999998);
#617=CYLINDRICAL_SURFACE('',#8402,0.499999999999998);
#618=CYLINDRICAL_SURFACE('',#8406,0.500000000000007);
#619=CYLINDRICAL_SURFACE('',#8410,0.499999999999998);
#620=CYLINDRICAL_SURFACE('',#8414,0.499999999999998);
#621=CYLINDRICAL_SURFACE('',#8418,0.499999999999998);
#622=CYLINDRICAL_SURFACE('',#8422,0.500000000000007);
#623=CYLINDRICAL_SURFACE('',#8426,0.499999999999998);
#624=CYLINDRICAL_SURFACE('',#8430,0.499999999999998);
#625=CYLINDRICAL_SURFACE('',#8434,0.500000000000007);
#626=CYLINDRICAL_SURFACE('',#8438,0.499999999999998);
#627=CYLINDRICAL_SURFACE('',#8442,0.499999999999989);
#628=CYLINDRICAL_SURFACE('',#8446,0.499999999999998);
#629=CYLINDRICAL_SURFACE('',#8450,0.500000000000007);
#630=CYLINDRICAL_SURFACE('',#8454,0.499999999999998);
#631=CYLINDRICAL_SURFACE('',#8458,0.499999999999998);
#632=CYLINDRICAL_SURFACE('',#8462,0.499999999999998);
#633=CYLINDRICAL_SURFACE('',#8466,0.499999999999998);
#634=CYLINDRICAL_SURFACE('',#8470,0.499999999999998);
#635=CYLINDRICAL_SURFACE('',#8474,0.5);
#636=CYLINDRICAL_SURFACE('',#8478,0.499999999999998);
#637=CYLINDRICAL_SURFACE('',#8482,0.500000000000007);
#638=CYLINDRICAL_SURFACE('',#8486,0.500000000000007);
#639=CYLINDRICAL_SURFACE('',#8490,0.500000000000007);
#640=CYLINDRICAL_SURFACE('',#8494,0.499999999999999);
#641=CYLINDRICAL_SURFACE('',#8498,0.500000000000007);
#642=CYLINDRICAL_SURFACE('',#8502,0.499999999999998);
#643=CYLINDRICAL_SURFACE('',#8506,0.499999999999998);
#644=CYLINDRICAL_SURFACE('',#8510,0.499999999999999);
#645=CYLINDRICAL_SURFACE('',#8514,0.500000000000007);
#646=CYLINDRICAL_SURFACE('',#8518,0.499999999999998);
#647=CYLINDRICAL_SURFACE('',#8522,0.500000000000007);
#648=CYLINDRICAL_SURFACE('',#8526,0.500000000000007);
#649=CYLINDRICAL_SURFACE('',#8530,0.500000000000007);
#650=CYLINDRICAL_SURFACE('',#8534,0.500000000000007);
#651=CYLINDRICAL_SURFACE('',#8538,0.500000000000007);
#652=CYLINDRICAL_SURFACE('',#8542,0.499999999999999);
#653=CYLINDRICAL_SURFACE('',#8546,0.500000000000007);
#654=CYLINDRICAL_SURFACE('',#8550,0.499999999999998);
#655=CYLINDRICAL_SURFACE('',#8554,0.500000000000007);
#656=CYLINDRICAL_SURFACE('',#8558,0.499999999999972);
#657=CYLINDRICAL_SURFACE('',#8562,0.500000000000007);
#658=CYLINDRICAL_SURFACE('',#8566,0.500000000000007);
#659=CYLINDRICAL_SURFACE('',#8570,0.499999999999989);
#660=CYLINDRICAL_SURFACE('',#8574,0.499999999999998);
#661=CYLINDRICAL_SURFACE('',#8578,0.499999999999989);
#662=CYLINDRICAL_SURFACE('',#8582,0.499999999999998);
#663=CYLINDRICAL_SURFACE('',#8586,0.499999999999998);
#664=CYLINDRICAL_SURFACE('',#8589,4.);
#665=CYLINDRICAL_SURFACE('',#8593,4.);
#666=FACE_OUTER_BOUND('',#1049,.T.);
#667=FACE_OUTER_BOUND('',#1050,.T.);
#668=FACE_OUTER_BOUND('',#1051,.T.);
#669=FACE_OUTER_BOUND('',#1052,.T.);
#670=FACE_OUTER_BOUND('',#1053,.T.);
#671=FACE_OUTER_BOUND('',#1054,.T.);
#672=FACE_OUTER_BOUND('',#1055,.T.);
#673=FACE_OUTER_BOUND('',#1056,.T.);
#674=FACE_OUTER_BOUND('',#1057,.T.);
#675=FACE_OUTER_BOUND('',#1058,.T.);
#676=FACE_OUTER_BOUND('',#1059,.T.);
#677=FACE_OUTER_BOUND('',#1060,.T.);
#678=FACE_OUTER_BOUND('',#1061,.T.);
#679=FACE_OUTER_BOUND('',#1062,.T.);
#680=FACE_OUTER_BOUND('',#1063,.T.);
#681=FACE_OUTER_BOUND('',#1064,.T.);
#682=FACE_OUTER_BOUND('',#1065,.T.);
#683=FACE_OUTER_BOUND('',#1066,.T.);
#684=FACE_OUTER_BOUND('',#1067,.T.);
#685=FACE_OUTER_BOUND('',#1068,.T.);
#686=FACE_OUTER_BOUND('',#1069,.T.);
#687=FACE_OUTER_BOUND('',#1070,.T.);
#688=FACE_OUTER_BOUND('',#1071,.T.);
#689=FACE_OUTER_BOUND('',#1072,.T.);
#690=FACE_OUTER_BOUND('',#1073,.T.);
#691=FACE_OUTER_BOUND('',#1074,.T.);
#692=FACE_OUTER_BOUND('',#1075,.T.);
#693=FACE_OUTER_BOUND('',#1076,.T.);
#694=FACE_OUTER_BOUND('',#1077,.T.);
#695=FACE_OUTER_BOUND('',#1078,.T.);
#696=FACE_OUTER_BOUND('',#1079,.T.);
#697=FACE_OUTER_BOUND('',#1080,.T.);
#698=FACE_OUTER_BOUND('',#1081,.T.);
#699=FACE_OUTER_BOUND('',#1082,.T.);
#700=FACE_OUTER_BOUND('',#1083,.T.);
#701=FACE_OUTER_BOUND('',#1084,.T.);
#702=FACE_OUTER_BOUND('',#1085,.T.);
#703=FACE_OUTER_BOUND('',#1086,.T.);
#704=FACE_OUTER_BOUND('',#1087,.T.);
#705=FACE_OUTER_BOUND('',#1088,.T.);
#706=FACE_OUTER_BOUND('',#1089,.T.);
#707=FACE_OUTER_BOUND('',#1090,.T.);
#708=FACE_OUTER_BOUND('',#1091,.T.);
#709=FACE_OUTER_BOUND('',#1092,.T.);
#710=FACE_OUTER_BOUND('',#1093,.T.);
#711=FACE_OUTER_BOUND('',#1094,.T.);
#712=FACE_OUTER_BOUND('',#1095,.T.);
#713=FACE_OUTER_BOUND('',#1096,.T.);
#714=FACE_OUTER_BOUND('',#1097,.T.);
#715=FACE_OUTER_BOUND('',#1098,.T.);
#716=FACE_OUTER_BOUND('',#1099,.T.);
#717=FACE_OUTER_BOUND('',#1100,.T.);
#718=FACE_OUTER_BOUND('',#1101,.T.);
#719=FACE_OUTER_BOUND('',#1102,.T.);
#720=FACE_OUTER_BOUND('',#1103,.T.);
#721=FACE_OUTER_BOUND('',#1104,.T.);
#722=FACE_OUTER_BOUND('',#1105,.T.);
#723=FACE_OUTER_BOUND('',#1106,.T.);
#724=FACE_OUTER_BOUND('',#1107,.T.);
#725=FACE_OUTER_BOUND('',#1108,.T.);
#726=FACE_OUTER_BOUND('',#1109,.T.);
#727=FACE_OUTER_BOUND('',#1110,.T.);
#728=FACE_OUTER_BOUND('',#1111,.T.);
#729=FACE_OUTER_BOUND('',#1112,.T.);
#730=FACE_OUTER_BOUND('',#1113,.T.);
#731=FACE_OUTER_BOUND('',#1114,.T.);
#732=FACE_OUTER_BOUND('',#1115,.T.);
#733=FACE_OUTER_BOUND('',#1116,.T.);
#734=FACE_OUTER_BOUND('',#1117,.T.);
#735=FACE_OUTER_BOUND('',#1118,.T.);
#736=FACE_OUTER_BOUND('',#1119,.T.);
#737=FACE_OUTER_BOUND('',#1120,.T.);
#738=FACE_OUTER_BOUND('',#1121,.T.);
#739=FACE_OUTER_BOUND('',#1122,.T.);
#740=FACE_OUTER_BOUND('',#1123,.T.);
#741=FACE_OUTER_BOUND('',#1124,.T.);
#742=FACE_OUTER_BOUND('',#1125,.T.);
#743=FACE_OUTER_BOUND('',#1126,.T.);
#744=FACE_OUTER_BOUND('',#1127,.T.);
#745=FACE_OUTER_BOUND('',#1128,.T.);
#746=FACE_OUTER_BOUND('',#1129,.T.);
#747=FACE_OUTER_BOUND('',#1130,.T.);
#748=FACE_OUTER_BOUND('',#1131,.T.);
#749=FACE_OUTER_BOUND('',#1132,.T.);
#750=FACE_OUTER_BOUND('',#1133,.T.);
#751=FACE_OUTER_BOUND('',#1134,.T.);
#752=FACE_OUTER_BOUND('',#1135,.T.);
#753=FACE_OUTER_BOUND('',#1136,.T.);
#754=FACE_OUTER_BOUND('',#1137,.T.);
#755=FACE_OUTER_BOUND('',#1138,.T.);
#756=FACE_OUTER_BOUND('',#1139,.T.);
#757=FACE_OUTER_BOUND('',#1140,.T.);
#758=FACE_OUTER_BOUND('',#1141,.T.);
#759=FACE_OUTER_BOUND('',#1142,.T.);
#760=FACE_OUTER_BOUND('',#1143,.T.);
#761=FACE_OUTER_BOUND('',#1144,.T.);
#762=FACE_OUTER_BOUND('',#1145,.T.);
#763=FACE_OUTER_BOUND('',#1146,.T.);
#764=FACE_OUTER_BOUND('',#1147,.T.);
#765=FACE_OUTER_BOUND('',#1148,.T.);
#766=FACE_OUTER_BOUND('',#1149,.T.);
#767=FACE_OUTER_BOUND('',#1150,.T.);
#768=FACE_OUTER_BOUND('',#1151,.T.);
#769=FACE_OUTER_BOUND('',#1152,.T.);
#770=FACE_OUTER_BOUND('',#1153,.T.);
#771=FACE_OUTER_BOUND('',#1154,.T.);
#772=FACE_OUTER_BOUND('',#1155,.T.);
#773=FACE_OUTER_BOUND('',#1156,.T.);
#774=FACE_OUTER_BOUND('',#1157,.T.);
#775=FACE_OUTER_BOUND('',#1158,.T.);
#776=FACE_OUTER_BOUND('',#1159,.T.);
#777=FACE_OUTER_BOUND('',#1160,.T.);
#778=FACE_OUTER_BOUND('',#1161,.T.);
#779=FACE_OUTER_BOUND('',#1162,.T.);
#780=FACE_OUTER_BOUND('',#1163,.T.);
#781=FACE_OUTER_BOUND('',#1164,.T.);
#782=FACE_OUTER_BOUND('',#1165,.T.);
#783=FACE_OUTER_BOUND('',#1166,.T.);
#784=FACE_OUTER_BOUND('',#1167,.T.);
#785=FACE_OUTER_BOUND('',#1168,.T.);
#786=FACE_OUTER_BOUND('',#1169,.T.);
#787=FACE_OUTER_BOUND('',#1170,.T.);
#788=FACE_OUTER_BOUND('',#1171,.T.);
#789=FACE_OUTER_BOUND('',#1172,.T.);
#790=FACE_OUTER_BOUND('',#1173,.T.);
#791=FACE_OUTER_BOUND('',#1174,.T.);
#792=FACE_OUTER_BOUND('',#1175,.T.);
#793=FACE_OUTER_BOUND('',#1176,.T.);
#794=FACE_OUTER_BOUND('',#1177,.T.);
#795=FACE_OUTER_BOUND('',#1178,.T.);
#796=FACE_OUTER_BOUND('',#1179,.T.);
#797=FACE_OUTER_BOUND('',#1180,.T.);
#798=FACE_OUTER_BOUND('',#1181,.T.);
#799=FACE_OUTER_BOUND('',#1182,.T.);
#800=FACE_OUTER_BOUND('',#1183,.T.);
#801=FACE_OUTER_BOUND('',#1184,.T.);
#802=FACE_OUTER_BOUND('',#1185,.T.);
#803=FACE_OUTER_BOUND('',#1186,.T.);
#804=FACE_OUTER_BOUND('',#1187,.T.);
#805=FACE_OUTER_BOUND('',#1188,.T.);
#806=FACE_OUTER_BOUND('',#1189,.T.);
#807=FACE_OUTER_BOUND('',#1190,.T.);
#808=FACE_OUTER_BOUND('',#1191,.T.);
#809=FACE_OUTER_BOUND('',#1192,.T.);
#810=FACE_OUTER_BOUND('',#1193,.T.);
#811=FACE_OUTER_BOUND('',#1194,.T.);
#812=FACE_OUTER_BOUND('',#1195,.T.);
#813=FACE_OUTER_BOUND('',#1196,.T.);
#814=FACE_OUTER_BOUND('',#1197,.T.);
#815=FACE_OUTER_BOUND('',#1198,.T.);
#816=FACE_OUTER_BOUND('',#1199,.T.);
#817=FACE_OUTER_BOUND('',#1200,.T.);
#818=FACE_OUTER_BOUND('',#1201,.T.);
#819=FACE_OUTER_BOUND('',#1202,.T.);
#820=FACE_OUTER_BOUND('',#1203,.T.);
#821=FACE_OUTER_BOUND('',#1204,.T.);
#822=FACE_OUTER_BOUND('',#1205,.T.);
#823=FACE_OUTER_BOUND('',#1206,.T.);
#824=FACE_OUTER_BOUND('',#1207,.T.);
#825=FACE_OUTER_BOUND('',#1208,.T.);
#826=FACE_OUTER_BOUND('',#1209,.T.);
#827=FACE_OUTER_BOUND('',#1210,.T.);
#828=FACE_OUTER_BOUND('',#1211,.T.);
#829=FACE_OUTER_BOUND('',#1212,.T.);
#830=FACE_OUTER_BOUND('',#1213,.T.);
#831=FACE_OUTER_BOUND('',#1214,.T.);
#832=FACE_OUTER_BOUND('',#1215,.T.);
#833=FACE_OUTER_BOUND('',#1216,.T.);
#834=FACE_OUTER_BOUND('',#1217,.T.);
#835=FACE_OUTER_BOUND('',#1218,.T.);
#836=FACE_OUTER_BOUND('',#1219,.T.);
#837=FACE_OUTER_BOUND('',#1220,.T.);
#838=FACE_OUTER_BOUND('',#1221,.T.);
#839=FACE_OUTER_BOUND('',#1222,.T.);
#840=FACE_OUTER_BOUND('',#1223,.T.);
#841=FACE_OUTER_BOUND('',#1224,.T.);
#842=FACE_OUTER_BOUND('',#1225,.T.);
#843=FACE_OUTER_BOUND('',#1226,.T.);
#844=FACE_OUTER_BOUND('',#1227,.T.);
#845=FACE_OUTER_BOUND('',#1228,.T.);
#846=FACE_OUTER_BOUND('',#1229,.T.);
#847=FACE_OUTER_BOUND('',#1230,.T.);
#848=FACE_OUTER_BOUND('',#1231,.T.);
#849=FACE_OUTER_BOUND('',#1232,.T.);
#850=FACE_OUTER_BOUND('',#1233,.T.);
#851=FACE_OUTER_BOUND('',#1234,.T.);
#852=FACE_OUTER_BOUND('',#1235,.T.);
#853=FACE_OUTER_BOUND('',#1236,.T.);
#854=FACE_OUTER_BOUND('',#1237,.T.);
#855=FACE_OUTER_BOUND('',#1238,.T.);
#856=FACE_OUTER_BOUND('',#1239,.T.);
#857=FACE_OUTER_BOUND('',#1240,.T.);
#858=FACE_OUTER_BOUND('',#1241,.T.);
#859=FACE_OUTER_BOUND('',#1242,.T.);
#860=FACE_OUTER_BOUND('',#1243,.T.);
#861=FACE_OUTER_BOUND('',#1244,.T.);
#862=FACE_OUTER_BOUND('',#1245,.T.);
#863=FACE_OUTER_BOUND('',#1246,.T.);
#864=FACE_OUTER_BOUND('',#1247,.T.);
#865=FACE_OUTER_BOUND('',#1248,.T.);
#866=FACE_OUTER_BOUND('',#1249,.T.);
#867=FACE_OUTER_BOUND('',#1250,.T.);
#868=FACE_OUTER_BOUND('',#1251,.T.);
#869=FACE_OUTER_BOUND('',#1252,.T.);
#870=FACE_OUTER_BOUND('',#1253,.T.);
#871=FACE_OUTER_BOUND('',#1254,.T.);
#872=FACE_OUTER_BOUND('',#1255,.T.);
#873=FACE_OUTER_BOUND('',#1256,.T.);
#874=FACE_OUTER_BOUND('',#1257,.T.);
#875=FACE_OUTER_BOUND('',#1258,.T.);
#876=FACE_OUTER_BOUND('',#1259,.T.);
#877=FACE_OUTER_BOUND('',#1260,.T.);
#878=FACE_OUTER_BOUND('',#1261,.T.);
#879=FACE_OUTER_BOUND('',#1262,.T.);
#880=FACE_OUTER_BOUND('',#1263,.T.);
#881=FACE_OUTER_BOUND('',#1264,.T.);
#882=FACE_OUTER_BOUND('',#1265,.T.);
#883=FACE_OUTER_BOUND('',#1266,.T.);
#884=FACE_OUTER_BOUND('',#1267,.T.);
#885=FACE_OUTER_BOUND('',#1268,.T.);
#886=FACE_OUTER_BOUND('',#1269,.T.);
#887=FACE_OUTER_BOUND('',#1270,.T.);
#888=FACE_OUTER_BOUND('',#1271,.T.);
#889=FACE_OUTER_BOUND('',#1272,.T.);
#890=FACE_OUTER_BOUND('',#1273,.T.);
#891=FACE_OUTER_BOUND('',#1274,.T.);
#892=FACE_OUTER_BOUND('',#1275,.T.);
#893=FACE_OUTER_BOUND('',#1276,.T.);
#894=FACE_OUTER_BOUND('',#1277,.T.);
#895=FACE_OUTER_BOUND('',#1278,.T.);
#896=FACE_OUTER_BOUND('',#1279,.T.);
#897=FACE_OUTER_BOUND('',#1280,.T.);
#898=FACE_OUTER_BOUND('',#1281,.T.);
#899=FACE_OUTER_BOUND('',#1282,.T.);
#900=FACE_OUTER_BOUND('',#1283,.T.);
#901=FACE_OUTER_BOUND('',#1284,.T.);
#902=FACE_OUTER_BOUND('',#1285,.T.);
#903=FACE_OUTER_BOUND('',#1286,.T.);
#904=FACE_OUTER_BOUND('',#1287,.T.);
#905=FACE_OUTER_BOUND('',#1288,.T.);
#906=FACE_OUTER_BOUND('',#1289,.T.);
#907=FACE_OUTER_BOUND('',#1290,.T.);
#908=FACE_OUTER_BOUND('',#1291,.T.);
#909=FACE_OUTER_BOUND('',#1292,.T.);
#910=FACE_OUTER_BOUND('',#1293,.T.);
#911=FACE_OUTER_BOUND('',#1294,.T.);
#912=FACE_OUTER_BOUND('',#1295,.T.);
#913=FACE_OUTER_BOUND('',#1296,.T.);
#914=FACE_OUTER_BOUND('',#1297,.T.);
#915=FACE_OUTER_BOUND('',#1298,.T.);
#916=FACE_OUTER_BOUND('',#1299,.T.);
#917=FACE_OUTER_BOUND('',#1300,.T.);
#918=FACE_OUTER_BOUND('',#1301,.T.);
#919=FACE_OUTER_BOUND('',#1302,.T.);
#920=FACE_OUTER_BOUND('',#1303,.T.);
#921=FACE_OUTER_BOUND('',#1304,.T.);
#922=FACE_OUTER_BOUND('',#1305,.T.);
#923=FACE_OUTER_BOUND('',#1306,.T.);
#924=FACE_OUTER_BOUND('',#1307,.T.);
#925=FACE_OUTER_BOUND('',#1308,.T.);
#926=FACE_OUTER_BOUND('',#1309,.T.);
#927=FACE_OUTER_BOUND('',#1310,.T.);
#928=FACE_OUTER_BOUND('',#1311,.T.);
#929=FACE_OUTER_BOUND('',#1312,.T.);
#930=FACE_OUTER_BOUND('',#1313,.T.);
#931=FACE_OUTER_BOUND('',#1314,.T.);
#932=FACE_OUTER_BOUND('',#1315,.T.);
#933=FACE_OUTER_BOUND('',#1316,.T.);
#934=FACE_OUTER_BOUND('',#1317,.T.);
#935=FACE_OUTER_BOUND('',#1318,.T.);
#936=FACE_OUTER_BOUND('',#1319,.T.);
#937=FACE_OUTER_BOUND('',#1320,.T.);
#938=FACE_OUTER_BOUND('',#1321,.T.);
#939=FACE_OUTER_BOUND('',#1322,.T.);
#940=FACE_OUTER_BOUND('',#1323,.T.);
#941=FACE_OUTER_BOUND('',#1324,.T.);
#942=FACE_OUTER_BOUND('',#1325,.T.);
#943=FACE_OUTER_BOUND('',#1326,.T.);
#944=FACE_OUTER_BOUND('',#1327,.T.);
#945=FACE_OUTER_BOUND('',#1328,.T.);
#946=FACE_OUTER_BOUND('',#1329,.T.);
#947=FACE_OUTER_BOUND('',#1330,.T.);
#948=FACE_OUTER_BOUND('',#1331,.T.);
#949=FACE_OUTER_BOUND('',#1332,.T.);
#950=FACE_OUTER_BOUND('',#1333,.T.);
#951=FACE_OUTER_BOUND('',#1334,.T.);
#952=FACE_OUTER_BOUND('',#1335,.T.);
#953=FACE_OUTER_BOUND('',#1336,.T.);
#954=FACE_OUTER_BOUND('',#1337,.T.);
#955=FACE_OUTER_BOUND('',#1338,.T.);
#956=FACE_OUTER_BOUND('',#1339,.T.);
#957=FACE_OUTER_BOUND('',#1340,.T.);
#958=FACE_OUTER_BOUND('',#1341,.T.);
#959=FACE_OUTER_BOUND('',#1342,.T.);
#960=FACE_OUTER_BOUND('',#1343,.T.);
#961=FACE_OUTER_BOUND('',#1344,.T.);
#962=FACE_OUTER_BOUND('',#1345,.T.);
#963=FACE_OUTER_BOUND('',#1346,.T.);
#964=FACE_OUTER_BOUND('',#1347,.T.);
#965=FACE_OUTER_BOUND('',#1348,.T.);
#966=FACE_OUTER_BOUND('',#1349,.T.);
#967=FACE_OUTER_BOUND('',#1350,.T.);
#968=FACE_OUTER_BOUND('',#1351,.T.);
#969=FACE_OUTER_BOUND('',#1352,.T.);
#970=FACE_OUTER_BOUND('',#1353,.T.);
#971=FACE_OUTER_BOUND('',#1354,.T.);
#972=FACE_OUTER_BOUND('',#1355,.T.);
#973=FACE_OUTER_BOUND('',#1356,.T.);
#974=FACE_OUTER_BOUND('',#1357,.T.);
#975=FACE_OUTER_BOUND('',#1358,.T.);
#976=FACE_OUTER_BOUND('',#1359,.T.);
#977=FACE_OUTER_BOUND('',#1360,.T.);
#978=FACE_OUTER_BOUND('',#1361,.T.);
#979=FACE_OUTER_BOUND('',#1362,.T.);
#980=FACE_OUTER_BOUND('',#1363,.T.);
#981=FACE_OUTER_BOUND('',#1364,.T.);
#982=FACE_OUTER_BOUND('',#1365,.T.);
#983=FACE_OUTER_BOUND('',#1366,.T.);
#984=FACE_OUTER_BOUND('',#1367,.T.);
#985=FACE_OUTER_BOUND('',#1368,.T.);
#986=FACE_OUTER_BOUND('',#1369,.T.);
#987=FACE_OUTER_BOUND('',#1370,.T.);
#988=FACE_OUTER_BOUND('',#1371,.T.);
#989=FACE_OUTER_BOUND('',#1372,.T.);
#990=FACE_OUTER_BOUND('',#1373,.T.);
#991=FACE_OUTER_BOUND('',#1374,.T.);
#992=FACE_OUTER_BOUND('',#1375,.T.);
#993=FACE_OUTER_BOUND('',#1376,.T.);
#994=FACE_OUTER_BOUND('',#1377,.T.);
#995=FACE_OUTER_BOUND('',#1378,.T.);
#996=FACE_OUTER_BOUND('',#1379,.T.);
#997=FACE_OUTER_BOUND('',#1380,.T.);
#998=FACE_OUTER_BOUND('',#1381,.T.);
#999=FACE_OUTER_BOUND('',#1382,.T.);
#1000=FACE_OUTER_BOUND('',#1383,.T.);
#1001=FACE_OUTER_BOUND('',#1384,.T.);
#1002=FACE_OUTER_BOUND('',#1385,.T.);
#1003=FACE_OUTER_BOUND('',#1386,.T.);
#1004=FACE_OUTER_BOUND('',#1387,.T.);
#1005=FACE_OUTER_BOUND('',#1388,.T.);
#1006=FACE_OUTER_BOUND('',#1389,.T.);
#1007=FACE_OUTER_BOUND('',#1390,.T.);
#1008=FACE_OUTER_BOUND('',#1391,.T.);
#1009=FACE_OUTER_BOUND('',#1392,.T.);
#1010=FACE_OUTER_BOUND('',#1393,.T.);
#1011=FACE_OUTER_BOUND('',#1394,.T.);
#1012=FACE_OUTER_BOUND('',#1395,.T.);
#1013=FACE_OUTER_BOUND('',#1396,.T.);
#1014=FACE_OUTER_BOUND('',#1397,.T.);
#1015=FACE_OUTER_BOUND('',#1398,.T.);
#1016=FACE_OUTER_BOUND('',#1399,.T.);
#1017=FACE_OUTER_BOUND('',#1400,.T.);
#1018=FACE_OUTER_BOUND('',#1401,.T.);
#1019=FACE_OUTER_BOUND('',#1402,.T.);
#1020=FACE_OUTER_BOUND('',#1403,.T.);
#1021=FACE_OUTER_BOUND('',#1404,.T.);
#1022=FACE_OUTER_BOUND('',#1405,.T.);
#1023=FACE_OUTER_BOUND('',#1406,.T.);
#1024=FACE_OUTER_BOUND('',#1407,.T.);
#1025=FACE_OUTER_BOUND('',#1408,.T.);
#1026=FACE_OUTER_BOUND('',#1409,.T.);
#1027=FACE_OUTER_BOUND('',#1410,.T.);
#1028=FACE_OUTER_BOUND('',#1411,.T.);
#1029=FACE_OUTER_BOUND('',#1412,.T.);
#1030=FACE_OUTER_BOUND('',#1413,.T.);
#1031=FACE_OUTER_BOUND('',#1414,.T.);
#1032=FACE_OUTER_BOUND('',#1415,.T.);
#1033=FACE_OUTER_BOUND('',#1416,.T.);
#1034=FACE_OUTER_BOUND('',#1465,.T.);
#1035=FACE_OUTER_BOUND('',#1466,.T.);
#1036=FACE_OUTER_BOUND('',#1515,.T.);
#1037=FACE_OUTER_BOUND('',#1516,.T.);
#1038=FACE_OUTER_BOUND('',#1517,.T.);
#1039=FACE_OUTER_BOUND('',#1518,.T.);
#1040=FACE_OUTER_BOUND('',#1519,.T.);
#1041=FACE_OUTER_BOUND('',#1520,.T.);
#1042=FACE_OUTER_BOUND('',#1521,.T.);
#1043=FACE_OUTER_BOUND('',#1522,.T.);
#1044=FACE_OUTER_BOUND('',#1523,.T.);
#1045=FACE_OUTER_BOUND('',#1524,.T.);
#1046=FACE_OUTER_BOUND('',#1525,.T.);
#1047=FACE_OUTER_BOUND('',#1526,.T.);
#1048=FACE_OUTER_BOUND('',#1527,.T.);
#1049=EDGE_LOOP('',(#4979,#4980,#4981,#4982));
#1050=EDGE_LOOP('',(#4983,#4984,#4985,#4986));
#1051=EDGE_LOOP('',(#4987,#4988,#4989,#4990));
#1052=EDGE_LOOP('',(#4991,#4992,#4993,#4994));
#1053=EDGE_LOOP('',(#4995,#4996,#4997,#4998));
#1054=EDGE_LOOP('',(#4999,#5000,#5001,#5002));
#1055=EDGE_LOOP('',(#5003,#5004,#5005,#5006));
#1056=EDGE_LOOP('',(#5007,#5008,#5009,#5010));
#1057=EDGE_LOOP('',(#5011,#5012,#5013,#5014));
#1058=EDGE_LOOP('',(#5015,#5016,#5017,#5018));
#1059=EDGE_LOOP('',(#5019,#5020,#5021,#5022));
#1060=EDGE_LOOP('',(#5023,#5024,#5025,#5026));
#1061=EDGE_LOOP('',(#5027,#5028,#5029,#5030));
#1062=EDGE_LOOP('',(#5031,#5032,#5033,#5034));
#1063=EDGE_LOOP('',(#5035,#5036,#5037,#5038));
#1064=EDGE_LOOP('',(#5039,#5040,#5041,#5042));
#1065=EDGE_LOOP('',(#5043,#5044,#5045,#5046));
#1066=EDGE_LOOP('',(#5047,#5048,#5049,#5050));
#1067=EDGE_LOOP('',(#5051,#5052,#5053,#5054));
#1068=EDGE_LOOP('',(#5055,#5056,#5057,#5058));
#1069=EDGE_LOOP('',(#5059,#5060,#5061,#5062));
#1070=EDGE_LOOP('',(#5063,#5064,#5065,#5066));
#1071=EDGE_LOOP('',(#5067,#5068,#5069,#5070));
#1072=EDGE_LOOP('',(#5071,#5072,#5073,#5074));
#1073=EDGE_LOOP('',(#5075,#5076,#5077,#5078));
#1074=EDGE_LOOP('',(#5079,#5080,#5081,#5082));
#1075=EDGE_LOOP('',(#5083,#5084,#5085,#5086));
#1076=EDGE_LOOP('',(#5087,#5088,#5089,#5090));
#1077=EDGE_LOOP('',(#5091,#5092,#5093,#5094));
#1078=EDGE_LOOP('',(#5095,#5096,#5097,#5098));
#1079=EDGE_LOOP('',(#5099,#5100,#5101,#5102));
#1080=EDGE_LOOP('',(#5103,#5104,#5105,#5106));
#1081=EDGE_LOOP('',(#5107,#5108,#5109,#5110));
#1082=EDGE_LOOP('',(#5111,#5112,#5113,#5114));
#1083=EDGE_LOOP('',(#5115,#5116,#5117,#5118));
#1084=EDGE_LOOP('',(#5119,#5120,#5121,#5122));
#1085=EDGE_LOOP('',(#5123,#5124,#5125,#5126));
#1086=EDGE_LOOP('',(#5127,#5128,#5129,#5130));
#1087=EDGE_LOOP('',(#5131,#5132,#5133,#5134));
#1088=EDGE_LOOP('',(#5135,#5136,#5137,#5138));
#1089=EDGE_LOOP('',(#5139,#5140,#5141,#5142));
#1090=EDGE_LOOP('',(#5143,#5144,#5145,#5146));
#1091=EDGE_LOOP('',(#5147,#5148,#5149,#5150));
#1092=EDGE_LOOP('',(#5151,#5152,#5153,#5154));
#1093=EDGE_LOOP('',(#5155,#5156,#5157,#5158));
#1094=EDGE_LOOP('',(#5159,#5160,#5161,#5162));
#1095=EDGE_LOOP('',(#5163,#5164,#5165,#5166));
#1096=EDGE_LOOP('',(#5167,#5168,#5169,#5170));
#1097=EDGE_LOOP('',(#5171,#5172,#5173,#5174));
#1098=EDGE_LOOP('',(#5175,#5176,#5177,#5178));
#1099=EDGE_LOOP('',(#5179,#5180,#5181,#5182));
#1100=EDGE_LOOP('',(#5183,#5184,#5185,#5186));
#1101=EDGE_LOOP('',(#5187,#5188,#5189,#5190));
#1102=EDGE_LOOP('',(#5191,#5192,#5193,#5194));
#1103=EDGE_LOOP('',(#5195,#5196,#5197,#5198));
#1104=EDGE_LOOP('',(#5199,#5200,#5201,#5202));
#1105=EDGE_LOOP('',(#5203,#5204,#5205,#5206));
#1106=EDGE_LOOP('',(#5207,#5208,#5209,#5210));
#1107=EDGE_LOOP('',(#5211,#5212,#5213,#5214));
#1108=EDGE_LOOP('',(#5215,#5216,#5217,#5218));
#1109=EDGE_LOOP('',(#5219,#5220,#5221,#5222));
#1110=EDGE_LOOP('',(#5223,#5224,#5225,#5226));
#1111=EDGE_LOOP('',(#5227,#5228,#5229,#5230));
#1112=EDGE_LOOP('',(#5231,#5232,#5233,#5234));
#1113=EDGE_LOOP('',(#5235,#5236,#5237,#5238));
#1114=EDGE_LOOP('',(#5239,#5240,#5241,#5242));
#1115=EDGE_LOOP('',(#5243,#5244,#5245,#5246));
#1116=EDGE_LOOP('',(#5247,#5248,#5249,#5250));
#1117=EDGE_LOOP('',(#5251,#5252,#5253,#5254));
#1118=EDGE_LOOP('',(#5255,#5256,#5257,#5258));
#1119=EDGE_LOOP('',(#5259,#5260,#5261,#5262));
#1120=EDGE_LOOP('',(#5263,#5264,#5265,#5266));
#1121=EDGE_LOOP('',(#5267,#5268,#5269,#5270));
#1122=EDGE_LOOP('',(#5271,#5272,#5273,#5274));
#1123=EDGE_LOOP('',(#5275,#5276,#5277,#5278));
#1124=EDGE_LOOP('',(#5279,#5280,#5281,#5282));
#1125=EDGE_LOOP('',(#5283,#5284,#5285,#5286));
#1126=EDGE_LOOP('',(#5287,#5288,#5289,#5290));
#1127=EDGE_LOOP('',(#5291,#5292,#5293,#5294));
#1128=EDGE_LOOP('',(#5295,#5296,#5297,#5298));
#1129=EDGE_LOOP('',(#5299,#5300,#5301,#5302));
#1130=EDGE_LOOP('',(#5303,#5304,#5305,#5306));
#1131=EDGE_LOOP('',(#5307,#5308,#5309,#5310));
#1132=EDGE_LOOP('',(#5311,#5312,#5313,#5314));
#1133=EDGE_LOOP('',(#5315,#5316,#5317,#5318));
#1134=EDGE_LOOP('',(#5319,#5320,#5321,#5322));
#1135=EDGE_LOOP('',(#5323,#5324,#5325,#5326));
#1136=EDGE_LOOP('',(#5327,#5328,#5329,#5330));
#1137=EDGE_LOOP('',(#5331,#5332,#5333,#5334));
#1138=EDGE_LOOP('',(#5335,#5336,#5337,#5338));
#1139=EDGE_LOOP('',(#5339,#5340,#5341,#5342));
#1140=EDGE_LOOP('',(#5343,#5344,#5345,#5346));
#1141=EDGE_LOOP('',(#5347,#5348,#5349,#5350));
#1142=EDGE_LOOP('',(#5351,#5352,#5353,#5354));
#1143=EDGE_LOOP('',(#5355,#5356,#5357,#5358));
#1144=EDGE_LOOP('',(#5359,#5360,#5361,#5362));
#1145=EDGE_LOOP('',(#5363,#5364,#5365,#5366));
#1146=EDGE_LOOP('',(#5367,#5368,#5369,#5370));
#1147=EDGE_LOOP('',(#5371,#5372,#5373,#5374));
#1148=EDGE_LOOP('',(#5375,#5376,#5377,#5378));
#1149=EDGE_LOOP('',(#5379,#5380,#5381,#5382));
#1150=EDGE_LOOP('',(#5383,#5384,#5385,#5386));
#1151=EDGE_LOOP('',(#5387,#5388,#5389,#5390));
#1152=EDGE_LOOP('',(#5391,#5392,#5393,#5394));
#1153=EDGE_LOOP('',(#5395,#5396,#5397,#5398));
#1154=EDGE_LOOP('',(#5399,#5400,#5401,#5402));
#1155=EDGE_LOOP('',(#5403,#5404,#5405,#5406));
#1156=EDGE_LOOP('',(#5407,#5408,#5409,#5410));
#1157=EDGE_LOOP('',(#5411,#5412,#5413,#5414));
#1158=EDGE_LOOP('',(#5415,#5416,#5417,#5418));
#1159=EDGE_LOOP('',(#5419,#5420,#5421,#5422));
#1160=EDGE_LOOP('',(#5423,#5424,#5425,#5426));
#1161=EDGE_LOOP('',(#5427,#5428,#5429,#5430));
#1162=EDGE_LOOP('',(#5431,#5432,#5433,#5434));
#1163=EDGE_LOOP('',(#5435,#5436,#5437,#5438));
#1164=EDGE_LOOP('',(#5439,#5440,#5441,#5442));
#1165=EDGE_LOOP('',(#5443,#5444,#5445,#5446));
#1166=EDGE_LOOP('',(#5447,#5448,#5449,#5450));
#1167=EDGE_LOOP('',(#5451,#5452,#5453,#5454));
#1168=EDGE_LOOP('',(#5455,#5456,#5457,#5458));
#1169=EDGE_LOOP('',(#5459,#5460,#5461,#5462));
#1170=EDGE_LOOP('',(#5463,#5464,#5465,#5466));
#1171=EDGE_LOOP('',(#5467,#5468,#5469,#5470));
#1172=EDGE_LOOP('',(#5471,#5472,#5473,#5474));
#1173=EDGE_LOOP('',(#5475,#5476,#5477,#5478));
#1174=EDGE_LOOP('',(#5479,#5480,#5481,#5482));
#1175=EDGE_LOOP('',(#5483,#5484,#5485,#5486));
#1176=EDGE_LOOP('',(#5487,#5488,#5489,#5490));
#1177=EDGE_LOOP('',(#5491,#5492,#5493,#5494));
#1178=EDGE_LOOP('',(#5495,#5496,#5497,#5498));
#1179=EDGE_LOOP('',(#5499,#5500,#5501,#5502));
#1180=EDGE_LOOP('',(#5503,#5504,#5505,#5506));
#1181=EDGE_LOOP('',(#5507,#5508,#5509,#5510));
#1182=EDGE_LOOP('',(#5511,#5512,#5513,#5514));
#1183=EDGE_LOOP('',(#5515,#5516,#5517,#5518));
#1184=EDGE_LOOP('',(#5519,#5520,#5521,#5522));
#1185=EDGE_LOOP('',(#5523,#5524,#5525,#5526));
#1186=EDGE_LOOP('',(#5527,#5528,#5529,#5530));
#1187=EDGE_LOOP('',(#5531,#5532,#5533,#5534));
#1188=EDGE_LOOP('',(#5535,#5536,#5537,#5538));
#1189=EDGE_LOOP('',(#5539,#5540,#5541,#5542));
#1190=EDGE_LOOP('',(#5543,#5544,#5545,#5546));
#1191=EDGE_LOOP('',(#5547,#5548,#5549,#5550));
#1192=EDGE_LOOP('',(#5551,#5552,#5553,#5554));
#1193=EDGE_LOOP('',(#5555,#5556,#5557,#5558));
#1194=EDGE_LOOP('',(#5559,#5560,#5561,#5562));
#1195=EDGE_LOOP('',(#5563,#5564,#5565,#5566));
#1196=EDGE_LOOP('',(#5567,#5568,#5569,#5570));
#1197=EDGE_LOOP('',(#5571,#5572,#5573,#5574));
#1198=EDGE_LOOP('',(#5575,#5576,#5577,#5578));
#1199=EDGE_LOOP('',(#5579,#5580,#5581,#5582));
#1200=EDGE_LOOP('',(#5583,#5584,#5585,#5586));
#1201=EDGE_LOOP('',(#5587,#5588,#5589,#5590));
#1202=EDGE_LOOP('',(#5591,#5592,#5593,#5594));
#1203=EDGE_LOOP('',(#5595,#5596,#5597,#5598));
#1204=EDGE_LOOP('',(#5599,#5600,#5601,#5602));
#1205=EDGE_LOOP('',(#5603,#5604,#5605,#5606));
#1206=EDGE_LOOP('',(#5607,#5608,#5609,#5610));
#1207=EDGE_LOOP('',(#5611,#5612,#5613,#5614));
#1208=EDGE_LOOP('',(#5615,#5616,#5617,#5618));
#1209=EDGE_LOOP('',(#5619,#5620,#5621,#5622));
#1210=EDGE_LOOP('',(#5623,#5624,#5625,#5626));
#1211=EDGE_LOOP('',(#5627,#5628,#5629,#5630));
#1212=EDGE_LOOP('',(#5631,#5632,#5633,#5634));
#1213=EDGE_LOOP('',(#5635,#5636,#5637,#5638));
#1214=EDGE_LOOP('',(#5639,#5640,#5641,#5642));
#1215=EDGE_LOOP('',(#5643,#5644,#5645,#5646));
#1216=EDGE_LOOP('',(#5647,#5648,#5649,#5650));
#1217=EDGE_LOOP('',(#5651,#5652,#5653,#5654));
#1218=EDGE_LOOP('',(#5655,#5656,#5657,#5658));
#1219=EDGE_LOOP('',(#5659,#5660,#5661,#5662));
#1220=EDGE_LOOP('',(#5663,#5664,#5665,#5666));
#1221=EDGE_LOOP('',(#5667,#5668,#5669,#5670));
#1222=EDGE_LOOP('',(#5671,#5672,#5673,#5674));
#1223=EDGE_LOOP('',(#5675,#5676,#5677,#5678));
#1224=EDGE_LOOP('',(#5679,#5680,#5681,#5682));
#1225=EDGE_LOOP('',(#5683,#5684,#5685,#5686));
#1226=EDGE_LOOP('',(#5687,#5688,#5689,#5690));
#1227=EDGE_LOOP('',(#5691,#5692,#5693,#5694));
#1228=EDGE_LOOP('',(#5695,#5696,#5697,#5698));
#1229=EDGE_LOOP('',(#5699,#5700,#5701,#5702));
#1230=EDGE_LOOP('',(#5703,#5704,#5705,#5706));
#1231=EDGE_LOOP('',(#5707,#5708,#5709,#5710));
#1232=EDGE_LOOP('',(#5711,#5712,#5713,#5714));
#1233=EDGE_LOOP('',(#5715,#5716,#5717,#5718));
#1234=EDGE_LOOP('',(#5719,#5720,#5721,#5722));
#1235=EDGE_LOOP('',(#5723,#5724,#5725,#5726));
#1236=EDGE_LOOP('',(#5727,#5728,#5729,#5730));
#1237=EDGE_LOOP('',(#5731,#5732,#5733,#5734));
#1238=EDGE_LOOP('',(#5735,#5736,#5737,#5738));
#1239=EDGE_LOOP('',(#5739,#5740,#5741,#5742));
#1240=EDGE_LOOP('',(#5743,#5744,#5745,#5746));
#1241=EDGE_LOOP('',(#5747,#5748,#5749,#5750));
#1242=EDGE_LOOP('',(#5751,#5752,#5753,#5754));
#1243=EDGE_LOOP('',(#5755,#5756,#5757,#5758));
#1244=EDGE_LOOP('',(#5759,#5760,#5761,#5762));
#1245=EDGE_LOOP('',(#5763,#5764,#5765,#5766));
#1246=EDGE_LOOP('',(#5767,#5768,#5769,#5770));
#1247=EDGE_LOOP('',(#5771,#5772,#5773,#5774));
#1248=EDGE_LOOP('',(#5775,#5776,#5777,#5778));
#1249=EDGE_LOOP('',(#5779,#5780,#5781,#5782));
#1250=EDGE_LOOP('',(#5783,#5784,#5785,#5786));
#1251=EDGE_LOOP('',(#5787,#5788,#5789,#5790));
#1252=EDGE_LOOP('',(#5791,#5792,#5793,#5794));
#1253=EDGE_LOOP('',(#5795,#5796,#5797,#5798));
#1254=EDGE_LOOP('',(#5799,#5800,#5801,#5802));
#1255=EDGE_LOOP('',(#5803,#5804,#5805,#5806));
#1256=EDGE_LOOP('',(#5807,#5808,#5809,#5810));
#1257=EDGE_LOOP('',(#5811,#5812,#5813,#5814));
#1258=EDGE_LOOP('',(#5815,#5816,#5817,#5818));
#1259=EDGE_LOOP('',(#5819,#5820,#5821,#5822));
#1260=EDGE_LOOP('',(#5823,#5824,#5825,#5826));
#1261=EDGE_LOOP('',(#5827,#5828,#5829,#5830));
#1262=EDGE_LOOP('',(#5831,#5832,#5833,#5834));
#1263=EDGE_LOOP('',(#5835,#5836,#5837,#5838));
#1264=EDGE_LOOP('',(#5839,#5840,#5841,#5842));
#1265=EDGE_LOOP('',(#5843,#5844,#5845,#5846));
#1266=EDGE_LOOP('',(#5847,#5848,#5849,#5850));
#1267=EDGE_LOOP('',(#5851,#5852,#5853,#5854));
#1268=EDGE_LOOP('',(#5855,#5856,#5857,#5858));
#1269=EDGE_LOOP('',(#5859,#5860,#5861,#5862));
#1270=EDGE_LOOP('',(#5863,#5864,#5865,#5866));
#1271=EDGE_LOOP('',(#5867,#5868,#5869,#5870));
#1272=EDGE_LOOP('',(#5871,#5872,#5873,#5874));
#1273=EDGE_LOOP('',(#5875,#5876,#5877,#5878));
#1274=EDGE_LOOP('',(#5879,#5880,#5881,#5882));
#1275=EDGE_LOOP('',(#5883,#5884,#5885,#5886));
#1276=EDGE_LOOP('',(#5887,#5888,#5889,#5890));
#1277=EDGE_LOOP('',(#5891,#5892,#5893,#5894));
#1278=EDGE_LOOP('',(#5895,#5896,#5897,#5898));
#1279=EDGE_LOOP('',(#5899,#5900,#5901,#5902));
#1280=EDGE_LOOP('',(#5903,#5904,#5905,#5906));
#1281=EDGE_LOOP('',(#5907,#5908,#5909,#5910));
#1282=EDGE_LOOP('',(#5911,#5912,#5913,#5914));
#1283=EDGE_LOOP('',(#5915,#5916,#5917,#5918));
#1284=EDGE_LOOP('',(#5919,#5920,#5921,#5922));
#1285=EDGE_LOOP('',(#5923,#5924,#5925,#5926));
#1286=EDGE_LOOP('',(#5927,#5928,#5929,#5930));
#1287=EDGE_LOOP('',(#5931,#5932,#5933,#5934));
#1288=EDGE_LOOP('',(#5935,#5936,#5937,#5938));
#1289=EDGE_LOOP('',(#5939,#5940,#5941,#5942));
#1290=EDGE_LOOP('',(#5943,#5944,#5945,#5946));
#1291=EDGE_LOOP('',(#5947,#5948,#5949,#5950));
#1292=EDGE_LOOP('',(#5951,#5952,#5953,#5954));
#1293=EDGE_LOOP('',(#5955,#5956,#5957,#5958));
#1294=EDGE_LOOP('',(#5959,#5960,#5961,#5962));
#1295=EDGE_LOOP('',(#5963,#5964,#5965,#5966));
#1296=EDGE_LOOP('',(#5967,#5968,#5969,#5970));
#1297=EDGE_LOOP('',(#5971,#5972,#5973,#5974));
#1298=EDGE_LOOP('',(#5975,#5976,#5977,#5978));
#1299=EDGE_LOOP('',(#5979,#5980,#5981,#5982));
#1300=EDGE_LOOP('',(#5983,#5984,#5985,#5986));
#1301=EDGE_LOOP('',(#5987,#5988,#5989,#5990));
#1302=EDGE_LOOP('',(#5991,#5992,#5993,#5994));
#1303=EDGE_LOOP('',(#5995,#5996,#5997,#5998));
#1304=EDGE_LOOP('',(#5999,#6000,#6001,#6002));
#1305=EDGE_LOOP('',(#6003,#6004,#6005,#6006));
#1306=EDGE_LOOP('',(#6007,#6008,#6009,#6010));
#1307=EDGE_LOOP('',(#6011,#6012,#6013,#6014));
#1308=EDGE_LOOP('',(#6015,#6016,#6017,#6018));
#1309=EDGE_LOOP('',(#6019,#6020,#6021,#6022));
#1310=EDGE_LOOP('',(#6023,#6024,#6025,#6026));
#1311=EDGE_LOOP('',(#6027,#6028,#6029,#6030));
#1312=EDGE_LOOP('',(#6031,#6032,#6033,#6034));
#1313=EDGE_LOOP('',(#6035,#6036,#6037,#6038));
#1314=EDGE_LOOP('',(#6039,#6040,#6041,#6042));
#1315=EDGE_LOOP('',(#6043,#6044,#6045,#6046));
#1316=EDGE_LOOP('',(#6047,#6048,#6049,#6050));
#1317=EDGE_LOOP('',(#6051,#6052,#6053,#6054));
#1318=EDGE_LOOP('',(#6055,#6056,#6057,#6058));
#1319=EDGE_LOOP('',(#6059,#6060,#6061,#6062));
#1320=EDGE_LOOP('',(#6063,#6064,#6065,#6066));
#1321=EDGE_LOOP('',(#6067,#6068,#6069,#6070));
#1322=EDGE_LOOP('',(#6071,#6072,#6073,#6074));
#1323=EDGE_LOOP('',(#6075,#6076,#6077,#6078));
#1324=EDGE_LOOP('',(#6079,#6080,#6081,#6082));
#1325=EDGE_LOOP('',(#6083,#6084,#6085,#6086));
#1326=EDGE_LOOP('',(#6087,#6088,#6089,#6090));
#1327=EDGE_LOOP('',(#6091,#6092,#6093,#6094));
#1328=EDGE_LOOP('',(#6095,#6096,#6097,#6098));
#1329=EDGE_LOOP('',(#6099,#6100,#6101,#6102));
#1330=EDGE_LOOP('',(#6103,#6104,#6105,#6106));
#1331=EDGE_LOOP('',(#6107,#6108,#6109,#6110));
#1332=EDGE_LOOP('',(#6111,#6112,#6113,#6114));
#1333=EDGE_LOOP('',(#6115,#6116,#6117,#6118));
#1334=EDGE_LOOP('',(#6119,#6120,#6121,#6122));
#1335=EDGE_LOOP('',(#6123,#6124,#6125,#6126));
#1336=EDGE_LOOP('',(#6127,#6128,#6129,#6130));
#1337=EDGE_LOOP('',(#6131,#6132,#6133,#6134));
#1338=EDGE_LOOP('',(#6135,#6136,#6137,#6138));
#1339=EDGE_LOOP('',(#6139,#6140,#6141,#6142));
#1340=EDGE_LOOP('',(#6143,#6144,#6145,#6146));
#1341=EDGE_LOOP('',(#6147,#6148,#6149,#6150));
#1342=EDGE_LOOP('',(#6151,#6152,#6153,#6154));
#1343=EDGE_LOOP('',(#6155,#6156,#6157,#6158));
#1344=EDGE_LOOP('',(#6159,#6160,#6161,#6162));
#1345=EDGE_LOOP('',(#6163,#6164,#6165,#6166));
#1346=EDGE_LOOP('',(#6167,#6168,#6169,#6170));
#1347=EDGE_LOOP('',(#6171,#6172,#6173,#6174));
#1348=EDGE_LOOP('',(#6175,#6176,#6177,#6178));
#1349=EDGE_LOOP('',(#6179,#6180,#6181,#6182));
#1350=EDGE_LOOP('',(#6183,#6184,#6185,#6186));
#1351=EDGE_LOOP('',(#6187,#6188,#6189,#6190));
#1352=EDGE_LOOP('',(#6191,#6192,#6193,#6194));
#1353=EDGE_LOOP('',(#6195,#6196,#6197,#6198));
#1354=EDGE_LOOP('',(#6199,#6200,#6201,#6202));
#1355=EDGE_LOOP('',(#6203,#6204,#6205,#6206));
#1356=EDGE_LOOP('',(#6207,#6208,#6209,#6210));
#1357=EDGE_LOOP('',(#6211,#6212,#6213,#6214));
#1358=EDGE_LOOP('',(#6215,#6216,#6217,#6218));
#1359=EDGE_LOOP('',(#6219,#6220,#6221,#6222));
#1360=EDGE_LOOP('',(#6223,#6224,#6225,#6226));
#1361=EDGE_LOOP('',(#6227,#6228,#6229,#6230));
#1362=EDGE_LOOP('',(#6231,#6232,#6233,#6234));
#1363=EDGE_LOOP('',(#6235,#6236,#6237,#6238));
#1364=EDGE_LOOP('',(#6239,#6240,#6241,#6242));
#1365=EDGE_LOOP('',(#6243,#6244,#6245,#6246));
#1366=EDGE_LOOP('',(#6247,#6248,#6249,#6250));
#1367=EDGE_LOOP('',(#6251,#6252,#6253,#6254));
#1368=EDGE_LOOP('',(#6255,#6256,#6257,#6258));
#1369=EDGE_LOOP('',(#6259,#6260,#6261,#6262));
#1370=EDGE_LOOP('',(#6263,#6264,#6265,#6266));
#1371=EDGE_LOOP('',(#6267,#6268,#6269,#6270));
#1372=EDGE_LOOP('',(#6271,#6272,#6273,#6274));
#1373=EDGE_LOOP('',(#6275,#6276,#6277,#6278));
#1374=EDGE_LOOP('',(#6279,#6280,#6281,#6282));
#1375=EDGE_LOOP('',(#6283,#6284,#6285,#6286));
#1376=EDGE_LOOP('',(#6287,#6288,#6289,#6290));
#1377=EDGE_LOOP('',(#6291,#6292,#6293,#6294));
#1378=EDGE_LOOP('',(#6295,#6296,#6297,#6298));
#1379=EDGE_LOOP('',(#6299,#6300,#6301,#6302));
#1380=EDGE_LOOP('',(#6303,#6304,#6305,#6306));
#1381=EDGE_LOOP('',(#6307,#6308,#6309,#6310));
#1382=EDGE_LOOP('',(#6311,#6312,#6313,#6314));
#1383=EDGE_LOOP('',(#6315,#6316,#6317,#6318));
#1384=EDGE_LOOP('',(#6319,#6320,#6321,#6322));
#1385=EDGE_LOOP('',(#6323,#6324,#6325,#6326));
#1386=EDGE_LOOP('',(#6327,#6328,#6329,#6330));
#1387=EDGE_LOOP('',(#6331,#6332,#6333,#6334));
#1388=EDGE_LOOP('',(#6335,#6336,#6337,#6338));
#1389=EDGE_LOOP('',(#6339,#6340,#6341,#6342));
#1390=EDGE_LOOP('',(#6343,#6344,#6345,#6346));
#1391=EDGE_LOOP('',(#6347,#6348,#6349,#6350));
#1392=EDGE_LOOP('',(#6351,#6352,#6353,#6354));
#1393=EDGE_LOOP('',(#6355,#6356,#6357,#6358));
#1394=EDGE_LOOP('',(#6359,#6360,#6361,#6362));
#1395=EDGE_LOOP('',(#6363,#6364,#6365,#6366));
#1396=EDGE_LOOP('',(#6367,#6368,#6369,#6370));
#1397=EDGE_LOOP('',(#6371,#6372,#6373,#6374));
#1398=EDGE_LOOP('',(#6375,#6376,#6377,#6378));
#1399=EDGE_LOOP('',(#6379,#6380,#6381,#6382));
#1400=EDGE_LOOP('',(#6383,#6384,#6385,#6386));
#1401=EDGE_LOOP('',(#6387,#6388,#6389,#6390));
#1402=EDGE_LOOP('',(#6391,#6392,#6393,#6394));
#1403=EDGE_LOOP('',(#6395,#6396,#6397,#6398));
#1404=EDGE_LOOP('',(#6399,#6400,#6401,#6402));
#1405=EDGE_LOOP('',(#6403,#6404,#6405,#6406));
#1406=EDGE_LOOP('',(#6407,#6408,#6409,#6410));
#1407=EDGE_LOOP('',(#6411,#6412,#6413,#6414));
#1408=EDGE_LOOP('',(#6415,#6416,#6417,#6418));
#1409=EDGE_LOOP('',(#6419,#6420,#6421,#6422));
#1410=EDGE_LOOP('',(#6423,#6424,#6425,#6426));
#1411=EDGE_LOOP('',(#6427,#6428,#6429,#6430));
#1412=EDGE_LOOP('',(#6431,#6432,#6433,#6434));
#1413=EDGE_LOOP('',(#6435,#6436,#6437,#6438));
#1414=EDGE_LOOP('',(#6439,#6440,#6441,#6442));
#1415=EDGE_LOOP('',(#6443,#6444,#6445,#6446));
#1416=EDGE_LOOP('',(#6447,#6448,#6449,#6450,#6451,#6452,#6453,#6454,#6455,
#6456,#6457,#6458,#6459,#6460,#6461,#6462,#6463,#6464));
#1417=EDGE_LOOP('',(#6465,#6466,#6467,#6468,#6469,#6470,#6471,#6472));
#1418=EDGE_LOOP('',(#6473,#6474,#6475,#6476,#6477,#6478,#6479,#6480));
#1419=EDGE_LOOP('',(#6481,#6482,#6483,#6484,#6485,#6486,#6487,#6488));
#1420=EDGE_LOOP('',(#6489,#6490,#6491,#6492,#6493,#6494,#6495,#6496));
#1421=EDGE_LOOP('',(#6497,#6498,#6499,#6500,#6501,#6502,#6503,#6504));
#1422=EDGE_LOOP('',(#6505,#6506,#6507,#6508,#6509,#6510,#6511,#6512));
#1423=EDGE_LOOP('',(#6513,#6514,#6515,#6516,#6517,#6518,#6519,#6520));
#1424=EDGE_LOOP('',(#6521,#6522,#6523,#6524,#6525,#6526,#6527,#6528));
#1425=EDGE_LOOP('',(#6529,#6530,#6531,#6532,#6533,#6534,#6535,#6536));
#1426=EDGE_LOOP('',(#6537,#6538,#6539,#6540,#6541,#6542,#6543,#6544));
#1427=EDGE_LOOP('',(#6545,#6546,#6547,#6548,#6549,#6550,#6551,#6552));
#1428=EDGE_LOOP('',(#6553,#6554,#6555,#6556,#6557,#6558,#6559,#6560));
#1429=EDGE_LOOP('',(#6561,#6562,#6563,#6564,#6565,#6566,#6567,#6568));
#1430=EDGE_LOOP('',(#6569,#6570,#6571,#6572,#6573,#6574,#6575,#6576));
#1431=EDGE_LOOP('',(#6577,#6578,#6579,#6580,#6581,#6582,#6583,#6584));
#1432=EDGE_LOOP('',(#6585,#6586,#6587,#6588,#6589,#6590,#6591,#6592));
#1433=EDGE_LOOP('',(#6593,#6594,#6595,#6596,#6597,#6598,#6599,#6600));
#1434=EDGE_LOOP('',(#6601,#6602,#6603,#6604,#6605,#6606,#6607,#6608));
#1435=EDGE_LOOP('',(#6609));
#1436=EDGE_LOOP('',(#6610,#6611,#6612,#6613,#6614,#6615,#6616,#6617));
#1437=EDGE_LOOP('',(#6618,#6619,#6620,#6621,#6622,#6623,#6624,#6625));
#1438=EDGE_LOOP('',(#6626,#6627,#6628,#6629,#6630,#6631,#6632,#6633));
#1439=EDGE_LOOP('',(#6634,#6635,#6636,#6637,#6638,#6639,#6640,#6641));
#1440=EDGE_LOOP('',(#6642,#6643,#6644,#6645,#6646,#6647,#6648,#6649));
#1441=EDGE_LOOP('',(#6650,#6651,#6652,#6653,#6654,#6655,#6656,#6657));
#1442=EDGE_LOOP('',(#6658,#6659,#6660,#6661,#6662,#6663,#6664,#6665));
#1443=EDGE_LOOP('',(#6666,#6667,#6668,#6669,#6670,#6671,#6672,#6673));
#1444=EDGE_LOOP('',(#6674,#6675,#6676,#6677,#6678,#6679,#6680,#6681));
#1445=EDGE_LOOP('',(#6682,#6683,#6684,#6685,#6686,#6687,#6688,#6689));
#1446=EDGE_LOOP('',(#6690));
#1447=EDGE_LOOP('',(#6691,#6692,#6693,#6694,#6695,#6696,#6697,#6698));
#1448=EDGE_LOOP('',(#6699,#6700,#6701,#6702,#6703,#6704,#6705,#6706));
#1449=EDGE_LOOP('',(#6707,#6708,#6709,#6710,#6711,#6712,#6713,#6714));
#1450=EDGE_LOOP('',(#6715,#6716,#6717,#6718,#6719,#6720,#6721,#6722));
#1451=EDGE_LOOP('',(#6723,#6724,#6725,#6726,#6727,#6728,#6729,#6730));
#1452=EDGE_LOOP('',(#6731,#6732,#6733,#6734,#6735,#6736,#6737,#6738));
#1453=EDGE_LOOP('',(#6739,#6740,#6741,#6742,#6743,#6744,#6745,#6746));
#1454=EDGE_LOOP('',(#6747,#6748,#6749,#6750,#6751,#6752,#6753,#6754));
#1455=EDGE_LOOP('',(#6755,#6756,#6757,#6758,#6759,#6760,#6761,#6762));
#1456=EDGE_LOOP('',(#6763,#6764,#6765,#6766,#6767,#6768,#6769,#6770));
#1457=EDGE_LOOP('',(#6771,#6772,#6773,#6774,#6775,#6776,#6777,#6778));
#1458=EDGE_LOOP('',(#6779,#6780,#6781,#6782,#6783,#6784,#6785,#6786));
#1459=EDGE_LOOP('',(#6787,#6788,#6789,#6790,#6791,#6792,#6793,#6794));
#1460=EDGE_LOOP('',(#6795));
#1461=EDGE_LOOP('',(#6796,#6797,#6798,#6799,#6800,#6801,#6802,#6803));
#1462=EDGE_LOOP('',(#6804,#6805,#6806,#6807,#6808,#6809,#6810,#6811));
#1463=EDGE_LOOP('',(#6812,#6813,#6814,#6815,#6816,#6817,#6818,#6819));
#1464=EDGE_LOOP('',(#6820,#6821,#6822,#6823,#6824,#6825,#6826,#6827));
#1465=EDGE_LOOP('',(#6828,#6829,#6830,#6831));
#1466=EDGE_LOOP('',(#6832,#6833,#6834,#6835,#6836,#6837,#6838,#6839,#6840,
#6841,#6842,#6843,#6844,#6845,#6846,#6847,#6848,#6849));
#1467=EDGE_LOOP('',(#6850,#6851,#6852,#6853,#6854,#6855,#6856,#6857));
#1468=EDGE_LOOP('',(#6858,#6859,#6860,#6861,#6862,#6863,#6864,#6865));
#1469=EDGE_LOOP('',(#6866,#6867,#6868,#6869,#6870,#6871,#6872,#6873));
#1470=EDGE_LOOP('',(#6874,#6875,#6876,#6877,#6878,#6879,#6880,#6881));
#1471=EDGE_LOOP('',(#6882,#6883,#6884,#6885,#6886,#6887,#6888,#6889));
#1472=EDGE_LOOP('',(#6890,#6891,#6892,#6893,#6894,#6895,#6896,#6897));
#1473=EDGE_LOOP('',(#6898,#6899,#6900,#6901,#6902,#6903,#6904,#6905));
#1474=EDGE_LOOP('',(#6906,#6907,#6908,#6909,#6910,#6911,#6912,#6913));
#1475=EDGE_LOOP('',(#6914,#6915,#6916,#6917,#6918,#6919,#6920,#6921));
#1476=EDGE_LOOP('',(#6922,#6923,#6924,#6925,#6926,#6927,#6928,#6929));
#1477=EDGE_LOOP('',(#6930,#6931,#6932,#6933,#6934,#6935,#6936,#6937));
#1478=EDGE_LOOP('',(#6938,#6939,#6940,#6941,#6942,#6943,#6944,#6945));
#1479=EDGE_LOOP('',(#6946,#6947,#6948,#6949,#6950,#6951,#6952,#6953));
#1480=EDGE_LOOP('',(#6954,#6955,#6956,#6957,#6958,#6959,#6960,#6961));
#1481=EDGE_LOOP('',(#6962,#6963,#6964,#6965,#6966,#6967,#6968,#6969));
#1482=EDGE_LOOP('',(#6970,#6971,#6972,#6973,#6974,#6975,#6976,#6977));
#1483=EDGE_LOOP('',(#6978,#6979,#6980,#6981,#6982,#6983,#6984,#6985));
#1484=EDGE_LOOP('',(#6986,#6987,#6988,#6989,#6990,#6991,#6992,#6993));
#1485=EDGE_LOOP('',(#6994));
#1486=EDGE_LOOP('',(#6995,#6996,#6997,#6998,#6999,#7000,#7001,#7002));
#1487=EDGE_LOOP('',(#7003,#7004,#7005,#7006,#7007,#7008,#7009,#7010));
#1488=EDGE_LOOP('',(#7011,#7012,#7013,#7014,#7015,#7016,#7017,#7018));
#1489=EDGE_LOOP('',(#7019,#7020,#7021,#7022,#7023,#7024,#7025,#7026));
#1490=EDGE_LOOP('',(#7027,#7028,#7029,#7030,#7031,#7032,#7033,#7034));
#1491=EDGE_LOOP('',(#7035,#7036,#7037,#7038,#7039,#7040,#7041,#7042));
#1492=EDGE_LOOP('',(#7043,#7044,#7045,#7046,#7047,#7048,#7049,#7050));
#1493=EDGE_LOOP('',(#7051,#7052,#7053,#7054,#7055,#7056,#7057,#7058));
#1494=EDGE_LOOP('',(#7059,#7060,#7061,#7062,#7063,#7064,#7065,#7066));
#1495=EDGE_LOOP('',(#7067,#7068,#7069,#7070,#7071,#7072,#7073,#7074));
#1496=EDGE_LOOP('',(#7075));
#1497=EDGE_LOOP('',(#7076,#7077,#7078,#7079,#7080,#7081,#7082,#7083));
#1498=EDGE_LOOP('',(#7084,#7085,#7086,#7087,#7088,#7089,#7090,#7091));
#1499=EDGE_LOOP('',(#7092,#7093,#7094,#7095,#7096,#7097,#7098,#7099));
#1500=EDGE_LOOP('',(#7100,#7101,#7102,#7103,#7104,#7105,#7106,#7107));
#1501=EDGE_LOOP('',(#7108,#7109,#7110,#7111,#7112,#7113,#7114,#7115));
#1502=EDGE_LOOP('',(#7116,#7117,#7118,#7119,#7120,#7121,#7122,#7123));
#1503=EDGE_LOOP('',(#7124,#7125,#7126,#7127,#7128,#7129,#7130,#7131));
#1504=EDGE_LOOP('',(#7132,#7133,#7134,#7135,#7136,#7137,#7138,#7139));
#1505=EDGE_LOOP('',(#7140,#7141,#7142,#7143,#7144,#7145,#7146,#7147));
#1506=EDGE_LOOP('',(#7148,#7149,#7150,#7151,#7152,#7153,#7154,#7155));
#1507=EDGE_LOOP('',(#7156,#7157,#7158,#7159,#7160,#7161,#7162,#7163));
#1508=EDGE_LOOP('',(#7164,#7165,#7166,#7167,#7168,#7169,#7170,#7171));
#1509=EDGE_LOOP('',(#7172,#7173,#7174,#7175,#7176,#7177,#7178,#7179));
#1510=EDGE_LOOP('',(#7180));
#1511=EDGE_LOOP('',(#7181,#7182,#7183,#7184,#7185,#7186,#7187,#7188));
#1512=EDGE_LOOP('',(#7189,#7190,#7191,#7192,#7193,#7194,#7195,#7196));
#1513=EDGE_LOOP('',(#7197,#7198,#7199,#7200,#7201,#7202,#7203,#7204));
#1514=EDGE_LOOP('',(#7205,#7206,#7207,#7208,#7209,#7210,#7211,#7212));
#1515=EDGE_LOOP('',(#7213,#7214,#7215,#7216));
#1516=EDGE_LOOP('',(#7217,#7218,#7219,#7220));
#1517=EDGE_LOOP('',(#7221,#7222,#7223,#7224));
#1518=EDGE_LOOP('',(#7225,#7226,#7227,#7228));
#1519=EDGE_LOOP('',(#7229,#7230,#7231,#7232));
#1520=EDGE_LOOP('',(#7233,#7234,#7235,#7236));
#1521=EDGE_LOOP('',(#7237,#7238,#7239,#7240));
#1522=EDGE_LOOP('',(#7241,#7242,#7243,#7244));
#1523=EDGE_LOOP('',(#7245,#7246,#7247,#7248));
#1524=EDGE_LOOP('',(#7249,#7250,#7251,#7252));
#1525=EDGE_LOOP('',(#7253,#7254,#7255,#7256));
#1526=EDGE_LOOP('',(#7257,#7258,#7259,#7260));
#1527=EDGE_LOOP('',(#7261,#7262,#7263,#7264));
#1528=LINE('',#10898,#2301);
#1529=LINE('',#10900,#2302);
#1530=LINE('',#10902,#2303);
#1531=LINE('',#10903,#2304);
#1532=LINE('',#10908,#2305);
#1533=LINE('',#10912,#2306);
#1534=LINE('',#10914,#2307);
#1535=LINE('',#10915,#2308);
#1536=LINE('',#10920,#2309);
#1537=LINE('',#10924,#2310);
#1538=LINE('',#10926,#2311);
#1539=LINE('',#10927,#2312);
#1540=LINE('',#10932,#2313);
#1541=LINE('',#10936,#2314);
#1542=LINE('',#10938,#2315);
#1543=LINE('',#10939,#2316);
#1544=LINE('',#10946,#2317);
#1545=LINE('',#10948,#2318);
#1546=LINE('',#10950,#2319);
#1547=LINE('',#10951,#2320);
#1548=LINE('',#10956,#2321);
#1549=LINE('',#10960,#2322);
#1550=LINE('',#10962,#2323);
#1551=LINE('',#10963,#2324);
#1552=LINE('',#10968,#2325);
#1553=LINE('',#10972,#2326);
#1554=LINE('',#10974,#2327);
#1555=LINE('',#10975,#2328);
#1556=LINE('',#10980,#2329);
#1557=LINE('',#10984,#2330);
#1558=LINE('',#10986,#2331);
#1559=LINE('',#10987,#2332);
#1560=LINE('',#10994,#2333);
#1561=LINE('',#10996,#2334);
#1562=LINE('',#10998,#2335);
#1563=LINE('',#10999,#2336);
#1564=LINE('',#11004,#2337);
#1565=LINE('',#11008,#2338);
#1566=LINE('',#11010,#2339);
#1567=LINE('',#11011,#2340);
#1568=LINE('',#11016,#2341);
#1569=LINE('',#11020,#2342);
#1570=LINE('',#11022,#2343);
#1571=LINE('',#11023,#2344);
#1572=LINE('',#11028,#2345);
#1573=LINE('',#11032,#2346);
#1574=LINE('',#11034,#2347);
#1575=LINE('',#11035,#2348);
#1576=LINE('',#11042,#2349);
#1577=LINE('',#11044,#2350);
#1578=LINE('',#11046,#2351);
#1579=LINE('',#11047,#2352);
#1580=LINE('',#11052,#2353);
#1581=LINE('',#11056,#2354);
#1582=LINE('',#11058,#2355);
#1583=LINE('',#11059,#2356);
#1584=LINE('',#11064,#2357);
#1585=LINE('',#11068,#2358);
#1586=LINE('',#11070,#2359);
#1587=LINE('',#11071,#2360);
#1588=LINE('',#11076,#2361);
#1589=LINE('',#11080,#2362);
#1590=LINE('',#11082,#2363);
#1591=LINE('',#11083,#2364);
#1592=LINE('',#11091,#2365);
#1593=LINE('',#11096,#2366);
#1594=LINE('',#11098,#2367);
#1595=LINE('',#11100,#2368);
#1596=LINE('',#11101,#2369);
#1597=LINE('',#11106,#2370);
#1598=LINE('',#11110,#2371);
#1599=LINE('',#11112,#2372);
#1600=LINE('',#11113,#2373);
#1601=LINE('',#11118,#2374);
#1602=LINE('',#11122,#2375);
#1603=LINE('',#11124,#2376);
#1604=LINE('',#11125,#2377);
#1605=LINE('',#11130,#2378);
#1606=LINE('',#11134,#2379);
#1607=LINE('',#11136,#2380);
#1608=LINE('',#11137,#2381);
#1609=LINE('',#11144,#2382);
#1610=LINE('',#11146,#2383);
#1611=LINE('',#11148,#2384);
#1612=LINE('',#11149,#2385);
#1613=LINE('',#11154,#2386);
#1614=LINE('',#11158,#2387);
#1615=LINE('',#11160,#2388);
#1616=LINE('',#11161,#2389);
#1617=LINE('',#11166,#2390);
#1618=LINE('',#11170,#2391);
#1619=LINE('',#11172,#2392);
#1620=LINE('',#11173,#2393);
#1621=LINE('',#11178,#2394);
#1622=LINE('',#11182,#2395);
#1623=LINE('',#11184,#2396);
#1624=LINE('',#11185,#2397);
#1625=LINE('',#11192,#2398);
#1626=LINE('',#11194,#2399);
#1627=LINE('',#11196,#2400);
#1628=LINE('',#11197,#2401);
#1629=LINE('',#11202,#2402);
#1630=LINE('',#11206,#2403);
#1631=LINE('',#11208,#2404);
#1632=LINE('',#11209,#2405);
#1633=LINE('',#11214,#2406);
#1634=LINE('',#11218,#2407);
#1635=LINE('',#11220,#2408);
#1636=LINE('',#11221,#2409);
#1637=LINE('',#11226,#2410);
#1638=LINE('',#11230,#2411);
#1639=LINE('',#11232,#2412);
#1640=LINE('',#11233,#2413);
#1641=LINE('',#11240,#2414);
#1642=LINE('',#11242,#2415);
#1643=LINE('',#11244,#2416);
#1644=LINE('',#11245,#2417);
#1645=LINE('',#11250,#2418);
#1646=LINE('',#11254,#2419);
#1647=LINE('',#11256,#2420);
#1648=LINE('',#11257,#2421);
#1649=LINE('',#11262,#2422);
#1650=LINE('',#11266,#2423);
#1651=LINE('',#11268,#2424);
#1652=LINE('',#11269,#2425);
#1653=LINE('',#11274,#2426);
#1654=LINE('',#11278,#2427);
#1655=LINE('',#11280,#2428);
#1656=LINE('',#11281,#2429);
#1657=LINE('',#11288,#2430);
#1658=LINE('',#11290,#2431);
#1659=LINE('',#11292,#2432);
#1660=LINE('',#11293,#2433);
#1661=LINE('',#11298,#2434);
#1662=LINE('',#11302,#2435);
#1663=LINE('',#11304,#2436);
#1664=LINE('',#11305,#2437);
#1665=LINE('',#11310,#2438);
#1666=LINE('',#11314,#2439);
#1667=LINE('',#11316,#2440);
#1668=LINE('',#11317,#2441);
#1669=LINE('',#11322,#2442);
#1670=LINE('',#11326,#2443);
#1671=LINE('',#11328,#2444);
#1672=LINE('',#11329,#2445);
#1673=LINE('',#11336,#2446);
#1674=LINE('',#11338,#2447);
#1675=LINE('',#11340,#2448);
#1676=LINE('',#11341,#2449);
#1677=LINE('',#11346,#2450);
#1678=LINE('',#11350,#2451);
#1679=LINE('',#11352,#2452);
#1680=LINE('',#11353,#2453);
#1681=LINE('',#11358,#2454);
#1682=LINE('',#11362,#2455);
#1683=LINE('',#11364,#2456);
#1684=LINE('',#11365,#2457);
#1685=LINE('',#11370,#2458);
#1686=LINE('',#11374,#2459);
#1687=LINE('',#11376,#2460);
#1688=LINE('',#11377,#2461);
#1689=LINE('',#11384,#2462);
#1690=LINE('',#11386,#2463);
#1691=LINE('',#11388,#2464);
#1692=LINE('',#11389,#2465);
#1693=LINE('',#11394,#2466);
#1694=LINE('',#11398,#2467);
#1695=LINE('',#11400,#2468);
#1696=LINE('',#11401,#2469);
#1697=LINE('',#11406,#2470);
#1698=LINE('',#11410,#2471);
#1699=LINE('',#11412,#2472);
#1700=LINE('',#11413,#2473);
#1701=LINE('',#11418,#2474);
#1702=LINE('',#11422,#2475);
#1703=LINE('',#11424,#2476);
#1704=LINE('',#11425,#2477);
#1705=LINE('',#11432,#2478);
#1706=LINE('',#11434,#2479);
#1707=LINE('',#11436,#2480);
#1708=LINE('',#11437,#2481);
#1709=LINE('',#11442,#2482);
#1710=LINE('',#11446,#2483);
#1711=LINE('',#11448,#2484);
#1712=LINE('',#11449,#2485);
#1713=LINE('',#11454,#2486);
#1714=LINE('',#11458,#2487);
#1715=LINE('',#11460,#2488);
#1716=LINE('',#11461,#2489);
#1717=LINE('',#11466,#2490);
#1718=LINE('',#11470,#2491);
#1719=LINE('',#11472,#2492);
#1720=LINE('',#11473,#2493);
#1721=LINE('',#11480,#2494);
#1722=LINE('',#11482,#2495);
#1723=LINE('',#11484,#2496);
#1724=LINE('',#11485,#2497);
#1725=LINE('',#11490,#2498);
#1726=LINE('',#11494,#2499);
#1727=LINE('',#11496,#2500);
#1728=LINE('',#11497,#2501);
#1729=LINE('',#11502,#2502);
#1730=LINE('',#11506,#2503);
#1731=LINE('',#11508,#2504);
#1732=LINE('',#11509,#2505);
#1733=LINE('',#11514,#2506);
#1734=LINE('',#11518,#2507);
#1735=LINE('',#11520,#2508);
#1736=LINE('',#11521,#2509);
#1737=LINE('',#11528,#2510);
#1738=LINE('',#11530,#2511);
#1739=LINE('',#11532,#2512);
#1740=LINE('',#11533,#2513);
#1741=LINE('',#11538,#2514);
#1742=LINE('',#11542,#2515);
#1743=LINE('',#11544,#2516);
#1744=LINE('',#11545,#2517);
#1745=LINE('',#11550,#2518);
#1746=LINE('',#11554,#2519);
#1747=LINE('',#11556,#2520);
#1748=LINE('',#11557,#2521);
#1749=LINE('',#11562,#2522);
#1750=LINE('',#11566,#2523);
#1751=LINE('',#11568,#2524);
#1752=LINE('',#11569,#2525);
#1753=LINE('',#11576,#2526);
#1754=LINE('',#11578,#2527);
#1755=LINE('',#11580,#2528);
#1756=LINE('',#11581,#2529);
#1757=LINE('',#11586,#2530);
#1758=LINE('',#11590,#2531);
#1759=LINE('',#11592,#2532);
#1760=LINE('',#11593,#2533);
#1761=LINE('',#11598,#2534);
#1762=LINE('',#11602,#2535);
#1763=LINE('',#11604,#2536);
#1764=LINE('',#11605,#2537);
#1765=LINE('',#11610,#2538);
#1766=LINE('',#11614,#2539);
#1767=LINE('',#11616,#2540);
#1768=LINE('',#11617,#2541);
#1769=LINE('',#11624,#2542);
#1770=LINE('',#11626,#2543);
#1771=LINE('',#11628,#2544);
#1772=LINE('',#11629,#2545);
#1773=LINE('',#11634,#2546);
#1774=LINE('',#11638,#2547);
#1775=LINE('',#11640,#2548);
#1776=LINE('',#11641,#2549);
#1777=LINE('',#11646,#2550);
#1778=LINE('',#11650,#2551);
#1779=LINE('',#11652,#2552);
#1780=LINE('',#11653,#2553);
#1781=LINE('',#11658,#2554);
#1782=LINE('',#11662,#2555);
#1783=LINE('',#11664,#2556);
#1784=LINE('',#11665,#2557);
#1785=LINE('',#11672,#2558);
#1786=LINE('',#11674,#2559);
#1787=LINE('',#11676,#2560);
#1788=LINE('',#11677,#2561);
#1789=LINE('',#11682,#2562);
#1790=LINE('',#11686,#2563);
#1791=LINE('',#11688,#2564);
#1792=LINE('',#11689,#2565);
#1793=LINE('',#11694,#2566);
#1794=LINE('',#11698,#2567);
#1795=LINE('',#11700,#2568);
#1796=LINE('',#11701,#2569);
#1797=LINE('',#11706,#2570);
#1798=LINE('',#11710,#2571);
#1799=LINE('',#11712,#2572);
#1800=LINE('',#11713,#2573);
#1801=LINE('',#11721,#2574);
#1802=LINE('',#11726,#2575);
#1803=LINE('',#11728,#2576);
#1804=LINE('',#11730,#2577);
#1805=LINE('',#11731,#2578);
#1806=LINE('',#11736,#2579);
#1807=LINE('',#11740,#2580);
#1808=LINE('',#11742,#2581);
#1809=LINE('',#11743,#2582);
#1810=LINE('',#11748,#2583);
#1811=LINE('',#11752,#2584);
#1812=LINE('',#11754,#2585);
#1813=LINE('',#11755,#2586);
#1814=LINE('',#11760,#2587);
#1815=LINE('',#11764,#2588);
#1816=LINE('',#11766,#2589);
#1817=LINE('',#11767,#2590);
#1818=LINE('',#11774,#2591);
#1819=LINE('',#11776,#2592);
#1820=LINE('',#11778,#2593);
#1821=LINE('',#11779,#2594);
#1822=LINE('',#11784,#2595);
#1823=LINE('',#11788,#2596);
#1824=LINE('',#11790,#2597);
#1825=LINE('',#11791,#2598);
#1826=LINE('',#11796,#2599);
#1827=LINE('',#11800,#2600);
#1828=LINE('',#11802,#2601);
#1829=LINE('',#11803,#2602);
#1830=LINE('',#11808,#2603);
#1831=LINE('',#11812,#2604);
#1832=LINE('',#11814,#2605);
#1833=LINE('',#11815,#2606);
#1834=LINE('',#11822,#2607);
#1835=LINE('',#11824,#2608);
#1836=LINE('',#11826,#2609);
#1837=LINE('',#11827,#2610);
#1838=LINE('',#11832,#2611);
#1839=LINE('',#11836,#2612);
#1840=LINE('',#11838,#2613);
#1841=LINE('',#11839,#2614);
#1842=LINE('',#11844,#2615);
#1843=LINE('',#11848,#2616);
#1844=LINE('',#11850,#2617);
#1845=LINE('',#11851,#2618);
#1846=LINE('',#11856,#2619);
#1847=LINE('',#11860,#2620);
#1848=LINE('',#11862,#2621);
#1849=LINE('',#11863,#2622);
#1850=LINE('',#11870,#2623);
#1851=LINE('',#11872,#2624);
#1852=LINE('',#11874,#2625);
#1853=LINE('',#11875,#2626);
#1854=LINE('',#11880,#2627);
#1855=LINE('',#11884,#2628);
#1856=LINE('',#11886,#2629);
#1857=LINE('',#11887,#2630);
#1858=LINE('',#11892,#2631);
#1859=LINE('',#11896,#2632);
#1860=LINE('',#11898,#2633);
#1861=LINE('',#11899,#2634);
#1862=LINE('',#11904,#2635);
#1863=LINE('',#11908,#2636);
#1864=LINE('',#11910,#2637);
#1865=LINE('',#11911,#2638);
#1866=LINE('',#11918,#2639);
#1867=LINE('',#11920,#2640);
#1868=LINE('',#11922,#2641);
#1869=LINE('',#11923,#2642);
#1870=LINE('',#11928,#2643);
#1871=LINE('',#11932,#2644);
#1872=LINE('',#11934,#2645);
#1873=LINE('',#11935,#2646);
#1874=LINE('',#11940,#2647);
#1875=LINE('',#11944,#2648);
#1876=LINE('',#11946,#2649);
#1877=LINE('',#11947,#2650);
#1878=LINE('',#11952,#2651);
#1879=LINE('',#11956,#2652);
#1880=LINE('',#11958,#2653);
#1881=LINE('',#11959,#2654);
#1882=LINE('',#11966,#2655);
#1883=LINE('',#11968,#2656);
#1884=LINE('',#11970,#2657);
#1885=LINE('',#11971,#2658);
#1886=LINE('',#11976,#2659);
#1887=LINE('',#11980,#2660);
#1888=LINE('',#11982,#2661);
#1889=LINE('',#11983,#2662);
#1890=LINE('',#11988,#2663);
#1891=LINE('',#11992,#2664);
#1892=LINE('',#11994,#2665);
#1893=LINE('',#11995,#2666);
#1894=LINE('',#12000,#2667);
#1895=LINE('',#12004,#2668);
#1896=LINE('',#12006,#2669);
#1897=LINE('',#12007,#2670);
#1898=LINE('',#12014,#2671);
#1899=LINE('',#12016,#2672);
#1900=LINE('',#12018,#2673);
#1901=LINE('',#12019,#2674);
#1902=LINE('',#12024,#2675);
#1903=LINE('',#12028,#2676);
#1904=LINE('',#12030,#2677);
#1905=LINE('',#12031,#2678);
#1906=LINE('',#12036,#2679);
#1907=LINE('',#12040,#2680);
#1908=LINE('',#12042,#2681);
#1909=LINE('',#12043,#2682);
#1910=LINE('',#12048,#2683);
#1911=LINE('',#12052,#2684);
#1912=LINE('',#12054,#2685);
#1913=LINE('',#12055,#2686);
#1914=LINE('',#12062,#2687);
#1915=LINE('',#12064,#2688);
#1916=LINE('',#12066,#2689);
#1917=LINE('',#12067,#2690);
#1918=LINE('',#12072,#2691);
#1919=LINE('',#12076,#2692);
#1920=LINE('',#12078,#2693);
#1921=LINE('',#12079,#2694);
#1922=LINE('',#12084,#2695);
#1923=LINE('',#12088,#2696);
#1924=LINE('',#12090,#2697);
#1925=LINE('',#12091,#2698);
#1926=LINE('',#12096,#2699);
#1927=LINE('',#12100,#2700);
#1928=LINE('',#12102,#2701);
#1929=LINE('',#12103,#2702);
#1930=LINE('',#12110,#2703);
#1931=LINE('',#12112,#2704);
#1932=LINE('',#12114,#2705);
#1933=LINE('',#12115,#2706);
#1934=LINE('',#12120,#2707);
#1935=LINE('',#12124,#2708);
#1936=LINE('',#12126,#2709);
#1937=LINE('',#12127,#2710);
#1938=LINE('',#12132,#2711);
#1939=LINE('',#12136,#2712);
#1940=LINE('',#12138,#2713);
#1941=LINE('',#12139,#2714);
#1942=LINE('',#12144,#2715);
#1943=LINE('',#12148,#2716);
#1944=LINE('',#12150,#2717);
#1945=LINE('',#12151,#2718);
#1946=LINE('',#12158,#2719);
#1947=LINE('',#12160,#2720);
#1948=LINE('',#12162,#2721);
#1949=LINE('',#12163,#2722);
#1950=LINE('',#12168,#2723);
#1951=LINE('',#12172,#2724);
#1952=LINE('',#12174,#2725);
#1953=LINE('',#12175,#2726);
#1954=LINE('',#12180,#2727);
#1955=LINE('',#12184,#2728);
#1956=LINE('',#12186,#2729);
#1957=LINE('',#12187,#2730);
#1958=LINE('',#12192,#2731);
#1959=LINE('',#12196,#2732);
#1960=LINE('',#12198,#2733);
#1961=LINE('',#12199,#2734);
#1962=LINE('',#12207,#2735);
#1963=LINE('',#12212,#2736);
#1964=LINE('',#12214,#2737);
#1965=LINE('',#12216,#2738);
#1966=LINE('',#12217,#2739);
#1967=LINE('',#12222,#2740);
#1968=LINE('',#12226,#2741);
#1969=LINE('',#12228,#2742);
#1970=LINE('',#12229,#2743);
#1971=LINE('',#12234,#2744);
#1972=LINE('',#12238,#2745);
#1973=LINE('',#12240,#2746);
#1974=LINE('',#12241,#2747);
#1975=LINE('',#12246,#2748);
#1976=LINE('',#12250,#2749);
#1977=LINE('',#12252,#2750);
#1978=LINE('',#12253,#2751);
#1979=LINE('',#12260,#2752);
#1980=LINE('',#12262,#2753);
#1981=LINE('',#12264,#2754);
#1982=LINE('',#12265,#2755);
#1983=LINE('',#12270,#2756);
#1984=LINE('',#12274,#2757);
#1985=LINE('',#12276,#2758);
#1986=LINE('',#12277,#2759);
#1987=LINE('',#12282,#2760);
#1988=LINE('',#12286,#2761);
#1989=LINE('',#12288,#2762);
#1990=LINE('',#12289,#2763);
#1991=LINE('',#12294,#2764);
#1992=LINE('',#12298,#2765);
#1993=LINE('',#12300,#2766);
#1994=LINE('',#12301,#2767);
#1995=LINE('',#12308,#2768);
#1996=LINE('',#12310,#2769);
#1997=LINE('',#12312,#2770);
#1998=LINE('',#12313,#2771);
#1999=LINE('',#12318,#2772);
#2000=LINE('',#12322,#2773);
#2001=LINE('',#12324,#2774);
#2002=LINE('',#12325,#2775);
#2003=LINE('',#12330,#2776);
#2004=LINE('',#12334,#2777);
#2005=LINE('',#12336,#2778);
#2006=LINE('',#12337,#2779);
#2007=LINE('',#12342,#2780);
#2008=LINE('',#12346,#2781);
#2009=LINE('',#12348,#2782);
#2010=LINE('',#12349,#2783);
#2011=LINE('',#12356,#2784);
#2012=LINE('',#12358,#2785);
#2013=LINE('',#12360,#2786);
#2014=LINE('',#12361,#2787);
#2015=LINE('',#12366,#2788);
#2016=LINE('',#12370,#2789);
#2017=LINE('',#12372,#2790);
#2018=LINE('',#12373,#2791);
#2019=LINE('',#12378,#2792);
#2020=LINE('',#12382,#2793);
#2021=LINE('',#12384,#2794);
#2022=LINE('',#12385,#2795);
#2023=LINE('',#12390,#2796);
#2024=LINE('',#12394,#2797);
#2025=LINE('',#12396,#2798);
#2026=LINE('',#12397,#2799);
#2027=LINE('',#12404,#2800);
#2028=LINE('',#12406,#2801);
#2029=LINE('',#12408,#2802);
#2030=LINE('',#12409,#2803);
#2031=LINE('',#12414,#2804);
#2032=LINE('',#12418,#2805);
#2033=LINE('',#12420,#2806);
#2034=LINE('',#12421,#2807);
#2035=LINE('',#12426,#2808);
#2036=LINE('',#12430,#2809);
#2037=LINE('',#12432,#2810);
#2038=LINE('',#12433,#2811);
#2039=LINE('',#12438,#2812);
#2040=LINE('',#12442,#2813);
#2041=LINE('',#12444,#2814);
#2042=LINE('',#12445,#2815);
#2043=LINE('',#12452,#2816);
#2044=LINE('',#12454,#2817);
#2045=LINE('',#12456,#2818);
#2046=LINE('',#12457,#2819);
#2047=LINE('',#12462,#2820);
#2048=LINE('',#12466,#2821);
#2049=LINE('',#12468,#2822);
#2050=LINE('',#12469,#2823);
#2051=LINE('',#12474,#2824);
#2052=LINE('',#12478,#2825);
#2053=LINE('',#12480,#2826);
#2054=LINE('',#12481,#2827);
#2055=LINE('',#12486,#2828);
#2056=LINE('',#12490,#2829);
#2057=LINE('',#12492,#2830);
#2058=LINE('',#12493,#2831);
#2059=LINE('',#12500,#2832);
#2060=LINE('',#12502,#2833);
#2061=LINE('',#12504,#2834);
#2062=LINE('',#12505,#2835);
#2063=LINE('',#12510,#2836);
#2064=LINE('',#12514,#2837);
#2065=LINE('',#12516,#2838);
#2066=LINE('',#12517,#2839);
#2067=LINE('',#12522,#2840);
#2068=LINE('',#12526,#2841);
#2069=LINE('',#12528,#2842);
#2070=LINE('',#12529,#2843);
#2071=LINE('',#12534,#2844);
#2072=LINE('',#12538,#2845);
#2073=LINE('',#12540,#2846);
#2074=LINE('',#12541,#2847);
#2075=LINE('',#12548,#2848);
#2076=LINE('',#12550,#2849);
#2077=LINE('',#12552,#2850);
#2078=LINE('',#12553,#2851);
#2079=LINE('',#12558,#2852);
#2080=LINE('',#12562,#2853);
#2081=LINE('',#12564,#2854);
#2082=LINE('',#12565,#2855);
#2083=LINE('',#12570,#2856);
#2084=LINE('',#12574,#2857);
#2085=LINE('',#12576,#2858);
#2086=LINE('',#12577,#2859);
#2087=LINE('',#12582,#2860);
#2088=LINE('',#12586,#2861);
#2089=LINE('',#12588,#2862);
#2090=LINE('',#12589,#2863);
#2091=LINE('',#12596,#2864);
#2092=LINE('',#12598,#2865);
#2093=LINE('',#12600,#2866);
#2094=LINE('',#12601,#2867);
#2095=LINE('',#12606,#2868);
#2096=LINE('',#12610,#2869);
#2097=LINE('',#12612,#2870);
#2098=LINE('',#12613,#2871);
#2099=LINE('',#12618,#2872);
#2100=LINE('',#12622,#2873);
#2101=LINE('',#12624,#2874);
#2102=LINE('',#12625,#2875);
#2103=LINE('',#12630,#2876);
#2104=LINE('',#12634,#2877);
#2105=LINE('',#12636,#2878);
#2106=LINE('',#12637,#2879);
#2107=LINE('',#12644,#2880);
#2108=LINE('',#12646,#2881);
#2109=LINE('',#12648,#2882);
#2110=LINE('',#12649,#2883);
#2111=LINE('',#12654,#2884);
#2112=LINE('',#12658,#2885);
#2113=LINE('',#12660,#2886);
#2114=LINE('',#12661,#2887);
#2115=LINE('',#12666,#2888);
#2116=LINE('',#12670,#2889);
#2117=LINE('',#12672,#2890);
#2118=LINE('',#12673,#2891);
#2119=LINE('',#12678,#2892);
#2120=LINE('',#12682,#2893);
#2121=LINE('',#12684,#2894);
#2122=LINE('',#12685,#2895);
#2123=LINE('',#12692,#2896);
#2124=LINE('',#12694,#2897);
#2125=LINE('',#12696,#2898);
#2126=LINE('',#12697,#2899);
#2127=LINE('',#12702,#2900);
#2128=LINE('',#12706,#2901);
#2129=LINE('',#12708,#2902);
#2130=LINE('',#12709,#2903);
#2131=LINE('',#12714,#2904);
#2132=LINE('',#12718,#2905);
#2133=LINE('',#12720,#2906);
#2134=LINE('',#12721,#2907);
#2135=LINE('',#12726,#2908);
#2136=LINE('',#12730,#2909);
#2137=LINE('',#12732,#2910);
#2138=LINE('',#12733,#2911);
#2139=LINE('',#12740,#2912);
#2140=LINE('',#12742,#2913);
#2141=LINE('',#12744,#2914);
#2142=LINE('',#12745,#2915);
#2143=LINE('',#12750,#2916);
#2144=LINE('',#12754,#2917);
#2145=LINE('',#12756,#2918);
#2146=LINE('',#12757,#2919);
#2147=LINE('',#12762,#2920);
#2148=LINE('',#12766,#2921);
#2149=LINE('',#12768,#2922);
#2150=LINE('',#12769,#2923);
#2151=LINE('',#12774,#2924);
#2152=LINE('',#12778,#2925);
#2153=LINE('',#12780,#2926);
#2154=LINE('',#12781,#2927);
#2155=LINE('',#12788,#2928);
#2156=LINE('',#12790,#2929);
#2157=LINE('',#12792,#2930);
#2158=LINE('',#12793,#2931);
#2159=LINE('',#12798,#2932);
#2160=LINE('',#12802,#2933);
#2161=LINE('',#12804,#2934);
#2162=LINE('',#12805,#2935);
#2163=LINE('',#12810,#2936);
#2164=LINE('',#12814,#2937);
#2165=LINE('',#12816,#2938);
#2166=LINE('',#12817,#2939);
#2167=LINE('',#12822,#2940);
#2168=LINE('',#12826,#2941);
#2169=LINE('',#12828,#2942);
#2170=LINE('',#12829,#2943);
#2171=LINE('',#12836,#2944);
#2172=LINE('',#12838,#2945);
#2173=LINE('',#12840,#2946);
#2174=LINE('',#12841,#2947);
#2175=LINE('',#12846,#2948);
#2176=LINE('',#12850,#2949);
#2177=LINE('',#12852,#2950);
#2178=LINE('',#12853,#2951);
#2179=LINE('',#12858,#2952);
#2180=LINE('',#12862,#2953);
#2181=LINE('',#12864,#2954);
#2182=LINE('',#12865,#2955);
#2183=LINE('',#12870,#2956);
#2184=LINE('',#12874,#2957);
#2185=LINE('',#12876,#2958);
#2186=LINE('',#12877,#2959);
#2187=LINE('',#12884,#2960);
#2188=LINE('',#12886,#2961);
#2189=LINE('',#12888,#2962);
#2190=LINE('',#12889,#2963);
#2191=LINE('',#12894,#2964);
#2192=LINE('',#12898,#2965);
#2193=LINE('',#12900,#2966);
#2194=LINE('',#12901,#2967);
#2195=LINE('',#12906,#2968);
#2196=LINE('',#12910,#2969);
#2197=LINE('',#12912,#2970);
#2198=LINE('',#12913,#2971);
#2199=LINE('',#12918,#2972);
#2200=LINE('',#12922,#2973);
#2201=LINE('',#12924,#2974);
#2202=LINE('',#12925,#2975);
#2203=LINE('',#12932,#2976);
#2204=LINE('',#12934,#2977);
#2205=LINE('',#12936,#2978);
#2206=LINE('',#12937,#2979);
#2207=LINE('',#12942,#2980);
#2208=LINE('',#12946,#2981);
#2209=LINE('',#12948,#2982);
#2210=LINE('',#12949,#2983);
#2211=LINE('',#12954,#2984);
#2212=LINE('',#12958,#2985);
#2213=LINE('',#12960,#2986);
#2214=LINE('',#12961,#2987);
#2215=LINE('',#12966,#2988);
#2216=LINE('',#12970,#2989);
#2217=LINE('',#12972,#2990);
#2218=LINE('',#12973,#2991);
#2219=LINE('',#12980,#2992);
#2220=LINE('',#12982,#2993);
#2221=LINE('',#12984,#2994);
#2222=LINE('',#12985,#2995);
#2223=LINE('',#12990,#2996);
#2224=LINE('',#12994,#2997);
#2225=LINE('',#12996,#2998);
#2226=LINE('',#12997,#2999);
#2227=LINE('',#13002,#3000);
#2228=LINE('',#13006,#3001);
#2229=LINE('',#13008,#3002);
#2230=LINE('',#13009,#3003);
#2231=LINE('',#13014,#3004);
#2232=LINE('',#13018,#3005);
#2233=LINE('',#13020,#3006);
#2234=LINE('',#13021,#3007);
#2235=LINE('',#13028,#3008);
#2236=LINE('',#13030,#3009);
#2237=LINE('',#13032,#3010);
#2238=LINE('',#13033,#3011);
#2239=LINE('',#13038,#3012);
#2240=LINE('',#13042,#3013);
#2241=LINE('',#13044,#3014);
#2242=LINE('',#13045,#3015);
#2243=LINE('',#13050,#3016);
#2244=LINE('',#13054,#3017);
#2245=LINE('',#13056,#3018);
#2246=LINE('',#13057,#3019);
#2247=LINE('',#13062,#3020);
#2248=LINE('',#13066,#3021);
#2249=LINE('',#13068,#3022);
#2250=LINE('',#13069,#3023);
#2251=LINE('',#13078,#3024);
#2252=LINE('',#13081,#3025);
#2253=LINE('',#13085,#3026);
#2254=LINE('',#13086,#3027);
#2255=LINE('',#13087,#3028);
#2256=LINE('',#13092,#3029);
#2257=LINE('',#13097,#3030);
#2258=LINE('',#13098,#3031);
#2259=LINE('',#13099,#3032);
#2260=LINE('',#13103,#3033);
#2261=LINE('',#13105,#3034);
#2262=LINE('',#13107,#3035);
#2263=LINE('',#13109,#3036);
#2264=LINE('',#13111,#3037);
#2265=LINE('',#13113,#3038);
#2266=LINE('',#13115,#3039);
#2267=LINE('',#13117,#3040);
#2268=LINE('',#13119,#3041);
#2269=LINE('',#13121,#3042);
#2270=LINE('',#13123,#3043);
#2271=LINE('',#13125,#3044);
#2272=LINE('',#13126,#3045);
#2273=LINE('',#13127,#3046);
#2274=LINE('',#13130,#3047);
#2275=LINE('',#13131,#3048);
#2276=LINE('',#13134,#3049);
#2277=LINE('',#13136,#3050);
#2278=LINE('',#13138,#3051);
#2279=LINE('',#13140,#3052);
#2280=LINE('',#13142,#3053);
#2281=LINE('',#13144,#3054);
#2282=LINE('',#13146,#3055);
#2283=LINE('',#13148,#3056);
#2284=LINE('',#13150,#3057);
#2285=LINE('',#13152,#3058);
#2286=LINE('',#13154,#3059);
#2287=LINE('',#13156,#3060);
#2288=LINE('',#13157,#3061);
#2289=LINE('',#13159,#3062);
#2290=LINE('',#13160,#3063);
#2291=LINE('',#13162,#3064);
#2292=LINE('',#13164,#3065);
#2293=LINE('',#13166,#3066);
#2294=LINE('',#13168,#3067);
#2295=LINE('',#13170,#3068);
#2296=LINE('',#13172,#3069);
#2297=LINE('',#13174,#3070);
#2298=LINE('',#13176,#3071);
#2299=LINE('',#13178,#3072);
#2300=LINE('',#13180,#3073);
#2301=VECTOR('',#8617,10.);
#2302=VECTOR('',#8618,10.);
#2303=VECTOR('',#8619,10.);
#2304=VECTOR('',#8620,10.);
#2305=VECTOR('',#8625,10.);
#2306=VECTOR('',#8630,10.);
#2307=VECTOR('',#8631,10.);
#2308=VECTOR('',#8632,10.);
#2309=VECTOR('',#8637,10.);
#2310=VECTOR('',#8642,10.);
#2311=VECTOR('',#8643,10.);
#2312=VECTOR('',#8644,10.);
#2313=VECTOR('',#8649,10.);
#2314=VECTOR('',#8654,10.);
#2315=VECTOR('',#8655,10.);
#2316=VECTOR('',#8656,10.);
#2317=VECTOR('',#8665,10.);
#2318=VECTOR('',#8666,10.);
#2319=VECTOR('',#8667,10.);
#2320=VECTOR('',#8668,10.);
#2321=VECTOR('',#8673,10.);
#2322=VECTOR('',#8678,10.);
#2323=VECTOR('',#8679,10.);
#2324=VECTOR('',#8680,10.);
#2325=VECTOR('',#8685,10.);
#2326=VECTOR('',#8690,10.);
#2327=VECTOR('',#8691,10.);
#2328=VECTOR('',#8692,10.);
#2329=VECTOR('',#8697,10.);
#2330=VECTOR('',#8702,10.);
#2331=VECTOR('',#8703,10.);
#2332=VECTOR('',#8704,10.);
#2333=VECTOR('',#8713,10.);
#2334=VECTOR('',#8714,10.);
#2335=VECTOR('',#8715,10.);
#2336=VECTOR('',#8716,10.);
#2337=VECTOR('',#8721,10.);
#2338=VECTOR('',#8726,10.);
#2339=VECTOR('',#8727,10.);
#2340=VECTOR('',#8728,10.);
#2341=VECTOR('',#8733,10.);
#2342=VECTOR('',#8738,10.);
#2343=VECTOR('',#8739,10.);
#2344=VECTOR('',#8740,10.);
#2345=VECTOR('',#8745,10.);
#2346=VECTOR('',#8750,10.);
#2347=VECTOR('',#8751,10.);
#2348=VECTOR('',#8752,10.);
#2349=VECTOR('',#8761,10.);
#2350=VECTOR('',#8762,10.);
#2351=VECTOR('',#8763,10.);
#2352=VECTOR('',#8764,10.);
#2353=VECTOR('',#8769,10.);
#2354=VECTOR('',#8774,10.);
#2355=VECTOR('',#8775,10.);
#2356=VECTOR('',#8776,10.);
#2357=VECTOR('',#8781,10.);
#2358=VECTOR('',#8786,10.);
#2359=VECTOR('',#8787,10.);
#2360=VECTOR('',#8788,10.);
#2361=VECTOR('',#8793,10.);
#2362=VECTOR('',#8798,10.);
#2363=VECTOR('',#8799,10.);
#2364=VECTOR('',#8800,10.);
#2365=VECTOR('',#8811,1.7);
#2366=VECTOR('',#8816,10.);
#2367=VECTOR('',#8817,10.);
#2368=VECTOR('',#8818,10.);
#2369=VECTOR('',#8819,10.);
#2370=VECTOR('',#8824,10.);
#2371=VECTOR('',#8829,10.);
#2372=VECTOR('',#8830,10.);
#2373=VECTOR('',#8831,10.);
#2374=VECTOR('',#8836,10.);
#2375=VECTOR('',#8841,10.);
#2376=VECTOR('',#8842,10.);
#2377=VECTOR('',#8843,10.);
#2378=VECTOR('',#8848,10.);
#2379=VECTOR('',#8853,10.);
#2380=VECTOR('',#8854,10.);
#2381=VECTOR('',#8855,10.);
#2382=VECTOR('',#8864,10.);
#2383=VECTOR('',#8865,10.);
#2384=VECTOR('',#8866,10.);
#2385=VECTOR('',#8867,10.);
#2386=VECTOR('',#8872,10.);
#2387=VECTOR('',#8877,10.);
#2388=VECTOR('',#8878,10.);
#2389=VECTOR('',#8879,10.);
#2390=VECTOR('',#8884,10.);
#2391=VECTOR('',#8889,10.);
#2392=VECTOR('',#8890,10.);
#2393=VECTOR('',#8891,10.);
#2394=VECTOR('',#8896,10.);
#2395=VECTOR('',#8901,10.);
#2396=VECTOR('',#8902,10.);
#2397=VECTOR('',#8903,10.);
#2398=VECTOR('',#8912,10.);
#2399=VECTOR('',#8913,10.);
#2400=VECTOR('',#8914,10.);
#2401=VECTOR('',#8915,10.);
#2402=VECTOR('',#8920,10.);
#2403=VECTOR('',#8925,10.);
#2404=VECTOR('',#8926,10.);
#2405=VECTOR('',#8927,10.);
#2406=VECTOR('',#8932,10.);
#2407=VECTOR('',#8937,10.);
#2408=VECTOR('',#8938,10.);
#2409=VECTOR('',#8939,10.);
#2410=VECTOR('',#8944,10.);
#2411=VECTOR('',#8949,10.);
#2412=VECTOR('',#8950,10.);
#2413=VECTOR('',#8951,10.);
#2414=VECTOR('',#8960,10.);
#2415=VECTOR('',#8961,10.);
#2416=VECTOR('',#8962,10.);
#2417=VECTOR('',#8963,10.);
#2418=VECTOR('',#8968,10.);
#2419=VECTOR('',#8973,10.);
#2420=VECTOR('',#8974,10.);
#2421=VECTOR('',#8975,10.);
#2422=VECTOR('',#8980,10.);
#2423=VECTOR('',#8985,10.);
#2424=VECTOR('',#8986,10.);
#2425=VECTOR('',#8987,10.);
#2426=VECTOR('',#8992,10.);
#2427=VECTOR('',#8997,10.);
#2428=VECTOR('',#8998,10.);
#2429=VECTOR('',#8999,10.);
#2430=VECTOR('',#9008,10.);
#2431=VECTOR('',#9009,10.);
#2432=VECTOR('',#9010,10.);
#2433=VECTOR('',#9011,10.);
#2434=VECTOR('',#9016,10.);
#2435=VECTOR('',#9021,10.);
#2436=VECTOR('',#9022,10.);
#2437=VECTOR('',#9023,10.);
#2438=VECTOR('',#9028,10.);
#2439=VECTOR('',#9033,10.);
#2440=VECTOR('',#9034,10.);
#2441=VECTOR('',#9035,10.);
#2442=VECTOR('',#9040,10.);
#2443=VECTOR('',#9045,10.);
#2444=VECTOR('',#9046,10.);
#2445=VECTOR('',#9047,10.);
#2446=VECTOR('',#9056,10.);
#2447=VECTOR('',#9057,10.);
#2448=VECTOR('',#9058,10.);
#2449=VECTOR('',#9059,10.);
#2450=VECTOR('',#9064,10.);
#2451=VECTOR('',#9069,10.);
#2452=VECTOR('',#9070,10.);
#2453=VECTOR('',#9071,10.);
#2454=VECTOR('',#9076,10.);
#2455=VECTOR('',#9081,10.);
#2456=VECTOR('',#9082,10.);
#2457=VECTOR('',#9083,10.);
#2458=VECTOR('',#9088,10.);
#2459=VECTOR('',#9093,10.);
#2460=VECTOR('',#9094,10.);
#2461=VECTOR('',#9095,10.);
#2462=VECTOR('',#9104,10.);
#2463=VECTOR('',#9105,10.);
#2464=VECTOR('',#9106,10.);
#2465=VECTOR('',#9107,10.);
#2466=VECTOR('',#9112,10.);
#2467=VECTOR('',#9117,10.);
#2468=VECTOR('',#9118,10.);
#2469=VECTOR('',#9119,10.);
#2470=VECTOR('',#9124,10.);
#2471=VECTOR('',#9129,10.);
#2472=VECTOR('',#9130,10.);
#2473=VECTOR('',#9131,10.);
#2474=VECTOR('',#9136,10.);
#2475=VECTOR('',#9141,10.);
#2476=VECTOR('',#9142,10.);
#2477=VECTOR('',#9143,10.);
#2478=VECTOR('',#9152,10.);
#2479=VECTOR('',#9153,10.);
#2480=VECTOR('',#9154,10.);
#2481=VECTOR('',#9155,10.);
#2482=VECTOR('',#9160,10.);
#2483=VECTOR('',#9165,10.);
#2484=VECTOR('',#9166,10.);
#2485=VECTOR('',#9167,10.);
#2486=VECTOR('',#9172,10.);
#2487=VECTOR('',#9177,10.);
#2488=VECTOR('',#9178,10.);
#2489=VECTOR('',#9179,10.);
#2490=VECTOR('',#9184,10.);
#2491=VECTOR('',#9189,10.);
#2492=VECTOR('',#9190,10.);
#2493=VECTOR('',#9191,10.);
#2494=VECTOR('',#9200,10.);
#2495=VECTOR('',#9201,10.);
#2496=VECTOR('',#9202,10.);
#2497=VECTOR('',#9203,10.);
#2498=VECTOR('',#9208,10.);
#2499=VECTOR('',#9213,10.);
#2500=VECTOR('',#9214,10.);
#2501=VECTOR('',#9215,10.);
#2502=VECTOR('',#9220,10.);
#2503=VECTOR('',#9225,10.);
#2504=VECTOR('',#9226,10.);
#2505=VECTOR('',#9227,10.);
#2506=VECTOR('',#9232,10.);
#2507=VECTOR('',#9237,10.);
#2508=VECTOR('',#9238,10.);
#2509=VECTOR('',#9239,10.);
#2510=VECTOR('',#9248,10.);
#2511=VECTOR('',#9249,10.);
#2512=VECTOR('',#9250,10.);
#2513=VECTOR('',#9251,10.);
#2514=VECTOR('',#9256,10.);
#2515=VECTOR('',#9261,10.);
#2516=VECTOR('',#9262,10.);
#2517=VECTOR('',#9263,10.);
#2518=VECTOR('',#9268,10.);
#2519=VECTOR('',#9273,10.);
#2520=VECTOR('',#9274,10.);
#2521=VECTOR('',#9275,10.);
#2522=VECTOR('',#9280,10.);
#2523=VECTOR('',#9285,10.);
#2524=VECTOR('',#9286,10.);
#2525=VECTOR('',#9287,10.);
#2526=VECTOR('',#9296,10.);
#2527=VECTOR('',#9297,10.);
#2528=VECTOR('',#9298,10.);
#2529=VECTOR('',#9299,10.);
#2530=VECTOR('',#9304,10.);
#2531=VECTOR('',#9309,10.);
#2532=VECTOR('',#9310,10.);
#2533=VECTOR('',#9311,10.);
#2534=VECTOR('',#9316,10.);
#2535=VECTOR('',#9321,10.);
#2536=VECTOR('',#9322,10.);
#2537=VECTOR('',#9323,10.);
#2538=VECTOR('',#9328,10.);
#2539=VECTOR('',#9333,10.);
#2540=VECTOR('',#9334,10.);
#2541=VECTOR('',#9335,10.);
#2542=VECTOR('',#9344,10.);
#2543=VECTOR('',#9345,10.);
#2544=VECTOR('',#9346,10.);
#2545=VECTOR('',#9347,10.);
#2546=VECTOR('',#9352,10.);
#2547=VECTOR('',#9357,10.);
#2548=VECTOR('',#9358,10.);
#2549=VECTOR('',#9359,10.);
#2550=VECTOR('',#9364,10.);
#2551=VECTOR('',#9369,10.);
#2552=VECTOR('',#9370,10.);
#2553=VECTOR('',#9371,10.);
#2554=VECTOR('',#9376,10.);
#2555=VECTOR('',#9381,10.);
#2556=VECTOR('',#9382,10.);
#2557=VECTOR('',#9383,10.);
#2558=VECTOR('',#9392,10.);
#2559=VECTOR('',#9393,10.);
#2560=VECTOR('',#9394,10.);
#2561=VECTOR('',#9395,10.);
#2562=VECTOR('',#9400,10.);
#2563=VECTOR('',#9405,10.);
#2564=VECTOR('',#9406,10.);
#2565=VECTOR('',#9407,10.);
#2566=VECTOR('',#9412,10.);
#2567=VECTOR('',#9417,10.);
#2568=VECTOR('',#9418,10.);
#2569=VECTOR('',#9419,10.);
#2570=VECTOR('',#9424,10.);
#2571=VECTOR('',#9429,10.);
#2572=VECTOR('',#9430,10.);
#2573=VECTOR('',#9431,10.);
#2574=VECTOR('',#9442,1.7);
#2575=VECTOR('',#9447,10.);
#2576=VECTOR('',#9448,10.);
#2577=VECTOR('',#9449,10.);
#2578=VECTOR('',#9450,10.);
#2579=VECTOR('',#9455,10.);
#2580=VECTOR('',#9460,10.);
#2581=VECTOR('',#9461,10.);
#2582=VECTOR('',#9462,10.);
#2583=VECTOR('',#9467,10.);
#2584=VECTOR('',#9472,10.);
#2585=VECTOR('',#9473,10.);
#2586=VECTOR('',#9474,10.);
#2587=VECTOR('',#9479,10.);
#2588=VECTOR('',#9484,10.);
#2589=VECTOR('',#9485,10.);
#2590=VECTOR('',#9486,10.);
#2591=VECTOR('',#9495,10.);
#2592=VECTOR('',#9496,10.);
#2593=VECTOR('',#9497,10.);
#2594=VECTOR('',#9498,10.);
#2595=VECTOR('',#9503,10.);
#2596=VECTOR('',#9508,10.);
#2597=VECTOR('',#9509,10.);
#2598=VECTOR('',#9510,10.);
#2599=VECTOR('',#9515,10.);
#2600=VECTOR('',#9520,10.);
#2601=VECTOR('',#9521,10.);
#2602=VECTOR('',#9522,10.);
#2603=VECTOR('',#9527,10.);
#2604=VECTOR('',#9532,10.);
#2605=VECTOR('',#9533,10.);
#2606=VECTOR('',#9534,10.);
#2607=VECTOR('',#9543,10.);
#2608=VECTOR('',#9544,10.);
#2609=VECTOR('',#9545,10.);
#2610=VECTOR('',#9546,10.);
#2611=VECTOR('',#9551,10.);
#2612=VECTOR('',#9556,10.);
#2613=VECTOR('',#9557,10.);
#2614=VECTOR('',#9558,10.);
#2615=VECTOR('',#9563,10.);
#2616=VECTOR('',#9568,10.);
#2617=VECTOR('',#9569,10.);
#2618=VECTOR('',#9570,10.);
#2619=VECTOR('',#9575,10.);
#2620=VECTOR('',#9580,10.);
#2621=VECTOR('',#9581,10.);
#2622=VECTOR('',#9582,10.);
#2623=VECTOR('',#9591,10.);
#2624=VECTOR('',#9592,10.);
#2625=VECTOR('',#9593,10.);
#2626=VECTOR('',#9594,10.);
#2627=VECTOR('',#9599,10.);
#2628=VECTOR('',#9604,10.);
#2629=VECTOR('',#9605,10.);
#2630=VECTOR('',#9606,10.);
#2631=VECTOR('',#9611,10.);
#2632=VECTOR('',#9616,10.);
#2633=VECTOR('',#9617,10.);
#2634=VECTOR('',#9618,10.);
#2635=VECTOR('',#9623,10.);
#2636=VECTOR('',#9628,10.);
#2637=VECTOR('',#9629,10.);
#2638=VECTOR('',#9630,10.);
#2639=VECTOR('',#9639,10.);
#2640=VECTOR('',#9640,10.);
#2641=VECTOR('',#9641,10.);
#2642=VECTOR('',#9642,10.);
#2643=VECTOR('',#9647,10.);
#2644=VECTOR('',#9652,10.);
#2645=VECTOR('',#9653,10.);
#2646=VECTOR('',#9654,10.);
#2647=VECTOR('',#9659,10.);
#2648=VECTOR('',#9664,10.);
#2649=VECTOR('',#9665,10.);
#2650=VECTOR('',#9666,10.);
#2651=VECTOR('',#9671,10.);
#2652=VECTOR('',#9676,10.);
#2653=VECTOR('',#9677,10.);
#2654=VECTOR('',#9678,10.);
#2655=VECTOR('',#9687,10.);
#2656=VECTOR('',#9688,10.);
#2657=VECTOR('',#9689,10.);
#2658=VECTOR('',#9690,10.);
#2659=VECTOR('',#9695,10.);
#2660=VECTOR('',#9700,10.);
#2661=VECTOR('',#9701,10.);
#2662=VECTOR('',#9702,10.);
#2663=VECTOR('',#9707,10.);
#2664=VECTOR('',#9712,10.);
#2665=VECTOR('',#9713,10.);
#2666=VECTOR('',#9714,10.);
#2667=VECTOR('',#9719,10.);
#2668=VECTOR('',#9724,10.);
#2669=VECTOR('',#9725,10.);
#2670=VECTOR('',#9726,10.);
#2671=VECTOR('',#9735,10.);
#2672=VECTOR('',#9736,10.);
#2673=VECTOR('',#9737,10.);
#2674=VECTOR('',#9738,10.);
#2675=VECTOR('',#9743,10.);
#2676=VECTOR('',#9748,10.);
#2677=VECTOR('',#9749,10.);
#2678=VECTOR('',#9750,10.);
#2679=VECTOR('',#9755,10.);
#2680=VECTOR('',#9760,10.);
#2681=VECTOR('',#9761,10.);
#2682=VECTOR('',#9762,10.);
#2683=VECTOR('',#9767,10.);
#2684=VECTOR('',#9772,10.);
#2685=VECTOR('',#9773,10.);
#2686=VECTOR('',#9774,10.);
#2687=VECTOR('',#9783,10.);
#2688=VECTOR('',#9784,10.);
#2689=VECTOR('',#9785,10.);
#2690=VECTOR('',#9786,10.);
#2691=VECTOR('',#9791,10.);
#2692=VECTOR('',#9796,10.);
#2693=VECTOR('',#9797,10.);
#2694=VECTOR('',#9798,10.);
#2695=VECTOR('',#9803,10.);
#2696=VECTOR('',#9808,10.);
#2697=VECTOR('',#9809,10.);
#2698=VECTOR('',#9810,10.);
#2699=VECTOR('',#9815,10.);
#2700=VECTOR('',#9820,10.);
#2701=VECTOR('',#9821,10.);
#2702=VECTOR('',#9822,10.);
#2703=VECTOR('',#9831,10.);
#2704=VECTOR('',#9832,10.);
#2705=VECTOR('',#9833,10.);
#2706=VECTOR('',#9834,10.);
#2707=VECTOR('',#9839,10.);
#2708=VECTOR('',#9844,10.);
#2709=VECTOR('',#9845,10.);
#2710=VECTOR('',#9846,10.);
#2711=VECTOR('',#9851,10.);
#2712=VECTOR('',#9856,10.);
#2713=VECTOR('',#9857,10.);
#2714=VECTOR('',#9858,10.);
#2715=VECTOR('',#9863,10.);
#2716=VECTOR('',#9868,10.);
#2717=VECTOR('',#9869,10.);
#2718=VECTOR('',#9870,10.);
#2719=VECTOR('',#9879,10.);
#2720=VECTOR('',#9880,10.);
#2721=VECTOR('',#9881,10.);
#2722=VECTOR('',#9882,10.);
#2723=VECTOR('',#9887,10.);
#2724=VECTOR('',#9892,10.);
#2725=VECTOR('',#9893,10.);
#2726=VECTOR('',#9894,10.);
#2727=VECTOR('',#9899,10.);
#2728=VECTOR('',#9904,10.);
#2729=VECTOR('',#9905,10.);
#2730=VECTOR('',#9906,10.);
#2731=VECTOR('',#9911,10.);
#2732=VECTOR('',#9916,10.);
#2733=VECTOR('',#9917,10.);
#2734=VECTOR('',#9918,10.);
#2735=VECTOR('',#9929,1.70000000000002);
#2736=VECTOR('',#9934,10.);
#2737=VECTOR('',#9935,10.);
#2738=VECTOR('',#9936,10.);
#2739=VECTOR('',#9937,10.);
#2740=VECTOR('',#9942,10.);
#2741=VECTOR('',#9947,10.);
#2742=VECTOR('',#9948,10.);
#2743=VECTOR('',#9949,10.);
#2744=VECTOR('',#9954,10.);
#2745=VECTOR('',#9959,10.);
#2746=VECTOR('',#9960,10.);
#2747=VECTOR('',#9961,10.);
#2748=VECTOR('',#9966,10.);
#2749=VECTOR('',#9971,10.);
#2750=VECTOR('',#9972,10.);
#2751=VECTOR('',#9973,10.);
#2752=VECTOR('',#9982,10.);
#2753=VECTOR('',#9983,10.);
#2754=VECTOR('',#9984,10.);
#2755=VECTOR('',#9985,10.);
#2756=VECTOR('',#9990,10.);
#2757=VECTOR('',#9995,10.);
#2758=VECTOR('',#9996,10.);
#2759=VECTOR('',#9997,10.);
#2760=VECTOR('',#10002,10.);
#2761=VECTOR('',#10007,10.);
#2762=VECTOR('',#10008,10.);
#2763=VECTOR('',#10009,10.);
#2764=VECTOR('',#10014,10.);
#2765=VECTOR('',#10019,10.);
#2766=VECTOR('',#10020,10.);
#2767=VECTOR('',#10021,10.);
#2768=VECTOR('',#10030,10.);
#2769=VECTOR('',#10031,10.);
#2770=VECTOR('',#10032,10.);
#2771=VECTOR('',#10033,10.);
#2772=VECTOR('',#10038,10.);
#2773=VECTOR('',#10043,10.);
#2774=VECTOR('',#10044,10.);
#2775=VECTOR('',#10045,10.);
#2776=VECTOR('',#10050,10.);
#2777=VECTOR('',#10055,10.);
#2778=VECTOR('',#10056,10.);
#2779=VECTOR('',#10057,10.);
#2780=VECTOR('',#10062,10.);
#2781=VECTOR('',#10067,10.);
#2782=VECTOR('',#10068,10.);
#2783=VECTOR('',#10069,10.);
#2784=VECTOR('',#10078,10.);
#2785=VECTOR('',#10079,10.);
#2786=VECTOR('',#10080,10.);
#2787=VECTOR('',#10081,10.);
#2788=VECTOR('',#10086,10.);
#2789=VECTOR('',#10091,10.);
#2790=VECTOR('',#10092,10.);
#2791=VECTOR('',#10093,10.);
#2792=VECTOR('',#10098,10.);
#2793=VECTOR('',#10103,10.);
#2794=VECTOR('',#10104,10.);
#2795=VECTOR('',#10105,10.);
#2796=VECTOR('',#10110,10.);
#2797=VECTOR('',#10115,10.);
#2798=VECTOR('',#10116,10.);
#2799=VECTOR('',#10117,10.);
#2800=VECTOR('',#10126,10.);
#2801=VECTOR('',#10127,10.);
#2802=VECTOR('',#10128,10.);
#2803=VECTOR('',#10129,10.);
#2804=VECTOR('',#10134,10.);
#2805=VECTOR('',#10139,10.);
#2806=VECTOR('',#10140,10.);
#2807=VECTOR('',#10141,10.);
#2808=VECTOR('',#10146,10.);
#2809=VECTOR('',#10151,10.);
#2810=VECTOR('',#10152,10.);
#2811=VECTOR('',#10153,10.);
#2812=VECTOR('',#10158,10.);
#2813=VECTOR('',#10163,10.);
#2814=VECTOR('',#10164,10.);
#2815=VECTOR('',#10165,10.);
#2816=VECTOR('',#10174,10.);
#2817=VECTOR('',#10175,10.);
#2818=VECTOR('',#10176,10.);
#2819=VECTOR('',#10177,10.);
#2820=VECTOR('',#10182,10.);
#2821=VECTOR('',#10187,10.);
#2822=VECTOR('',#10188,10.);
#2823=VECTOR('',#10189,10.);
#2824=VECTOR('',#10194,10.);
#2825=VECTOR('',#10199,10.);
#2826=VECTOR('',#10200,10.);
#2827=VECTOR('',#10201,10.);
#2828=VECTOR('',#10206,10.);
#2829=VECTOR('',#10211,10.);
#2830=VECTOR('',#10212,10.);
#2831=VECTOR('',#10213,10.);
#2832=VECTOR('',#10222,10.);
#2833=VECTOR('',#10223,10.);
#2834=VECTOR('',#10224,10.);
#2835=VECTOR('',#10225,10.);
#2836=VECTOR('',#10230,10.);
#2837=VECTOR('',#10235,10.);
#2838=VECTOR('',#10236,10.);
#2839=VECTOR('',#10237,10.);
#2840=VECTOR('',#10242,10.);
#2841=VECTOR('',#10247,10.);
#2842=VECTOR('',#10248,10.);
#2843=VECTOR('',#10249,10.);
#2844=VECTOR('',#10254,10.);
#2845=VECTOR('',#10259,10.);
#2846=VECTOR('',#10260,10.);
#2847=VECTOR('',#10261,10.);
#2848=VECTOR('',#10270,10.);
#2849=VECTOR('',#10271,10.);
#2850=VECTOR('',#10272,10.);
#2851=VECTOR('',#10273,10.);
#2852=VECTOR('',#10278,10.);
#2853=VECTOR('',#10283,10.);
#2854=VECTOR('',#10284,10.);
#2855=VECTOR('',#10285,10.);
#2856=VECTOR('',#10290,10.);
#2857=VECTOR('',#10295,10.);
#2858=VECTOR('',#10296,10.);
#2859=VECTOR('',#10297,10.);
#2860=VECTOR('',#10302,10.);
#2861=VECTOR('',#10307,10.);
#2862=VECTOR('',#10308,10.);
#2863=VECTOR('',#10309,10.);
#2864=VECTOR('',#10318,10.);
#2865=VECTOR('',#10319,10.);
#2866=VECTOR('',#10320,10.);
#2867=VECTOR('',#10321,10.);
#2868=VECTOR('',#10326,10.);
#2869=VECTOR('',#10331,10.);
#2870=VECTOR('',#10332,10.);
#2871=VECTOR('',#10333,10.);
#2872=VECTOR('',#10338,10.);
#2873=VECTOR('',#10343,10.);
#2874=VECTOR('',#10344,10.);
#2875=VECTOR('',#10345,10.);
#2876=VECTOR('',#10350,10.);
#2877=VECTOR('',#10355,10.);
#2878=VECTOR('',#10356,10.);
#2879=VECTOR('',#10357,10.);
#2880=VECTOR('',#10366,10.);
#2881=VECTOR('',#10367,10.);
#2882=VECTOR('',#10368,10.);
#2883=VECTOR('',#10369,10.);
#2884=VECTOR('',#10374,10.);
#2885=VECTOR('',#10379,10.);
#2886=VECTOR('',#10380,10.);
#2887=VECTOR('',#10381,10.);
#2888=VECTOR('',#10386,10.);
#2889=VECTOR('',#10391,10.);
#2890=VECTOR('',#10392,10.);
#2891=VECTOR('',#10393,10.);
#2892=VECTOR('',#10398,10.);
#2893=VECTOR('',#10403,10.);
#2894=VECTOR('',#10404,10.);
#2895=VECTOR('',#10405,10.);
#2896=VECTOR('',#10414,10.);
#2897=VECTOR('',#10415,10.);
#2898=VECTOR('',#10416,10.);
#2899=VECTOR('',#10417,10.);
#2900=VECTOR('',#10422,10.);
#2901=VECTOR('',#10427,10.);
#2902=VECTOR('',#10428,10.);
#2903=VECTOR('',#10429,10.);
#2904=VECTOR('',#10434,10.);
#2905=VECTOR('',#10439,10.);
#2906=VECTOR('',#10440,10.);
#2907=VECTOR('',#10441,10.);
#2908=VECTOR('',#10446,10.);
#2909=VECTOR('',#10451,10.);
#2910=VECTOR('',#10452,10.);
#2911=VECTOR('',#10453,10.);
#2912=VECTOR('',#10462,10.);
#2913=VECTOR('',#10463,10.);
#2914=VECTOR('',#10464,10.);
#2915=VECTOR('',#10465,10.);
#2916=VECTOR('',#10470,10.);
#2917=VECTOR('',#10475,10.);
#2918=VECTOR('',#10476,10.);
#2919=VECTOR('',#10477,10.);
#2920=VECTOR('',#10482,10.);
#2921=VECTOR('',#10487,10.);
#2922=VECTOR('',#10488,10.);
#2923=VECTOR('',#10489,10.);
#2924=VECTOR('',#10494,10.);
#2925=VECTOR('',#10499,10.);
#2926=VECTOR('',#10500,10.);
#2927=VECTOR('',#10501,10.);
#2928=VECTOR('',#10510,10.);
#2929=VECTOR('',#10511,10.);
#2930=VECTOR('',#10512,10.);
#2931=VECTOR('',#10513,10.);
#2932=VECTOR('',#10518,10.);
#2933=VECTOR('',#10523,10.);
#2934=VECTOR('',#10524,10.);
#2935=VECTOR('',#10525,10.);
#2936=VECTOR('',#10530,10.);
#2937=VECTOR('',#10535,10.);
#2938=VECTOR('',#10536,10.);
#2939=VECTOR('',#10537,10.);
#2940=VECTOR('',#10542,10.);
#2941=VECTOR('',#10547,10.);
#2942=VECTOR('',#10548,10.);
#2943=VECTOR('',#10549,10.);
#2944=VECTOR('',#10558,10.);
#2945=VECTOR('',#10559,10.);
#2946=VECTOR('',#10560,10.);
#2947=VECTOR('',#10561,10.);
#2948=VECTOR('',#10566,10.);
#2949=VECTOR('',#10571,10.);
#2950=VECTOR('',#10572,10.);
#2951=VECTOR('',#10573,10.);
#2952=VECTOR('',#10578,10.);
#2953=VECTOR('',#10583,10.);
#2954=VECTOR('',#10584,10.);
#2955=VECTOR('',#10585,10.);
#2956=VECTOR('',#10590,10.);
#2957=VECTOR('',#10595,10.);
#2958=VECTOR('',#10596,10.);
#2959=VECTOR('',#10597,10.);
#2960=VECTOR('',#10606,10.);
#2961=VECTOR('',#10607,10.);
#2962=VECTOR('',#10608,10.);
#2963=VECTOR('',#10609,10.);
#2964=VECTOR('',#10614,10.);
#2965=VECTOR('',#10619,10.);
#2966=VECTOR('',#10620,10.);
#2967=VECTOR('',#10621,10.);
#2968=VECTOR('',#10626,10.);
#2969=VECTOR('',#10631,10.);
#2970=VECTOR('',#10632,10.);
#2971=VECTOR('',#10633,10.);
#2972=VECTOR('',#10638,10.);
#2973=VECTOR('',#10643,10.);
#2974=VECTOR('',#10644,10.);
#2975=VECTOR('',#10645,10.);
#2976=VECTOR('',#10654,10.);
#2977=VECTOR('',#10655,10.);
#2978=VECTOR('',#10656,10.);
#2979=VECTOR('',#10657,10.);
#2980=VECTOR('',#10662,10.);
#2981=VECTOR('',#10667,10.);
#2982=VECTOR('',#10668,10.);
#2983=VECTOR('',#10669,10.);
#2984=VECTOR('',#10674,10.);
#2985=VECTOR('',#10679,10.);
#2986=VECTOR('',#10680,10.);
#2987=VECTOR('',#10681,10.);
#2988=VECTOR('',#10686,10.);
#2989=VECTOR('',#10691,10.);
#2990=VECTOR('',#10692,10.);
#2991=VECTOR('',#10693,10.);
#2992=VECTOR('',#10702,10.);
#2993=VECTOR('',#10703,10.);
#2994=VECTOR('',#10704,10.);
#2995=VECTOR('',#10705,10.);
#2996=VECTOR('',#10710,10.);
#2997=VECTOR('',#10715,10.);
#2998=VECTOR('',#10716,10.);
#2999=VECTOR('',#10717,10.);
#3000=VECTOR('',#10722,10.);
#3001=VECTOR('',#10727,10.);
#3002=VECTOR('',#10728,10.);
#3003=VECTOR('',#10729,10.);
#3004=VECTOR('',#10734,10.);
#3005=VECTOR('',#10739,10.);
#3006=VECTOR('',#10740,10.);
#3007=VECTOR('',#10741,10.);
#3008=VECTOR('',#10750,10.);
#3009=VECTOR('',#10751,10.);
#3010=VECTOR('',#10752,10.);
#3011=VECTOR('',#10753,10.);
#3012=VECTOR('',#10758,10.);
#3013=VECTOR('',#10763,10.);
#3014=VECTOR('',#10764,10.);
#3015=VECTOR('',#10765,10.);
#3016=VECTOR('',#10770,10.);
#3017=VECTOR('',#10775,10.);
#3018=VECTOR('',#10776,10.);
#3019=VECTOR('',#10777,10.);
#3020=VECTOR('',#10782,10.);
#3021=VECTOR('',#10787,10.);
#3022=VECTOR('',#10788,10.);
#3023=VECTOR('',#10789,10.);
#3024=VECTOR('',#10800,10.);
#3025=VECTOR('',#10803,10.);
#3026=VECTOR('',#10806,10.);
#3027=VECTOR('',#10807,10.);
#3028=VECTOR('',#10808,10.);
#3029=VECTOR('',#10813,10.);
#3030=VECTOR('',#10818,10.);
#3031=VECTOR('',#10819,10.);
#3032=VECTOR('',#10820,10.);
#3033=VECTOR('',#10823,10.);
#3034=VECTOR('',#10824,10.);
#3035=VECTOR('',#10825,10.);
#3036=VECTOR('',#10826,10.);
#3037=VECTOR('',#10827,10.);
#3038=VECTOR('',#10828,10.);
#3039=VECTOR('',#10829,10.);
#3040=VECTOR('',#10830,10.);
#3041=VECTOR('',#10831,10.);
#3042=VECTOR('',#10832,10.);
#3043=VECTOR('',#10833,10.);
#3044=VECTOR('',#10834,10.);
#3045=VECTOR('',#10835,10.);
#3046=VECTOR('',#10836,10.);
#3047=VECTOR('',#10839,10.);
#3048=VECTOR('',#10840,10.);
#3049=VECTOR('',#10843,10.);
#3050=VECTOR('',#10844,10.);
#3051=VECTOR('',#10845,10.);
#3052=VECTOR('',#10846,10.);
#3053=VECTOR('',#10847,10.);
#3054=VECTOR('',#10848,10.);
#3055=VECTOR('',#10849,10.);
#3056=VECTOR('',#10850,10.);
#3057=VECTOR('',#10851,10.);
#3058=VECTOR('',#10852,10.);
#3059=VECTOR('',#10853,10.);
#3060=VECTOR('',#10854,10.);
#3061=VECTOR('',#10855,10.);
#3062=VECTOR('',#10858,10.);
#3063=VECTOR('',#10859,10.);
#3064=VECTOR('',#10862,10.);
#3065=VECTOR('',#10865,10.);
#3066=VECTOR('',#10868,10.);
#3067=VECTOR('',#10871,10.);
#3068=VECTOR('',#10874,10.);
#3069=VECTOR('',#10877,10.);
#3070=VECTOR('',#10880,10.);
#3071=VECTOR('',#10883,10.);
#3072=VECTOR('',#10886,10.);
#3073=VECTOR('',#10889,10.);
#3074=VERTEX_POINT('',#10896);
#3075=VERTEX_POINT('',#10897);
#3076=VERTEX_POINT('',#10899);
#3077=VERTEX_POINT('',#10901);
#3078=VERTEX_POINT('',#10905);
#3079=VERTEX_POINT('',#10907);
#3080=VERTEX_POINT('',#10911);
#3081=VERTEX_POINT('',#10913);
#3082=VERTEX_POINT('',#10917);
#3083=VERTEX_POINT('',#10919);
#3084=VERTEX_POINT('',#10923);
#3085=VERTEX_POINT('',#10925);
#3086=VERTEX_POINT('',#10929);
#3087=VERTEX_POINT('',#10931);
#3088=VERTEX_POINT('',#10935);
#3089=VERTEX_POINT('',#10937);
#3090=VERTEX_POINT('',#10944);
#3091=VERTEX_POINT('',#10945);
#3092=VERTEX_POINT('',#10947);
#3093=VERTEX_POINT('',#10949);
#3094=VERTEX_POINT('',#10953);
#3095=VERTEX_POINT('',#10955);
#3096=VERTEX_POINT('',#10959);
#3097=VERTEX_POINT('',#10961);
#3098=VERTEX_POINT('',#10965);
#3099=VERTEX_POINT('',#10967);
#3100=VERTEX_POINT('',#10971);
#3101=VERTEX_POINT('',#10973);
#3102=VERTEX_POINT('',#10977);
#3103=VERTEX_POINT('',#10979);
#3104=VERTEX_POINT('',#10983);
#3105=VERTEX_POINT('',#10985);
#3106=VERTEX_POINT('',#10992);
#3107=VERTEX_POINT('',#10993);
#3108=VERTEX_POINT('',#10995);
#3109=VERTEX_POINT('',#10997);
#3110=VERTEX_POINT('',#11001);
#3111=VERTEX_POINT('',#11003);
#3112=VERTEX_POINT('',#11007);
#3113=VERTEX_POINT('',#11009);
#3114=VERTEX_POINT('',#11013);
#3115=VERTEX_POINT('',#11015);
#3116=VERTEX_POINT('',#11019);
#3117=VERTEX_POINT('',#11021);
#3118=VERTEX_POINT('',#11025);
#3119=VERTEX_POINT('',#11027);
#3120=VERTEX_POINT('',#11031);
#3121=VERTEX_POINT('',#11033);
#3122=VERTEX_POINT('',#11040);
#3123=VERTEX_POINT('',#11041);
#3124=VERTEX_POINT('',#11043);
#3125=VERTEX_POINT('',#11045);
#3126=VERTEX_POINT('',#11049);
#3127=VERTEX_POINT('',#11051);
#3128=VERTEX_POINT('',#11055);
#3129=VERTEX_POINT('',#11057);
#3130=VERTEX_POINT('',#11061);
#3131=VERTEX_POINT('',#11063);
#3132=VERTEX_POINT('',#11067);
#3133=VERTEX_POINT('',#11069);
#3134=VERTEX_POINT('',#11073);
#3135=VERTEX_POINT('',#11075);
#3136=VERTEX_POINT('',#11079);
#3137=VERTEX_POINT('',#11081);
#3138=VERTEX_POINT('',#11088);
#3139=VERTEX_POINT('',#11090);
#3140=VERTEX_POINT('',#11094);
#3141=VERTEX_POINT('',#11095);
#3142=VERTEX_POINT('',#11097);
#3143=VERTEX_POINT('',#11099);
#3144=VERTEX_POINT('',#11103);
#3145=VERTEX_POINT('',#11105);
#3146=VERTEX_POINT('',#11109);
#3147=VERTEX_POINT('',#11111);
#3148=VERTEX_POINT('',#11115);
#3149=VERTEX_POINT('',#11117);
#3150=VERTEX_POINT('',#11121);
#3151=VERTEX_POINT('',#11123);
#3152=VERTEX_POINT('',#11127);
#3153=VERTEX_POINT('',#11129);
#3154=VERTEX_POINT('',#11133);
#3155=VERTEX_POINT('',#11135);
#3156=VERTEX_POINT('',#11142);
#3157=VERTEX_POINT('',#11143);
#3158=VERTEX_POINT('',#11145);
#3159=VERTEX_POINT('',#11147);
#3160=VERTEX_POINT('',#11151);
#3161=VERTEX_POINT('',#11153);
#3162=VERTEX_POINT('',#11157);
#3163=VERTEX_POINT('',#11159);
#3164=VERTEX_POINT('',#11163);
#3165=VERTEX_POINT('',#11165);
#3166=VERTEX_POINT('',#11169);
#3167=VERTEX_POINT('',#11171);
#3168=VERTEX_POINT('',#11175);
#3169=VERTEX_POINT('',#11177);
#3170=VERTEX_POINT('',#11181);
#3171=VERTEX_POINT('',#11183);
#3172=VERTEX_POINT('',#11190);
#3173=VERTEX_POINT('',#11191);
#3174=VERTEX_POINT('',#11193);
#3175=VERTEX_POINT('',#11195);
#3176=VERTEX_POINT('',#11199);
#3177=VERTEX_POINT('',#11201);
#3178=VERTEX_POINT('',#11205);
#3179=VERTEX_POINT('',#11207);
#3180=VERTEX_POINT('',#11211);
#3181=VERTEX_POINT('',#11213);
#3182=VERTEX_POINT('',#11217);
#3183=VERTEX_POINT('',#11219);
#3184=VERTEX_POINT('',#11223);
#3185=VERTEX_POINT('',#11225);
#3186=VERTEX_POINT('',#11229);
#3187=VERTEX_POINT('',#11231);
#3188=VERTEX_POINT('',#11238);
#3189=VERTEX_POINT('',#11239);
#3190=VERTEX_POINT('',#11241);
#3191=VERTEX_POINT('',#11243);
#3192=VERTEX_POINT('',#11247);
#3193=VERTEX_POINT('',#11249);
#3194=VERTEX_POINT('',#11253);
#3195=VERTEX_POINT('',#11255);
#3196=VERTEX_POINT('',#11259);
#3197=VERTEX_POINT('',#11261);
#3198=VERTEX_POINT('',#11265);
#3199=VERTEX_POINT('',#11267);
#3200=VERTEX_POINT('',#11271);
#3201=VERTEX_POINT('',#11273);
#3202=VERTEX_POINT('',#11277);
#3203=VERTEX_POINT('',#11279);
#3204=VERTEX_POINT('',#11286);
#3205=VERTEX_POINT('',#11287);
#3206=VERTEX_POINT('',#11289);
#3207=VERTEX_POINT('',#11291);
#3208=VERTEX_POINT('',#11295);
#3209=VERTEX_POINT('',#11297);
#3210=VERTEX_POINT('',#11301);
#3211=VERTEX_POINT('',#11303);
#3212=VERTEX_POINT('',#11307);
#3213=VERTEX_POINT('',#11309);
#3214=VERTEX_POINT('',#11313);
#3215=VERTEX_POINT('',#11315);
#3216=VERTEX_POINT('',#11319);
#3217=VERTEX_POINT('',#11321);
#3218=VERTEX_POINT('',#11325);
#3219=VERTEX_POINT('',#11327);
#3220=VERTEX_POINT('',#11334);
#3221=VERTEX_POINT('',#11335);
#3222=VERTEX_POINT('',#11337);
#3223=VERTEX_POINT('',#11339);
#3224=VERTEX_POINT('',#11343);
#3225=VERTEX_POINT('',#11345);
#3226=VERTEX_POINT('',#11349);
#3227=VERTEX_POINT('',#11351);
#3228=VERTEX_POINT('',#11355);
#3229=VERTEX_POINT('',#11357);
#3230=VERTEX_POINT('',#11361);
#3231=VERTEX_POINT('',#11363);
#3232=VERTEX_POINT('',#11367);
#3233=VERTEX_POINT('',#11369);
#3234=VERTEX_POINT('',#11373);
#3235=VERTEX_POINT('',#11375);
#3236=VERTEX_POINT('',#11382);
#3237=VERTEX_POINT('',#11383);
#3238=VERTEX_POINT('',#11385);
#3239=VERTEX_POINT('',#11387);
#3240=VERTEX_POINT('',#11391);
#3241=VERTEX_POINT('',#11393);
#3242=VERTEX_POINT('',#11397);
#3243=VERTEX_POINT('',#11399);
#3244=VERTEX_POINT('',#11403);
#3245=VERTEX_POINT('',#11405);
#3246=VERTEX_POINT('',#11409);
#3247=VERTEX_POINT('',#11411);
#3248=VERTEX_POINT('',#11415);
#3249=VERTEX_POINT('',#11417);
#3250=VERTEX_POINT('',#11421);
#3251=VERTEX_POINT('',#11423);
#3252=VERTEX_POINT('',#11430);
#3253=VERTEX_POINT('',#11431);
#3254=VERTEX_POINT('',#11433);
#3255=VERTEX_POINT('',#11435);
#3256=VERTEX_POINT('',#11439);
#3257=VERTEX_POINT('',#11441);
#3258=VERTEX_POINT('',#11445);
#3259=VERTEX_POINT('',#11447);
#3260=VERTEX_POINT('',#11451);
#3261=VERTEX_POINT('',#11453);
#3262=VERTEX_POINT('',#11457);
#3263=VERTEX_POINT('',#11459);
#3264=VERTEX_POINT('',#11463);
#3265=VERTEX_POINT('',#11465);
#3266=VERTEX_POINT('',#11469);
#3267=VERTEX_POINT('',#11471);
#3268=VERTEX_POINT('',#11478);
#3269=VERTEX_POINT('',#11479);
#3270=VERTEX_POINT('',#11481);
#3271=VERTEX_POINT('',#11483);
#3272=VERTEX_POINT('',#11487);
#3273=VERTEX_POINT('',#11489);
#3274=VERTEX_POINT('',#11493);
#3275=VERTEX_POINT('',#11495);
#3276=VERTEX_POINT('',#11499);
#3277=VERTEX_POINT('',#11501);
#3278=VERTEX_POINT('',#11505);
#3279=VERTEX_POINT('',#11507);
#3280=VERTEX_POINT('',#11511);
#3281=VERTEX_POINT('',#11513);
#3282=VERTEX_POINT('',#11517);
#3283=VERTEX_POINT('',#11519);
#3284=VERTEX_POINT('',#11526);
#3285=VERTEX_POINT('',#11527);
#3286=VERTEX_POINT('',#11529);
#3287=VERTEX_POINT('',#11531);
#3288=VERTEX_POINT('',#11535);
#3289=VERTEX_POINT('',#11537);
#3290=VERTEX_POINT('',#11541);
#3291=VERTEX_POINT('',#11543);
#3292=VERTEX_POINT('',#11547);
#3293=VERTEX_POINT('',#11549);
#3294=VERTEX_POINT('',#11553);
#3295=VERTEX_POINT('',#11555);
#3296=VERTEX_POINT('',#11559);
#3297=VERTEX_POINT('',#11561);
#3298=VERTEX_POINT('',#11565);
#3299=VERTEX_POINT('',#11567);
#3300=VERTEX_POINT('',#11574);
#3301=VERTEX_POINT('',#11575);
#3302=VERTEX_POINT('',#11577);
#3303=VERTEX_POINT('',#11579);
#3304=VERTEX_POINT('',#11583);
#3305=VERTEX_POINT('',#11585);
#3306=VERTEX_POINT('',#11589);
#3307=VERTEX_POINT('',#11591);
#3308=VERTEX_POINT('',#11595);
#3309=VERTEX_POINT('',#11597);
#3310=VERTEX_POINT('',#11601);
#3311=VERTEX_POINT('',#11603);
#3312=VERTEX_POINT('',#11607);
#3313=VERTEX_POINT('',#11609);
#3314=VERTEX_POINT('',#11613);
#3315=VERTEX_POINT('',#11615);
#3316=VERTEX_POINT('',#11622);
#3317=VERTEX_POINT('',#11623);
#3318=VERTEX_POINT('',#11625);
#3319=VERTEX_POINT('',#11627);
#3320=VERTEX_POINT('',#11631);
#3321=VERTEX_POINT('',#11633);
#3322=VERTEX_POINT('',#11637);
#3323=VERTEX_POINT('',#11639);
#3324=VERTEX_POINT('',#11643);
#3325=VERTEX_POINT('',#11645);
#3326=VERTEX_POINT('',#11649);
#3327=VERTEX_POINT('',#11651);
#3328=VERTEX_POINT('',#11655);
#3329=VERTEX_POINT('',#11657);
#3330=VERTEX_POINT('',#11661);
#3331=VERTEX_POINT('',#11663);
#3332=VERTEX_POINT('',#11670);
#3333=VERTEX_POINT('',#11671);
#3334=VERTEX_POINT('',#11673);
#3335=VERTEX_POINT('',#11675);
#3336=VERTEX_POINT('',#11679);
#3337=VERTEX_POINT('',#11681);
#3338=VERTEX_POINT('',#11685);
#3339=VERTEX_POINT('',#11687);
#3340=VERTEX_POINT('',#11691);
#3341=VERTEX_POINT('',#11693);
#3342=VERTEX_POINT('',#11697);
#3343=VERTEX_POINT('',#11699);
#3344=VERTEX_POINT('',#11703);
#3345=VERTEX_POINT('',#11705);
#3346=VERTEX_POINT('',#11709);
#3347=VERTEX_POINT('',#11711);
#3348=VERTEX_POINT('',#11718);
#3349=VERTEX_POINT('',#11720);
#3350=VERTEX_POINT('',#11724);
#3351=VERTEX_POINT('',#11725);
#3352=VERTEX_POINT('',#11727);
#3353=VERTEX_POINT('',#11729);
#3354=VERTEX_POINT('',#11733);
#3355=VERTEX_POINT('',#11735);
#3356=VERTEX_POINT('',#11739);
#3357=VERTEX_POINT('',#11741);
#3358=VERTEX_POINT('',#11745);
#3359=VERTEX_POINT('',#11747);
#3360=VERTEX_POINT('',#11751);
#3361=VERTEX_POINT('',#11753);
#3362=VERTEX_POINT('',#11757);
#3363=VERTEX_POINT('',#11759);
#3364=VERTEX_POINT('',#11763);
#3365=VERTEX_POINT('',#11765);
#3366=VERTEX_POINT('',#11772);
#3367=VERTEX_POINT('',#11773);
#3368=VERTEX_POINT('',#11775);
#3369=VERTEX_POINT('',#11777);
#3370=VERTEX_POINT('',#11781);
#3371=VERTEX_POINT('',#11783);
#3372=VERTEX_POINT('',#11787);
#3373=VERTEX_POINT('',#11789);
#3374=VERTEX_POINT('',#11793);
#3375=VERTEX_POINT('',#11795);
#3376=VERTEX_POINT('',#11799);
#3377=VERTEX_POINT('',#11801);
#3378=VERTEX_POINT('',#11805);
#3379=VERTEX_POINT('',#11807);
#3380=VERTEX_POINT('',#11811);
#3381=VERTEX_POINT('',#11813);
#3382=VERTEX_POINT('',#11820);
#3383=VERTEX_POINT('',#11821);
#3384=VERTEX_POINT('',#11823);
#3385=VERTEX_POINT('',#11825);
#3386=VERTEX_POINT('',#11829);
#3387=VERTEX_POINT('',#11831);
#3388=VERTEX_POINT('',#11835);
#3389=VERTEX_POINT('',#11837);
#3390=VERTEX_POINT('',#11841);
#3391=VERTEX_POINT('',#11843);
#3392=VERTEX_POINT('',#11847);
#3393=VERTEX_POINT('',#11849);
#3394=VERTEX_POINT('',#11853);
#3395=VERTEX_POINT('',#11855);
#3396=VERTEX_POINT('',#11859);
#3397=VERTEX_POINT('',#11861);
#3398=VERTEX_POINT('',#11868);
#3399=VERTEX_POINT('',#11869);
#3400=VERTEX_POINT('',#11871);
#3401=VERTEX_POINT('',#11873);
#3402=VERTEX_POINT('',#11877);
#3403=VERTEX_POINT('',#11879);
#3404=VERTEX_POINT('',#11883);
#3405=VERTEX_POINT('',#11885);
#3406=VERTEX_POINT('',#11889);
#3407=VERTEX_POINT('',#11891);
#3408=VERTEX_POINT('',#11895);
#3409=VERTEX_POINT('',#11897);
#3410=VERTEX_POINT('',#11901);
#3411=VERTEX_POINT('',#11903);
#3412=VERTEX_POINT('',#11907);
#3413=VERTEX_POINT('',#11909);
#3414=VERTEX_POINT('',#11916);
#3415=VERTEX_POINT('',#11917);
#3416=VERTEX_POINT('',#11919);
#3417=VERTEX_POINT('',#11921);
#3418=VERTEX_POINT('',#11925);
#3419=VERTEX_POINT('',#11927);
#3420=VERTEX_POINT('',#11931);
#3421=VERTEX_POINT('',#11933);
#3422=VERTEX_POINT('',#11937);
#3423=VERTEX_POINT('',#11939);
#3424=VERTEX_POINT('',#11943);
#3425=VERTEX_POINT('',#11945);
#3426=VERTEX_POINT('',#11949);
#3427=VERTEX_POINT('',#11951);
#3428=VERTEX_POINT('',#11955);
#3429=VERTEX_POINT('',#11957);
#3430=VERTEX_POINT('',#11964);
#3431=VERTEX_POINT('',#11965);
#3432=VERTEX_POINT('',#11967);
#3433=VERTEX_POINT('',#11969);
#3434=VERTEX_POINT('',#11973);
#3435=VERTEX_POINT('',#11975);
#3436=VERTEX_POINT('',#11979);
#3437=VERTEX_POINT('',#11981);
#3438=VERTEX_POINT('',#11985);
#3439=VERTEX_POINT('',#11987);
#3440=VERTEX_POINT('',#11991);
#3441=VERTEX_POINT('',#11993);
#3442=VERTEX_POINT('',#11997);
#3443=VERTEX_POINT('',#11999);
#3444=VERTEX_POINT('',#12003);
#3445=VERTEX_POINT('',#12005);
#3446=VERTEX_POINT('',#12012);
#3447=VERTEX_POINT('',#12013);
#3448=VERTEX_POINT('',#12015);
#3449=VERTEX_POINT('',#12017);
#3450=VERTEX_POINT('',#12021);
#3451=VERTEX_POINT('',#12023);
#3452=VERTEX_POINT('',#12027);
#3453=VERTEX_POINT('',#12029);
#3454=VERTEX_POINT('',#12033);
#3455=VERTEX_POINT('',#12035);
#3456=VERTEX_POINT('',#12039);
#3457=VERTEX_POINT('',#12041);
#3458=VERTEX_POINT('',#12045);
#3459=VERTEX_POINT('',#12047);
#3460=VERTEX_POINT('',#12051);
#3461=VERTEX_POINT('',#12053);
#3462=VERTEX_POINT('',#12060);
#3463=VERTEX_POINT('',#12061);
#3464=VERTEX_POINT('',#12063);
#3465=VERTEX_POINT('',#12065);
#3466=VERTEX_POINT('',#12069);
#3467=VERTEX_POINT('',#12071);
#3468=VERTEX_POINT('',#12075);
#3469=VERTEX_POINT('',#12077);
#3470=VERTEX_POINT('',#12081);
#3471=VERTEX_POINT('',#12083);
#3472=VERTEX_POINT('',#12087);
#3473=VERTEX_POINT('',#12089);
#3474=VERTEX_POINT('',#12093);
#3475=VERTEX_POINT('',#12095);
#3476=VERTEX_POINT('',#12099);
#3477=VERTEX_POINT('',#12101);
#3478=VERTEX_POINT('',#12108);
#3479=VERTEX_POINT('',#12109);
#3480=VERTEX_POINT('',#12111);
#3481=VERTEX_POINT('',#12113);
#3482=VERTEX_POINT('',#12117);
#3483=VERTEX_POINT('',#12119);
#3484=VERTEX_POINT('',#12123);
#3485=VERTEX_POINT('',#12125);
#3486=VERTEX_POINT('',#12129);
#3487=VERTEX_POINT('',#12131);
#3488=VERTEX_POINT('',#12135);
#3489=VERTEX_POINT('',#12137);
#3490=VERTEX_POINT('',#12141);
#3491=VERTEX_POINT('',#12143);
#3492=VERTEX_POINT('',#12147);
#3493=VERTEX_POINT('',#12149);
#3494=VERTEX_POINT('',#12156);
#3495=VERTEX_POINT('',#12157);
#3496=VERTEX_POINT('',#12159);
#3497=VERTEX_POINT('',#12161);
#3498=VERTEX_POINT('',#12165);
#3499=VERTEX_POINT('',#12167);
#3500=VERTEX_POINT('',#12171);
#3501=VERTEX_POINT('',#12173);
#3502=VERTEX_POINT('',#12177);
#3503=VERTEX_POINT('',#12179);
#3504=VERTEX_POINT('',#12183);
#3505=VERTEX_POINT('',#12185);
#3506=VERTEX_POINT('',#12189);
#3507=VERTEX_POINT('',#12191);
#3508=VERTEX_POINT('',#12195);
#3509=VERTEX_POINT('',#12197);
#3510=VERTEX_POINT('',#12204);
#3511=VERTEX_POINT('',#12206);
#3512=VERTEX_POINT('',#12210);
#3513=VERTEX_POINT('',#12211);
#3514=VERTEX_POINT('',#12213);
#3515=VERTEX_POINT('',#12215);
#3516=VERTEX_POINT('',#12219);
#3517=VERTEX_POINT('',#12221);
#3518=VERTEX_POINT('',#12225);
#3519=VERTEX_POINT('',#12227);
#3520=VERTEX_POINT('',#12231);
#3521=VERTEX_POINT('',#12233);
#3522=VERTEX_POINT('',#12237);
#3523=VERTEX_POINT('',#12239);
#3524=VERTEX_POINT('',#12243);
#3525=VERTEX_POINT('',#12245);
#3526=VERTEX_POINT('',#12249);
#3527=VERTEX_POINT('',#12251);
#3528=VERTEX_POINT('',#12258);
#3529=VERTEX_POINT('',#12259);
#3530=VERTEX_POINT('',#12261);
#3531=VERTEX_POINT('',#12263);
#3532=VERTEX_POINT('',#12267);
#3533=VERTEX_POINT('',#12269);
#3534=VERTEX_POINT('',#12273);
#3535=VERTEX_POINT('',#12275);
#3536=VERTEX_POINT('',#12279);
#3537=VERTEX_POINT('',#12281);
#3538=VERTEX_POINT('',#12285);
#3539=VERTEX_POINT('',#12287);
#3540=VERTEX_POINT('',#12291);
#3541=VERTEX_POINT('',#12293);
#3542=VERTEX_POINT('',#12297);
#3543=VERTEX_POINT('',#12299);
#3544=VERTEX_POINT('',#12306);
#3545=VERTEX_POINT('',#12307);
#3546=VERTEX_POINT('',#12309);
#3547=VERTEX_POINT('',#12311);
#3548=VERTEX_POINT('',#12315);
#3549=VERTEX_POINT('',#12317);
#3550=VERTEX_POINT('',#12321);
#3551=VERTEX_POINT('',#12323);
#3552=VERTEX_POINT('',#12327);
#3553=VERTEX_POINT('',#12329);
#3554=VERTEX_POINT('',#12333);
#3555=VERTEX_POINT('',#12335);
#3556=VERTEX_POINT('',#12339);
#3557=VERTEX_POINT('',#12341);
#3558=VERTEX_POINT('',#12345);
#3559=VERTEX_POINT('',#12347);
#3560=VERTEX_POINT('',#12354);
#3561=VERTEX_POINT('',#12355);
#3562=VERTEX_POINT('',#12357);
#3563=VERTEX_POINT('',#12359);
#3564=VERTEX_POINT('',#12363);
#3565=VERTEX_POINT('',#12365);
#3566=VERTEX_POINT('',#12369);
#3567=VERTEX_POINT('',#12371);
#3568=VERTEX_POINT('',#12375);
#3569=VERTEX_POINT('',#12377);
#3570=VERTEX_POINT('',#12381);
#3571=VERTEX_POINT('',#12383);
#3572=VERTEX_POINT('',#12387);
#3573=VERTEX_POINT('',#12389);
#3574=VERTEX_POINT('',#12393);
#3575=VERTEX_POINT('',#12395);
#3576=VERTEX_POINT('',#12402);
#3577=VERTEX_POINT('',#12403);
#3578=VERTEX_POINT('',#12405);
#3579=VERTEX_POINT('',#12407);
#3580=VERTEX_POINT('',#12411);
#3581=VERTEX_POINT('',#12413);
#3582=VERTEX_POINT('',#12417);
#3583=VERTEX_POINT('',#12419);
#3584=VERTEX_POINT('',#12423);
#3585=VERTEX_POINT('',#12425);
#3586=VERTEX_POINT('',#12429);
#3587=VERTEX_POINT('',#12431);
#3588=VERTEX_POINT('',#12435);
#3589=VERTEX_POINT('',#12437);
#3590=VERTEX_POINT('',#12441);
#3591=VERTEX_POINT('',#12443);
#3592=VERTEX_POINT('',#12450);
#3593=VERTEX_POINT('',#12451);
#3594=VERTEX_POINT('',#12453);
#3595=VERTEX_POINT('',#12455);
#3596=VERTEX_POINT('',#12459);
#3597=VERTEX_POINT('',#12461);
#3598=VERTEX_POINT('',#12465);
#3599=VERTEX_POINT('',#12467);
#3600=VERTEX_POINT('',#12471);
#3601=VERTEX_POINT('',#12473);
#3602=VERTEX_POINT('',#12477);
#3603=VERTEX_POINT('',#12479);
#3604=VERTEX_POINT('',#12483);
#3605=VERTEX_POINT('',#12485);
#3606=VERTEX_POINT('',#12489);
#3607=VERTEX_POINT('',#12491);
#3608=VERTEX_POINT('',#12498);
#3609=VERTEX_POINT('',#12499);
#3610=VERTEX_POINT('',#12501);
#3611=VERTEX_POINT('',#12503);
#3612=VERTEX_POINT('',#12507);
#3613=VERTEX_POINT('',#12509);
#3614=VERTEX_POINT('',#12513);
#3615=VERTEX_POINT('',#12515);
#3616=VERTEX_POINT('',#12519);
#3617=VERTEX_POINT('',#12521);
#3618=VERTEX_POINT('',#12525);
#3619=VERTEX_POINT('',#12527);
#3620=VERTEX_POINT('',#12531);
#3621=VERTEX_POINT('',#12533);
#3622=VERTEX_POINT('',#12537);
#3623=VERTEX_POINT('',#12539);
#3624=VERTEX_POINT('',#12546);
#3625=VERTEX_POINT('',#12547);
#3626=VERTEX_POINT('',#12549);
#3627=VERTEX_POINT('',#12551);
#3628=VERTEX_POINT('',#12555);
#3629=VERTEX_POINT('',#12557);
#3630=VERTEX_POINT('',#12561);
#3631=VERTEX_POINT('',#12563);
#3632=VERTEX_POINT('',#12567);
#3633=VERTEX_POINT('',#12569);
#3634=VERTEX_POINT('',#12573);
#3635=VERTEX_POINT('',#12575);
#3636=VERTEX_POINT('',#12579);
#3637=VERTEX_POINT('',#12581);
#3638=VERTEX_POINT('',#12585);
#3639=VERTEX_POINT('',#12587);
#3640=VERTEX_POINT('',#12594);
#3641=VERTEX_POINT('',#12595);
#3642=VERTEX_POINT('',#12597);
#3643=VERTEX_POINT('',#12599);
#3644=VERTEX_POINT('',#12603);
#3645=VERTEX_POINT('',#12605);
#3646=VERTEX_POINT('',#12609);
#3647=VERTEX_POINT('',#12611);
#3648=VERTEX_POINT('',#12615);
#3649=VERTEX_POINT('',#12617);
#3650=VERTEX_POINT('',#12621);
#3651=VERTEX_POINT('',#12623);
#3652=VERTEX_POINT('',#12627);
#3653=VERTEX_POINT('',#12629);
#3654=VERTEX_POINT('',#12633);
#3655=VERTEX_POINT('',#12635);
#3656=VERTEX_POINT('',#12642);
#3657=VERTEX_POINT('',#12643);
#3658=VERTEX_POINT('',#12645);
#3659=VERTEX_POINT('',#12647);
#3660=VERTEX_POINT('',#12651);
#3661=VERTEX_POINT('',#12653);
#3662=VERTEX_POINT('',#12657);
#3663=VERTEX_POINT('',#12659);
#3664=VERTEX_POINT('',#12663);
#3665=VERTEX_POINT('',#12665);
#3666=VERTEX_POINT('',#12669);
#3667=VERTEX_POINT('',#12671);
#3668=VERTEX_POINT('',#12675);
#3669=VERTEX_POINT('',#12677);
#3670=VERTEX_POINT('',#12681);
#3671=VERTEX_POINT('',#12683);
#3672=VERTEX_POINT('',#12690);
#3673=VERTEX_POINT('',#12691);
#3674=VERTEX_POINT('',#12693);
#3675=VERTEX_POINT('',#12695);
#3676=VERTEX_POINT('',#12699);
#3677=VERTEX_POINT('',#12701);
#3678=VERTEX_POINT('',#12705);
#3679=VERTEX_POINT('',#12707);
#3680=VERTEX_POINT('',#12711);
#3681=VERTEX_POINT('',#12713);
#3682=VERTEX_POINT('',#12717);
#3683=VERTEX_POINT('',#12719);
#3684=VERTEX_POINT('',#12723);
#3685=VERTEX_POINT('',#12725);
#3686=VERTEX_POINT('',#12729);
#3687=VERTEX_POINT('',#12731);
#3688=VERTEX_POINT('',#12738);
#3689=VERTEX_POINT('',#12739);
#3690=VERTEX_POINT('',#12741);
#3691=VERTEX_POINT('',#12743);
#3692=VERTEX_POINT('',#12747);
#3693=VERTEX_POINT('',#12749);
#3694=VERTEX_POINT('',#12753);
#3695=VERTEX_POINT('',#12755);
#3696=VERTEX_POINT('',#12759);
#3697=VERTEX_POINT('',#12761);
#3698=VERTEX_POINT('',#12765);
#3699=VERTEX_POINT('',#12767);
#3700=VERTEX_POINT('',#12771);
#3701=VERTEX_POINT('',#12773);
#3702=VERTEX_POINT('',#12777);
#3703=VERTEX_POINT('',#12779);
#3704=VERTEX_POINT('',#12786);
#3705=VERTEX_POINT('',#12787);
#3706=VERTEX_POINT('',#12789);
#3707=VERTEX_POINT('',#12791);
#3708=VERTEX_POINT('',#12795);
#3709=VERTEX_POINT('',#12797);
#3710=VERTEX_POINT('',#12801);
#3711=VERTEX_POINT('',#12803);
#3712=VERTEX_POINT('',#12807);
#3713=VERTEX_POINT('',#12809);
#3714=VERTEX_POINT('',#12813);
#3715=VERTEX_POINT('',#12815);
#3716=VERTEX_POINT('',#12819);
#3717=VERTEX_POINT('',#12821);
#3718=VERTEX_POINT('',#12825);
#3719=VERTEX_POINT('',#12827);
#3720=VERTEX_POINT('',#12834);
#3721=VERTEX_POINT('',#12835);
#3722=VERTEX_POINT('',#12837);
#3723=VERTEX_POINT('',#12839);
#3724=VERTEX_POINT('',#12843);
#3725=VERTEX_POINT('',#12845);
#3726=VERTEX_POINT('',#12849);
#3727=VERTEX_POINT('',#12851);
#3728=VERTEX_POINT('',#12855);
#3729=VERTEX_POINT('',#12857);
#3730=VERTEX_POINT('',#12861);
#3731=VERTEX_POINT('',#12863);
#3732=VERTEX_POINT('',#12867);
#3733=VERTEX_POINT('',#12869);
#3734=VERTEX_POINT('',#12873);
#3735=VERTEX_POINT('',#12875);
#3736=VERTEX_POINT('',#12882);
#3737=VERTEX_POINT('',#12883);
#3738=VERTEX_POINT('',#12885);
#3739=VERTEX_POINT('',#12887);
#3740=VERTEX_POINT('',#12891);
#3741=VERTEX_POINT('',#12893);
#3742=VERTEX_POINT('',#12897);
#3743=VERTEX_POINT('',#12899);
#3744=VERTEX_POINT('',#12903);
#3745=VERTEX_POINT('',#12905);
#3746=VERTEX_POINT('',#12909);
#3747=VERTEX_POINT('',#12911);
#3748=VERTEX_POINT('',#12915);
#3749=VERTEX_POINT('',#12917);
#3750=VERTEX_POINT('',#12921);
#3751=VERTEX_POINT('',#12923);
#3752=VERTEX_POINT('',#12930);
#3753=VERTEX_POINT('',#12931);
#3754=VERTEX_POINT('',#12933);
#3755=VERTEX_POINT('',#12935);
#3756=VERTEX_POINT('',#12939);
#3757=VERTEX_POINT('',#12941);
#3758=VERTEX_POINT('',#12945);
#3759=VERTEX_POINT('',#12947);
#3760=VERTEX_POINT('',#12951);
#3761=VERTEX_POINT('',#12953);
#3762=VERTEX_POINT('',#12957);
#3763=VERTEX_POINT('',#12959);
#3764=VERTEX_POINT('',#12963);
#3765=VERTEX_POINT('',#12965);
#3766=VERTEX_POINT('',#12969);
#3767=VERTEX_POINT('',#12971);
#3768=VERTEX_POINT('',#12978);
#3769=VERTEX_POINT('',#12979);
#3770=VERTEX_POINT('',#12981);
#3771=VERTEX_POINT('',#12983);
#3772=VERTEX_POINT('',#12987);
#3773=VERTEX_POINT('',#12989);
#3774=VERTEX_POINT('',#12993);
#3775=VERTEX_POINT('',#12995);
#3776=VERTEX_POINT('',#12999);
#3777=VERTEX_POINT('',#13001);
#3778=VERTEX_POINT('',#13005);
#3779=VERTEX_POINT('',#13007);
#3780=VERTEX_POINT('',#13011);
#3781=VERTEX_POINT('',#13013);
#3782=VERTEX_POINT('',#13017);
#3783=VERTEX_POINT('',#13019);
#3784=VERTEX_POINT('',#13026);
#3785=VERTEX_POINT('',#13027);
#3786=VERTEX_POINT('',#13029);
#3787=VERTEX_POINT('',#13031);
#3788=VERTEX_POINT('',#13035);
#3789=VERTEX_POINT('',#13037);
#3790=VERTEX_POINT('',#13041);
#3791=VERTEX_POINT('',#13043);
#3792=VERTEX_POINT('',#13047);
#3793=VERTEX_POINT('',#13049);
#3794=VERTEX_POINT('',#13053);
#3795=VERTEX_POINT('',#13055);
#3796=VERTEX_POINT('',#13059);
#3797=VERTEX_POINT('',#13061);
#3798=VERTEX_POINT('',#13065);
#3799=VERTEX_POINT('',#13067);
#3800=VERTEX_POINT('',#13074);
#3801=VERTEX_POINT('',#13075);
#3802=VERTEX_POINT('',#13077);
#3803=VERTEX_POINT('',#13079);
#3804=VERTEX_POINT('',#13083);
#3805=VERTEX_POINT('',#13084);
#3806=VERTEX_POINT('',#13089);
#3807=VERTEX_POINT('',#13091);
#3808=VERTEX_POINT('',#13095);
#3809=VERTEX_POINT('',#13096);
#3810=VERTEX_POINT('',#13101);
#3811=VERTEX_POINT('',#13102);
#3812=VERTEX_POINT('',#13104);
#3813=VERTEX_POINT('',#13106);
#3814=VERTEX_POINT('',#13108);
#3815=VERTEX_POINT('',#13110);
#3816=VERTEX_POINT('',#13112);
#3817=VERTEX_POINT('',#13114);
#3818=VERTEX_POINT('',#13116);
#3819=VERTEX_POINT('',#13118);
#3820=VERTEX_POINT('',#13120);
#3821=VERTEX_POINT('',#13122);
#3822=VERTEX_POINT('',#13124);
#3823=VERTEX_POINT('',#13129);
#3824=VERTEX_POINT('',#13133);
#3825=VERTEX_POINT('',#13135);
#3826=VERTEX_POINT('',#13137);
#3827=VERTEX_POINT('',#13139);
#3828=VERTEX_POINT('',#13141);
#3829=VERTEX_POINT('',#13143);
#3830=VERTEX_POINT('',#13145);
#3831=VERTEX_POINT('',#13147);
#3832=VERTEX_POINT('',#13149);
#3833=VERTEX_POINT('',#13151);
#3834=VERTEX_POINT('',#13153);
#3835=VERTEX_POINT('',#13155);
#3836=EDGE_CURVE('',#3074,#3075,#1528,.T.);
#3837=EDGE_CURVE('',#3074,#3076,#1529,.T.);
#3838=EDGE_CURVE('',#3077,#3076,#1530,.T.);
#3839=EDGE_CURVE('',#3075,#3077,#1531,.T.);
#3840=EDGE_CURVE('',#3078,#3074,#113,.T.);
#3841=EDGE_CURVE('',#3078,#3079,#1532,.T.);
#3842=EDGE_CURVE('',#3076,#3079,#114,.T.);
#3843=EDGE_CURVE('',#3080,#3078,#1533,.T.);
#3844=EDGE_CURVE('',#3080,#3081,#1534,.T.);
#3845=EDGE_CURVE('',#3079,#3081,#1535,.T.);
#3846=EDGE_CURVE('',#3082,#3080,#115,.T.);
#3847=EDGE_CURVE('',#3082,#3083,#1536,.T.);
#3848=EDGE_CURVE('',#3081,#3083,#116,.T.);
#3849=EDGE_CURVE('',#3084,#3082,#1537,.T.);
#3850=EDGE_CURVE('',#3084,#3085,#1538,.T.);
#3851=EDGE_CURVE('',#3083,#3085,#1539,.T.);
#3852=EDGE_CURVE('',#3086,#3084,#117,.T.);
#3853=EDGE_CURVE('',#3086,#3087,#1540,.T.);
#3854=EDGE_CURVE('',#3085,#3087,#118,.T.);
#3855=EDGE_CURVE('',#3088,#3086,#1541,.T.);
#3856=EDGE_CURVE('',#3088,#3089,#1542,.T.);
#3857=EDGE_CURVE('',#3087,#3089,#1543,.T.);
#3858=EDGE_CURVE('',#3075,#3088,#119,.T.);
#3859=EDGE_CURVE('',#3089,#3077,#120,.T.);
#3860=EDGE_CURVE('',#3090,#3091,#1544,.T.);
#3861=EDGE_CURVE('',#3090,#3092,#1545,.T.);
#3862=EDGE_CURVE('',#3093,#3092,#1546,.T.);
#3863=EDGE_CURVE('',#3091,#3093,#1547,.T.);
#3864=EDGE_CURVE('',#3094,#3090,#121,.T.);
#3865=EDGE_CURVE('',#3094,#3095,#1548,.T.);
#3866=EDGE_CURVE('',#3092,#3095,#122,.T.);
#3867=EDGE_CURVE('',#3096,#3094,#1549,.T.);
#3868=EDGE_CURVE('',#3096,#3097,#1550,.T.);
#3869=EDGE_CURVE('',#3095,#3097,#1551,.T.);
#3870=EDGE_CURVE('',#3098,#3096,#123,.T.);
#3871=EDGE_CURVE('',#3098,#3099,#1552,.T.);
#3872=EDGE_CURVE('',#3097,#3099,#124,.T.);
#3873=EDGE_CURVE('',#3100,#3098,#1553,.T.);
#3874=EDGE_CURVE('',#3100,#3101,#1554,.T.);
#3875=EDGE_CURVE('',#3099,#3101,#1555,.T.);
#3876=EDGE_CURVE('',#3102,#3100,#125,.T.);
#3877=EDGE_CURVE('',#3102,#3103,#1556,.T.);
#3878=EDGE_CURVE('',#3101,#3103,#126,.T.);
#3879=EDGE_CURVE('',#3104,#3102,#1557,.T.);
#3880=EDGE_CURVE('',#3104,#3105,#1558,.T.);
#3881=EDGE_CURVE('',#3103,#3105,#1559,.T.);
#3882=EDGE_CURVE('',#3091,#3104,#127,.T.);
#3883=EDGE_CURVE('',#3105,#3093,#128,.T.);
#3884=EDGE_CURVE('',#3106,#3107,#1560,.T.);
#3885=EDGE_CURVE('',#3106,#3108,#1561,.T.);
#3886=EDGE_CURVE('',#3109,#3108,#1562,.T.);
#3887=EDGE_CURVE('',#3107,#3109,#1563,.T.);
#3888=EDGE_CURVE('',#3110,#3106,#129,.T.);
#3889=EDGE_CURVE('',#3110,#3111,#1564,.T.);
#3890=EDGE_CURVE('',#3108,#3111,#130,.T.);
#3891=EDGE_CURVE('',#3112,#3110,#1565,.T.);
#3892=EDGE_CURVE('',#3112,#3113,#1566,.T.);
#3893=EDGE_CURVE('',#3111,#3113,#1567,.T.);
#3894=EDGE_CURVE('',#3114,#3112,#131,.T.);
#3895=EDGE_CURVE('',#3114,#3115,#1568,.T.);
#3896=EDGE_CURVE('',#3113,#3115,#132,.T.);
#3897=EDGE_CURVE('',#3116,#3114,#1569,.T.);
#3898=EDGE_CURVE('',#3116,#3117,#1570,.T.);
#3899=EDGE_CURVE('',#3115,#3117,#1571,.T.);
#3900=EDGE_CURVE('',#3118,#3116,#133,.T.);
#3901=EDGE_CURVE('',#3118,#3119,#1572,.T.);
#3902=EDGE_CURVE('',#3117,#3119,#134,.T.);
#3903=EDGE_CURVE('',#3120,#3118,#1573,.T.);
#3904=EDGE_CURVE('',#3120,#3121,#1574,.T.);
#3905=EDGE_CURVE('',#3119,#3121,#1575,.T.);
#3906=EDGE_CURVE('',#3107,#3120,#135,.T.);
#3907=EDGE_CURVE('',#3121,#3109,#136,.T.);
#3908=EDGE_CURVE('',#3122,#3123,#1576,.T.);
#3909=EDGE_CURVE('',#3122,#3124,#1577,.T.);
#3910=EDGE_CURVE('',#3125,#3124,#1578,.T.);
#3911=EDGE_CURVE('',#3123,#3125,#1579,.T.);
#3912=EDGE_CURVE('',#3126,#3122,#137,.T.);
#3913=EDGE_CURVE('',#3126,#3127,#1580,.T.);
#3914=EDGE_CURVE('',#3124,#3127,#138,.T.);
#3915=EDGE_CURVE('',#3128,#3126,#1581,.T.);
#3916=EDGE_CURVE('',#3128,#3129,#1582,.T.);
#3917=EDGE_CURVE('',#3127,#3129,#1583,.T.);
#3918=EDGE_CURVE('',#3130,#3128,#139,.T.);
#3919=EDGE_CURVE('',#3130,#3131,#1584,.T.);
#3920=EDGE_CURVE('',#3129,#3131,#140,.T.);
#3921=EDGE_CURVE('',#3132,#3130,#1585,.T.);
#3922=EDGE_CURVE('',#3132,#3133,#1586,.T.);
#3923=EDGE_CURVE('',#3131,#3133,#1587,.T.);
#3924=EDGE_CURVE('',#3134,#3132,#141,.T.);
#3925=EDGE_CURVE('',#3134,#3135,#1588,.T.);
#3926=EDGE_CURVE('',#3133,#3135,#142,.T.);
#3927=EDGE_CURVE('',#3136,#3134,#1589,.T.);
#3928=EDGE_CURVE('',#3136,#3137,#1590,.T.);
#3929=EDGE_CURVE('',#3135,#3137,#1591,.T.);
#3930=EDGE_CURVE('',#3123,#3136,#143,.T.);
#3931=EDGE_CURVE('',#3137,#3125,#144,.T.);
#3932=EDGE_CURVE('',#3138,#3138,#145,.T.);
#3933=EDGE_CURVE('',#3138,#3139,#1592,.T.);
#3934=EDGE_CURVE('',#3139,#3139,#146,.T.);
#3935=EDGE_CURVE('',#3140,#3141,#1593,.T.);
#3936=EDGE_CURVE('',#3140,#3142,#1594,.T.);
#3937=EDGE_CURVE('',#3143,#3142,#1595,.T.);
#3938=EDGE_CURVE('',#3141,#3143,#1596,.T.);
#3939=EDGE_CURVE('',#3144,#3140,#147,.T.);
#3940=EDGE_CURVE('',#3144,#3145,#1597,.T.);
#3941=EDGE_CURVE('',#3142,#3145,#148,.T.);
#3942=EDGE_CURVE('',#3146,#3144,#1598,.T.);
#3943=EDGE_CURVE('',#3146,#3147,#1599,.T.);
#3944=EDGE_CURVE('',#3145,#3147,#1600,.T.);
#3945=EDGE_CURVE('',#3148,#3146,#149,.T.);
#3946=EDGE_CURVE('',#3148,#3149,#1601,.T.);
#3947=EDGE_CURVE('',#3147,#3149,#150,.T.);
#3948=EDGE_CURVE('',#3150,#3148,#1602,.T.);
#3949=EDGE_CURVE('',#3150,#3151,#1603,.T.);
#3950=EDGE_CURVE('',#3149,#3151,#1604,.T.);
#3951=EDGE_CURVE('',#3152,#3150,#151,.T.);
#3952=EDGE_CURVE('',#3152,#3153,#1605,.T.);
#3953=EDGE_CURVE('',#3151,#3153,#152,.T.);
#3954=EDGE_CURVE('',#3154,#3152,#1606,.T.);
#3955=EDGE_CURVE('',#3154,#3155,#1607,.T.);
#3956=EDGE_CURVE('',#3153,#3155,#1608,.T.);
#3957=EDGE_CURVE('',#3141,#3154,#153,.T.);
#3958=EDGE_CURVE('',#3155,#3143,#154,.T.);
#3959=EDGE_CURVE('',#3156,#3157,#1609,.T.);
#3960=EDGE_CURVE('',#3156,#3158,#1610,.T.);
#3961=EDGE_CURVE('',#3159,#3158,#1611,.T.);
#3962=EDGE_CURVE('',#3157,#3159,#1612,.T.);
#3963=EDGE_CURVE('',#3160,#3156,#155,.T.);
#3964=EDGE_CURVE('',#3160,#3161,#1613,.T.);
#3965=EDGE_CURVE('',#3158,#3161,#156,.T.);
#3966=EDGE_CURVE('',#3162,#3160,#1614,.T.);
#3967=EDGE_CURVE('',#3162,#3163,#1615,.T.);
#3968=EDGE_CURVE('',#3161,#3163,#1616,.T.);
#3969=EDGE_CURVE('',#3164,#3162,#157,.T.);
#3970=EDGE_CURVE('',#3164,#3165,#1617,.T.);
#3971=EDGE_CURVE('',#3163,#3165,#158,.T.);
#3972=EDGE_CURVE('',#3166,#3164,#1618,.T.);
#3973=EDGE_CURVE('',#3166,#3167,#1619,.T.);
#3974=EDGE_CURVE('',#3165,#3167,#1620,.T.);
#3975=EDGE_CURVE('',#3168,#3166,#159,.T.);
#3976=EDGE_CURVE('',#3168,#3169,#1621,.T.);
#3977=EDGE_CURVE('',#3167,#3169,#160,.T.);
#3978=EDGE_CURVE('',#3170,#3168,#1622,.T.);
#3979=EDGE_CURVE('',#3170,#3171,#1623,.T.);
#3980=EDGE_CURVE('',#3169,#3171,#1624,.T.);
#3981=EDGE_CURVE('',#3157,#3170,#161,.T.);
#3982=EDGE_CURVE('',#3171,#3159,#162,.T.);
#3983=EDGE_CURVE('',#3172,#3173,#1625,.T.);
#3984=EDGE_CURVE('',#3172,#3174,#1626,.T.);
#3985=EDGE_CURVE('',#3175,#3174,#1627,.T.);
#3986=EDGE_CURVE('',#3173,#3175,#1628,.T.);
#3987=EDGE_CURVE('',#3176,#3172,#163,.T.);
#3988=EDGE_CURVE('',#3176,#3177,#1629,.T.);
#3989=EDGE_CURVE('',#3174,#3177,#164,.T.);
#3990=EDGE_CURVE('',#3178,#3176,#1630,.T.);
#3991=EDGE_CURVE('',#3178,#3179,#1631,.T.);
#3992=EDGE_CURVE('',#3177,#3179,#1632,.T.);
#3993=EDGE_CURVE('',#3180,#3178,#165,.T.);
#3994=EDGE_CURVE('',#3180,#3181,#1633,.T.);
#3995=EDGE_CURVE('',#3179,#3181,#166,.T.);
#3996=EDGE_CURVE('',#3182,#3180,#1634,.T.);
#3997=EDGE_CURVE('',#3182,#3183,#1635,.T.);
#3998=EDGE_CURVE('',#3181,#3183,#1636,.T.);
#3999=EDGE_CURVE('',#3184,#3182,#167,.T.);
#4000=EDGE_CURVE('',#3184,#3185,#1637,.T.);
#4001=EDGE_CURVE('',#3183,#3185,#168,.T.);
#4002=EDGE_CURVE('',#3186,#3184,#1638,.T.);
#4003=EDGE_CURVE('',#3186,#3187,#1639,.T.);
#4004=EDGE_CURVE('',#3185,#3187,#1640,.T.);
#4005=EDGE_CURVE('',#3173,#3186,#169,.T.);
#4006=EDGE_CURVE('',#3187,#3175,#170,.T.);
#4007=EDGE_CURVE('',#3188,#3189,#1641,.T.);
#4008=EDGE_CURVE('',#3188,#3190,#1642,.T.);
#4009=EDGE_CURVE('',#3191,#3190,#1643,.T.);
#4010=EDGE_CURVE('',#3189,#3191,#1644,.T.);
#4011=EDGE_CURVE('',#3192,#3188,#171,.T.);
#4012=EDGE_CURVE('',#3192,#3193,#1645,.T.);
#4013=EDGE_CURVE('',#3190,#3193,#172,.T.);
#4014=EDGE_CURVE('',#3194,#3192,#1646,.T.);
#4015=EDGE_CURVE('',#3194,#3195,#1647,.T.);
#4016=EDGE_CURVE('',#3193,#3195,#1648,.T.);
#4017=EDGE_CURVE('',#3196,#3194,#173,.T.);
#4018=EDGE_CURVE('',#3196,#3197,#1649,.T.);
#4019=EDGE_CURVE('',#3195,#3197,#174,.T.);
#4020=EDGE_CURVE('',#3198,#3196,#1650,.T.);
#4021=EDGE_CURVE('',#3198,#3199,#1651,.T.);
#4022=EDGE_CURVE('',#3197,#3199,#1652,.T.);
#4023=EDGE_CURVE('',#3200,#3198,#175,.T.);
#4024=EDGE_CURVE('',#3200,#3201,#1653,.T.);
#4025=EDGE_CURVE('',#3199,#3201,#176,.T.);
#4026=EDGE_CURVE('',#3202,#3200,#1654,.T.);
#4027=EDGE_CURVE('',#3202,#3203,#1655,.T.);
#4028=EDGE_CURVE('',#3201,#3203,#1656,.T.);
#4029=EDGE_CURVE('',#3189,#3202,#177,.T.);
#4030=EDGE_CURVE('',#3203,#3191,#178,.T.);
#4031=EDGE_CURVE('',#3204,#3205,#1657,.T.);
#4032=EDGE_CURVE('',#3204,#3206,#1658,.T.);
#4033=EDGE_CURVE('',#3207,#3206,#1659,.T.);
#4034=EDGE_CURVE('',#3205,#3207,#1660,.T.);
#4035=EDGE_CURVE('',#3208,#3204,#179,.T.);
#4036=EDGE_CURVE('',#3208,#3209,#1661,.T.);
#4037=EDGE_CURVE('',#3206,#3209,#180,.T.);
#4038=EDGE_CURVE('',#3210,#3208,#1662,.T.);
#4039=EDGE_CURVE('',#3210,#3211,#1663,.T.);
#4040=EDGE_CURVE('',#3209,#3211,#1664,.T.);
#4041=EDGE_CURVE('',#3212,#3210,#181,.T.);
#4042=EDGE_CURVE('',#3212,#3213,#1665,.T.);
#4043=EDGE_CURVE('',#3211,#3213,#182,.T.);
#4044=EDGE_CURVE('',#3214,#3212,#1666,.T.);
#4045=EDGE_CURVE('',#3214,#3215,#1667,.T.);
#4046=EDGE_CURVE('',#3213,#3215,#1668,.T.);
#4047=EDGE_CURVE('',#3216,#3214,#183,.T.);
#4048=EDGE_CURVE('',#3216,#3217,#1669,.T.);
#4049=EDGE_CURVE('',#3215,#3217,#184,.T.);
#4050=EDGE_CURVE('',#3218,#3216,#1670,.T.);
#4051=EDGE_CURVE('',#3218,#3219,#1671,.T.);
#4052=EDGE_CURVE('',#3217,#3219,#1672,.T.);
#4053=EDGE_CURVE('',#3205,#3218,#185,.T.);
#4054=EDGE_CURVE('',#3219,#3207,#186,.T.);
#4055=EDGE_CURVE('',#3220,#3221,#1673,.T.);
#4056=EDGE_CURVE('',#3220,#3222,#1674,.T.);
#4057=EDGE_CURVE('',#3223,#3222,#1675,.T.);
#4058=EDGE_CURVE('',#3221,#3223,#1676,.T.);
#4059=EDGE_CURVE('',#3224,#3220,#187,.T.);
#4060=EDGE_CURVE('',#3224,#3225,#1677,.T.);
#4061=EDGE_CURVE('',#3222,#3225,#188,.T.);
#4062=EDGE_CURVE('',#3226,#3224,#1678,.T.);
#4063=EDGE_CURVE('',#3226,#3227,#1679,.T.);
#4064=EDGE_CURVE('',#3225,#3227,#1680,.T.);
#4065=EDGE_CURVE('',#3228,#3226,#189,.T.);
#4066=EDGE_CURVE('',#3228,#3229,#1681,.T.);
#4067=EDGE_CURVE('',#3227,#3229,#190,.T.);
#4068=EDGE_CURVE('',#3230,#3228,#1682,.T.);
#4069=EDGE_CURVE('',#3230,#3231,#1683,.T.);
#4070=EDGE_CURVE('',#3229,#3231,#1684,.T.);
#4071=EDGE_CURVE('',#3232,#3230,#191,.T.);
#4072=EDGE_CURVE('',#3232,#3233,#1685,.T.);
#4073=EDGE_CURVE('',#3231,#3233,#192,.T.);
#4074=EDGE_CURVE('',#3234,#3232,#1686,.T.);
#4075=EDGE_CURVE('',#3234,#3235,#1687,.T.);
#4076=EDGE_CURVE('',#3233,#3235,#1688,.T.);
#4077=EDGE_CURVE('',#3221,#3234,#193,.T.);
#4078=EDGE_CURVE('',#3235,#3223,#194,.T.);
#4079=EDGE_CURVE('',#3236,#3237,#1689,.T.);
#4080=EDGE_CURVE('',#3236,#3238,#1690,.T.);
#4081=EDGE_CURVE('',#3239,#3238,#1691,.T.);
#4082=EDGE_CURVE('',#3237,#3239,#1692,.T.);
#4083=EDGE_CURVE('',#3240,#3236,#195,.T.);
#4084=EDGE_CURVE('',#3240,#3241,#1693,.T.);
#4085=EDGE_CURVE('',#3238,#3241,#196,.T.);
#4086=EDGE_CURVE('',#3242,#3240,#1694,.T.);
#4087=EDGE_CURVE('',#3242,#3243,#1695,.T.);
#4088=EDGE_CURVE('',#3241,#3243,#1696,.T.);
#4089=EDGE_CURVE('',#3244,#3242,#197,.T.);
#4090=EDGE_CURVE('',#3244,#3245,#1697,.T.);
#4091=EDGE_CURVE('',#3243,#3245,#198,.T.);
#4092=EDGE_CURVE('',#3246,#3244,#1698,.T.);
#4093=EDGE_CURVE('',#3246,#3247,#1699,.T.);
#4094=EDGE_CURVE('',#3245,#3247,#1700,.T.);
#4095=EDGE_CURVE('',#3248,#3246,#199,.T.);
#4096=EDGE_CURVE('',#3248,#3249,#1701,.T.);
#4097=EDGE_CURVE('',#3247,#3249,#200,.T.);
#4098=EDGE_CURVE('',#3250,#3248,#1702,.T.);
#4099=EDGE_CURVE('',#3250,#3251,#1703,.T.);
#4100=EDGE_CURVE('',#3249,#3251,#1704,.T.);
#4101=EDGE_CURVE('',#3237,#3250,#201,.T.);
#4102=EDGE_CURVE('',#3251,#3239,#202,.T.);
#4103=EDGE_CURVE('',#3252,#3253,#1705,.T.);
#4104=EDGE_CURVE('',#3252,#3254,#1706,.T.);
#4105=EDGE_CURVE('',#3255,#3254,#1707,.T.);
#4106=EDGE_CURVE('',#3253,#3255,#1708,.T.);
#4107=EDGE_CURVE('',#3256,#3252,#203,.T.);
#4108=EDGE_CURVE('',#3256,#3257,#1709,.T.);
#4109=EDGE_CURVE('',#3254,#3257,#204,.T.);
#4110=EDGE_CURVE('',#3258,#3256,#1710,.T.);
#4111=EDGE_CURVE('',#3258,#3259,#1711,.T.);
#4112=EDGE_CURVE('',#3257,#3259,#1712,.T.);
#4113=EDGE_CURVE('',#3260,#3258,#205,.T.);
#4114=EDGE_CURVE('',#3260,#3261,#1713,.T.);
#4115=EDGE_CURVE('',#3259,#3261,#206,.T.);
#4116=EDGE_CURVE('',#3262,#3260,#1714,.T.);
#4117=EDGE_CURVE('',#3262,#3263,#1715,.T.);
#4118=EDGE_CURVE('',#3261,#3263,#1716,.T.);
#4119=EDGE_CURVE('',#3264,#3262,#207,.T.);
#4120=EDGE_CURVE('',#3264,#3265,#1717,.T.);
#4121=EDGE_CURVE('',#3263,#3265,#208,.T.);
#4122=EDGE_CURVE('',#3266,#3264,#1718,.T.);
#4123=EDGE_CURVE('',#3266,#3267,#1719,.T.);
#4124=EDGE_CURVE('',#3265,#3267,#1720,.T.);
#4125=EDGE_CURVE('',#3253,#3266,#209,.T.);
#4126=EDGE_CURVE('',#3267,#3255,#210,.T.);
#4127=EDGE_CURVE('',#3268,#3269,#1721,.T.);
#4128=EDGE_CURVE('',#3268,#3270,#1722,.T.);
#4129=EDGE_CURVE('',#3271,#3270,#1723,.T.);
#4130=EDGE_CURVE('',#3269,#3271,#1724,.T.);
#4131=EDGE_CURVE('',#3272,#3268,#211,.T.);
#4132=EDGE_CURVE('',#3272,#3273,#1725,.T.);
#4133=EDGE_CURVE('',#3270,#3273,#212,.T.);
#4134=EDGE_CURVE('',#3274,#3272,#1726,.T.);
#4135=EDGE_CURVE('',#3274,#3275,#1727,.T.);
#4136=EDGE_CURVE('',#3273,#3275,#1728,.T.);
#4137=EDGE_CURVE('',#3276,#3274,#213,.T.);
#4138=EDGE_CURVE('',#3276,#3277,#1729,.T.);
#4139=EDGE_CURVE('',#3275,#3277,#214,.T.);
#4140=EDGE_CURVE('',#3278,#3276,#1730,.T.);
#4141=EDGE_CURVE('',#3278,#3279,#1731,.T.);
#4142=EDGE_CURVE('',#3277,#3279,#1732,.T.);
#4143=EDGE_CURVE('',#3280,#3278,#215,.T.);
#4144=EDGE_CURVE('',#3280,#3281,#1733,.T.);
#4145=EDGE_CURVE('',#3279,#3281,#216,.T.);
#4146=EDGE_CURVE('',#3282,#3280,#1734,.T.);
#4147=EDGE_CURVE('',#3282,#3283,#1735,.T.);
#4148=EDGE_CURVE('',#3281,#3283,#1736,.T.);
#4149=EDGE_CURVE('',#3269,#3282,#217,.T.);
#4150=EDGE_CURVE('',#3283,#3271,#218,.T.);
#4151=EDGE_CURVE('',#3284,#3285,#1737,.T.);
#4152=EDGE_CURVE('',#3284,#3286,#1738,.T.);
#4153=EDGE_CURVE('',#3287,#3286,#1739,.T.);
#4154=EDGE_CURVE('',#3285,#3287,#1740,.T.);
#4155=EDGE_CURVE('',#3288,#3284,#219,.T.);
#4156=EDGE_CURVE('',#3288,#3289,#1741,.T.);
#4157=EDGE_CURVE('',#3286,#3289,#220,.T.);
#4158=EDGE_CURVE('',#3290,#3288,#1742,.T.);
#4159=EDGE_CURVE('',#3290,#3291,#1743,.T.);
#4160=EDGE_CURVE('',#3289,#3291,#1744,.T.);
#4161=EDGE_CURVE('',#3292,#3290,#221,.T.);
#4162=EDGE_CURVE('',#3292,#3293,#1745,.T.);
#4163=EDGE_CURVE('',#3291,#3293,#222,.T.);
#4164=EDGE_CURVE('',#3294,#3292,#1746,.T.);
#4165=EDGE_CURVE('',#3294,#3295,#1747,.T.);
#4166=EDGE_CURVE('',#3293,#3295,#1748,.T.);
#4167=EDGE_CURVE('',#3296,#3294,#223,.T.);
#4168=EDGE_CURVE('',#3296,#3297,#1749,.T.);
#4169=EDGE_CURVE('',#3295,#3297,#224,.T.);
#4170=EDGE_CURVE('',#3298,#3296,#1750,.T.);
#4171=EDGE_CURVE('',#3298,#3299,#1751,.T.);
#4172=EDGE_CURVE('',#3297,#3299,#1752,.T.);
#4173=EDGE_CURVE('',#3285,#3298,#225,.T.);
#4174=EDGE_CURVE('',#3299,#3287,#226,.T.);
#4175=EDGE_CURVE('',#3300,#3301,#1753,.T.);
#4176=EDGE_CURVE('',#3300,#3302,#1754,.T.);
#4177=EDGE_CURVE('',#3303,#3302,#1755,.T.);
#4178=EDGE_CURVE('',#3301,#3303,#1756,.T.);
#4179=EDGE_CURVE('',#3304,#3300,#227,.T.);
#4180=EDGE_CURVE('',#3304,#3305,#1757,.T.);
#4181=EDGE_CURVE('',#3302,#3305,#228,.T.);
#4182=EDGE_CURVE('',#3306,#3304,#1758,.T.);
#4183=EDGE_CURVE('',#3306,#3307,#1759,.T.);
#4184=EDGE_CURVE('',#3305,#3307,#1760,.T.);
#4185=EDGE_CURVE('',#3308,#3306,#229,.T.);
#4186=EDGE_CURVE('',#3308,#3309,#1761,.T.);
#4187=EDGE_CURVE('',#3307,#3309,#230,.T.);
#4188=EDGE_CURVE('',#3310,#3308,#1762,.T.);
#4189=EDGE_CURVE('',#3310,#3311,#1763,.T.);
#4190=EDGE_CURVE('',#3309,#3311,#1764,.T.);
#4191=EDGE_CURVE('',#3312,#3310,#231,.T.);
#4192=EDGE_CURVE('',#3312,#3313,#1765,.T.);
#4193=EDGE_CURVE('',#3311,#3313,#232,.T.);
#4194=EDGE_CURVE('',#3314,#3312,#1766,.T.);
#4195=EDGE_CURVE('',#3314,#3315,#1767,.T.);
#4196=EDGE_CURVE('',#3313,#3315,#1768,.T.);
#4197=EDGE_CURVE('',#3301,#3314,#233,.T.);
#4198=EDGE_CURVE('',#3315,#3303,#234,.T.);
#4199=EDGE_CURVE('',#3316,#3317,#1769,.T.);
#4200=EDGE_CURVE('',#3316,#3318,#1770,.T.);
#4201=EDGE_CURVE('',#3319,#3318,#1771,.T.);
#4202=EDGE_CURVE('',#3317,#3319,#1772,.T.);
#4203=EDGE_CURVE('',#3320,#3316,#235,.T.);
#4204=EDGE_CURVE('',#3320,#3321,#1773,.T.);
#4205=EDGE_CURVE('',#3318,#3321,#236,.T.);
#4206=EDGE_CURVE('',#3322,#3320,#1774,.T.);
#4207=EDGE_CURVE('',#3322,#3323,#1775,.T.);
#4208=EDGE_CURVE('',#3321,#3323,#1776,.T.);
#4209=EDGE_CURVE('',#3324,#3322,#237,.T.);
#4210=EDGE_CURVE('',#3324,#3325,#1777,.T.);
#4211=EDGE_CURVE('',#3323,#3325,#238,.T.);
#4212=EDGE_CURVE('',#3326,#3324,#1778,.T.);
#4213=EDGE_CURVE('',#3326,#3327,#1779,.T.);
#4214=EDGE_CURVE('',#3325,#3327,#1780,.T.);
#4215=EDGE_CURVE('',#3328,#3326,#239,.T.);
#4216=EDGE_CURVE('',#3328,#3329,#1781,.T.);
#4217=EDGE_CURVE('',#3327,#3329,#240,.T.);
#4218=EDGE_CURVE('',#3330,#3328,#1782,.T.);
#4219=EDGE_CURVE('',#3330,#3331,#1783,.T.);
#4220=EDGE_CURVE('',#3329,#3331,#1784,.T.);
#4221=EDGE_CURVE('',#3317,#3330,#241,.T.);
#4222=EDGE_CURVE('',#3331,#3319,#242,.T.);
#4223=EDGE_CURVE('',#3332,#3333,#1785,.T.);
#4224=EDGE_CURVE('',#3332,#3334,#1786,.T.);
#4225=EDGE_CURVE('',#3335,#3334,#1787,.T.);
#4226=EDGE_CURVE('',#3333,#3335,#1788,.T.);
#4227=EDGE_CURVE('',#3336,#3332,#243,.T.);
#4228=EDGE_CURVE('',#3336,#3337,#1789,.T.);
#4229=EDGE_CURVE('',#3334,#3337,#244,.T.);
#4230=EDGE_CURVE('',#3338,#3336,#1790,.T.);
#4231=EDGE_CURVE('',#3338,#3339,#1791,.T.);
#4232=EDGE_CURVE('',#3337,#3339,#1792,.T.);
#4233=EDGE_CURVE('',#3340,#3338,#245,.T.);
#4234=EDGE_CURVE('',#3340,#3341,#1793,.T.);
#4235=EDGE_CURVE('',#3339,#3341,#246,.T.);
#4236=EDGE_CURVE('',#3342,#3340,#1794,.T.);
#4237=EDGE_CURVE('',#3342,#3343,#1795,.T.);
#4238=EDGE_CURVE('',#3341,#3343,#1796,.T.);
#4239=EDGE_CURVE('',#3344,#3342,#247,.T.);
#4240=EDGE_CURVE('',#3344,#3345,#1797,.T.);
#4241=EDGE_CURVE('',#3343,#3345,#248,.T.);
#4242=EDGE_CURVE('',#3346,#3344,#1798,.T.);
#4243=EDGE_CURVE('',#3346,#3347,#1799,.T.);
#4244=EDGE_CURVE('',#3345,#3347,#1800,.T.);
#4245=EDGE_CURVE('',#3333,#3346,#249,.T.);
#4246=EDGE_CURVE('',#3347,#3335,#250,.T.);
#4247=EDGE_CURVE('',#3348,#3348,#251,.T.);
#4248=EDGE_CURVE('',#3348,#3349,#1801,.T.);
#4249=EDGE_CURVE('',#3349,#3349,#252,.T.);
#4250=EDGE_CURVE('',#3350,#3351,#1802,.T.);
#4251=EDGE_CURVE('',#3350,#3352,#1803,.T.);
#4252=EDGE_CURVE('',#3353,#3352,#1804,.T.);
#4253=EDGE_CURVE('',#3351,#3353,#1805,.T.);
#4254=EDGE_CURVE('',#3354,#3350,#253,.T.);
#4255=EDGE_CURVE('',#3354,#3355,#1806,.T.);
#4256=EDGE_CURVE('',#3352,#3355,#254,.T.);
#4257=EDGE_CURVE('',#3356,#3354,#1807,.T.);
#4258=EDGE_CURVE('',#3356,#3357,#1808,.T.);
#4259=EDGE_CURVE('',#3355,#3357,#1809,.T.);
#4260=EDGE_CURVE('',#3358,#3356,#255,.T.);
#4261=EDGE_CURVE('',#3358,#3359,#1810,.T.);
#4262=EDGE_CURVE('',#3357,#3359,#256,.T.);
#4263=EDGE_CURVE('',#3360,#3358,#1811,.T.);
#4264=EDGE_CURVE('',#3360,#3361,#1812,.T.);
#4265=EDGE_CURVE('',#3359,#3361,#1813,.T.);
#4266=EDGE_CURVE('',#3362,#3360,#257,.T.);
#4267=EDGE_CURVE('',#3362,#3363,#1814,.T.);
#4268=EDGE_CURVE('',#3361,#3363,#258,.T.);
#4269=EDGE_CURVE('',#3364,#3362,#1815,.T.);
#4270=EDGE_CURVE('',#3364,#3365,#1816,.T.);
#4271=EDGE_CURVE('',#3363,#3365,#1817,.T.);
#4272=EDGE_CURVE('',#3351,#3364,#259,.T.);
#4273=EDGE_CURVE('',#3365,#3353,#260,.T.);
#4274=EDGE_CURVE('',#3366,#3367,#1818,.T.);
#4275=EDGE_CURVE('',#3366,#3368,#1819,.T.);
#4276=EDGE_CURVE('',#3369,#3368,#1820,.T.);
#4277=EDGE_CURVE('',#3367,#3369,#1821,.T.);
#4278=EDGE_CURVE('',#3370,#3366,#261,.T.);
#4279=EDGE_CURVE('',#3370,#3371,#1822,.T.);
#4280=EDGE_CURVE('',#3368,#3371,#262,.T.);
#4281=EDGE_CURVE('',#3372,#3370,#1823,.T.);
#4282=EDGE_CURVE('',#3372,#3373,#1824,.T.);
#4283=EDGE_CURVE('',#3371,#3373,#1825,.T.);
#4284=EDGE_CURVE('',#3374,#3372,#263,.T.);
#4285=EDGE_CURVE('',#3374,#3375,#1826,.T.);
#4286=EDGE_CURVE('',#3373,#3375,#264,.T.);
#4287=EDGE_CURVE('',#3376,#3374,#1827,.T.);
#4288=EDGE_CURVE('',#3376,#3377,#1828,.T.);
#4289=EDGE_CURVE('',#3375,#3377,#1829,.T.);
#4290=EDGE_CURVE('',#3378,#3376,#265,.T.);
#4291=EDGE_CURVE('',#3378,#3379,#1830,.T.);
#4292=EDGE_CURVE('',#3377,#3379,#266,.T.);
#4293=EDGE_CURVE('',#3380,#3378,#1831,.T.);
#4294=EDGE_CURVE('',#3380,#3381,#1832,.T.);
#4295=EDGE_CURVE('',#3379,#3381,#1833,.T.);
#4296=EDGE_CURVE('',#3367,#3380,#267,.T.);
#4297=EDGE_CURVE('',#3381,#3369,#268,.T.);
#4298=EDGE_CURVE('',#3382,#3383,#1834,.T.);
#4299=EDGE_CURVE('',#3382,#3384,#1835,.T.);
#4300=EDGE_CURVE('',#3385,#3384,#1836,.T.);
#4301=EDGE_CURVE('',#3383,#3385,#1837,.T.);
#4302=EDGE_CURVE('',#3386,#3382,#269,.T.);
#4303=EDGE_CURVE('',#3386,#3387,#1838,.T.);
#4304=EDGE_CURVE('',#3384,#3387,#270,.T.);
#4305=EDGE_CURVE('',#3388,#3386,#1839,.T.);
#4306=EDGE_CURVE('',#3388,#3389,#1840,.T.);
#4307=EDGE_CURVE('',#3387,#3389,#1841,.T.);
#4308=EDGE_CURVE('',#3390,#3388,#271,.T.);
#4309=EDGE_CURVE('',#3390,#3391,#1842,.T.);
#4310=EDGE_CURVE('',#3389,#3391,#272,.T.);
#4311=EDGE_CURVE('',#3392,#3390,#1843,.T.);
#4312=EDGE_CURVE('',#3392,#3393,#1844,.T.);
#4313=EDGE_CURVE('',#3391,#3393,#1845,.T.);
#4314=EDGE_CURVE('',#3394,#3392,#273,.T.);
#4315=EDGE_CURVE('',#3394,#3395,#1846,.T.);
#4316=EDGE_CURVE('',#3393,#3395,#274,.T.);
#4317=EDGE_CURVE('',#3396,#3394,#1847,.T.);
#4318=EDGE_CURVE('',#3396,#3397,#1848,.T.);
#4319=EDGE_CURVE('',#3395,#3397,#1849,.T.);
#4320=EDGE_CURVE('',#3383,#3396,#275,.T.);
#4321=EDGE_CURVE('',#3397,#3385,#276,.T.);
#4322=EDGE_CURVE('',#3398,#3399,#1850,.T.);
#4323=EDGE_CURVE('',#3398,#3400,#1851,.T.);
#4324=EDGE_CURVE('',#3401,#3400,#1852,.T.);
#4325=EDGE_CURVE('',#3399,#3401,#1853,.T.);
#4326=EDGE_CURVE('',#3402,#3398,#277,.T.);
#4327=EDGE_CURVE('',#3402,#3403,#1854,.T.);
#4328=EDGE_CURVE('',#3400,#3403,#278,.T.);
#4329=EDGE_CURVE('',#3404,#3402,#1855,.T.);
#4330=EDGE_CURVE('',#3404,#3405,#1856,.T.);
#4331=EDGE_CURVE('',#3403,#3405,#1857,.T.);
#4332=EDGE_CURVE('',#3406,#3404,#279,.T.);
#4333=EDGE_CURVE('',#3406,#3407,#1858,.T.);
#4334=EDGE_CURVE('',#3405,#3407,#280,.T.);
#4335=EDGE_CURVE('',#3408,#3406,#1859,.T.);
#4336=EDGE_CURVE('',#3408,#3409,#1860,.T.);
#4337=EDGE_CURVE('',#3407,#3409,#1861,.T.);
#4338=EDGE_CURVE('',#3410,#3408,#281,.T.);
#4339=EDGE_CURVE('',#3410,#3411,#1862,.T.);
#4340=EDGE_CURVE('',#3409,#3411,#282,.T.);
#4341=EDGE_CURVE('',#3412,#3410,#1863,.T.);
#4342=EDGE_CURVE('',#3412,#3413,#1864,.T.);
#4343=EDGE_CURVE('',#3411,#3413,#1865,.T.);
#4344=EDGE_CURVE('',#3399,#3412,#283,.T.);
#4345=EDGE_CURVE('',#3413,#3401,#284,.T.);
#4346=EDGE_CURVE('',#3414,#3415,#1866,.T.);
#4347=EDGE_CURVE('',#3414,#3416,#1867,.T.);
#4348=EDGE_CURVE('',#3417,#3416,#1868,.T.);
#4349=EDGE_CURVE('',#3415,#3417,#1869,.T.);
#4350=EDGE_CURVE('',#3418,#3414,#285,.T.);
#4351=EDGE_CURVE('',#3418,#3419,#1870,.T.);
#4352=EDGE_CURVE('',#3416,#3419,#286,.T.);
#4353=EDGE_CURVE('',#3420,#3418,#1871,.T.);
#4354=EDGE_CURVE('',#3420,#3421,#1872,.T.);
#4355=EDGE_CURVE('',#3419,#3421,#1873,.T.);
#4356=EDGE_CURVE('',#3422,#3420,#287,.T.);
#4357=EDGE_CURVE('',#3422,#3423,#1874,.T.);
#4358=EDGE_CURVE('',#3421,#3423,#288,.T.);
#4359=EDGE_CURVE('',#3424,#3422,#1875,.T.);
#4360=EDGE_CURVE('',#3424,#3425,#1876,.T.);
#4361=EDGE_CURVE('',#3423,#3425,#1877,.T.);
#4362=EDGE_CURVE('',#3426,#3424,#289,.T.);
#4363=EDGE_CURVE('',#3426,#3427,#1878,.T.);
#4364=EDGE_CURVE('',#3425,#3427,#290,.T.);
#4365=EDGE_CURVE('',#3428,#3426,#1879,.T.);
#4366=EDGE_CURVE('',#3428,#3429,#1880,.T.);
#4367=EDGE_CURVE('',#3427,#3429,#1881,.T.);
#4368=EDGE_CURVE('',#3415,#3428,#291,.T.);
#4369=EDGE_CURVE('',#3429,#3417,#292,.T.);
#4370=EDGE_CURVE('',#3430,#3431,#1882,.T.);
#4371=EDGE_CURVE('',#3430,#3432,#1883,.T.);
#4372=EDGE_CURVE('',#3433,#3432,#1884,.T.);
#4373=EDGE_CURVE('',#3431,#3433,#1885,.T.);
#4374=EDGE_CURVE('',#3434,#3430,#293,.T.);
#4375=EDGE_CURVE('',#3434,#3435,#1886,.T.);
#4376=EDGE_CURVE('',#3432,#3435,#294,.T.);
#4377=EDGE_CURVE('',#3436,#3434,#1887,.T.);
#4378=EDGE_CURVE('',#3436,#3437,#1888,.T.);
#4379=EDGE_CURVE('',#3435,#3437,#1889,.T.);
#4380=EDGE_CURVE('',#3438,#3436,#295,.T.);
#4381=EDGE_CURVE('',#3438,#3439,#1890,.T.);
#4382=EDGE_CURVE('',#3437,#3439,#296,.T.);
#4383=EDGE_CURVE('',#3440,#3438,#1891,.T.);
#4384=EDGE_CURVE('',#3440,#3441,#1892,.T.);
#4385=EDGE_CURVE('',#3439,#3441,#1893,.T.);
#4386=EDGE_CURVE('',#3442,#3440,#297,.T.);
#4387=EDGE_CURVE('',#3442,#3443,#1894,.T.);
#4388=EDGE_CURVE('',#3441,#3443,#298,.T.);
#4389=EDGE_CURVE('',#3444,#3442,#1895,.T.);
#4390=EDGE_CURVE('',#3444,#3445,#1896,.T.);
#4391=EDGE_CURVE('',#3443,#3445,#1897,.T.);
#4392=EDGE_CURVE('',#3431,#3444,#299,.T.);
#4393=EDGE_CURVE('',#3445,#3433,#300,.T.);
#4394=EDGE_CURVE('',#3446,#3447,#1898,.T.);
#4395=EDGE_CURVE('',#3446,#3448,#1899,.T.);
#4396=EDGE_CURVE('',#3449,#3448,#1900,.T.);
#4397=EDGE_CURVE('',#3447,#3449,#1901,.T.);
#4398=EDGE_CURVE('',#3450,#3446,#301,.T.);
#4399=EDGE_CURVE('',#3450,#3451,#1902,.T.);
#4400=EDGE_CURVE('',#3448,#3451,#302,.T.);
#4401=EDGE_CURVE('',#3452,#3450,#1903,.T.);
#4402=EDGE_CURVE('',#3452,#3453,#1904,.T.);
#4403=EDGE_CURVE('',#3451,#3453,#1905,.T.);
#4404=EDGE_CURVE('',#3454,#3452,#303,.T.);
#4405=EDGE_CURVE('',#3454,#3455,#1906,.T.);
#4406=EDGE_CURVE('',#3453,#3455,#304,.T.);
#4407=EDGE_CURVE('',#3456,#3454,#1907,.T.);
#4408=EDGE_CURVE('',#3456,#3457,#1908,.T.);
#4409=EDGE_CURVE('',#3455,#3457,#1909,.T.);
#4410=EDGE_CURVE('',#3458,#3456,#305,.T.);
#4411=EDGE_CURVE('',#3458,#3459,#1910,.T.);
#4412=EDGE_CURVE('',#3457,#3459,#306,.T.);
#4413=EDGE_CURVE('',#3460,#3458,#1911,.T.);
#4414=EDGE_CURVE('',#3460,#3461,#1912,.T.);
#4415=EDGE_CURVE('',#3459,#3461,#1913,.T.);
#4416=EDGE_CURVE('',#3447,#3460,#307,.T.);
#4417=EDGE_CURVE('',#3461,#3449,#308,.T.);
#4418=EDGE_CURVE('',#3462,#3463,#1914,.T.);
#4419=EDGE_CURVE('',#3462,#3464,#1915,.T.);
#4420=EDGE_CURVE('',#3465,#3464,#1916,.T.);
#4421=EDGE_CURVE('',#3463,#3465,#1917,.T.);
#4422=EDGE_CURVE('',#3466,#3462,#309,.T.);
#4423=EDGE_CURVE('',#3466,#3467,#1918,.T.);
#4424=EDGE_CURVE('',#3464,#3467,#310,.T.);
#4425=EDGE_CURVE('',#3468,#3466,#1919,.T.);
#4426=EDGE_CURVE('',#3468,#3469,#1920,.T.);
#4427=EDGE_CURVE('',#3467,#3469,#1921,.T.);
#4428=EDGE_CURVE('',#3470,#3468,#311,.T.);
#4429=EDGE_CURVE('',#3470,#3471,#1922,.T.);
#4430=EDGE_CURVE('',#3469,#3471,#312,.T.);
#4431=EDGE_CURVE('',#3472,#3470,#1923,.T.);
#4432=EDGE_CURVE('',#3472,#3473,#1924,.T.);
#4433=EDGE_CURVE('',#3471,#3473,#1925,.T.);
#4434=EDGE_CURVE('',#3474,#3472,#313,.T.);
#4435=EDGE_CURVE('',#3474,#3475,#1926,.T.);
#4436=EDGE_CURVE('',#3473,#3475,#314,.T.);
#4437=EDGE_CURVE('',#3476,#3474,#1927,.T.);
#4438=EDGE_CURVE('',#3476,#3477,#1928,.T.);
#4439=EDGE_CURVE('',#3475,#3477,#1929,.T.);
#4440=EDGE_CURVE('',#3463,#3476,#315,.T.);
#4441=EDGE_CURVE('',#3477,#3465,#316,.T.);
#4442=EDGE_CURVE('',#3478,#3479,#1930,.T.);
#4443=EDGE_CURVE('',#3478,#3480,#1931,.T.);
#4444=EDGE_CURVE('',#3481,#3480,#1932,.T.);
#4445=EDGE_CURVE('',#3479,#3481,#1933,.T.);
#4446=EDGE_CURVE('',#3482,#3478,#317,.T.);
#4447=EDGE_CURVE('',#3482,#3483,#1934,.T.);
#4448=EDGE_CURVE('',#3480,#3483,#318,.T.);
#4449=EDGE_CURVE('',#3484,#3482,#1935,.T.);
#4450=EDGE_CURVE('',#3484,#3485,#1936,.T.);
#4451=EDGE_CURVE('',#3483,#3485,#1937,.T.);
#4452=EDGE_CURVE('',#3486,#3484,#319,.T.);
#4453=EDGE_CURVE('',#3486,#3487,#1938,.T.);
#4454=EDGE_CURVE('',#3485,#3487,#320,.T.);
#4455=EDGE_CURVE('',#3488,#3486,#1939,.T.);
#4456=EDGE_CURVE('',#3488,#3489,#1940,.T.);
#4457=EDGE_CURVE('',#3487,#3489,#1941,.T.);
#4458=EDGE_CURVE('',#3490,#3488,#321,.T.);
#4459=EDGE_CURVE('',#3490,#3491,#1942,.T.);
#4460=EDGE_CURVE('',#3489,#3491,#322,.T.);
#4461=EDGE_CURVE('',#3492,#3490,#1943,.T.);
#4462=EDGE_CURVE('',#3492,#3493,#1944,.T.);
#4463=EDGE_CURVE('',#3491,#3493,#1945,.T.);
#4464=EDGE_CURVE('',#3479,#3492,#323,.T.);
#4465=EDGE_CURVE('',#3493,#3481,#324,.T.);
#4466=EDGE_CURVE('',#3494,#3495,#1946,.T.);
#4467=EDGE_CURVE('',#3494,#3496,#1947,.T.);
#4468=EDGE_CURVE('',#3497,#3496,#1948,.T.);
#4469=EDGE_CURVE('',#3495,#3497,#1949,.T.);
#4470=EDGE_CURVE('',#3498,#3494,#325,.T.);
#4471=EDGE_CURVE('',#3498,#3499,#1950,.T.);
#4472=EDGE_CURVE('',#3496,#3499,#326,.T.);
#4473=EDGE_CURVE('',#3500,#3498,#1951,.T.);
#4474=EDGE_CURVE('',#3500,#3501,#1952,.T.);
#4475=EDGE_CURVE('',#3499,#3501,#1953,.T.);
#4476=EDGE_CURVE('',#3502,#3500,#327,.T.);
#4477=EDGE_CURVE('',#3502,#3503,#1954,.T.);
#4478=EDGE_CURVE('',#3501,#3503,#328,.T.);
#4479=EDGE_CURVE('',#3504,#3502,#1955,.T.);
#4480=EDGE_CURVE('',#3504,#3505,#1956,.T.);
#4481=EDGE_CURVE('',#3503,#3505,#1957,.T.);
#4482=EDGE_CURVE('',#3506,#3504,#329,.T.);
#4483=EDGE_CURVE('',#3506,#3507,#1958,.T.);
#4484=EDGE_CURVE('',#3505,#3507,#330,.T.);
#4485=EDGE_CURVE('',#3508,#3506,#1959,.T.);
#4486=EDGE_CURVE('',#3508,#3509,#1960,.T.);
#4487=EDGE_CURVE('',#3507,#3509,#1961,.T.);
#4488=EDGE_CURVE('',#3495,#3508,#331,.T.);
#4489=EDGE_CURVE('',#3509,#3497,#332,.T.);
#4490=EDGE_CURVE('',#3510,#3510,#333,.T.);
#4491=EDGE_CURVE('',#3510,#3511,#1962,.T.);
#4492=EDGE_CURVE('',#3511,#3511,#334,.T.);
#4493=EDGE_CURVE('',#3512,#3513,#1963,.T.);
#4494=EDGE_CURVE('',#3512,#3514,#1964,.T.);
#4495=EDGE_CURVE('',#3515,#3514,#1965,.T.);
#4496=EDGE_CURVE('',#3513,#3515,#1966,.T.);
#4497=EDGE_CURVE('',#3516,#3512,#335,.T.);
#4498=EDGE_CURVE('',#3516,#3517,#1967,.T.);
#4499=EDGE_CURVE('',#3514,#3517,#336,.T.);
#4500=EDGE_CURVE('',#3518,#3516,#1968,.T.);
#4501=EDGE_CURVE('',#3518,#3519,#1969,.T.);
#4502=EDGE_CURVE('',#3517,#3519,#1970,.T.);
#4503=EDGE_CURVE('',#3520,#3518,#337,.T.);
#4504=EDGE_CURVE('',#3520,#3521,#1971,.T.);
#4505=EDGE_CURVE('',#3519,#3521,#338,.T.);
#4506=EDGE_CURVE('',#3522,#3520,#1972,.T.);
#4507=EDGE_CURVE('',#3522,#3523,#1973,.T.);
#4508=EDGE_CURVE('',#3521,#3523,#1974,.T.);
#4509=EDGE_CURVE('',#3524,#3522,#339,.T.);
#4510=EDGE_CURVE('',#3524,#3525,#1975,.T.);
#4511=EDGE_CURVE('',#3523,#3525,#340,.T.);
#4512=EDGE_CURVE('',#3526,#3524,#1976,.T.);
#4513=EDGE_CURVE('',#3526,#3527,#1977,.T.);
#4514=EDGE_CURVE('',#3525,#3527,#1978,.T.);
#4515=EDGE_CURVE('',#3513,#3526,#341,.T.);
#4516=EDGE_CURVE('',#3527,#3515,#342,.T.);
#4517=EDGE_CURVE('',#3528,#3529,#1979,.T.);
#4518=EDGE_CURVE('',#3528,#3530,#1980,.T.);
#4519=EDGE_CURVE('',#3531,#3530,#1981,.T.);
#4520=EDGE_CURVE('',#3529,#3531,#1982,.T.);
#4521=EDGE_CURVE('',#3532,#3528,#343,.T.);
#4522=EDGE_CURVE('',#3532,#3533,#1983,.T.);
#4523=EDGE_CURVE('',#3530,#3533,#344,.T.);
#4524=EDGE_CURVE('',#3534,#3532,#1984,.T.);
#4525=EDGE_CURVE('',#3534,#3535,#1985,.T.);
#4526=EDGE_CURVE('',#3533,#3535,#1986,.T.);
#4527=EDGE_CURVE('',#3536,#3534,#345,.T.);
#4528=EDGE_CURVE('',#3536,#3537,#1987,.T.);
#4529=EDGE_CURVE('',#3535,#3537,#346,.T.);
#4530=EDGE_CURVE('',#3538,#3536,#1988,.T.);
#4531=EDGE_CURVE('',#3538,#3539,#1989,.T.);
#4532=EDGE_CURVE('',#3537,#3539,#1990,.T.);
#4533=EDGE_CURVE('',#3540,#3538,#347,.T.);
#4534=EDGE_CURVE('',#3540,#3541,#1991,.T.);
#4535=EDGE_CURVE('',#3539,#3541,#348,.T.);
#4536=EDGE_CURVE('',#3542,#3540,#1992,.T.);
#4537=EDGE_CURVE('',#3542,#3543,#1993,.T.);
#4538=EDGE_CURVE('',#3541,#3543,#1994,.T.);
#4539=EDGE_CURVE('',#3529,#3542,#349,.T.);
#4540=EDGE_CURVE('',#3543,#3531,#350,.T.);
#4541=EDGE_CURVE('',#3544,#3545,#1995,.T.);
#4542=EDGE_CURVE('',#3544,#3546,#1996,.T.);
#4543=EDGE_CURVE('',#3547,#3546,#1997,.T.);
#4544=EDGE_CURVE('',#3545,#3547,#1998,.T.);
#4545=EDGE_CURVE('',#3548,#3544,#351,.T.);
#4546=EDGE_CURVE('',#3548,#3549,#1999,.T.);
#4547=EDGE_CURVE('',#3546,#3549,#352,.T.);
#4548=EDGE_CURVE('',#3550,#3548,#2000,.T.);
#4549=EDGE_CURVE('',#3550,#3551,#2001,.T.);
#4550=EDGE_CURVE('',#3549,#3551,#2002,.T.);
#4551=EDGE_CURVE('',#3552,#3550,#353,.T.);
#4552=EDGE_CURVE('',#3552,#3553,#2003,.T.);
#4553=EDGE_CURVE('',#3551,#3553,#354,.T.);
#4554=EDGE_CURVE('',#3554,#3552,#2004,.T.);
#4555=EDGE_CURVE('',#3554,#3555,#2005,.T.);
#4556=EDGE_CURVE('',#3553,#3555,#2006,.T.);
#4557=EDGE_CURVE('',#3556,#3554,#355,.T.);
#4558=EDGE_CURVE('',#3556,#3557,#2007,.T.);
#4559=EDGE_CURVE('',#3555,#3557,#356,.T.);
#4560=EDGE_CURVE('',#3558,#3556,#2008,.T.);
#4561=EDGE_CURVE('',#3558,#3559,#2009,.T.);
#4562=EDGE_CURVE('',#3557,#3559,#2010,.T.);
#4563=EDGE_CURVE('',#3545,#3558,#357,.T.);
#4564=EDGE_CURVE('',#3559,#3547,#358,.T.);
#4565=EDGE_CURVE('',#3560,#3561,#2011,.T.);
#4566=EDGE_CURVE('',#3560,#3562,#2012,.T.);
#4567=EDGE_CURVE('',#3563,#3562,#2013,.T.);
#4568=EDGE_CURVE('',#3561,#3563,#2014,.T.);
#4569=EDGE_CURVE('',#3564,#3560,#359,.T.);
#4570=EDGE_CURVE('',#3564,#3565,#2015,.T.);
#4571=EDGE_CURVE('',#3562,#3565,#360,.T.);
#4572=EDGE_CURVE('',#3566,#3564,#2016,.T.);
#4573=EDGE_CURVE('',#3566,#3567,#2017,.T.);
#4574=EDGE_CURVE('',#3565,#3567,#2018,.T.);
#4575=EDGE_CURVE('',#3568,#3566,#361,.T.);
#4576=EDGE_CURVE('',#3568,#3569,#2019,.T.);
#4577=EDGE_CURVE('',#3567,#3569,#362,.T.);
#4578=EDGE_CURVE('',#3570,#3568,#2020,.T.);
#4579=EDGE_CURVE('',#3570,#3571,#2021,.T.);
#4580=EDGE_CURVE('',#3569,#3571,#2022,.T.);
#4581=EDGE_CURVE('',#3572,#3570,#363,.T.);
#4582=EDGE_CURVE('',#3572,#3573,#2023,.T.);
#4583=EDGE_CURVE('',#3571,#3573,#364,.T.);
#4584=EDGE_CURVE('',#3574,#3572,#2024,.T.);
#4585=EDGE_CURVE('',#3574,#3575,#2025,.T.);
#4586=EDGE_CURVE('',#3573,#3575,#2026,.T.);
#4587=EDGE_CURVE('',#3561,#3574,#365,.T.);
#4588=EDGE_CURVE('',#3575,#3563,#366,.T.);
#4589=EDGE_CURVE('',#3576,#3577,#2027,.T.);
#4590=EDGE_CURVE('',#3576,#3578,#2028,.T.);
#4591=EDGE_CURVE('',#3579,#3578,#2029,.T.);
#4592=EDGE_CURVE('',#3577,#3579,#2030,.T.);
#4593=EDGE_CURVE('',#3580,#3576,#367,.T.);
#4594=EDGE_CURVE('',#3580,#3581,#2031,.T.);
#4595=EDGE_CURVE('',#3578,#3581,#368,.T.);
#4596=EDGE_CURVE('',#3582,#3580,#2032,.T.);
#4597=EDGE_CURVE('',#3582,#3583,#2033,.T.);
#4598=EDGE_CURVE('',#3581,#3583,#2034,.T.);
#4599=EDGE_CURVE('',#3584,#3582,#369,.T.);
#4600=EDGE_CURVE('',#3584,#3585,#2035,.T.);
#4601=EDGE_CURVE('',#3583,#3585,#370,.T.);
#4602=EDGE_CURVE('',#3586,#3584,#2036,.T.);
#4603=EDGE_CURVE('',#3586,#3587,#2037,.T.);
#4604=EDGE_CURVE('',#3585,#3587,#2038,.T.);
#4605=EDGE_CURVE('',#3588,#3586,#371,.T.);
#4606=EDGE_CURVE('',#3588,#3589,#2039,.T.);
#4607=EDGE_CURVE('',#3587,#3589,#372,.T.);
#4608=EDGE_CURVE('',#3590,#3588,#2040,.T.);
#4609=EDGE_CURVE('',#3590,#3591,#2041,.T.);
#4610=EDGE_CURVE('',#3589,#3591,#2042,.T.);
#4611=EDGE_CURVE('',#3577,#3590,#373,.T.);
#4612=EDGE_CURVE('',#3591,#3579,#374,.T.);
#4613=EDGE_CURVE('',#3592,#3593,#2043,.T.);
#4614=EDGE_CURVE('',#3592,#3594,#2044,.T.);
#4615=EDGE_CURVE('',#3595,#3594,#2045,.T.);
#4616=EDGE_CURVE('',#3593,#3595,#2046,.T.);
#4617=EDGE_CURVE('',#3596,#3592,#375,.T.);
#4618=EDGE_CURVE('',#3596,#3597,#2047,.T.);
#4619=EDGE_CURVE('',#3594,#3597,#376,.T.);
#4620=EDGE_CURVE('',#3598,#3596,#2048,.T.);
#4621=EDGE_CURVE('',#3598,#3599,#2049,.T.);
#4622=EDGE_CURVE('',#3597,#3599,#2050,.T.);
#4623=EDGE_CURVE('',#3600,#3598,#377,.T.);
#4624=EDGE_CURVE('',#3600,#3601,#2051,.T.);
#4625=EDGE_CURVE('',#3599,#3601,#378,.T.);
#4626=EDGE_CURVE('',#3602,#3600,#2052,.T.);
#4627=EDGE_CURVE('',#3602,#3603,#2053,.T.);
#4628=EDGE_CURVE('',#3601,#3603,#2054,.T.);
#4629=EDGE_CURVE('',#3604,#3602,#379,.T.);
#4630=EDGE_CURVE('',#3604,#3605,#2055,.T.);
#4631=EDGE_CURVE('',#3603,#3605,#380,.T.);
#4632=EDGE_CURVE('',#3606,#3604,#2056,.T.);
#4633=EDGE_CURVE('',#3606,#3607,#2057,.T.);
#4634=EDGE_CURVE('',#3605,#3607,#2058,.T.);
#4635=EDGE_CURVE('',#3593,#3606,#381,.T.);
#4636=EDGE_CURVE('',#3607,#3595,#382,.T.);
#4637=EDGE_CURVE('',#3608,#3609,#2059,.T.);
#4638=EDGE_CURVE('',#3608,#3610,#2060,.T.);
#4639=EDGE_CURVE('',#3611,#3610,#2061,.T.);
#4640=EDGE_CURVE('',#3609,#3611,#2062,.T.);
#4641=EDGE_CURVE('',#3612,#3608,#383,.T.);
#4642=EDGE_CURVE('',#3612,#3613,#2063,.T.);
#4643=EDGE_CURVE('',#3610,#3613,#384,.T.);
#4644=EDGE_CURVE('',#3614,#3612,#2064,.T.);
#4645=EDGE_CURVE('',#3614,#3615,#2065,.T.);
#4646=EDGE_CURVE('',#3613,#3615,#2066,.T.);
#4647=EDGE_CURVE('',#3616,#3614,#385,.T.);
#4648=EDGE_CURVE('',#3616,#3617,#2067,.T.);
#4649=EDGE_CURVE('',#3615,#3617,#386,.T.);
#4650=EDGE_CURVE('',#3618,#3616,#2068,.T.);
#4651=EDGE_CURVE('',#3618,#3619,#2069,.T.);
#4652=EDGE_CURVE('',#3617,#3619,#2070,.T.);
#4653=EDGE_CURVE('',#3620,#3618,#387,.T.);
#4654=EDGE_CURVE('',#3620,#3621,#2071,.T.);
#4655=EDGE_CURVE('',#3619,#3621,#388,.T.);
#4656=EDGE_CURVE('',#3622,#3620,#2072,.T.);
#4657=EDGE_CURVE('',#3622,#3623,#2073,.T.);
#4658=EDGE_CURVE('',#3621,#3623,#2074,.T.);
#4659=EDGE_CURVE('',#3609,#3622,#389,.T.);
#4660=EDGE_CURVE('',#3623,#3611,#390,.T.);
#4661=EDGE_CURVE('',#3624,#3625,#2075,.T.);
#4662=EDGE_CURVE('',#3624,#3626,#2076,.T.);
#4663=EDGE_CURVE('',#3627,#3626,#2077,.T.);
#4664=EDGE_CURVE('',#3625,#3627,#2078,.T.);
#4665=EDGE_CURVE('',#3628,#3624,#391,.T.);
#4666=EDGE_CURVE('',#3628,#3629,#2079,.T.);
#4667=EDGE_CURVE('',#3626,#3629,#392,.T.);
#4668=EDGE_CURVE('',#3630,#3628,#2080,.T.);
#4669=EDGE_CURVE('',#3630,#3631,#2081,.T.);
#4670=EDGE_CURVE('',#3629,#3631,#2082,.T.);
#4671=EDGE_CURVE('',#3632,#3630,#393,.T.);
#4672=EDGE_CURVE('',#3632,#3633,#2083,.T.);
#4673=EDGE_CURVE('',#3631,#3633,#394,.T.);
#4674=EDGE_CURVE('',#3634,#3632,#2084,.T.);
#4675=EDGE_CURVE('',#3634,#3635,#2085,.T.);
#4676=EDGE_CURVE('',#3633,#3635,#2086,.T.);
#4677=EDGE_CURVE('',#3636,#3634,#395,.T.);
#4678=EDGE_CURVE('',#3636,#3637,#2087,.T.);
#4679=EDGE_CURVE('',#3635,#3637,#396,.T.);
#4680=EDGE_CURVE('',#3638,#3636,#2088,.T.);
#4681=EDGE_CURVE('',#3638,#3639,#2089,.T.);
#4682=EDGE_CURVE('',#3637,#3639,#2090,.T.);
#4683=EDGE_CURVE('',#3625,#3638,#397,.T.);
#4684=EDGE_CURVE('',#3639,#3627,#398,.T.);
#4685=EDGE_CURVE('',#3640,#3641,#2091,.T.);
#4686=EDGE_CURVE('',#3640,#3642,#2092,.T.);
#4687=EDGE_CURVE('',#3643,#3642,#2093,.T.);
#4688=EDGE_CURVE('',#3641,#3643,#2094,.T.);
#4689=EDGE_CURVE('',#3644,#3640,#399,.T.);
#4690=EDGE_CURVE('',#3644,#3645,#2095,.T.);
#4691=EDGE_CURVE('',#3642,#3645,#400,.T.);
#4692=EDGE_CURVE('',#3646,#3644,#2096,.T.);
#4693=EDGE_CURVE('',#3646,#3647,#2097,.T.);
#4694=EDGE_CURVE('',#3645,#3647,#2098,.T.);
#4695=EDGE_CURVE('',#3648,#3646,#401,.T.);
#4696=EDGE_CURVE('',#3648,#3649,#2099,.T.);
#4697=EDGE_CURVE('',#3647,#3649,#402,.T.);
#4698=EDGE_CURVE('',#3650,#3648,#2100,.T.);
#4699=EDGE_CURVE('',#3650,#3651,#2101,.T.);
#4700=EDGE_CURVE('',#3649,#3651,#2102,.T.);
#4701=EDGE_CURVE('',#3652,#3650,#403,.T.);
#4702=EDGE_CURVE('',#3652,#3653,#2103,.T.);
#4703=EDGE_CURVE('',#3651,#3653,#404,.T.);
#4704=EDGE_CURVE('',#3654,#3652,#2104,.T.);
#4705=EDGE_CURVE('',#3654,#3655,#2105,.T.);
#4706=EDGE_CURVE('',#3653,#3655,#2106,.T.);
#4707=EDGE_CURVE('',#3641,#3654,#405,.T.);
#4708=EDGE_CURVE('',#3655,#3643,#406,.T.);
#4709=EDGE_CURVE('',#3656,#3657,#2107,.T.);
#4710=EDGE_CURVE('',#3656,#3658,#2108,.T.);
#4711=EDGE_CURVE('',#3659,#3658,#2109,.T.);
#4712=EDGE_CURVE('',#3657,#3659,#2110,.T.);
#4713=EDGE_CURVE('',#3660,#3656,#407,.T.);
#4714=EDGE_CURVE('',#3660,#3661,#2111,.T.);
#4715=EDGE_CURVE('',#3658,#3661,#408,.T.);
#4716=EDGE_CURVE('',#3662,#3660,#2112,.T.);
#4717=EDGE_CURVE('',#3662,#3663,#2113,.T.);
#4718=EDGE_CURVE('',#3661,#3663,#2114,.T.);
#4719=EDGE_CURVE('',#3664,#3662,#409,.T.);
#4720=EDGE_CURVE('',#3664,#3665,#2115,.T.);
#4721=EDGE_CURVE('',#3663,#3665,#410,.T.);
#4722=EDGE_CURVE('',#3666,#3664,#2116,.T.);
#4723=EDGE_CURVE('',#3666,#3667,#2117,.T.);
#4724=EDGE_CURVE('',#3665,#3667,#2118,.T.);
#4725=EDGE_CURVE('',#3668,#3666,#411,.T.);
#4726=EDGE_CURVE('',#3668,#3669,#2119,.T.);
#4727=EDGE_CURVE('',#3667,#3669,#412,.T.);
#4728=EDGE_CURVE('',#3670,#3668,#2120,.T.);
#4729=EDGE_CURVE('',#3670,#3671,#2121,.T.);
#4730=EDGE_CURVE('',#3669,#3671,#2122,.T.);
#4731=EDGE_CURVE('',#3657,#3670,#413,.T.);
#4732=EDGE_CURVE('',#3671,#3659,#414,.T.);
#4733=EDGE_CURVE('',#3672,#3673,#2123,.T.);
#4734=EDGE_CURVE('',#3672,#3674,#2124,.T.);
#4735=EDGE_CURVE('',#3675,#3674,#2125,.T.);
#4736=EDGE_CURVE('',#3673,#3675,#2126,.T.);
#4737=EDGE_CURVE('',#3676,#3672,#415,.T.);
#4738=EDGE_CURVE('',#3676,#3677,#2127,.T.);
#4739=EDGE_CURVE('',#3674,#3677,#416,.T.);
#4740=EDGE_CURVE('',#3678,#3676,#2128,.T.);
#4741=EDGE_CURVE('',#3678,#3679,#2129,.T.);
#4742=EDGE_CURVE('',#3677,#3679,#2130,.T.);
#4743=EDGE_CURVE('',#3680,#3678,#417,.T.);
#4744=EDGE_CURVE('',#3680,#3681,#2131,.T.);
#4745=EDGE_CURVE('',#3679,#3681,#418,.T.);
#4746=EDGE_CURVE('',#3682,#3680,#2132,.T.);
#4747=EDGE_CURVE('',#3682,#3683,#2133,.T.);
#4748=EDGE_CURVE('',#3681,#3683,#2134,.T.);
#4749=EDGE_CURVE('',#3684,#3682,#419,.T.);
#4750=EDGE_CURVE('',#3684,#3685,#2135,.T.);
#4751=EDGE_CURVE('',#3683,#3685,#420,.T.);
#4752=EDGE_CURVE('',#3686,#3684,#2136,.T.);
#4753=EDGE_CURVE('',#3686,#3687,#2137,.T.);
#4754=EDGE_CURVE('',#3685,#3687,#2138,.T.);
#4755=EDGE_CURVE('',#3673,#3686,#421,.T.);
#4756=EDGE_CURVE('',#3687,#3675,#422,.T.);
#4757=EDGE_CURVE('',#3688,#3689,#2139,.T.);
#4758=EDGE_CURVE('',#3688,#3690,#2140,.T.);
#4759=EDGE_CURVE('',#3691,#3690,#2141,.T.);
#4760=EDGE_CURVE('',#3689,#3691,#2142,.T.);
#4761=EDGE_CURVE('',#3692,#3688,#423,.T.);
#4762=EDGE_CURVE('',#3692,#3693,#2143,.T.);
#4763=EDGE_CURVE('',#3690,#3693,#424,.T.);
#4764=EDGE_CURVE('',#3694,#3692,#2144,.T.);
#4765=EDGE_CURVE('',#3694,#3695,#2145,.T.);
#4766=EDGE_CURVE('',#3693,#3695,#2146,.T.);
#4767=EDGE_CURVE('',#3696,#3694,#425,.T.);
#4768=EDGE_CURVE('',#3696,#3697,#2147,.T.);
#4769=EDGE_CURVE('',#3695,#3697,#426,.T.);
#4770=EDGE_CURVE('',#3698,#3696,#2148,.T.);
#4771=EDGE_CURVE('',#3698,#3699,#2149,.T.);
#4772=EDGE_CURVE('',#3697,#3699,#2150,.T.);
#4773=EDGE_CURVE('',#3700,#3698,#427,.T.);
#4774=EDGE_CURVE('',#3700,#3701,#2151,.T.);
#4775=EDGE_CURVE('',#3699,#3701,#428,.T.);
#4776=EDGE_CURVE('',#3702,#3700,#2152,.T.);
#4777=EDGE_CURVE('',#3702,#3703,#2153,.T.);
#4778=EDGE_CURVE('',#3701,#3703,#2154,.T.);
#4779=EDGE_CURVE('',#3689,#3702,#429,.T.);
#4780=EDGE_CURVE('',#3703,#3691,#430,.T.);
#4781=EDGE_CURVE('',#3704,#3705,#2155,.T.);
#4782=EDGE_CURVE('',#3704,#3706,#2156,.T.);
#4783=EDGE_CURVE('',#3707,#3706,#2157,.T.);
#4784=EDGE_CURVE('',#3705,#3707,#2158,.T.);
#4785=EDGE_CURVE('',#3708,#3704,#431,.T.);
#4786=EDGE_CURVE('',#3708,#3709,#2159,.T.);
#4787=EDGE_CURVE('',#3706,#3709,#432,.T.);
#4788=EDGE_CURVE('',#3710,#3708,#2160,.T.);
#4789=EDGE_CURVE('',#3710,#3711,#2161,.T.);
#4790=EDGE_CURVE('',#3709,#3711,#2162,.T.);
#4791=EDGE_CURVE('',#3712,#3710,#433,.T.);
#4792=EDGE_CURVE('',#3712,#3713,#2163,.T.);
#4793=EDGE_CURVE('',#3711,#3713,#434,.T.);
#4794=EDGE_CURVE('',#3714,#3712,#2164,.T.);
#4795=EDGE_CURVE('',#3714,#3715,#2165,.T.);
#4796=EDGE_CURVE('',#3713,#3715,#2166,.T.);
#4797=EDGE_CURVE('',#3716,#3714,#435,.T.);
#4798=EDGE_CURVE('',#3716,#3717,#2167,.T.);
#4799=EDGE_CURVE('',#3715,#3717,#436,.T.);
#4800=EDGE_CURVE('',#3718,#3716,#2168,.T.);
#4801=EDGE_CURVE('',#3718,#3719,#2169,.T.);
#4802=EDGE_CURVE('',#3717,#3719,#2170,.T.);
#4803=EDGE_CURVE('',#3705,#3718,#437,.T.);
#4804=EDGE_CURVE('',#3719,#3707,#438,.T.);
#4805=EDGE_CURVE('',#3720,#3721,#2171,.T.);
#4806=EDGE_CURVE('',#3720,#3722,#2172,.T.);
#4807=EDGE_CURVE('',#3723,#3722,#2173,.T.);
#4808=EDGE_CURVE('',#3721,#3723,#2174,.T.);
#4809=EDGE_CURVE('',#3724,#3720,#439,.T.);
#4810=EDGE_CURVE('',#3724,#3725,#2175,.T.);
#4811=EDGE_CURVE('',#3722,#3725,#440,.T.);
#4812=EDGE_CURVE('',#3726,#3724,#2176,.T.);
#4813=EDGE_CURVE('',#3726,#3727,#2177,.T.);
#4814=EDGE_CURVE('',#3725,#3727,#2178,.T.);
#4815=EDGE_CURVE('',#3728,#3726,#441,.T.);
#4816=EDGE_CURVE('',#3728,#3729,#2179,.T.);
#4817=EDGE_CURVE('',#3727,#3729,#442,.T.);
#4818=EDGE_CURVE('',#3730,#3728,#2180,.T.);
#4819=EDGE_CURVE('',#3730,#3731,#2181,.T.);
#4820=EDGE_CURVE('',#3729,#3731,#2182,.T.);
#4821=EDGE_CURVE('',#3732,#3730,#443,.T.);
#4822=EDGE_CURVE('',#3732,#3733,#2183,.T.);
#4823=EDGE_CURVE('',#3731,#3733,#444,.T.);
#4824=EDGE_CURVE('',#3734,#3732,#2184,.T.);
#4825=EDGE_CURVE('',#3734,#3735,#2185,.T.);
#4826=EDGE_CURVE('',#3733,#3735,#2186,.T.);
#4827=EDGE_CURVE('',#3721,#3734,#445,.T.);
#4828=EDGE_CURVE('',#3735,#3723,#446,.T.);
#4829=EDGE_CURVE('',#3736,#3737,#2187,.T.);
#4830=EDGE_CURVE('',#3736,#3738,#2188,.T.);
#4831=EDGE_CURVE('',#3739,#3738,#2189,.T.);
#4832=EDGE_CURVE('',#3737,#3739,#2190,.T.);
#4833=EDGE_CURVE('',#3740,#3736,#447,.T.);
#4834=EDGE_CURVE('',#3740,#3741,#2191,.T.);
#4835=EDGE_CURVE('',#3738,#3741,#448,.T.);
#4836=EDGE_CURVE('',#3742,#3740,#2192,.T.);
#4837=EDGE_CURVE('',#3742,#3743,#2193,.T.);
#4838=EDGE_CURVE('',#3741,#3743,#2194,.T.);
#4839=EDGE_CURVE('',#3744,#3742,#449,.T.);
#4840=EDGE_CURVE('',#3744,#3745,#2195,.T.);
#4841=EDGE_CURVE('',#3743,#3745,#450,.T.);
#4842=EDGE_CURVE('',#3746,#3744,#2196,.T.);
#4843=EDGE_CURVE('',#3746,#3747,#2197,.T.);
#4844=EDGE_CURVE('',#3745,#3747,#2198,.T.);
#4845=EDGE_CURVE('',#3748,#3746,#451,.T.);
#4846=EDGE_CURVE('',#3748,#3749,#2199,.T.);
#4847=EDGE_CURVE('',#3747,#3749,#452,.T.);
#4848=EDGE_CURVE('',#3750,#3748,#2200,.T.);
#4849=EDGE_CURVE('',#3750,#3751,#2201,.T.);
#4850=EDGE_CURVE('',#3749,#3751,#2202,.T.);
#4851=EDGE_CURVE('',#3737,#3750,#453,.T.);
#4852=EDGE_CURVE('',#3751,#3739,#454,.T.);
#4853=EDGE_CURVE('',#3752,#3753,#2203,.T.);
#4854=EDGE_CURVE('',#3752,#3754,#2204,.T.);
#4855=EDGE_CURVE('',#3755,#3754,#2205,.T.);
#4856=EDGE_CURVE('',#3753,#3755,#2206,.T.);
#4857=EDGE_CURVE('',#3756,#3752,#455,.T.);
#4858=EDGE_CURVE('',#3756,#3757,#2207,.T.);
#4859=EDGE_CURVE('',#3754,#3757,#456,.T.);
#4860=EDGE_CURVE('',#3758,#3756,#2208,.T.);
#4861=EDGE_CURVE('',#3758,#3759,#2209,.T.);
#4862=EDGE_CURVE('',#3757,#3759,#2210,.T.);
#4863=EDGE_CURVE('',#3760,#3758,#457,.T.);
#4864=EDGE_CURVE('',#3760,#3761,#2211,.T.);
#4865=EDGE_CURVE('',#3759,#3761,#458,.T.);
#4866=EDGE_CURVE('',#3762,#3760,#2212,.T.);
#4867=EDGE_CURVE('',#3762,#3763,#2213,.T.);
#4868=EDGE_CURVE('',#3761,#3763,#2214,.T.);
#4869=EDGE_CURVE('',#3764,#3762,#459,.T.);
#4870=EDGE_CURVE('',#3764,#3765,#2215,.T.);
#4871=EDGE_CURVE('',#3763,#3765,#460,.T.);
#4872=EDGE_CURVE('',#3766,#3764,#2216,.T.);
#4873=EDGE_CURVE('',#3766,#3767,#2217,.T.);
#4874=EDGE_CURVE('',#3765,#3767,#2218,.T.);
#4875=EDGE_CURVE('',#3753,#3766,#461,.T.);
#4876=EDGE_CURVE('',#3767,#3755,#462,.T.);
#4877=EDGE_CURVE('',#3768,#3769,#2219,.T.);
#4878=EDGE_CURVE('',#3768,#3770,#2220,.T.);
#4879=EDGE_CURVE('',#3771,#3770,#2221,.T.);
#4880=EDGE_CURVE('',#3769,#3771,#2222,.T.);
#4881=EDGE_CURVE('',#3772,#3768,#463,.T.);
#4882=EDGE_CURVE('',#3772,#3773,#2223,.T.);
#4883=EDGE_CURVE('',#3770,#3773,#464,.T.);
#4884=EDGE_CURVE('',#3774,#3772,#2224,.T.);
#4885=EDGE_CURVE('',#3774,#3775,#2225,.T.);
#4886=EDGE_CURVE('',#3773,#3775,#2226,.T.);
#4887=EDGE_CURVE('',#3776,#3774,#465,.T.);
#4888=EDGE_CURVE('',#3776,#3777,#2227,.T.);
#4889=EDGE_CURVE('',#3775,#3777,#466,.T.);
#4890=EDGE_CURVE('',#3778,#3776,#2228,.T.);
#4891=EDGE_CURVE('',#3778,#3779,#2229,.T.);
#4892=EDGE_CURVE('',#3777,#3779,#2230,.T.);
#4893=EDGE_CURVE('',#3780,#3778,#467,.T.);
#4894=EDGE_CURVE('',#3780,#3781,#2231,.T.);
#4895=EDGE_CURVE('',#3779,#3781,#468,.T.);
#4896=EDGE_CURVE('',#3782,#3780,#2232,.T.);
#4897=EDGE_CURVE('',#3782,#3783,#2233,.T.);
#4898=EDGE_CURVE('',#3781,#3783,#2234,.T.);
#4899=EDGE_CURVE('',#3769,#3782,#469,.T.);
#4900=EDGE_CURVE('',#3783,#3771,#470,.T.);
#4901=EDGE_CURVE('',#3784,#3785,#2235,.T.);
#4902=EDGE_CURVE('',#3784,#3786,#2236,.T.);
#4903=EDGE_CURVE('',#3787,#3786,#2237,.T.);
#4904=EDGE_CURVE('',#3785,#3787,#2238,.T.);
#4905=EDGE_CURVE('',#3788,#3784,#471,.T.);
#4906=EDGE_CURVE('',#3788,#3789,#2239,.T.);
#4907=EDGE_CURVE('',#3786,#3789,#472,.T.);
#4908=EDGE_CURVE('',#3790,#3788,#2240,.T.);
#4909=EDGE_CURVE('',#3790,#3791,#2241,.T.);
#4910=EDGE_CURVE('',#3789,#3791,#2242,.T.);
#4911=EDGE_CURVE('',#3792,#3790,#473,.T.);
#4912=EDGE_CURVE('',#3792,#3793,#2243,.T.);
#4913=EDGE_CURVE('',#3791,#3793,#474,.T.);
#4914=EDGE_CURVE('',#3794,#3792,#2244,.T.);
#4915=EDGE_CURVE('',#3794,#3795,#2245,.T.);
#4916=EDGE_CURVE('',#3793,#3795,#2246,.T.);
#4917=EDGE_CURVE('',#3796,#3794,#475,.T.);
#4918=EDGE_CURVE('',#3796,#3797,#2247,.T.);
#4919=EDGE_CURVE('',#3795,#3797,#476,.T.);
#4920=EDGE_CURVE('',#3798,#3796,#2248,.T.);
#4921=EDGE_CURVE('',#3798,#3799,#2249,.T.);
#4922=EDGE_CURVE('',#3797,#3799,#2250,.T.);
#4923=EDGE_CURVE('',#3785,#3798,#477,.T.);
#4924=EDGE_CURVE('',#3799,#3787,#478,.T.);
#4925=EDGE_CURVE('',#3800,#3801,#111,.T.);
#4926=EDGE_CURVE('',#3801,#3802,#2251,.T.);
#4927=EDGE_CURVE('',#3802,#3803,#112,.T.);
#4928=EDGE_CURVE('',#3803,#3800,#2252,.T.);
#4929=EDGE_CURVE('',#3804,#3805,#2253,.T.);
#4930=EDGE_CURVE('',#3802,#3804,#2254,.T.);
#4931=EDGE_CURVE('',#3805,#3801,#2255,.T.);
#4932=EDGE_CURVE('',#3805,#3806,#479,.T.);
#4933=EDGE_CURVE('',#3806,#3807,#2256,.T.);
#4934=EDGE_CURVE('',#3807,#3804,#480,.T.);
#4935=EDGE_CURVE('',#3808,#3809,#2257,.T.);
#4936=EDGE_CURVE('',#3800,#3809,#2258,.F.);
#4937=EDGE_CURVE('',#3808,#3803,#2259,.T.);
#4938=EDGE_CURVE('',#3810,#3811,#2260,.T.);
#4939=EDGE_CURVE('',#3811,#3812,#2261,.T.);
#4940=EDGE_CURVE('',#3812,#3813,#2262,.T.);
#4941=EDGE_CURVE('',#3813,#3814,#2263,.T.);
#4942=EDGE_CURVE('',#3814,#3815,#2264,.T.);
#4943=EDGE_CURVE('',#3815,#3816,#2265,.T.);
#4944=EDGE_CURVE('',#3816,#3817,#2266,.T.);
#4945=EDGE_CURVE('',#3817,#3818,#2267,.T.);
#4946=EDGE_CURVE('',#3818,#3819,#2268,.T.);
#4947=EDGE_CURVE('',#3819,#3820,#2269,.T.);
#4948=EDGE_CURVE('',#3820,#3821,#2270,.T.);
#4949=EDGE_CURVE('',#3821,#3822,#2271,.T.);
#4950=EDGE_CURVE('',#3822,#3808,#2272,.T.);
#4951=EDGE_CURVE('',#3807,#3810,#2273,.T.);
#4952=EDGE_CURVE('',#3823,#3810,#2274,.T.);
#4953=EDGE_CURVE('',#3823,#3806,#2275,.T.);
#4954=EDGE_CURVE('',#3824,#3823,#2276,.T.);
#4955=EDGE_CURVE('',#3809,#3825,#2277,.T.);
#4956=EDGE_CURVE('',#3825,#3826,#2278,.T.);
#4957=EDGE_CURVE('',#3826,#3827,#2279,.T.);
#4958=EDGE_CURVE('',#3827,#3828,#2280,.T.);
#4959=EDGE_CURVE('',#3828,#3829,#2281,.T.);
#4960=EDGE_CURVE('',#3829,#3830,#2282,.T.);
#4961=EDGE_CURVE('',#3830,#3831,#2283,.T.);
#4962=EDGE_CURVE('',#3831,#3832,#2284,.T.);
#4963=EDGE_CURVE('',#3832,#3833,#2285,.T.);
#4964=EDGE_CURVE('',#3833,#3834,#2286,.T.);
#4965=EDGE_CURVE('',#3834,#3835,#2287,.T.);
#4966=EDGE_CURVE('',#3835,#3824,#2288,.T.);
#4967=EDGE_CURVE('',#3835,#3812,#2289,.F.);
#4968=EDGE_CURVE('',#3824,#3811,#2290,.F.);
#4969=EDGE_CURVE('',#3834,#3813,#2291,.T.);
#4970=EDGE_CURVE('',#3833,#3814,#2292,.F.);
#4971=EDGE_CURVE('',#3832,#3815,#2293,.F.);
#4972=EDGE_CURVE('',#3831,#3816,#2294,.T.);
#4973=EDGE_CURVE('',#3830,#3817,#2295,.T.);
#4974=EDGE_CURVE('',#3829,#3818,#2296,.F.);
#4975=EDGE_CURVE('',#3828,#3819,#2297,.F.);
#4976=EDGE_CURVE('',#3827,#3820,#2298,.T.);
#4977=EDGE_CURVE('',#3826,#3821,#2299,.T.);
#4978=EDGE_CURVE('',#3825,#3822,#2300,.F.);
#4979=ORIENTED_EDGE('',*,*,#3836,.F.);
#4980=ORIENTED_EDGE('',*,*,#3837,.T.);
#4981=ORIENTED_EDGE('',*,*,#3838,.F.);
#4982=ORIENTED_EDGE('',*,*,#3839,.F.);
#4983=ORIENTED_EDGE('',*,*,#3840,.F.);
#4984=ORIENTED_EDGE('',*,*,#3841,.T.);
#4985=ORIENTED_EDGE('',*,*,#3842,.F.);
#4986=ORIENTED_EDGE('',*,*,#3837,.F.);
#4987=ORIENTED_EDGE('',*,*,#3843,.F.);
#4988=ORIENTED_EDGE('',*,*,#3844,.T.);
#4989=ORIENTED_EDGE('',*,*,#3845,.F.);
#4990=ORIENTED_EDGE('',*,*,#3841,.F.);
#4991=ORIENTED_EDGE('',*,*,#3846,.F.);
#4992=ORIENTED_EDGE('',*,*,#3847,.T.);
#4993=ORIENTED_EDGE('',*,*,#3848,.F.);
#4994=ORIENTED_EDGE('',*,*,#3844,.F.);
#4995=ORIENTED_EDGE('',*,*,#3849,.F.);
#4996=ORIENTED_EDGE('',*,*,#3850,.T.);
#4997=ORIENTED_EDGE('',*,*,#3851,.F.);
#4998=ORIENTED_EDGE('',*,*,#3847,.F.);
#4999=ORIENTED_EDGE('',*,*,#3852,.F.);
#5000=ORIENTED_EDGE('',*,*,#3853,.T.);
#5001=ORIENTED_EDGE('',*,*,#3854,.F.);
#5002=ORIENTED_EDGE('',*,*,#3850,.F.);
#5003=ORIENTED_EDGE('',*,*,#3855,.F.);
#5004=ORIENTED_EDGE('',*,*,#3856,.T.);
#5005=ORIENTED_EDGE('',*,*,#3857,.F.);
#5006=ORIENTED_EDGE('',*,*,#3853,.F.);
#5007=ORIENTED_EDGE('',*,*,#3858,.F.);
#5008=ORIENTED_EDGE('',*,*,#3839,.T.);
#5009=ORIENTED_EDGE('',*,*,#3859,.F.);
#5010=ORIENTED_EDGE('',*,*,#3856,.F.);
#5011=ORIENTED_EDGE('',*,*,#3860,.F.);
#5012=ORIENTED_EDGE('',*,*,#3861,.T.);
#5013=ORIENTED_EDGE('',*,*,#3862,.F.);
#5014=ORIENTED_EDGE('',*,*,#3863,.F.);
#5015=ORIENTED_EDGE('',*,*,#3864,.F.);
#5016=ORIENTED_EDGE('',*,*,#3865,.T.);
#5017=ORIENTED_EDGE('',*,*,#3866,.F.);
#5018=ORIENTED_EDGE('',*,*,#3861,.F.);
#5019=ORIENTED_EDGE('',*,*,#3867,.F.);
#5020=ORIENTED_EDGE('',*,*,#3868,.T.);
#5021=ORIENTED_EDGE('',*,*,#3869,.F.);
#5022=ORIENTED_EDGE('',*,*,#3865,.F.);
#5023=ORIENTED_EDGE('',*,*,#3870,.F.);
#5024=ORIENTED_EDGE('',*,*,#3871,.T.);
#5025=ORIENTED_EDGE('',*,*,#3872,.F.);
#5026=ORIENTED_EDGE('',*,*,#3868,.F.);
#5027=ORIENTED_EDGE('',*,*,#3873,.F.);
#5028=ORIENTED_EDGE('',*,*,#3874,.T.);
#5029=ORIENTED_EDGE('',*,*,#3875,.F.);
#5030=ORIENTED_EDGE('',*,*,#3871,.F.);
#5031=ORIENTED_EDGE('',*,*,#3876,.F.);
#5032=ORIENTED_EDGE('',*,*,#3877,.T.);
#5033=ORIENTED_EDGE('',*,*,#3878,.F.);
#5034=ORIENTED_EDGE('',*,*,#3874,.F.);
#5035=ORIENTED_EDGE('',*,*,#3879,.F.);
#5036=ORIENTED_EDGE('',*,*,#3880,.T.);
#5037=ORIENTED_EDGE('',*,*,#3881,.F.);
#5038=ORIENTED_EDGE('',*,*,#3877,.F.);
#5039=ORIENTED_EDGE('',*,*,#3882,.F.);
#5040=ORIENTED_EDGE('',*,*,#3863,.T.);
#5041=ORIENTED_EDGE('',*,*,#3883,.F.);
#5042=ORIENTED_EDGE('',*,*,#3880,.F.);
#5043=ORIENTED_EDGE('',*,*,#3884,.F.);
#5044=ORIENTED_EDGE('',*,*,#3885,.T.);
#5045=ORIENTED_EDGE('',*,*,#3886,.F.);
#5046=ORIENTED_EDGE('',*,*,#3887,.F.);
#5047=ORIENTED_EDGE('',*,*,#3888,.F.);
#5048=ORIENTED_EDGE('',*,*,#3889,.T.);
#5049=ORIENTED_EDGE('',*,*,#3890,.F.);
#5050=ORIENTED_EDGE('',*,*,#3885,.F.);
#5051=ORIENTED_EDGE('',*,*,#3891,.F.);
#5052=ORIENTED_EDGE('',*,*,#3892,.T.);
#5053=ORIENTED_EDGE('',*,*,#3893,.F.);
#5054=ORIENTED_EDGE('',*,*,#3889,.F.);
#5055=ORIENTED_EDGE('',*,*,#3894,.F.);
#5056=ORIENTED_EDGE('',*,*,#3895,.T.);
#5057=ORIENTED_EDGE('',*,*,#3896,.F.);
#5058=ORIENTED_EDGE('',*,*,#3892,.F.);
#5059=ORIENTED_EDGE('',*,*,#3897,.F.);
#5060=ORIENTED_EDGE('',*,*,#3898,.T.);
#5061=ORIENTED_EDGE('',*,*,#3899,.F.);
#5062=ORIENTED_EDGE('',*,*,#3895,.F.);
#5063=ORIENTED_EDGE('',*,*,#3900,.F.);
#5064=ORIENTED_EDGE('',*,*,#3901,.T.);
#5065=ORIENTED_EDGE('',*,*,#3902,.F.);
#5066=ORIENTED_EDGE('',*,*,#3898,.F.);
#5067=ORIENTED_EDGE('',*,*,#3903,.F.);
#5068=ORIENTED_EDGE('',*,*,#3904,.T.);
#5069=ORIENTED_EDGE('',*,*,#3905,.F.);
#5070=ORIENTED_EDGE('',*,*,#3901,.F.);
#5071=ORIENTED_EDGE('',*,*,#3906,.F.);
#5072=ORIENTED_EDGE('',*,*,#3887,.T.);
#5073=ORIENTED_EDGE('',*,*,#3907,.F.);
#5074=ORIENTED_EDGE('',*,*,#3904,.F.);
#5075=ORIENTED_EDGE('',*,*,#3908,.F.);
#5076=ORIENTED_EDGE('',*,*,#3909,.T.);
#5077=ORIENTED_EDGE('',*,*,#3910,.F.);
#5078=ORIENTED_EDGE('',*,*,#3911,.F.);
#5079=ORIENTED_EDGE('',*,*,#3912,.F.);
#5080=ORIENTED_EDGE('',*,*,#3913,.T.);
#5081=ORIENTED_EDGE('',*,*,#3914,.F.);
#5082=ORIENTED_EDGE('',*,*,#3909,.F.);
#5083=ORIENTED_EDGE('',*,*,#3915,.F.);
#5084=ORIENTED_EDGE('',*,*,#3916,.T.);
#5085=ORIENTED_EDGE('',*,*,#3917,.F.);
#5086=ORIENTED_EDGE('',*,*,#3913,.F.);
#5087=ORIENTED_EDGE('',*,*,#3918,.F.);
#5088=ORIENTED_EDGE('',*,*,#3919,.T.);
#5089=ORIENTED_EDGE('',*,*,#3920,.F.);
#5090=ORIENTED_EDGE('',*,*,#3916,.F.);
#5091=ORIENTED_EDGE('',*,*,#3921,.F.);
#5092=ORIENTED_EDGE('',*,*,#3922,.T.);
#5093=ORIENTED_EDGE('',*,*,#3923,.F.);
#5094=ORIENTED_EDGE('',*,*,#3919,.F.);
#5095=ORIENTED_EDGE('',*,*,#3924,.F.);
#5096=ORIENTED_EDGE('',*,*,#3925,.T.);
#5097=ORIENTED_EDGE('',*,*,#3926,.F.);
#5098=ORIENTED_EDGE('',*,*,#3922,.F.);
#5099=ORIENTED_EDGE('',*,*,#3927,.F.);
#5100=ORIENTED_EDGE('',*,*,#3928,.T.);
#5101=ORIENTED_EDGE('',*,*,#3929,.F.);
#5102=ORIENTED_EDGE('',*,*,#3925,.F.);
#5103=ORIENTED_EDGE('',*,*,#3930,.F.);
#5104=ORIENTED_EDGE('',*,*,#3911,.T.);
#5105=ORIENTED_EDGE('',*,*,#3931,.F.);
#5106=ORIENTED_EDGE('',*,*,#3928,.F.);
#5107=ORIENTED_EDGE('',*,*,#3932,.F.);
#5108=ORIENTED_EDGE('',*,*,#3933,.T.);
#5109=ORIENTED_EDGE('',*,*,#3934,.F.);
#5110=ORIENTED_EDGE('',*,*,#3933,.F.);
#5111=ORIENTED_EDGE('',*,*,#3935,.F.);
#5112=ORIENTED_EDGE('',*,*,#3936,.T.);
#5113=ORIENTED_EDGE('',*,*,#3937,.F.);
#5114=ORIENTED_EDGE('',*,*,#3938,.F.);
#5115=ORIENTED_EDGE('',*,*,#3939,.F.);
#5116=ORIENTED_EDGE('',*,*,#3940,.T.);
#5117=ORIENTED_EDGE('',*,*,#3941,.F.);
#5118=ORIENTED_EDGE('',*,*,#3936,.F.);
#5119=ORIENTED_EDGE('',*,*,#3942,.F.);
#5120=ORIENTED_EDGE('',*,*,#3943,.T.);
#5121=ORIENTED_EDGE('',*,*,#3944,.F.);
#5122=ORIENTED_EDGE('',*,*,#3940,.F.);
#5123=ORIENTED_EDGE('',*,*,#3945,.F.);
#5124=ORIENTED_EDGE('',*,*,#3946,.T.);
#5125=ORIENTED_EDGE('',*,*,#3947,.F.);
#5126=ORIENTED_EDGE('',*,*,#3943,.F.);
#5127=ORIENTED_EDGE('',*,*,#3948,.F.);
#5128=ORIENTED_EDGE('',*,*,#3949,.T.);
#5129=ORIENTED_EDGE('',*,*,#3950,.F.);
#5130=ORIENTED_EDGE('',*,*,#3946,.F.);
#5131=ORIENTED_EDGE('',*,*,#3951,.F.);
#5132=ORIENTED_EDGE('',*,*,#3952,.T.);
#5133=ORIENTED_EDGE('',*,*,#3953,.F.);
#5134=ORIENTED_EDGE('',*,*,#3949,.F.);
#5135=ORIENTED_EDGE('',*,*,#3954,.F.);
#5136=ORIENTED_EDGE('',*,*,#3955,.T.);
#5137=ORIENTED_EDGE('',*,*,#3956,.F.);
#5138=ORIENTED_EDGE('',*,*,#3952,.F.);
#5139=ORIENTED_EDGE('',*,*,#3957,.F.);
#5140=ORIENTED_EDGE('',*,*,#3938,.T.);
#5141=ORIENTED_EDGE('',*,*,#3958,.F.);
#5142=ORIENTED_EDGE('',*,*,#3955,.F.);
#5143=ORIENTED_EDGE('',*,*,#3959,.F.);
#5144=ORIENTED_EDGE('',*,*,#3960,.T.);
#5145=ORIENTED_EDGE('',*,*,#3961,.F.);
#5146=ORIENTED_EDGE('',*,*,#3962,.F.);
#5147=ORIENTED_EDGE('',*,*,#3963,.F.);
#5148=ORIENTED_EDGE('',*,*,#3964,.T.);
#5149=ORIENTED_EDGE('',*,*,#3965,.F.);
#5150=ORIENTED_EDGE('',*,*,#3960,.F.);
#5151=ORIENTED_EDGE('',*,*,#3966,.F.);
#5152=ORIENTED_EDGE('',*,*,#3967,.T.);
#5153=ORIENTED_EDGE('',*,*,#3968,.F.);
#5154=ORIENTED_EDGE('',*,*,#3964,.F.);
#5155=ORIENTED_EDGE('',*,*,#3969,.F.);
#5156=ORIENTED_EDGE('',*,*,#3970,.T.);
#5157=ORIENTED_EDGE('',*,*,#3971,.F.);
#5158=ORIENTED_EDGE('',*,*,#3967,.F.);
#5159=ORIENTED_EDGE('',*,*,#3972,.F.);
#5160=ORIENTED_EDGE('',*,*,#3973,.T.);
#5161=ORIENTED_EDGE('',*,*,#3974,.F.);
#5162=ORIENTED_EDGE('',*,*,#3970,.F.);
#5163=ORIENTED_EDGE('',*,*,#3975,.F.);
#5164=ORIENTED_EDGE('',*,*,#3976,.T.);
#5165=ORIENTED_EDGE('',*,*,#3977,.F.);
#5166=ORIENTED_EDGE('',*,*,#3973,.F.);
#5167=ORIENTED_EDGE('',*,*,#3978,.F.);
#5168=ORIENTED_EDGE('',*,*,#3979,.T.);
#5169=ORIENTED_EDGE('',*,*,#3980,.F.);
#5170=ORIENTED_EDGE('',*,*,#3976,.F.);
#5171=ORIENTED_EDGE('',*,*,#3981,.F.);
#5172=ORIENTED_EDGE('',*,*,#3962,.T.);
#5173=ORIENTED_EDGE('',*,*,#3982,.F.);
#5174=ORIENTED_EDGE('',*,*,#3979,.F.);
#5175=ORIENTED_EDGE('',*,*,#3983,.F.);
#5176=ORIENTED_EDGE('',*,*,#3984,.T.);
#5177=ORIENTED_EDGE('',*,*,#3985,.F.);
#5178=ORIENTED_EDGE('',*,*,#3986,.F.);
#5179=ORIENTED_EDGE('',*,*,#3987,.F.);
#5180=ORIENTED_EDGE('',*,*,#3988,.T.);
#5181=ORIENTED_EDGE('',*,*,#3989,.F.);
#5182=ORIENTED_EDGE('',*,*,#3984,.F.);
#5183=ORIENTED_EDGE('',*,*,#3990,.F.);
#5184=ORIENTED_EDGE('',*,*,#3991,.T.);
#5185=ORIENTED_EDGE('',*,*,#3992,.F.);
#5186=ORIENTED_EDGE('',*,*,#3988,.F.);
#5187=ORIENTED_EDGE('',*,*,#3993,.F.);
#5188=ORIENTED_EDGE('',*,*,#3994,.T.);
#5189=ORIENTED_EDGE('',*,*,#3995,.F.);
#5190=ORIENTED_EDGE('',*,*,#3991,.F.);
#5191=ORIENTED_EDGE('',*,*,#3996,.F.);
#5192=ORIENTED_EDGE('',*,*,#3997,.T.);
#5193=ORIENTED_EDGE('',*,*,#3998,.F.);
#5194=ORIENTED_EDGE('',*,*,#3994,.F.);
#5195=ORIENTED_EDGE('',*,*,#3999,.F.);
#5196=ORIENTED_EDGE('',*,*,#4000,.T.);
#5197=ORIENTED_EDGE('',*,*,#4001,.F.);
#5198=ORIENTED_EDGE('',*,*,#3997,.F.);
#5199=ORIENTED_EDGE('',*,*,#4002,.F.);
#5200=ORIENTED_EDGE('',*,*,#4003,.T.);
#5201=ORIENTED_EDGE('',*,*,#4004,.F.);
#5202=ORIENTED_EDGE('',*,*,#4000,.F.);
#5203=ORIENTED_EDGE('',*,*,#4005,.F.);
#5204=ORIENTED_EDGE('',*,*,#3986,.T.);
#5205=ORIENTED_EDGE('',*,*,#4006,.F.);
#5206=ORIENTED_EDGE('',*,*,#4003,.F.);
#5207=ORIENTED_EDGE('',*,*,#4007,.F.);
#5208=ORIENTED_EDGE('',*,*,#4008,.T.);
#5209=ORIENTED_EDGE('',*,*,#4009,.F.);
#5210=ORIENTED_EDGE('',*,*,#4010,.F.);
#5211=ORIENTED_EDGE('',*,*,#4011,.F.);
#5212=ORIENTED_EDGE('',*,*,#4012,.T.);
#5213=ORIENTED_EDGE('',*,*,#4013,.F.);
#5214=ORIENTED_EDGE('',*,*,#4008,.F.);
#5215=ORIENTED_EDGE('',*,*,#4014,.F.);
#5216=ORIENTED_EDGE('',*,*,#4015,.T.);
#5217=ORIENTED_EDGE('',*,*,#4016,.F.);
#5218=ORIENTED_EDGE('',*,*,#4012,.F.);
#5219=ORIENTED_EDGE('',*,*,#4017,.F.);
#5220=ORIENTED_EDGE('',*,*,#4018,.T.);
#5221=ORIENTED_EDGE('',*,*,#4019,.F.);
#5222=ORIENTED_EDGE('',*,*,#4015,.F.);
#5223=ORIENTED_EDGE('',*,*,#4020,.F.);
#5224=ORIENTED_EDGE('',*,*,#4021,.T.);
#5225=ORIENTED_EDGE('',*,*,#4022,.F.);
#5226=ORIENTED_EDGE('',*,*,#4018,.F.);
#5227=ORIENTED_EDGE('',*,*,#4023,.F.);
#5228=ORIENTED_EDGE('',*,*,#4024,.T.);
#5229=ORIENTED_EDGE('',*,*,#4025,.F.);
#5230=ORIENTED_EDGE('',*,*,#4021,.F.);
#5231=ORIENTED_EDGE('',*,*,#4026,.F.);
#5232=ORIENTED_EDGE('',*,*,#4027,.T.);
#5233=ORIENTED_EDGE('',*,*,#4028,.F.);
#5234=ORIENTED_EDGE('',*,*,#4024,.F.);
#5235=ORIENTED_EDGE('',*,*,#4029,.F.);
#5236=ORIENTED_EDGE('',*,*,#4010,.T.);
#5237=ORIENTED_EDGE('',*,*,#4030,.F.);
#5238=ORIENTED_EDGE('',*,*,#4027,.F.);
#5239=ORIENTED_EDGE('',*,*,#4031,.F.);
#5240=ORIENTED_EDGE('',*,*,#4032,.T.);
#5241=ORIENTED_EDGE('',*,*,#4033,.F.);
#5242=ORIENTED_EDGE('',*,*,#4034,.F.);
#5243=ORIENTED_EDGE('',*,*,#4035,.F.);
#5244=ORIENTED_EDGE('',*,*,#4036,.T.);
#5245=ORIENTED_EDGE('',*,*,#4037,.F.);
#5246=ORIENTED_EDGE('',*,*,#4032,.F.);
#5247=ORIENTED_EDGE('',*,*,#4038,.F.);
#5248=ORIENTED_EDGE('',*,*,#4039,.T.);
#5249=ORIENTED_EDGE('',*,*,#4040,.F.);
#5250=ORIENTED_EDGE('',*,*,#4036,.F.);
#5251=ORIENTED_EDGE('',*,*,#4041,.F.);
#5252=ORIENTED_EDGE('',*,*,#4042,.T.);
#5253=ORIENTED_EDGE('',*,*,#4043,.F.);
#5254=ORIENTED_EDGE('',*,*,#4039,.F.);
#5255=ORIENTED_EDGE('',*,*,#4044,.F.);
#5256=ORIENTED_EDGE('',*,*,#4045,.T.);
#5257=ORIENTED_EDGE('',*,*,#4046,.F.);
#5258=ORIENTED_EDGE('',*,*,#4042,.F.);
#5259=ORIENTED_EDGE('',*,*,#4047,.F.);
#5260=ORIENTED_EDGE('',*,*,#4048,.T.);
#5261=ORIENTED_EDGE('',*,*,#4049,.F.);
#5262=ORIENTED_EDGE('',*,*,#4045,.F.);
#5263=ORIENTED_EDGE('',*,*,#4050,.F.);
#5264=ORIENTED_EDGE('',*,*,#4051,.T.);
#5265=ORIENTED_EDGE('',*,*,#4052,.F.);
#5266=ORIENTED_EDGE('',*,*,#4048,.F.);
#5267=ORIENTED_EDGE('',*,*,#4053,.F.);
#5268=ORIENTED_EDGE('',*,*,#4034,.T.);
#5269=ORIENTED_EDGE('',*,*,#4054,.F.);
#5270=ORIENTED_EDGE('',*,*,#4051,.F.);
#5271=ORIENTED_EDGE('',*,*,#4055,.F.);
#5272=ORIENTED_EDGE('',*,*,#4056,.T.);
#5273=ORIENTED_EDGE('',*,*,#4057,.F.);
#5274=ORIENTED_EDGE('',*,*,#4058,.F.);
#5275=ORIENTED_EDGE('',*,*,#4059,.F.);
#5276=ORIENTED_EDGE('',*,*,#4060,.T.);
#5277=ORIENTED_EDGE('',*,*,#4061,.F.);
#5278=ORIENTED_EDGE('',*,*,#4056,.F.);
#5279=ORIENTED_EDGE('',*,*,#4062,.F.);
#5280=ORIENTED_EDGE('',*,*,#4063,.T.);
#5281=ORIENTED_EDGE('',*,*,#4064,.F.);
#5282=ORIENTED_EDGE('',*,*,#4060,.F.);
#5283=ORIENTED_EDGE('',*,*,#4065,.F.);
#5284=ORIENTED_EDGE('',*,*,#4066,.T.);
#5285=ORIENTED_EDGE('',*,*,#4067,.F.);
#5286=ORIENTED_EDGE('',*,*,#4063,.F.);
#5287=ORIENTED_EDGE('',*,*,#4068,.F.);
#5288=ORIENTED_EDGE('',*,*,#4069,.T.);
#5289=ORIENTED_EDGE('',*,*,#4070,.F.);
#5290=ORIENTED_EDGE('',*,*,#4066,.F.);
#5291=ORIENTED_EDGE('',*,*,#4071,.F.);
#5292=ORIENTED_EDGE('',*,*,#4072,.T.);
#5293=ORIENTED_EDGE('',*,*,#4073,.F.);
#5294=ORIENTED_EDGE('',*,*,#4069,.F.);
#5295=ORIENTED_EDGE('',*,*,#4074,.F.);
#5296=ORIENTED_EDGE('',*,*,#4075,.T.);
#5297=ORIENTED_EDGE('',*,*,#4076,.F.);
#5298=ORIENTED_EDGE('',*,*,#4072,.F.);
#5299=ORIENTED_EDGE('',*,*,#4077,.F.);
#5300=ORIENTED_EDGE('',*,*,#4058,.T.);
#5301=ORIENTED_EDGE('',*,*,#4078,.F.);
#5302=ORIENTED_EDGE('',*,*,#4075,.F.);
#5303=ORIENTED_EDGE('',*,*,#4079,.F.);
#5304=ORIENTED_EDGE('',*,*,#4080,.T.);
#5305=ORIENTED_EDGE('',*,*,#4081,.F.);
#5306=ORIENTED_EDGE('',*,*,#4082,.F.);
#5307=ORIENTED_EDGE('',*,*,#4083,.F.);
#5308=ORIENTED_EDGE('',*,*,#4084,.T.);
#5309=ORIENTED_EDGE('',*,*,#4085,.F.);
#5310=ORIENTED_EDGE('',*,*,#4080,.F.);
#5311=ORIENTED_EDGE('',*,*,#4086,.F.);
#5312=ORIENTED_EDGE('',*,*,#4087,.T.);
#5313=ORIENTED_EDGE('',*,*,#4088,.F.);
#5314=ORIENTED_EDGE('',*,*,#4084,.F.);
#5315=ORIENTED_EDGE('',*,*,#4089,.F.);
#5316=ORIENTED_EDGE('',*,*,#4090,.T.);
#5317=ORIENTED_EDGE('',*,*,#4091,.F.);
#5318=ORIENTED_EDGE('',*,*,#4087,.F.);
#5319=ORIENTED_EDGE('',*,*,#4092,.F.);
#5320=ORIENTED_EDGE('',*,*,#4093,.T.);
#5321=ORIENTED_EDGE('',*,*,#4094,.F.);
#5322=ORIENTED_EDGE('',*,*,#4090,.F.);
#5323=ORIENTED_EDGE('',*,*,#4095,.F.);
#5324=ORIENTED_EDGE('',*,*,#4096,.T.);
#5325=ORIENTED_EDGE('',*,*,#4097,.F.);
#5326=ORIENTED_EDGE('',*,*,#4093,.F.);
#5327=ORIENTED_EDGE('',*,*,#4098,.F.);
#5328=ORIENTED_EDGE('',*,*,#4099,.T.);
#5329=ORIENTED_EDGE('',*,*,#4100,.F.);
#5330=ORIENTED_EDGE('',*,*,#4096,.F.);
#5331=ORIENTED_EDGE('',*,*,#4101,.F.);
#5332=ORIENTED_EDGE('',*,*,#4082,.T.);
#5333=ORIENTED_EDGE('',*,*,#4102,.F.);
#5334=ORIENTED_EDGE('',*,*,#4099,.F.);
#5335=ORIENTED_EDGE('',*,*,#4103,.F.);
#5336=ORIENTED_EDGE('',*,*,#4104,.T.);
#5337=ORIENTED_EDGE('',*,*,#4105,.F.);
#5338=ORIENTED_EDGE('',*,*,#4106,.F.);
#5339=ORIENTED_EDGE('',*,*,#4107,.F.);
#5340=ORIENTED_EDGE('',*,*,#4108,.T.);
#5341=ORIENTED_EDGE('',*,*,#4109,.F.);
#5342=ORIENTED_EDGE('',*,*,#4104,.F.);
#5343=ORIENTED_EDGE('',*,*,#4110,.F.);
#5344=ORIENTED_EDGE('',*,*,#4111,.T.);
#5345=ORIENTED_EDGE('',*,*,#4112,.F.);
#5346=ORIENTED_EDGE('',*,*,#4108,.F.);
#5347=ORIENTED_EDGE('',*,*,#4113,.F.);
#5348=ORIENTED_EDGE('',*,*,#4114,.T.);
#5349=ORIENTED_EDGE('',*,*,#4115,.F.);
#5350=ORIENTED_EDGE('',*,*,#4111,.F.);
#5351=ORIENTED_EDGE('',*,*,#4116,.F.);
#5352=ORIENTED_EDGE('',*,*,#4117,.T.);
#5353=ORIENTED_EDGE('',*,*,#4118,.F.);
#5354=ORIENTED_EDGE('',*,*,#4114,.F.);
#5355=ORIENTED_EDGE('',*,*,#4119,.F.);
#5356=ORIENTED_EDGE('',*,*,#4120,.T.);
#5357=ORIENTED_EDGE('',*,*,#4121,.F.);
#5358=ORIENTED_EDGE('',*,*,#4117,.F.);
#5359=ORIENTED_EDGE('',*,*,#4122,.F.);
#5360=ORIENTED_EDGE('',*,*,#4123,.T.);
#5361=ORIENTED_EDGE('',*,*,#4124,.F.);
#5362=ORIENTED_EDGE('',*,*,#4120,.F.);
#5363=ORIENTED_EDGE('',*,*,#4125,.F.);
#5364=ORIENTED_EDGE('',*,*,#4106,.T.);
#5365=ORIENTED_EDGE('',*,*,#4126,.F.);
#5366=ORIENTED_EDGE('',*,*,#4123,.F.);
#5367=ORIENTED_EDGE('',*,*,#4127,.F.);
#5368=ORIENTED_EDGE('',*,*,#4128,.T.);
#5369=ORIENTED_EDGE('',*,*,#4129,.F.);
#5370=ORIENTED_EDGE('',*,*,#4130,.F.);
#5371=ORIENTED_EDGE('',*,*,#4131,.F.);
#5372=ORIENTED_EDGE('',*,*,#4132,.T.);
#5373=ORIENTED_EDGE('',*,*,#4133,.F.);
#5374=ORIENTED_EDGE('',*,*,#4128,.F.);
#5375=ORIENTED_EDGE('',*,*,#4134,.F.);
#5376=ORIENTED_EDGE('',*,*,#4135,.T.);
#5377=ORIENTED_EDGE('',*,*,#4136,.F.);
#5378=ORIENTED_EDGE('',*,*,#4132,.F.);
#5379=ORIENTED_EDGE('',*,*,#4137,.F.);
#5380=ORIENTED_EDGE('',*,*,#4138,.T.);
#5381=ORIENTED_EDGE('',*,*,#4139,.F.);
#5382=ORIENTED_EDGE('',*,*,#4135,.F.);
#5383=ORIENTED_EDGE('',*,*,#4140,.F.);
#5384=ORIENTED_EDGE('',*,*,#4141,.T.);
#5385=ORIENTED_EDGE('',*,*,#4142,.F.);
#5386=ORIENTED_EDGE('',*,*,#4138,.F.);
#5387=ORIENTED_EDGE('',*,*,#4143,.F.);
#5388=ORIENTED_EDGE('',*,*,#4144,.T.);
#5389=ORIENTED_EDGE('',*,*,#4145,.F.);
#5390=ORIENTED_EDGE('',*,*,#4141,.F.);
#5391=ORIENTED_EDGE('',*,*,#4146,.F.);
#5392=ORIENTED_EDGE('',*,*,#4147,.T.);
#5393=ORIENTED_EDGE('',*,*,#4148,.F.);
#5394=ORIENTED_EDGE('',*,*,#4144,.F.);
#5395=ORIENTED_EDGE('',*,*,#4149,.F.);
#5396=ORIENTED_EDGE('',*,*,#4130,.T.);
#5397=ORIENTED_EDGE('',*,*,#4150,.F.);
#5398=ORIENTED_EDGE('',*,*,#4147,.F.);
#5399=ORIENTED_EDGE('',*,*,#4151,.F.);
#5400=ORIENTED_EDGE('',*,*,#4152,.T.);
#5401=ORIENTED_EDGE('',*,*,#4153,.F.);
#5402=ORIENTED_EDGE('',*,*,#4154,.F.);
#5403=ORIENTED_EDGE('',*,*,#4155,.F.);
#5404=ORIENTED_EDGE('',*,*,#4156,.T.);
#5405=ORIENTED_EDGE('',*,*,#4157,.F.);
#5406=ORIENTED_EDGE('',*,*,#4152,.F.);
#5407=ORIENTED_EDGE('',*,*,#4158,.F.);
#5408=ORIENTED_EDGE('',*,*,#4159,.T.);
#5409=ORIENTED_EDGE('',*,*,#4160,.F.);
#5410=ORIENTED_EDGE('',*,*,#4156,.F.);
#5411=ORIENTED_EDGE('',*,*,#4161,.F.);
#5412=ORIENTED_EDGE('',*,*,#4162,.T.);
#5413=ORIENTED_EDGE('',*,*,#4163,.F.);
#5414=ORIENTED_EDGE('',*,*,#4159,.F.);
#5415=ORIENTED_EDGE('',*,*,#4164,.F.);
#5416=ORIENTED_EDGE('',*,*,#4165,.T.);
#5417=ORIENTED_EDGE('',*,*,#4166,.F.);
#5418=ORIENTED_EDGE('',*,*,#4162,.F.);
#5419=ORIENTED_EDGE('',*,*,#4167,.F.);
#5420=ORIENTED_EDGE('',*,*,#4168,.T.);
#5421=ORIENTED_EDGE('',*,*,#4169,.F.);
#5422=ORIENTED_EDGE('',*,*,#4165,.F.);
#5423=ORIENTED_EDGE('',*,*,#4170,.F.);
#5424=ORIENTED_EDGE('',*,*,#4171,.T.);
#5425=ORIENTED_EDGE('',*,*,#4172,.F.);
#5426=ORIENTED_EDGE('',*,*,#4168,.F.);
#5427=ORIENTED_EDGE('',*,*,#4173,.F.);
#5428=ORIENTED_EDGE('',*,*,#4154,.T.);
#5429=ORIENTED_EDGE('',*,*,#4174,.F.);
#5430=ORIENTED_EDGE('',*,*,#4171,.F.);
#5431=ORIENTED_EDGE('',*,*,#4175,.F.);
#5432=ORIENTED_EDGE('',*,*,#4176,.T.);
#5433=ORIENTED_EDGE('',*,*,#4177,.F.);
#5434=ORIENTED_EDGE('',*,*,#4178,.F.);
#5435=ORIENTED_EDGE('',*,*,#4179,.F.);
#5436=ORIENTED_EDGE('',*,*,#4180,.T.);
#5437=ORIENTED_EDGE('',*,*,#4181,.F.);
#5438=ORIENTED_EDGE('',*,*,#4176,.F.);
#5439=ORIENTED_EDGE('',*,*,#4182,.F.);
#5440=ORIENTED_EDGE('',*,*,#4183,.T.);
#5441=ORIENTED_EDGE('',*,*,#4184,.F.);
#5442=ORIENTED_EDGE('',*,*,#4180,.F.);
#5443=ORIENTED_EDGE('',*,*,#4185,.F.);
#5444=ORIENTED_EDGE('',*,*,#4186,.T.);
#5445=ORIENTED_EDGE('',*,*,#4187,.F.);
#5446=ORIENTED_EDGE('',*,*,#4183,.F.);
#5447=ORIENTED_EDGE('',*,*,#4188,.F.);
#5448=ORIENTED_EDGE('',*,*,#4189,.T.);
#5449=ORIENTED_EDGE('',*,*,#4190,.F.);
#5450=ORIENTED_EDGE('',*,*,#4186,.F.);
#5451=ORIENTED_EDGE('',*,*,#4191,.F.);
#5452=ORIENTED_EDGE('',*,*,#4192,.T.);
#5453=ORIENTED_EDGE('',*,*,#4193,.F.);
#5454=ORIENTED_EDGE('',*,*,#4189,.F.);
#5455=ORIENTED_EDGE('',*,*,#4194,.F.);
#5456=ORIENTED_EDGE('',*,*,#4195,.T.);
#5457=ORIENTED_EDGE('',*,*,#4196,.F.);
#5458=ORIENTED_EDGE('',*,*,#4192,.F.);
#5459=ORIENTED_EDGE('',*,*,#4197,.F.);
#5460=ORIENTED_EDGE('',*,*,#4178,.T.);
#5461=ORIENTED_EDGE('',*,*,#4198,.F.);
#5462=ORIENTED_EDGE('',*,*,#4195,.F.);
#5463=ORIENTED_EDGE('',*,*,#4199,.F.);
#5464=ORIENTED_EDGE('',*,*,#4200,.T.);
#5465=ORIENTED_EDGE('',*,*,#4201,.F.);
#5466=ORIENTED_EDGE('',*,*,#4202,.F.);
#5467=ORIENTED_EDGE('',*,*,#4203,.F.);
#5468=ORIENTED_EDGE('',*,*,#4204,.T.);
#5469=ORIENTED_EDGE('',*,*,#4205,.F.);
#5470=ORIENTED_EDGE('',*,*,#4200,.F.);
#5471=ORIENTED_EDGE('',*,*,#4206,.F.);
#5472=ORIENTED_EDGE('',*,*,#4207,.T.);
#5473=ORIENTED_EDGE('',*,*,#4208,.F.);
#5474=ORIENTED_EDGE('',*,*,#4204,.F.);
#5475=ORIENTED_EDGE('',*,*,#4209,.F.);
#5476=ORIENTED_EDGE('',*,*,#4210,.T.);
#5477=ORIENTED_EDGE('',*,*,#4211,.F.);
#5478=ORIENTED_EDGE('',*,*,#4207,.F.);
#5479=ORIENTED_EDGE('',*,*,#4212,.F.);
#5480=ORIENTED_EDGE('',*,*,#4213,.T.);
#5481=ORIENTED_EDGE('',*,*,#4214,.F.);
#5482=ORIENTED_EDGE('',*,*,#4210,.F.);
#5483=ORIENTED_EDGE('',*,*,#4215,.F.);
#5484=ORIENTED_EDGE('',*,*,#4216,.T.);
#5485=ORIENTED_EDGE('',*,*,#4217,.F.);
#5486=ORIENTED_EDGE('',*,*,#4213,.F.);
#5487=ORIENTED_EDGE('',*,*,#4218,.F.);
#5488=ORIENTED_EDGE('',*,*,#4219,.T.);
#5489=ORIENTED_EDGE('',*,*,#4220,.F.);
#5490=ORIENTED_EDGE('',*,*,#4216,.F.);
#5491=ORIENTED_EDGE('',*,*,#4221,.F.);
#5492=ORIENTED_EDGE('',*,*,#4202,.T.);
#5493=ORIENTED_EDGE('',*,*,#4222,.F.);
#5494=ORIENTED_EDGE('',*,*,#4219,.F.);
#5495=ORIENTED_EDGE('',*,*,#4223,.F.);
#5496=ORIENTED_EDGE('',*,*,#4224,.T.);
#5497=ORIENTED_EDGE('',*,*,#4225,.F.);
#5498=ORIENTED_EDGE('',*,*,#4226,.F.);
#5499=ORIENTED_EDGE('',*,*,#4227,.F.);
#5500=ORIENTED_EDGE('',*,*,#4228,.T.);
#5501=ORIENTED_EDGE('',*,*,#4229,.F.);
#5502=ORIENTED_EDGE('',*,*,#4224,.F.);
#5503=ORIENTED_EDGE('',*,*,#4230,.F.);
#5504=ORIENTED_EDGE('',*,*,#4231,.T.);
#5505=ORIENTED_EDGE('',*,*,#4232,.F.);
#5506=ORIENTED_EDGE('',*,*,#4228,.F.);
#5507=ORIENTED_EDGE('',*,*,#4233,.F.);
#5508=ORIENTED_EDGE('',*,*,#4234,.T.);
#5509=ORIENTED_EDGE('',*,*,#4235,.F.);
#5510=ORIENTED_EDGE('',*,*,#4231,.F.);
#5511=ORIENTED_EDGE('',*,*,#4236,.F.);
#5512=ORIENTED_EDGE('',*,*,#4237,.T.);
#5513=ORIENTED_EDGE('',*,*,#4238,.F.);
#5514=ORIENTED_EDGE('',*,*,#4234,.F.);
#5515=ORIENTED_EDGE('',*,*,#4239,.F.);
#5516=ORIENTED_EDGE('',*,*,#4240,.T.);
#5517=ORIENTED_EDGE('',*,*,#4241,.F.);
#5518=ORIENTED_EDGE('',*,*,#4237,.F.);
#5519=ORIENTED_EDGE('',*,*,#4242,.F.);
#5520=ORIENTED_EDGE('',*,*,#4243,.T.);
#5521=ORIENTED_EDGE('',*,*,#4244,.F.);
#5522=ORIENTED_EDGE('',*,*,#4240,.F.);
#5523=ORIENTED_EDGE('',*,*,#4245,.F.);
#5524=ORIENTED_EDGE('',*,*,#4226,.T.);
#5525=ORIENTED_EDGE('',*,*,#4246,.F.);
#5526=ORIENTED_EDGE('',*,*,#4243,.F.);
#5527=ORIENTED_EDGE('',*,*,#4247,.F.);
#5528=ORIENTED_EDGE('',*,*,#4248,.T.);
#5529=ORIENTED_EDGE('',*,*,#4249,.F.);
#5530=ORIENTED_EDGE('',*,*,#4248,.F.);
#5531=ORIENTED_EDGE('',*,*,#4250,.F.);
#5532=ORIENTED_EDGE('',*,*,#4251,.T.);
#5533=ORIENTED_EDGE('',*,*,#4252,.F.);
#5534=ORIENTED_EDGE('',*,*,#4253,.F.);
#5535=ORIENTED_EDGE('',*,*,#4254,.F.);
#5536=ORIENTED_EDGE('',*,*,#4255,.T.);
#5537=ORIENTED_EDGE('',*,*,#4256,.F.);
#5538=ORIENTED_EDGE('',*,*,#4251,.F.);
#5539=ORIENTED_EDGE('',*,*,#4257,.F.);
#5540=ORIENTED_EDGE('',*,*,#4258,.T.);
#5541=ORIENTED_EDGE('',*,*,#4259,.F.);
#5542=ORIENTED_EDGE('',*,*,#4255,.F.);
#5543=ORIENTED_EDGE('',*,*,#4260,.F.);
#5544=ORIENTED_EDGE('',*,*,#4261,.T.);
#5545=ORIENTED_EDGE('',*,*,#4262,.F.);
#5546=ORIENTED_EDGE('',*,*,#4258,.F.);
#5547=ORIENTED_EDGE('',*,*,#4263,.F.);
#5548=ORIENTED_EDGE('',*,*,#4264,.T.);
#5549=ORIENTED_EDGE('',*,*,#4265,.F.);
#5550=ORIENTED_EDGE('',*,*,#4261,.F.);
#5551=ORIENTED_EDGE('',*,*,#4266,.F.);
#5552=ORIENTED_EDGE('',*,*,#4267,.T.);
#5553=ORIENTED_EDGE('',*,*,#4268,.F.);
#5554=ORIENTED_EDGE('',*,*,#4264,.F.);
#5555=ORIENTED_EDGE('',*,*,#4269,.F.);
#5556=ORIENTED_EDGE('',*,*,#4270,.T.);
#5557=ORIENTED_EDGE('',*,*,#4271,.F.);
#5558=ORIENTED_EDGE('',*,*,#4267,.F.);
#5559=ORIENTED_EDGE('',*,*,#4272,.F.);
#5560=ORIENTED_EDGE('',*,*,#4253,.T.);
#5561=ORIENTED_EDGE('',*,*,#4273,.F.);
#5562=ORIENTED_EDGE('',*,*,#4270,.F.);
#5563=ORIENTED_EDGE('',*,*,#4274,.F.);
#5564=ORIENTED_EDGE('',*,*,#4275,.T.);
#5565=ORIENTED_EDGE('',*,*,#4276,.F.);
#5566=ORIENTED_EDGE('',*,*,#4277,.F.);
#5567=ORIENTED_EDGE('',*,*,#4278,.F.);
#5568=ORIENTED_EDGE('',*,*,#4279,.T.);
#5569=ORIENTED_EDGE('',*,*,#4280,.F.);
#5570=ORIENTED_EDGE('',*,*,#4275,.F.);
#5571=ORIENTED_EDGE('',*,*,#4281,.F.);
#5572=ORIENTED_EDGE('',*,*,#4282,.T.);
#5573=ORIENTED_EDGE('',*,*,#4283,.F.);
#5574=ORIENTED_EDGE('',*,*,#4279,.F.);
#5575=ORIENTED_EDGE('',*,*,#4284,.F.);
#5576=ORIENTED_EDGE('',*,*,#4285,.T.);
#5577=ORIENTED_EDGE('',*,*,#4286,.F.);
#5578=ORIENTED_EDGE('',*,*,#4282,.F.);
#5579=ORIENTED_EDGE('',*,*,#4287,.F.);
#5580=ORIENTED_EDGE('',*,*,#4288,.T.);
#5581=ORIENTED_EDGE('',*,*,#4289,.F.);
#5582=ORIENTED_EDGE('',*,*,#4285,.F.);
#5583=ORIENTED_EDGE('',*,*,#4290,.F.);
#5584=ORIENTED_EDGE('',*,*,#4291,.T.);
#5585=ORIENTED_EDGE('',*,*,#4292,.F.);
#5586=ORIENTED_EDGE('',*,*,#4288,.F.);
#5587=ORIENTED_EDGE('',*,*,#4293,.F.);
#5588=ORIENTED_EDGE('',*,*,#4294,.T.);
#5589=ORIENTED_EDGE('',*,*,#4295,.F.);
#5590=ORIENTED_EDGE('',*,*,#4291,.F.);
#5591=ORIENTED_EDGE('',*,*,#4296,.F.);
#5592=ORIENTED_EDGE('',*,*,#4277,.T.);
#5593=ORIENTED_EDGE('',*,*,#4297,.F.);
#5594=ORIENTED_EDGE('',*,*,#4294,.F.);
#5595=ORIENTED_EDGE('',*,*,#4298,.F.);
#5596=ORIENTED_EDGE('',*,*,#4299,.T.);
#5597=ORIENTED_EDGE('',*,*,#4300,.F.);
#5598=ORIENTED_EDGE('',*,*,#4301,.F.);
#5599=ORIENTED_EDGE('',*,*,#4302,.F.);
#5600=ORIENTED_EDGE('',*,*,#4303,.T.);
#5601=ORIENTED_EDGE('',*,*,#4304,.F.);
#5602=ORIENTED_EDGE('',*,*,#4299,.F.);
#5603=ORIENTED_EDGE('',*,*,#4305,.F.);
#5604=ORIENTED_EDGE('',*,*,#4306,.T.);
#5605=ORIENTED_EDGE('',*,*,#4307,.F.);
#5606=ORIENTED_EDGE('',*,*,#4303,.F.);
#5607=ORIENTED_EDGE('',*,*,#4308,.F.);
#5608=ORIENTED_EDGE('',*,*,#4309,.T.);
#5609=ORIENTED_EDGE('',*,*,#4310,.F.);
#5610=ORIENTED_EDGE('',*,*,#4306,.F.);
#5611=ORIENTED_EDGE('',*,*,#4311,.F.);
#5612=ORIENTED_EDGE('',*,*,#4312,.T.);
#5613=ORIENTED_EDGE('',*,*,#4313,.F.);
#5614=ORIENTED_EDGE('',*,*,#4309,.F.);
#5615=ORIENTED_EDGE('',*,*,#4314,.F.);
#5616=ORIENTED_EDGE('',*,*,#4315,.T.);
#5617=ORIENTED_EDGE('',*,*,#4316,.F.);
#5618=ORIENTED_EDGE('',*,*,#4312,.F.);
#5619=ORIENTED_EDGE('',*,*,#4317,.F.);
#5620=ORIENTED_EDGE('',*,*,#4318,.T.);
#5621=ORIENTED_EDGE('',*,*,#4319,.F.);
#5622=ORIENTED_EDGE('',*,*,#4315,.F.);
#5623=ORIENTED_EDGE('',*,*,#4320,.F.);
#5624=ORIENTED_EDGE('',*,*,#4301,.T.);
#5625=ORIENTED_EDGE('',*,*,#4321,.F.);
#5626=ORIENTED_EDGE('',*,*,#4318,.F.);
#5627=ORIENTED_EDGE('',*,*,#4322,.F.);
#5628=ORIENTED_EDGE('',*,*,#4323,.T.);
#5629=ORIENTED_EDGE('',*,*,#4324,.F.);
#5630=ORIENTED_EDGE('',*,*,#4325,.F.);
#5631=ORIENTED_EDGE('',*,*,#4326,.F.);
#5632=ORIENTED_EDGE('',*,*,#4327,.T.);
#5633=ORIENTED_EDGE('',*,*,#4328,.F.);
#5634=ORIENTED_EDGE('',*,*,#4323,.F.);
#5635=ORIENTED_EDGE('',*,*,#4329,.F.);
#5636=ORIENTED_EDGE('',*,*,#4330,.T.);
#5637=ORIENTED_EDGE('',*,*,#4331,.F.);
#5638=ORIENTED_EDGE('',*,*,#4327,.F.);
#5639=ORIENTED_EDGE('',*,*,#4332,.F.);
#5640=ORIENTED_EDGE('',*,*,#4333,.T.);
#5641=ORIENTED_EDGE('',*,*,#4334,.F.);
#5642=ORIENTED_EDGE('',*,*,#4330,.F.);
#5643=ORIENTED_EDGE('',*,*,#4335,.F.);
#5644=ORIENTED_EDGE('',*,*,#4336,.T.);
#5645=ORIENTED_EDGE('',*,*,#4337,.F.);
#5646=ORIENTED_EDGE('',*,*,#4333,.F.);
#5647=ORIENTED_EDGE('',*,*,#4338,.F.);
#5648=ORIENTED_EDGE('',*,*,#4339,.T.);
#5649=ORIENTED_EDGE('',*,*,#4340,.F.);
#5650=ORIENTED_EDGE('',*,*,#4336,.F.);
#5651=ORIENTED_EDGE('',*,*,#4341,.F.);
#5652=ORIENTED_EDGE('',*,*,#4342,.T.);
#5653=ORIENTED_EDGE('',*,*,#4343,.F.);
#5654=ORIENTED_EDGE('',*,*,#4339,.F.);
#5655=ORIENTED_EDGE('',*,*,#4344,.F.);
#5656=ORIENTED_EDGE('',*,*,#4325,.T.);
#5657=ORIENTED_EDGE('',*,*,#4345,.F.);
#5658=ORIENTED_EDGE('',*,*,#4342,.F.);
#5659=ORIENTED_EDGE('',*,*,#4346,.F.);
#5660=ORIENTED_EDGE('',*,*,#4347,.T.);
#5661=ORIENTED_EDGE('',*,*,#4348,.F.);
#5662=ORIENTED_EDGE('',*,*,#4349,.F.);
#5663=ORIENTED_EDGE('',*,*,#4350,.F.);
#5664=ORIENTED_EDGE('',*,*,#4351,.T.);
#5665=ORIENTED_EDGE('',*,*,#4352,.F.);
#5666=ORIENTED_EDGE('',*,*,#4347,.F.);
#5667=ORIENTED_EDGE('',*,*,#4353,.F.);
#5668=ORIENTED_EDGE('',*,*,#4354,.T.);
#5669=ORIENTED_EDGE('',*,*,#4355,.F.);
#5670=ORIENTED_EDGE('',*,*,#4351,.F.);
#5671=ORIENTED_EDGE('',*,*,#4356,.F.);
#5672=ORIENTED_EDGE('',*,*,#4357,.T.);
#5673=ORIENTED_EDGE('',*,*,#4358,.F.);
#5674=ORIENTED_EDGE('',*,*,#4354,.F.);
#5675=ORIENTED_EDGE('',*,*,#4359,.F.);
#5676=ORIENTED_EDGE('',*,*,#4360,.T.);
#5677=ORIENTED_EDGE('',*,*,#4361,.F.);
#5678=ORIENTED_EDGE('',*,*,#4357,.F.);
#5679=ORIENTED_EDGE('',*,*,#4362,.F.);
#5680=ORIENTED_EDGE('',*,*,#4363,.T.);
#5681=ORIENTED_EDGE('',*,*,#4364,.F.);
#5682=ORIENTED_EDGE('',*,*,#4360,.F.);
#5683=ORIENTED_EDGE('',*,*,#4365,.F.);
#5684=ORIENTED_EDGE('',*,*,#4366,.T.);
#5685=ORIENTED_EDGE('',*,*,#4367,.F.);
#5686=ORIENTED_EDGE('',*,*,#4363,.F.);
#5687=ORIENTED_EDGE('',*,*,#4368,.F.);
#5688=ORIENTED_EDGE('',*,*,#4349,.T.);
#5689=ORIENTED_EDGE('',*,*,#4369,.F.);
#5690=ORIENTED_EDGE('',*,*,#4366,.F.);
#5691=ORIENTED_EDGE('',*,*,#4370,.F.);
#5692=ORIENTED_EDGE('',*,*,#4371,.T.);
#5693=ORIENTED_EDGE('',*,*,#4372,.F.);
#5694=ORIENTED_EDGE('',*,*,#4373,.F.);
#5695=ORIENTED_EDGE('',*,*,#4374,.F.);
#5696=ORIENTED_EDGE('',*,*,#4375,.T.);
#5697=ORIENTED_EDGE('',*,*,#4376,.F.);
#5698=ORIENTED_EDGE('',*,*,#4371,.F.);
#5699=ORIENTED_EDGE('',*,*,#4377,.F.);
#5700=ORIENTED_EDGE('',*,*,#4378,.T.);
#5701=ORIENTED_EDGE('',*,*,#4379,.F.);
#5702=ORIENTED_EDGE('',*,*,#4375,.F.);
#5703=ORIENTED_EDGE('',*,*,#4380,.F.);
#5704=ORIENTED_EDGE('',*,*,#4381,.T.);
#5705=ORIENTED_EDGE('',*,*,#4382,.F.);
#5706=ORIENTED_EDGE('',*,*,#4378,.F.);
#5707=ORIENTED_EDGE('',*,*,#4383,.F.);
#5708=ORIENTED_EDGE('',*,*,#4384,.T.);
#5709=ORIENTED_EDGE('',*,*,#4385,.F.);
#5710=ORIENTED_EDGE('',*,*,#4381,.F.);
#5711=ORIENTED_EDGE('',*,*,#4386,.F.);
#5712=ORIENTED_EDGE('',*,*,#4387,.T.);
#5713=ORIENTED_EDGE('',*,*,#4388,.F.);
#5714=ORIENTED_EDGE('',*,*,#4384,.F.);
#5715=ORIENTED_EDGE('',*,*,#4389,.F.);
#5716=ORIENTED_EDGE('',*,*,#4390,.T.);
#5717=ORIENTED_EDGE('',*,*,#4391,.F.);
#5718=ORIENTED_EDGE('',*,*,#4387,.F.);
#5719=ORIENTED_EDGE('',*,*,#4392,.F.);
#5720=ORIENTED_EDGE('',*,*,#4373,.T.);
#5721=ORIENTED_EDGE('',*,*,#4393,.F.);
#5722=ORIENTED_EDGE('',*,*,#4390,.F.);
#5723=ORIENTED_EDGE('',*,*,#4394,.F.);
#5724=ORIENTED_EDGE('',*,*,#4395,.T.);
#5725=ORIENTED_EDGE('',*,*,#4396,.F.);
#5726=ORIENTED_EDGE('',*,*,#4397,.F.);
#5727=ORIENTED_EDGE('',*,*,#4398,.F.);
#5728=ORIENTED_EDGE('',*,*,#4399,.T.);
#5729=ORIENTED_EDGE('',*,*,#4400,.F.);
#5730=ORIENTED_EDGE('',*,*,#4395,.F.);
#5731=ORIENTED_EDGE('',*,*,#4401,.F.);
#5732=ORIENTED_EDGE('',*,*,#4402,.T.);
#5733=ORIENTED_EDGE('',*,*,#4403,.F.);
#5734=ORIENTED_EDGE('',*,*,#4399,.F.);
#5735=ORIENTED_EDGE('',*,*,#4404,.F.);
#5736=ORIENTED_EDGE('',*,*,#4405,.T.);
#5737=ORIENTED_EDGE('',*,*,#4406,.F.);
#5738=ORIENTED_EDGE('',*,*,#4402,.F.);
#5739=ORIENTED_EDGE('',*,*,#4407,.F.);
#5740=ORIENTED_EDGE('',*,*,#4408,.T.);
#5741=ORIENTED_EDGE('',*,*,#4409,.F.);
#5742=ORIENTED_EDGE('',*,*,#4405,.F.);
#5743=ORIENTED_EDGE('',*,*,#4410,.F.);
#5744=ORIENTED_EDGE('',*,*,#4411,.T.);
#5745=ORIENTED_EDGE('',*,*,#4412,.F.);
#5746=ORIENTED_EDGE('',*,*,#4408,.F.);
#5747=ORIENTED_EDGE('',*,*,#4413,.F.);
#5748=ORIENTED_EDGE('',*,*,#4414,.T.);
#5749=ORIENTED_EDGE('',*,*,#4415,.F.);
#5750=ORIENTED_EDGE('',*,*,#4411,.F.);
#5751=ORIENTED_EDGE('',*,*,#4416,.F.);
#5752=ORIENTED_EDGE('',*,*,#4397,.T.);
#5753=ORIENTED_EDGE('',*,*,#4417,.F.);
#5754=ORIENTED_EDGE('',*,*,#4414,.F.);
#5755=ORIENTED_EDGE('',*,*,#4418,.F.);
#5756=ORIENTED_EDGE('',*,*,#4419,.T.);
#5757=ORIENTED_EDGE('',*,*,#4420,.F.);
#5758=ORIENTED_EDGE('',*,*,#4421,.F.);
#5759=ORIENTED_EDGE('',*,*,#4422,.F.);
#5760=ORIENTED_EDGE('',*,*,#4423,.T.);
#5761=ORIENTED_EDGE('',*,*,#4424,.F.);
#5762=ORIENTED_EDGE('',*,*,#4419,.F.);
#5763=ORIENTED_EDGE('',*,*,#4425,.F.);
#5764=ORIENTED_EDGE('',*,*,#4426,.T.);
#5765=ORIENTED_EDGE('',*,*,#4427,.F.);
#5766=ORIENTED_EDGE('',*,*,#4423,.F.);
#5767=ORIENTED_EDGE('',*,*,#4428,.F.);
#5768=ORIENTED_EDGE('',*,*,#4429,.T.);
#5769=ORIENTED_EDGE('',*,*,#4430,.F.);
#5770=ORIENTED_EDGE('',*,*,#4426,.F.);
#5771=ORIENTED_EDGE('',*,*,#4431,.F.);
#5772=ORIENTED_EDGE('',*,*,#4432,.T.);
#5773=ORIENTED_EDGE('',*,*,#4433,.F.);
#5774=ORIENTED_EDGE('',*,*,#4429,.F.);
#5775=ORIENTED_EDGE('',*,*,#4434,.F.);
#5776=ORIENTED_EDGE('',*,*,#4435,.T.);
#5777=ORIENTED_EDGE('',*,*,#4436,.F.);
#5778=ORIENTED_EDGE('',*,*,#4432,.F.);
#5779=ORIENTED_EDGE('',*,*,#4437,.F.);
#5780=ORIENTED_EDGE('',*,*,#4438,.T.);
#5781=ORIENTED_EDGE('',*,*,#4439,.F.);
#5782=ORIENTED_EDGE('',*,*,#4435,.F.);
#5783=ORIENTED_EDGE('',*,*,#4440,.F.);
#5784=ORIENTED_EDGE('',*,*,#4421,.T.);
#5785=ORIENTED_EDGE('',*,*,#4441,.F.);
#5786=ORIENTED_EDGE('',*,*,#4438,.F.);
#5787=ORIENTED_EDGE('',*,*,#4442,.F.);
#5788=ORIENTED_EDGE('',*,*,#4443,.T.);
#5789=ORIENTED_EDGE('',*,*,#4444,.F.);
#5790=ORIENTED_EDGE('',*,*,#4445,.F.);
#5791=ORIENTED_EDGE('',*,*,#4446,.F.);
#5792=ORIENTED_EDGE('',*,*,#4447,.T.);
#5793=ORIENTED_EDGE('',*,*,#4448,.F.);
#5794=ORIENTED_EDGE('',*,*,#4443,.F.);
#5795=ORIENTED_EDGE('',*,*,#4449,.F.);
#5796=ORIENTED_EDGE('',*,*,#4450,.T.);
#5797=ORIENTED_EDGE('',*,*,#4451,.F.);
#5798=ORIENTED_EDGE('',*,*,#4447,.F.);
#5799=ORIENTED_EDGE('',*,*,#4452,.F.);
#5800=ORIENTED_EDGE('',*,*,#4453,.T.);
#5801=ORIENTED_EDGE('',*,*,#4454,.F.);
#5802=ORIENTED_EDGE('',*,*,#4450,.F.);
#5803=ORIENTED_EDGE('',*,*,#4455,.F.);
#5804=ORIENTED_EDGE('',*,*,#4456,.T.);
#5805=ORIENTED_EDGE('',*,*,#4457,.F.);
#5806=ORIENTED_EDGE('',*,*,#4453,.F.);
#5807=ORIENTED_EDGE('',*,*,#4458,.F.);
#5808=ORIENTED_EDGE('',*,*,#4459,.T.);
#5809=ORIENTED_EDGE('',*,*,#4460,.F.);
#5810=ORIENTED_EDGE('',*,*,#4456,.F.);
#5811=ORIENTED_EDGE('',*,*,#4461,.F.);
#5812=ORIENTED_EDGE('',*,*,#4462,.T.);
#5813=ORIENTED_EDGE('',*,*,#4463,.F.);
#5814=ORIENTED_EDGE('',*,*,#4459,.F.);
#5815=ORIENTED_EDGE('',*,*,#4464,.F.);
#5816=ORIENTED_EDGE('',*,*,#4445,.T.);
#5817=ORIENTED_EDGE('',*,*,#4465,.F.);
#5818=ORIENTED_EDGE('',*,*,#4462,.F.);
#5819=ORIENTED_EDGE('',*,*,#4466,.F.);
#5820=ORIENTED_EDGE('',*,*,#4467,.T.);
#5821=ORIENTED_EDGE('',*,*,#4468,.F.);
#5822=ORIENTED_EDGE('',*,*,#4469,.F.);
#5823=ORIENTED_EDGE('',*,*,#4470,.F.);
#5824=ORIENTED_EDGE('',*,*,#4471,.T.);
#5825=ORIENTED_EDGE('',*,*,#4472,.F.);
#5826=ORIENTED_EDGE('',*,*,#4467,.F.);
#5827=ORIENTED_EDGE('',*,*,#4473,.F.);
#5828=ORIENTED_EDGE('',*,*,#4474,.T.);
#5829=ORIENTED_EDGE('',*,*,#4475,.F.);
#5830=ORIENTED_EDGE('',*,*,#4471,.F.);
#5831=ORIENTED_EDGE('',*,*,#4476,.F.);
#5832=ORIENTED_EDGE('',*,*,#4477,.T.);
#5833=ORIENTED_EDGE('',*,*,#4478,.F.);
#5834=ORIENTED_EDGE('',*,*,#4474,.F.);
#5835=ORIENTED_EDGE('',*,*,#4479,.F.);
#5836=ORIENTED_EDGE('',*,*,#4480,.T.);
#5837=ORIENTED_EDGE('',*,*,#4481,.F.);
#5838=ORIENTED_EDGE('',*,*,#4477,.F.);
#5839=ORIENTED_EDGE('',*,*,#4482,.F.);
#5840=ORIENTED_EDGE('',*,*,#4483,.T.);
#5841=ORIENTED_EDGE('',*,*,#4484,.F.);
#5842=ORIENTED_EDGE('',*,*,#4480,.F.);
#5843=ORIENTED_EDGE('',*,*,#4485,.F.);
#5844=ORIENTED_EDGE('',*,*,#4486,.T.);
#5845=ORIENTED_EDGE('',*,*,#4487,.F.);
#5846=ORIENTED_EDGE('',*,*,#4483,.F.);
#5847=ORIENTED_EDGE('',*,*,#4488,.F.);
#5848=ORIENTED_EDGE('',*,*,#4469,.T.);
#5849=ORIENTED_EDGE('',*,*,#4489,.F.);
#5850=ORIENTED_EDGE('',*,*,#4486,.F.);
#5851=ORIENTED_EDGE('',*,*,#4490,.F.);
#5852=ORIENTED_EDGE('',*,*,#4491,.T.);
#5853=ORIENTED_EDGE('',*,*,#4492,.F.);
#5854=ORIENTED_EDGE('',*,*,#4491,.F.);
#5855=ORIENTED_EDGE('',*,*,#4493,.F.);
#5856=ORIENTED_EDGE('',*,*,#4494,.T.);
#5857=ORIENTED_EDGE('',*,*,#4495,.F.);
#5858=ORIENTED_EDGE('',*,*,#4496,.F.);
#5859=ORIENTED_EDGE('',*,*,#4497,.F.);
#5860=ORIENTED_EDGE('',*,*,#4498,.T.);
#5861=ORIENTED_EDGE('',*,*,#4499,.F.);
#5862=ORIENTED_EDGE('',*,*,#4494,.F.);
#5863=ORIENTED_EDGE('',*,*,#4500,.F.);
#5864=ORIENTED_EDGE('',*,*,#4501,.T.);
#5865=ORIENTED_EDGE('',*,*,#4502,.F.);
#5866=ORIENTED_EDGE('',*,*,#4498,.F.);
#5867=ORIENTED_EDGE('',*,*,#4503,.F.);
#5868=ORIENTED_EDGE('',*,*,#4504,.T.);
#5869=ORIENTED_EDGE('',*,*,#4505,.F.);
#5870=ORIENTED_EDGE('',*,*,#4501,.F.);
#5871=ORIENTED_EDGE('',*,*,#4506,.F.);
#5872=ORIENTED_EDGE('',*,*,#4507,.T.);
#5873=ORIENTED_EDGE('',*,*,#4508,.F.);
#5874=ORIENTED_EDGE('',*,*,#4504,.F.);
#5875=ORIENTED_EDGE('',*,*,#4509,.F.);
#5876=ORIENTED_EDGE('',*,*,#4510,.T.);
#5877=ORIENTED_EDGE('',*,*,#4511,.F.);
#5878=ORIENTED_EDGE('',*,*,#4507,.F.);
#5879=ORIENTED_EDGE('',*,*,#4512,.F.);
#5880=ORIENTED_EDGE('',*,*,#4513,.T.);
#5881=ORIENTED_EDGE('',*,*,#4514,.F.);
#5882=ORIENTED_EDGE('',*,*,#4510,.F.);
#5883=ORIENTED_EDGE('',*,*,#4515,.F.);
#5884=ORIENTED_EDGE('',*,*,#4496,.T.);
#5885=ORIENTED_EDGE('',*,*,#4516,.F.);
#5886=ORIENTED_EDGE('',*,*,#4513,.F.);
#5887=ORIENTED_EDGE('',*,*,#4517,.F.);
#5888=ORIENTED_EDGE('',*,*,#4518,.T.);
#5889=ORIENTED_EDGE('',*,*,#4519,.F.);
#5890=ORIENTED_EDGE('',*,*,#4520,.F.);
#5891=ORIENTED_EDGE('',*,*,#4521,.F.);
#5892=ORIENTED_EDGE('',*,*,#4522,.T.);
#5893=ORIENTED_EDGE('',*,*,#4523,.F.);
#5894=ORIENTED_EDGE('',*,*,#4518,.F.);
#5895=ORIENTED_EDGE('',*,*,#4524,.F.);
#5896=ORIENTED_EDGE('',*,*,#4525,.T.);
#5897=ORIENTED_EDGE('',*,*,#4526,.F.);
#5898=ORIENTED_EDGE('',*,*,#4522,.F.);
#5899=ORIENTED_EDGE('',*,*,#4527,.F.);
#5900=ORIENTED_EDGE('',*,*,#4528,.T.);
#5901=ORIENTED_EDGE('',*,*,#4529,.F.);
#5902=ORIENTED_EDGE('',*,*,#4525,.F.);
#5903=ORIENTED_EDGE('',*,*,#4530,.F.);
#5904=ORIENTED_EDGE('',*,*,#4531,.T.);
#5905=ORIENTED_EDGE('',*,*,#4532,.F.);
#5906=ORIENTED_EDGE('',*,*,#4528,.F.);
#5907=ORIENTED_EDGE('',*,*,#4533,.F.);
#5908=ORIENTED_EDGE('',*,*,#4534,.T.);
#5909=ORIENTED_EDGE('',*,*,#4535,.F.);
#5910=ORIENTED_EDGE('',*,*,#4531,.F.);
#5911=ORIENTED_EDGE('',*,*,#4536,.F.);
#5912=ORIENTED_EDGE('',*,*,#4537,.T.);
#5913=ORIENTED_EDGE('',*,*,#4538,.F.);
#5914=ORIENTED_EDGE('',*,*,#4534,.F.);
#5915=ORIENTED_EDGE('',*,*,#4539,.F.);
#5916=ORIENTED_EDGE('',*,*,#4520,.T.);
#5917=ORIENTED_EDGE('',*,*,#4540,.F.);
#5918=ORIENTED_EDGE('',*,*,#4537,.F.);
#5919=ORIENTED_EDGE('',*,*,#4541,.F.);
#5920=ORIENTED_EDGE('',*,*,#4542,.T.);
#5921=ORIENTED_EDGE('',*,*,#4543,.F.);
#5922=ORIENTED_EDGE('',*,*,#4544,.F.);
#5923=ORIENTED_EDGE('',*,*,#4545,.F.);
#5924=ORIENTED_EDGE('',*,*,#4546,.T.);
#5925=ORIENTED_EDGE('',*,*,#4547,.F.);
#5926=ORIENTED_EDGE('',*,*,#4542,.F.);
#5927=ORIENTED_EDGE('',*,*,#4548,.F.);
#5928=ORIENTED_EDGE('',*,*,#4549,.T.);
#5929=ORIENTED_EDGE('',*,*,#4550,.F.);
#5930=ORIENTED_EDGE('',*,*,#4546,.F.);
#5931=ORIENTED_EDGE('',*,*,#4551,.F.);
#5932=ORIENTED_EDGE('',*,*,#4552,.T.);
#5933=ORIENTED_EDGE('',*,*,#4553,.F.);
#5934=ORIENTED_EDGE('',*,*,#4549,.F.);
#5935=ORIENTED_EDGE('',*,*,#4554,.F.);
#5936=ORIENTED_EDGE('',*,*,#4555,.T.);
#5937=ORIENTED_EDGE('',*,*,#4556,.F.);
#5938=ORIENTED_EDGE('',*,*,#4552,.F.);
#5939=ORIENTED_EDGE('',*,*,#4557,.F.);
#5940=ORIENTED_EDGE('',*,*,#4558,.T.);
#5941=ORIENTED_EDGE('',*,*,#4559,.F.);
#5942=ORIENTED_EDGE('',*,*,#4555,.F.);
#5943=ORIENTED_EDGE('',*,*,#4560,.F.);
#5944=ORIENTED_EDGE('',*,*,#4561,.T.);
#5945=ORIENTED_EDGE('',*,*,#4562,.F.);
#5946=ORIENTED_EDGE('',*,*,#4558,.F.);
#5947=ORIENTED_EDGE('',*,*,#4563,.F.);
#5948=ORIENTED_EDGE('',*,*,#4544,.T.);
#5949=ORIENTED_EDGE('',*,*,#4564,.F.);
#5950=ORIENTED_EDGE('',*,*,#4561,.F.);
#5951=ORIENTED_EDGE('',*,*,#4565,.F.);
#5952=ORIENTED_EDGE('',*,*,#4566,.T.);
#5953=ORIENTED_EDGE('',*,*,#4567,.F.);
#5954=ORIENTED_EDGE('',*,*,#4568,.F.);
#5955=ORIENTED_EDGE('',*,*,#4569,.F.);
#5956=ORIENTED_EDGE('',*,*,#4570,.T.);
#5957=ORIENTED_EDGE('',*,*,#4571,.F.);
#5958=ORIENTED_EDGE('',*,*,#4566,.F.);
#5959=ORIENTED_EDGE('',*,*,#4572,.F.);
#5960=ORIENTED_EDGE('',*,*,#4573,.T.);
#5961=ORIENTED_EDGE('',*,*,#4574,.F.);
#5962=ORIENTED_EDGE('',*,*,#4570,.F.);
#5963=ORIENTED_EDGE('',*,*,#4575,.F.);
#5964=ORIENTED_EDGE('',*,*,#4576,.T.);
#5965=ORIENTED_EDGE('',*,*,#4577,.F.);
#5966=ORIENTED_EDGE('',*,*,#4573,.F.);
#5967=ORIENTED_EDGE('',*,*,#4578,.F.);
#5968=ORIENTED_EDGE('',*,*,#4579,.T.);
#5969=ORIENTED_EDGE('',*,*,#4580,.F.);
#5970=ORIENTED_EDGE('',*,*,#4576,.F.);
#5971=ORIENTED_EDGE('',*,*,#4581,.F.);
#5972=ORIENTED_EDGE('',*,*,#4582,.T.);
#5973=ORIENTED_EDGE('',*,*,#4583,.F.);
#5974=ORIENTED_EDGE('',*,*,#4579,.F.);
#5975=ORIENTED_EDGE('',*,*,#4584,.F.);
#5976=ORIENTED_EDGE('',*,*,#4585,.T.);
#5977=ORIENTED_EDGE('',*,*,#4586,.F.);
#5978=ORIENTED_EDGE('',*,*,#4582,.F.);
#5979=ORIENTED_EDGE('',*,*,#4587,.F.);
#5980=ORIENTED_EDGE('',*,*,#4568,.T.);
#5981=ORIENTED_EDGE('',*,*,#4588,.F.);
#5982=ORIENTED_EDGE('',*,*,#4585,.F.);
#5983=ORIENTED_EDGE('',*,*,#4589,.F.);
#5984=ORIENTED_EDGE('',*,*,#4590,.T.);
#5985=ORIENTED_EDGE('',*,*,#4591,.F.);
#5986=ORIENTED_EDGE('',*,*,#4592,.F.);
#5987=ORIENTED_EDGE('',*,*,#4593,.F.);
#5988=ORIENTED_EDGE('',*,*,#4594,.T.);
#5989=ORIENTED_EDGE('',*,*,#4595,.F.);
#5990=ORIENTED_EDGE('',*,*,#4590,.F.);
#5991=ORIENTED_EDGE('',*,*,#4596,.F.);
#5992=ORIENTED_EDGE('',*,*,#4597,.T.);
#5993=ORIENTED_EDGE('',*,*,#4598,.F.);
#5994=ORIENTED_EDGE('',*,*,#4594,.F.);
#5995=ORIENTED_EDGE('',*,*,#4599,.F.);
#5996=ORIENTED_EDGE('',*,*,#4600,.T.);
#5997=ORIENTED_EDGE('',*,*,#4601,.F.);
#5998=ORIENTED_EDGE('',*,*,#4597,.F.);
#5999=ORIENTED_EDGE('',*,*,#4602,.F.);
#6000=ORIENTED_EDGE('',*,*,#4603,.T.);
#6001=ORIENTED_EDGE('',*,*,#4604,.F.);
#6002=ORIENTED_EDGE('',*,*,#4600,.F.);
#6003=ORIENTED_EDGE('',*,*,#4605,.F.);
#6004=ORIENTED_EDGE('',*,*,#4606,.T.);
#6005=ORIENTED_EDGE('',*,*,#4607,.F.);
#6006=ORIENTED_EDGE('',*,*,#4603,.F.);
#6007=ORIENTED_EDGE('',*,*,#4608,.F.);
#6008=ORIENTED_EDGE('',*,*,#4609,.T.);
#6009=ORIENTED_EDGE('',*,*,#4610,.F.);
#6010=ORIENTED_EDGE('',*,*,#4606,.F.);
#6011=ORIENTED_EDGE('',*,*,#4611,.F.);
#6012=ORIENTED_EDGE('',*,*,#4592,.T.);
#6013=ORIENTED_EDGE('',*,*,#4612,.F.);
#6014=ORIENTED_EDGE('',*,*,#4609,.F.);
#6015=ORIENTED_EDGE('',*,*,#4613,.F.);
#6016=ORIENTED_EDGE('',*,*,#4614,.T.);
#6017=ORIENTED_EDGE('',*,*,#4615,.F.);
#6018=ORIENTED_EDGE('',*,*,#4616,.F.);
#6019=ORIENTED_EDGE('',*,*,#4617,.F.);
#6020=ORIENTED_EDGE('',*,*,#4618,.T.);
#6021=ORIENTED_EDGE('',*,*,#4619,.F.);
#6022=ORIENTED_EDGE('',*,*,#4614,.F.);
#6023=ORIENTED_EDGE('',*,*,#4620,.F.);
#6024=ORIENTED_EDGE('',*,*,#4621,.T.);
#6025=ORIENTED_EDGE('',*,*,#4622,.F.);
#6026=ORIENTED_EDGE('',*,*,#4618,.F.);
#6027=ORIENTED_EDGE('',*,*,#4623,.F.);
#6028=ORIENTED_EDGE('',*,*,#4624,.T.);
#6029=ORIENTED_EDGE('',*,*,#4625,.F.);
#6030=ORIENTED_EDGE('',*,*,#4621,.F.);
#6031=ORIENTED_EDGE('',*,*,#4626,.F.);
#6032=ORIENTED_EDGE('',*,*,#4627,.T.);
#6033=ORIENTED_EDGE('',*,*,#4628,.F.);
#6034=ORIENTED_EDGE('',*,*,#4624,.F.);
#6035=ORIENTED_EDGE('',*,*,#4629,.F.);
#6036=ORIENTED_EDGE('',*,*,#4630,.T.);
#6037=ORIENTED_EDGE('',*,*,#4631,.F.);
#6038=ORIENTED_EDGE('',*,*,#4627,.F.);
#6039=ORIENTED_EDGE('',*,*,#4632,.F.);
#6040=ORIENTED_EDGE('',*,*,#4633,.T.);
#6041=ORIENTED_EDGE('',*,*,#4634,.F.);
#6042=ORIENTED_EDGE('',*,*,#4630,.F.);
#6043=ORIENTED_EDGE('',*,*,#4635,.F.);
#6044=ORIENTED_EDGE('',*,*,#4616,.T.);
#6045=ORIENTED_EDGE('',*,*,#4636,.F.);
#6046=ORIENTED_EDGE('',*,*,#4633,.F.);
#6047=ORIENTED_EDGE('',*,*,#4637,.F.);
#6048=ORIENTED_EDGE('',*,*,#4638,.T.);
#6049=ORIENTED_EDGE('',*,*,#4639,.F.);
#6050=ORIENTED_EDGE('',*,*,#4640,.F.);
#6051=ORIENTED_EDGE('',*,*,#4641,.F.);
#6052=ORIENTED_EDGE('',*,*,#4642,.T.);
#6053=ORIENTED_EDGE('',*,*,#4643,.F.);
#6054=ORIENTED_EDGE('',*,*,#4638,.F.);
#6055=ORIENTED_EDGE('',*,*,#4644,.F.);
#6056=ORIENTED_EDGE('',*,*,#4645,.T.);
#6057=ORIENTED_EDGE('',*,*,#4646,.F.);
#6058=ORIENTED_EDGE('',*,*,#4642,.F.);
#6059=ORIENTED_EDGE('',*,*,#4647,.F.);
#6060=ORIENTED_EDGE('',*,*,#4648,.T.);
#6061=ORIENTED_EDGE('',*,*,#4649,.F.);
#6062=ORIENTED_EDGE('',*,*,#4645,.F.);
#6063=ORIENTED_EDGE('',*,*,#4650,.F.);
#6064=ORIENTED_EDGE('',*,*,#4651,.T.);
#6065=ORIENTED_EDGE('',*,*,#4652,.F.);
#6066=ORIENTED_EDGE('',*,*,#4648,.F.);
#6067=ORIENTED_EDGE('',*,*,#4653,.F.);
#6068=ORIENTED_EDGE('',*,*,#4654,.T.);
#6069=ORIENTED_EDGE('',*,*,#4655,.F.);
#6070=ORIENTED_EDGE('',*,*,#4651,.F.);
#6071=ORIENTED_EDGE('',*,*,#4656,.F.);
#6072=ORIENTED_EDGE('',*,*,#4657,.T.);
#6073=ORIENTED_EDGE('',*,*,#4658,.F.);
#6074=ORIENTED_EDGE('',*,*,#4654,.F.);
#6075=ORIENTED_EDGE('',*,*,#4659,.F.);
#6076=ORIENTED_EDGE('',*,*,#4640,.T.);
#6077=ORIENTED_EDGE('',*,*,#4660,.F.);
#6078=ORIENTED_EDGE('',*,*,#4657,.F.);
#6079=ORIENTED_EDGE('',*,*,#4661,.F.);
#6080=ORIENTED_EDGE('',*,*,#4662,.T.);
#6081=ORIENTED_EDGE('',*,*,#4663,.F.);
#6082=ORIENTED_EDGE('',*,*,#4664,.F.);
#6083=ORIENTED_EDGE('',*,*,#4665,.F.);
#6084=ORIENTED_EDGE('',*,*,#4666,.T.);
#6085=ORIENTED_EDGE('',*,*,#4667,.F.);
#6086=ORIENTED_EDGE('',*,*,#4662,.F.);
#6087=ORIENTED_EDGE('',*,*,#4668,.F.);
#6088=ORIENTED_EDGE('',*,*,#4669,.T.);
#6089=ORIENTED_EDGE('',*,*,#4670,.F.);
#6090=ORIENTED_EDGE('',*,*,#4666,.F.);
#6091=ORIENTED_EDGE('',*,*,#4671,.F.);
#6092=ORIENTED_EDGE('',*,*,#4672,.T.);
#6093=ORIENTED_EDGE('',*,*,#4673,.F.);
#6094=ORIENTED_EDGE('',*,*,#4669,.F.);
#6095=ORIENTED_EDGE('',*,*,#4674,.F.);
#6096=ORIENTED_EDGE('',*,*,#4675,.T.);
#6097=ORIENTED_EDGE('',*,*,#4676,.F.);
#6098=ORIENTED_EDGE('',*,*,#4672,.F.);
#6099=ORIENTED_EDGE('',*,*,#4677,.F.);
#6100=ORIENTED_EDGE('',*,*,#4678,.T.);
#6101=ORIENTED_EDGE('',*,*,#4679,.F.);
#6102=ORIENTED_EDGE('',*,*,#4675,.F.);
#6103=ORIENTED_EDGE('',*,*,#4680,.F.);
#6104=ORIENTED_EDGE('',*,*,#4681,.T.);
#6105=ORIENTED_EDGE('',*,*,#4682,.F.);
#6106=ORIENTED_EDGE('',*,*,#4678,.F.);
#6107=ORIENTED_EDGE('',*,*,#4683,.F.);
#6108=ORIENTED_EDGE('',*,*,#4664,.T.);
#6109=ORIENTED_EDGE('',*,*,#4684,.F.);
#6110=ORIENTED_EDGE('',*,*,#4681,.F.);
#6111=ORIENTED_EDGE('',*,*,#4685,.F.);
#6112=ORIENTED_EDGE('',*,*,#4686,.T.);
#6113=ORIENTED_EDGE('',*,*,#4687,.F.);
#6114=ORIENTED_EDGE('',*,*,#4688,.F.);
#6115=ORIENTED_EDGE('',*,*,#4689,.F.);
#6116=ORIENTED_EDGE('',*,*,#4690,.T.);
#6117=ORIENTED_EDGE('',*,*,#4691,.F.);
#6118=ORIENTED_EDGE('',*,*,#4686,.F.);
#6119=ORIENTED_EDGE('',*,*,#4692,.F.);
#6120=ORIENTED_EDGE('',*,*,#4693,.T.);
#6121=ORIENTED_EDGE('',*,*,#4694,.F.);
#6122=ORIENTED_EDGE('',*,*,#4690,.F.);
#6123=ORIENTED_EDGE('',*,*,#4695,.F.);
#6124=ORIENTED_EDGE('',*,*,#4696,.T.);
#6125=ORIENTED_EDGE('',*,*,#4697,.F.);
#6126=ORIENTED_EDGE('',*,*,#4693,.F.);
#6127=ORIENTED_EDGE('',*,*,#4698,.F.);
#6128=ORIENTED_EDGE('',*,*,#4699,.T.);
#6129=ORIENTED_EDGE('',*,*,#4700,.F.);
#6130=ORIENTED_EDGE('',*,*,#4696,.F.);
#6131=ORIENTED_EDGE('',*,*,#4701,.F.);
#6132=ORIENTED_EDGE('',*,*,#4702,.T.);
#6133=ORIENTED_EDGE('',*,*,#4703,.F.);
#6134=ORIENTED_EDGE('',*,*,#4699,.F.);
#6135=ORIENTED_EDGE('',*,*,#4704,.F.);
#6136=ORIENTED_EDGE('',*,*,#4705,.T.);
#6137=ORIENTED_EDGE('',*,*,#4706,.F.);
#6138=ORIENTED_EDGE('',*,*,#4702,.F.);
#6139=ORIENTED_EDGE('',*,*,#4707,.F.);
#6140=ORIENTED_EDGE('',*,*,#4688,.T.);
#6141=ORIENTED_EDGE('',*,*,#4708,.F.);
#6142=ORIENTED_EDGE('',*,*,#4705,.F.);
#6143=ORIENTED_EDGE('',*,*,#4709,.F.);
#6144=ORIENTED_EDGE('',*,*,#4710,.T.);
#6145=ORIENTED_EDGE('',*,*,#4711,.F.);
#6146=ORIENTED_EDGE('',*,*,#4712,.F.);
#6147=ORIENTED_EDGE('',*,*,#4713,.F.);
#6148=ORIENTED_EDGE('',*,*,#4714,.T.);
#6149=ORIENTED_EDGE('',*,*,#4715,.F.);
#6150=ORIENTED_EDGE('',*,*,#4710,.F.);
#6151=ORIENTED_EDGE('',*,*,#4716,.F.);
#6152=ORIENTED_EDGE('',*,*,#4717,.T.);
#6153=ORIENTED_EDGE('',*,*,#4718,.F.);
#6154=ORIENTED_EDGE('',*,*,#4714,.F.);
#6155=ORIENTED_EDGE('',*,*,#4719,.F.);
#6156=ORIENTED_EDGE('',*,*,#4720,.T.);
#6157=ORIENTED_EDGE('',*,*,#4721,.F.);
#6158=ORIENTED_EDGE('',*,*,#4717,.F.);
#6159=ORIENTED_EDGE('',*,*,#4722,.F.);
#6160=ORIENTED_EDGE('',*,*,#4723,.T.);
#6161=ORIENTED_EDGE('',*,*,#4724,.F.);
#6162=ORIENTED_EDGE('',*,*,#4720,.F.);
#6163=ORIENTED_EDGE('',*,*,#4725,.F.);
#6164=ORIENTED_EDGE('',*,*,#4726,.T.);
#6165=ORIENTED_EDGE('',*,*,#4727,.F.);
#6166=ORIENTED_EDGE('',*,*,#4723,.F.);
#6167=ORIENTED_EDGE('',*,*,#4728,.F.);
#6168=ORIENTED_EDGE('',*,*,#4729,.T.);
#6169=ORIENTED_EDGE('',*,*,#4730,.F.);
#6170=ORIENTED_EDGE('',*,*,#4726,.F.);
#6171=ORIENTED_EDGE('',*,*,#4731,.F.);
#6172=ORIENTED_EDGE('',*,*,#4712,.T.);
#6173=ORIENTED_EDGE('',*,*,#4732,.F.);
#6174=ORIENTED_EDGE('',*,*,#4729,.F.);
#6175=ORIENTED_EDGE('',*,*,#4733,.F.);
#6176=ORIENTED_EDGE('',*,*,#4734,.T.);
#6177=ORIENTED_EDGE('',*,*,#4735,.F.);
#6178=ORIENTED_EDGE('',*,*,#4736,.F.);
#6179=ORIENTED_EDGE('',*,*,#4737,.F.);
#6180=ORIENTED_EDGE('',*,*,#4738,.T.);
#6181=ORIENTED_EDGE('',*,*,#4739,.F.);
#6182=ORIENTED_EDGE('',*,*,#4734,.F.);
#6183=ORIENTED_EDGE('',*,*,#4740,.F.);
#6184=ORIENTED_EDGE('',*,*,#4741,.T.);
#6185=ORIENTED_EDGE('',*,*,#4742,.F.);
#6186=ORIENTED_EDGE('',*,*,#4738,.F.);
#6187=ORIENTED_EDGE('',*,*,#4743,.F.);
#6188=ORIENTED_EDGE('',*,*,#4744,.T.);
#6189=ORIENTED_EDGE('',*,*,#4745,.F.);
#6190=ORIENTED_EDGE('',*,*,#4741,.F.);
#6191=ORIENTED_EDGE('',*,*,#4746,.F.);
#6192=ORIENTED_EDGE('',*,*,#4747,.T.);
#6193=ORIENTED_EDGE('',*,*,#4748,.F.);
#6194=ORIENTED_EDGE('',*,*,#4744,.F.);
#6195=ORIENTED_EDGE('',*,*,#4749,.F.);
#6196=ORIENTED_EDGE('',*,*,#4750,.T.);
#6197=ORIENTED_EDGE('',*,*,#4751,.F.);
#6198=ORIENTED_EDGE('',*,*,#4747,.F.);
#6199=ORIENTED_EDGE('',*,*,#4752,.F.);
#6200=ORIENTED_EDGE('',*,*,#4753,.T.);
#6201=ORIENTED_EDGE('',*,*,#4754,.F.);
#6202=ORIENTED_EDGE('',*,*,#4750,.F.);
#6203=ORIENTED_EDGE('',*,*,#4755,.F.);
#6204=ORIENTED_EDGE('',*,*,#4736,.T.);
#6205=ORIENTED_EDGE('',*,*,#4756,.F.);
#6206=ORIENTED_EDGE('',*,*,#4753,.F.);
#6207=ORIENTED_EDGE('',*,*,#4757,.F.);
#6208=ORIENTED_EDGE('',*,*,#4758,.T.);
#6209=ORIENTED_EDGE('',*,*,#4759,.F.);
#6210=ORIENTED_EDGE('',*,*,#4760,.F.);
#6211=ORIENTED_EDGE('',*,*,#4761,.F.);
#6212=ORIENTED_EDGE('',*,*,#4762,.T.);
#6213=ORIENTED_EDGE('',*,*,#4763,.F.);
#6214=ORIENTED_EDGE('',*,*,#4758,.F.);
#6215=ORIENTED_EDGE('',*,*,#4764,.F.);
#6216=ORIENTED_EDGE('',*,*,#4765,.T.);
#6217=ORIENTED_EDGE('',*,*,#4766,.F.);
#6218=ORIENTED_EDGE('',*,*,#4762,.F.);
#6219=ORIENTED_EDGE('',*,*,#4767,.F.);
#6220=ORIENTED_EDGE('',*,*,#4768,.T.);
#6221=ORIENTED_EDGE('',*,*,#4769,.F.);
#6222=ORIENTED_EDGE('',*,*,#4765,.F.);
#6223=ORIENTED_EDGE('',*,*,#4770,.F.);
#6224=ORIENTED_EDGE('',*,*,#4771,.T.);
#6225=ORIENTED_EDGE('',*,*,#4772,.F.);
#6226=ORIENTED_EDGE('',*,*,#4768,.F.);
#6227=ORIENTED_EDGE('',*,*,#4773,.F.);
#6228=ORIENTED_EDGE('',*,*,#4774,.T.);
#6229=ORIENTED_EDGE('',*,*,#4775,.F.);
#6230=ORIENTED_EDGE('',*,*,#4771,.F.);
#6231=ORIENTED_EDGE('',*,*,#4776,.F.);
#6232=ORIENTED_EDGE('',*,*,#4777,.T.);
#6233=ORIENTED_EDGE('',*,*,#4778,.F.);
#6234=ORIENTED_EDGE('',*,*,#4774,.F.);
#6235=ORIENTED_EDGE('',*,*,#4779,.F.);
#6236=ORIENTED_EDGE('',*,*,#4760,.T.);
#6237=ORIENTED_EDGE('',*,*,#4780,.F.);
#6238=ORIENTED_EDGE('',*,*,#4777,.F.);
#6239=ORIENTED_EDGE('',*,*,#4781,.F.);
#6240=ORIENTED_EDGE('',*,*,#4782,.T.);
#6241=ORIENTED_EDGE('',*,*,#4783,.F.);
#6242=ORIENTED_EDGE('',*,*,#4784,.F.);
#6243=ORIENTED_EDGE('',*,*,#4785,.F.);
#6244=ORIENTED_EDGE('',*,*,#4786,.T.);
#6245=ORIENTED_EDGE('',*,*,#4787,.F.);
#6246=ORIENTED_EDGE('',*,*,#4782,.F.);
#6247=ORIENTED_EDGE('',*,*,#4788,.F.);
#6248=ORIENTED_EDGE('',*,*,#4789,.T.);
#6249=ORIENTED_EDGE('',*,*,#4790,.F.);
#6250=ORIENTED_EDGE('',*,*,#4786,.F.);
#6251=ORIENTED_EDGE('',*,*,#4791,.F.);
#6252=ORIENTED_EDGE('',*,*,#4792,.T.);
#6253=ORIENTED_EDGE('',*,*,#4793,.F.);
#6254=ORIENTED_EDGE('',*,*,#4789,.F.);
#6255=ORIENTED_EDGE('',*,*,#4794,.F.);
#6256=ORIENTED_EDGE('',*,*,#4795,.T.);
#6257=ORIENTED_EDGE('',*,*,#4796,.F.);
#6258=ORIENTED_EDGE('',*,*,#4792,.F.);
#6259=ORIENTED_EDGE('',*,*,#4797,.F.);
#6260=ORIENTED_EDGE('',*,*,#4798,.T.);
#6261=ORIENTED_EDGE('',*,*,#4799,.F.);
#6262=ORIENTED_EDGE('',*,*,#4795,.F.);
#6263=ORIENTED_EDGE('',*,*,#4800,.F.);
#6264=ORIENTED_EDGE('',*,*,#4801,.T.);
#6265=ORIENTED_EDGE('',*,*,#4802,.F.);
#6266=ORIENTED_EDGE('',*,*,#4798,.F.);
#6267=ORIENTED_EDGE('',*,*,#4803,.F.);
#6268=ORIENTED_EDGE('',*,*,#4784,.T.);
#6269=ORIENTED_EDGE('',*,*,#4804,.F.);
#6270=ORIENTED_EDGE('',*,*,#4801,.F.);
#6271=ORIENTED_EDGE('',*,*,#4805,.F.);
#6272=ORIENTED_EDGE('',*,*,#4806,.T.);
#6273=ORIENTED_EDGE('',*,*,#4807,.F.);
#6274=ORIENTED_EDGE('',*,*,#4808,.F.);
#6275=ORIENTED_EDGE('',*,*,#4809,.F.);
#6276=ORIENTED_EDGE('',*,*,#4810,.T.);
#6277=ORIENTED_EDGE('',*,*,#4811,.F.);
#6278=ORIENTED_EDGE('',*,*,#4806,.F.);
#6279=ORIENTED_EDGE('',*,*,#4812,.F.);
#6280=ORIENTED_EDGE('',*,*,#4813,.T.);
#6281=ORIENTED_EDGE('',*,*,#4814,.F.);
#6282=ORIENTED_EDGE('',*,*,#4810,.F.);
#6283=ORIENTED_EDGE('',*,*,#4815,.F.);
#6284=ORIENTED_EDGE('',*,*,#4816,.T.);
#6285=ORIENTED_EDGE('',*,*,#4817,.F.);
#6286=ORIENTED_EDGE('',*,*,#4813,.F.);
#6287=ORIENTED_EDGE('',*,*,#4818,.F.);
#6288=ORIENTED_EDGE('',*,*,#4819,.T.);
#6289=ORIENTED_EDGE('',*,*,#4820,.F.);
#6290=ORIENTED_EDGE('',*,*,#4816,.F.);
#6291=ORIENTED_EDGE('',*,*,#4821,.F.);
#6292=ORIENTED_EDGE('',*,*,#4822,.T.);
#6293=ORIENTED_EDGE('',*,*,#4823,.F.);
#6294=ORIENTED_EDGE('',*,*,#4819,.F.);
#6295=ORIENTED_EDGE('',*,*,#4824,.F.);
#6296=ORIENTED_EDGE('',*,*,#4825,.T.);
#6297=ORIENTED_EDGE('',*,*,#4826,.F.);
#6298=ORIENTED_EDGE('',*,*,#4822,.F.);
#6299=ORIENTED_EDGE('',*,*,#4827,.F.);
#6300=ORIENTED_EDGE('',*,*,#4808,.T.);
#6301=ORIENTED_EDGE('',*,*,#4828,.F.);
#6302=ORIENTED_EDGE('',*,*,#4825,.F.);
#6303=ORIENTED_EDGE('',*,*,#4829,.F.);
#6304=ORIENTED_EDGE('',*,*,#4830,.T.);
#6305=ORIENTED_EDGE('',*,*,#4831,.F.);
#6306=ORIENTED_EDGE('',*,*,#4832,.F.);
#6307=ORIENTED_EDGE('',*,*,#4833,.F.);
#6308=ORIENTED_EDGE('',*,*,#4834,.T.);
#6309=ORIENTED_EDGE('',*,*,#4835,.F.);
#6310=ORIENTED_EDGE('',*,*,#4830,.F.);
#6311=ORIENTED_EDGE('',*,*,#4836,.F.);
#6312=ORIENTED_EDGE('',*,*,#4837,.T.);
#6313=ORIENTED_EDGE('',*,*,#4838,.F.);
#6314=ORIENTED_EDGE('',*,*,#4834,.F.);
#6315=ORIENTED_EDGE('',*,*,#4839,.F.);
#6316=ORIENTED_EDGE('',*,*,#4840,.T.);
#6317=ORIENTED_EDGE('',*,*,#4841,.F.);
#6318=ORIENTED_EDGE('',*,*,#4837,.F.);
#6319=ORIENTED_EDGE('',*,*,#4842,.F.);
#6320=ORIENTED_EDGE('',*,*,#4843,.T.);
#6321=ORIENTED_EDGE('',*,*,#4844,.F.);
#6322=ORIENTED_EDGE('',*,*,#4840,.F.);
#6323=ORIENTED_EDGE('',*,*,#4845,.F.);
#6324=ORIENTED_EDGE('',*,*,#4846,.T.);
#6325=ORIENTED_EDGE('',*,*,#4847,.F.);
#6326=ORIENTED_EDGE('',*,*,#4843,.F.);
#6327=ORIENTED_EDGE('',*,*,#4848,.F.);
#6328=ORIENTED_EDGE('',*,*,#4849,.T.);
#6329=ORIENTED_EDGE('',*,*,#4850,.F.);
#6330=ORIENTED_EDGE('',*,*,#4846,.F.);
#6331=ORIENTED_EDGE('',*,*,#4851,.F.);
#6332=ORIENTED_EDGE('',*,*,#4832,.T.);
#6333=ORIENTED_EDGE('',*,*,#4852,.F.);
#6334=ORIENTED_EDGE('',*,*,#4849,.F.);
#6335=ORIENTED_EDGE('',*,*,#4853,.F.);
#6336=ORIENTED_EDGE('',*,*,#4854,.T.);
#6337=ORIENTED_EDGE('',*,*,#4855,.F.);
#6338=ORIENTED_EDGE('',*,*,#4856,.F.);
#6339=ORIENTED_EDGE('',*,*,#4857,.F.);
#6340=ORIENTED_EDGE('',*,*,#4858,.T.);
#6341=ORIENTED_EDGE('',*,*,#4859,.F.);
#6342=ORIENTED_EDGE('',*,*,#4854,.F.);
#6343=ORIENTED_EDGE('',*,*,#4860,.F.);
#6344=ORIENTED_EDGE('',*,*,#4861,.T.);
#6345=ORIENTED_EDGE('',*,*,#4862,.F.);
#6346=ORIENTED_EDGE('',*,*,#4858,.F.);
#6347=ORIENTED_EDGE('',*,*,#4863,.F.);
#6348=ORIENTED_EDGE('',*,*,#4864,.T.);
#6349=ORIENTED_EDGE('',*,*,#4865,.F.);
#6350=ORIENTED_EDGE('',*,*,#4861,.F.);
#6351=ORIENTED_EDGE('',*,*,#4866,.F.);
#6352=ORIENTED_EDGE('',*,*,#4867,.T.);
#6353=ORIENTED_EDGE('',*,*,#4868,.F.);
#6354=ORIENTED_EDGE('',*,*,#4864,.F.);
#6355=ORIENTED_EDGE('',*,*,#4869,.F.);
#6356=ORIENTED_EDGE('',*,*,#4870,.T.);
#6357=ORIENTED_EDGE('',*,*,#4871,.F.);
#6358=ORIENTED_EDGE('',*,*,#4867,.F.);
#6359=ORIENTED_EDGE('',*,*,#4872,.F.);
#6360=ORIENTED_EDGE('',*,*,#4873,.T.);
#6361=ORIENTED_EDGE('',*,*,#4874,.F.);
#6362=ORIENTED_EDGE('',*,*,#4870,.F.);
#6363=ORIENTED_EDGE('',*,*,#4875,.F.);
#6364=ORIENTED_EDGE('',*,*,#4856,.T.);
#6365=ORIENTED_EDGE('',*,*,#4876,.F.);
#6366=ORIENTED_EDGE('',*,*,#4873,.F.);
#6367=ORIENTED_EDGE('',*,*,#4877,.F.);
#6368=ORIENTED_EDGE('',*,*,#4878,.T.);
#6369=ORIENTED_EDGE('',*,*,#4879,.F.);
#6370=ORIENTED_EDGE('',*,*,#4880,.F.);
#6371=ORIENTED_EDGE('',*,*,#4881,.F.);
#6372=ORIENTED_EDGE('',*,*,#4882,.T.);
#6373=ORIENTED_EDGE('',*,*,#4883,.F.);
#6374=ORIENTED_EDGE('',*,*,#4878,.F.);
#6375=ORIENTED_EDGE('',*,*,#4884,.F.);
#6376=ORIENTED_EDGE('',*,*,#4885,.T.);
#6377=ORIENTED_EDGE('',*,*,#4886,.F.);
#6378=ORIENTED_EDGE('',*,*,#4882,.F.);
#6379=ORIENTED_EDGE('',*,*,#4887,.F.);
#6380=ORIENTED_EDGE('',*,*,#4888,.T.);
#6381=ORIENTED_EDGE('',*,*,#4889,.F.);
#6382=ORIENTED_EDGE('',*,*,#4885,.F.);
#6383=ORIENTED_EDGE('',*,*,#4890,.F.);
#6384=ORIENTED_EDGE('',*,*,#4891,.T.);
#6385=ORIENTED_EDGE('',*,*,#4892,.F.);
#6386=ORIENTED_EDGE('',*,*,#4888,.F.);
#6387=ORIENTED_EDGE('',*,*,#4893,.F.);
#6388=ORIENTED_EDGE('',*,*,#4894,.T.);
#6389=ORIENTED_EDGE('',*,*,#4895,.F.);
#6390=ORIENTED_EDGE('',*,*,#4891,.F.);
#6391=ORIENTED_EDGE('',*,*,#4896,.F.);
#6392=ORIENTED_EDGE('',*,*,#4897,.T.);
#6393=ORIENTED_EDGE('',*,*,#4898,.F.);
#6394=ORIENTED_EDGE('',*,*,#4894,.F.);
#6395=ORIENTED_EDGE('',*,*,#4899,.F.);
#6396=ORIENTED_EDGE('',*,*,#4880,.T.);
#6397=ORIENTED_EDGE('',*,*,#4900,.F.);
#6398=ORIENTED_EDGE('',*,*,#4897,.F.);
#6399=ORIENTED_EDGE('',*,*,#4901,.F.);
#6400=ORIENTED_EDGE('',*,*,#4902,.T.);
#6401=ORIENTED_EDGE('',*,*,#4903,.F.);
#6402=ORIENTED_EDGE('',*,*,#4904,.F.);
#6403=ORIENTED_EDGE('',*,*,#4905,.F.);
#6404=ORIENTED_EDGE('',*,*,#4906,.T.);
#6405=ORIENTED_EDGE('',*,*,#4907,.F.);
#6406=ORIENTED_EDGE('',*,*,#4902,.F.);
#6407=ORIENTED_EDGE('',*,*,#4908,.F.);
#6408=ORIENTED_EDGE('',*,*,#4909,.T.);
#6409=ORIENTED_EDGE('',*,*,#4910,.F.);
#6410=ORIENTED_EDGE('',*,*,#4906,.F.);
#6411=ORIENTED_EDGE('',*,*,#4911,.F.);
#6412=ORIENTED_EDGE('',*,*,#4912,.T.);
#6413=ORIENTED_EDGE('',*,*,#4913,.F.);
#6414=ORIENTED_EDGE('',*,*,#4909,.F.);
#6415=ORIENTED_EDGE('',*,*,#4914,.F.);
#6416=ORIENTED_EDGE('',*,*,#4915,.T.);
#6417=ORIENTED_EDGE('',*,*,#4916,.F.);
#6418=ORIENTED_EDGE('',*,*,#4912,.F.);
#6419=ORIENTED_EDGE('',*,*,#4917,.F.);
#6420=ORIENTED_EDGE('',*,*,#4918,.T.);
#6421=ORIENTED_EDGE('',*,*,#4919,.F.);
#6422=ORIENTED_EDGE('',*,*,#4915,.F.);
#6423=ORIENTED_EDGE('',*,*,#4920,.F.);
#6424=ORIENTED_EDGE('',*,*,#4921,.T.);
#6425=ORIENTED_EDGE('',*,*,#4922,.F.);
#6426=ORIENTED_EDGE('',*,*,#4918,.F.);
#6427=ORIENTED_EDGE('',*,*,#4923,.F.);
#6428=ORIENTED_EDGE('',*,*,#4904,.T.);
#6429=ORIENTED_EDGE('',*,*,#4924,.F.);
#6430=ORIENTED_EDGE('',*,*,#4921,.F.);
#6431=ORIENTED_EDGE('',*,*,#4925,.T.);
#6432=ORIENTED_EDGE('',*,*,#4926,.T.);
#6433=ORIENTED_EDGE('',*,*,#4927,.T.);
#6434=ORIENTED_EDGE('',*,*,#4928,.T.);
#6435=ORIENTED_EDGE('',*,*,#4929,.F.);
#6436=ORIENTED_EDGE('',*,*,#4930,.F.);
#6437=ORIENTED_EDGE('',*,*,#4926,.F.);
#6438=ORIENTED_EDGE('',*,*,#4931,.F.);
#6439=ORIENTED_EDGE('',*,*,#4932,.T.);
#6440=ORIENTED_EDGE('',*,*,#4933,.T.);
#6441=ORIENTED_EDGE('',*,*,#4934,.T.);
#6442=ORIENTED_EDGE('',*,*,#4929,.T.);
#6443=ORIENTED_EDGE('',*,*,#4935,.T.);
#6444=ORIENTED_EDGE('',*,*,#4936,.F.);
#6445=ORIENTED_EDGE('',*,*,#4928,.F.);
#6446=ORIENTED_EDGE('',*,*,#4937,.F.);
#6447=ORIENTED_EDGE('',*,*,#4938,.T.);
#6448=ORIENTED_EDGE('',*,*,#4939,.T.);
#6449=ORIENTED_EDGE('',*,*,#4940,.T.);
#6450=ORIENTED_EDGE('',*,*,#4941,.T.);
#6451=ORIENTED_EDGE('',*,*,#4942,.T.);
#6452=ORIENTED_EDGE('',*,*,#4943,.T.);
#6453=ORIENTED_EDGE('',*,*,#4944,.T.);
#6454=ORIENTED_EDGE('',*,*,#4945,.T.);
#6455=ORIENTED_EDGE('',*,*,#4946,.T.);
#6456=ORIENTED_EDGE('',*,*,#4947,.T.);
#6457=ORIENTED_EDGE('',*,*,#4948,.T.);
#6458=ORIENTED_EDGE('',*,*,#4949,.T.);
#6459=ORIENTED_EDGE('',*,*,#4950,.T.);
#6460=ORIENTED_EDGE('',*,*,#4937,.T.);
#6461=ORIENTED_EDGE('',*,*,#4927,.F.);
#6462=ORIENTED_EDGE('',*,*,#4930,.T.);
#6463=ORIENTED_EDGE('',*,*,#4934,.F.);
#6464=ORIENTED_EDGE('',*,*,#4951,.T.);
#6465=ORIENTED_EDGE('',*,*,#4901,.T.);
#6466=ORIENTED_EDGE('',*,*,#4923,.T.);
#6467=ORIENTED_EDGE('',*,*,#4920,.T.);
#6468=ORIENTED_EDGE('',*,*,#4917,.T.);
#6469=ORIENTED_EDGE('',*,*,#4914,.T.);
#6470=ORIENTED_EDGE('',*,*,#4911,.T.);
#6471=ORIENTED_EDGE('',*,*,#4908,.T.);
#6472=ORIENTED_EDGE('',*,*,#4905,.T.);
#6473=ORIENTED_EDGE('',*,*,#4877,.T.);
#6474=ORIENTED_EDGE('',*,*,#4899,.T.);
#6475=ORIENTED_EDGE('',*,*,#4896,.T.);
#6476=ORIENTED_EDGE('',*,*,#4893,.T.);
#6477=ORIENTED_EDGE('',*,*,#4890,.T.);
#6478=ORIENTED_EDGE('',*,*,#4887,.T.);
#6479=ORIENTED_EDGE('',*,*,#4884,.T.);
#6480=ORIENTED_EDGE('',*,*,#4881,.T.);
#6481=ORIENTED_EDGE('',*,*,#4853,.T.);
#6482=ORIENTED_EDGE('',*,*,#4875,.T.);
#6483=ORIENTED_EDGE('',*,*,#4872,.T.);
#6484=ORIENTED_EDGE('',*,*,#4869,.T.);
#6485=ORIENTED_EDGE('',*,*,#4866,.T.);
#6486=ORIENTED_EDGE('',*,*,#4863,.T.);
#6487=ORIENTED_EDGE('',*,*,#4860,.T.);
#6488=ORIENTED_EDGE('',*,*,#4857,.T.);
#6489=ORIENTED_EDGE('',*,*,#4829,.T.);
#6490=ORIENTED_EDGE('',*,*,#4851,.T.);
#6491=ORIENTED_EDGE('',*,*,#4848,.T.);
#6492=ORIENTED_EDGE('',*,*,#4845,.T.);
#6493=ORIENTED_EDGE('',*,*,#4842,.T.);
#6494=ORIENTED_EDGE('',*,*,#4839,.T.);
#6495=ORIENTED_EDGE('',*,*,#4836,.T.);
#6496=ORIENTED_EDGE('',*,*,#4833,.T.);
#6497=ORIENTED_EDGE('',*,*,#4805,.T.);
#6498=ORIENTED_EDGE('',*,*,#4827,.T.);
#6499=ORIENTED_EDGE('',*,*,#4824,.T.);
#6500=ORIENTED_EDGE('',*,*,#4821,.T.);
#6501=ORIENTED_EDGE('',*,*,#4818,.T.);
#6502=ORIENTED_EDGE('',*,*,#4815,.T.);
#6503=ORIENTED_EDGE('',*,*,#4812,.T.);
#6504=ORIENTED_EDGE('',*,*,#4809,.T.);
#6505=ORIENTED_EDGE('',*,*,#4781,.T.);
#6506=ORIENTED_EDGE('',*,*,#4803,.T.);
#6507=ORIENTED_EDGE('',*,*,#4800,.T.);
#6508=ORIENTED_EDGE('',*,*,#4797,.T.);
#6509=ORIENTED_EDGE('',*,*,#4794,.T.);
#6510=ORIENTED_EDGE('',*,*,#4791,.T.);
#6511=ORIENTED_EDGE('',*,*,#4788,.T.);
#6512=ORIENTED_EDGE('',*,*,#4785,.T.);
#6513=ORIENTED_EDGE('',*,*,#4757,.T.);
#6514=ORIENTED_EDGE('',*,*,#4779,.T.);
#6515=ORIENTED_EDGE('',*,*,#4776,.T.);
#6516=ORIENTED_EDGE('',*,*,#4773,.T.);
#6517=ORIENTED_EDGE('',*,*,#4770,.T.);
#6518=ORIENTED_EDGE('',*,*,#4767,.T.);
#6519=ORIENTED_EDGE('',*,*,#4764,.T.);
#6520=ORIENTED_EDGE('',*,*,#4761,.T.);
#6521=ORIENTED_EDGE('',*,*,#4733,.T.);
#6522=ORIENTED_EDGE('',*,*,#4755,.T.);
#6523=ORIENTED_EDGE('',*,*,#4752,.T.);
#6524=ORIENTED_EDGE('',*,*,#4749,.T.);
#6525=ORIENTED_EDGE('',*,*,#4746,.T.);
#6526=ORIENTED_EDGE('',*,*,#4743,.T.);
#6527=ORIENTED_EDGE('',*,*,#4740,.T.);
#6528=ORIENTED_EDGE('',*,*,#4737,.T.);
#6529=ORIENTED_EDGE('',*,*,#4709,.T.);
#6530=ORIENTED_EDGE('',*,*,#4731,.T.);
#6531=ORIENTED_EDGE('',*,*,#4728,.T.);
#6532=ORIENTED_EDGE('',*,*,#4725,.T.);
#6533=ORIENTED_EDGE('',*,*,#4722,.T.);
#6534=ORIENTED_EDGE('',*,*,#4719,.T.);
#6535=ORIENTED_EDGE('',*,*,#4716,.T.);
#6536=ORIENTED_EDGE('',*,*,#4713,.T.);
#6537=ORIENTED_EDGE('',*,*,#4685,.T.);
#6538=ORIENTED_EDGE('',*,*,#4707,.T.);
#6539=ORIENTED_EDGE('',*,*,#4704,.T.);
#6540=ORIENTED_EDGE('',*,*,#4701,.T.);
#6541=ORIENTED_EDGE('',*,*,#4698,.T.);
#6542=ORIENTED_EDGE('',*,*,#4695,.T.);
#6543=ORIENTED_EDGE('',*,*,#4692,.T.);
#6544=ORIENTED_EDGE('',*,*,#4689,.T.);
#6545=ORIENTED_EDGE('',*,*,#4661,.T.);
#6546=ORIENTED_EDGE('',*,*,#4683,.T.);
#6547=ORIENTED_EDGE('',*,*,#4680,.T.);
#6548=ORIENTED_EDGE('',*,*,#4677,.T.);
#6549=ORIENTED_EDGE('',*,*,#4674,.T.);
#6550=ORIENTED_EDGE('',*,*,#4671,.T.);
#6551=ORIENTED_EDGE('',*,*,#4668,.T.);
#6552=ORIENTED_EDGE('',*,*,#4665,.T.);
#6553=ORIENTED_EDGE('',*,*,#4637,.T.);
#6554=ORIENTED_EDGE('',*,*,#4659,.T.);
#6555=ORIENTED_EDGE('',*,*,#4656,.T.);
#6556=ORIENTED_EDGE('',*,*,#4653,.T.);
#6557=ORIENTED_EDGE('',*,*,#4650,.T.);
#6558=ORIENTED_EDGE('',*,*,#4647,.T.);
#6559=ORIENTED_EDGE('',*,*,#4644,.T.);
#6560=ORIENTED_EDGE('',*,*,#4641,.T.);
#6561=ORIENTED_EDGE('',*,*,#4613,.T.);
#6562=ORIENTED_EDGE('',*,*,#4635,.T.);
#6563=ORIENTED_EDGE('',*,*,#4632,.T.);
#6564=ORIENTED_EDGE('',*,*,#4629,.T.);
#6565=ORIENTED_EDGE('',*,*,#4626,.T.);
#6566=ORIENTED_EDGE('',*,*,#4623,.T.);
#6567=ORIENTED_EDGE('',*,*,#4620,.T.);
#6568=ORIENTED_EDGE('',*,*,#4617,.T.);
#6569=ORIENTED_EDGE('',*,*,#4589,.T.);
#6570=ORIENTED_EDGE('',*,*,#4611,.T.);
#6571=ORIENTED_EDGE('',*,*,#4608,.T.);
#6572=ORIENTED_EDGE('',*,*,#4605,.T.);
#6573=ORIENTED_EDGE('',*,*,#4602,.T.);
#6574=ORIENTED_EDGE('',*,*,#4599,.T.);
#6575=ORIENTED_EDGE('',*,*,#4596,.T.);
#6576=ORIENTED_EDGE('',*,*,#4593,.T.);
#6577=ORIENTED_EDGE('',*,*,#4565,.T.);
#6578=ORIENTED_EDGE('',*,*,#4587,.T.);
#6579=ORIENTED_EDGE('',*,*,#4584,.T.);
#6580=ORIENTED_EDGE('',*,*,#4581,.T.);
#6581=ORIENTED_EDGE('',*,*,#4578,.T.);
#6582=ORIENTED_EDGE('',*,*,#4575,.T.);
#6583=ORIENTED_EDGE('',*,*,#4572,.T.);
#6584=ORIENTED_EDGE('',*,*,#4569,.T.);
#6585=ORIENTED_EDGE('',*,*,#4541,.T.);
#6586=ORIENTED_EDGE('',*,*,#4563,.T.);
#6587=ORIENTED_EDGE('',*,*,#4560,.T.);
#6588=ORIENTED_EDGE('',*,*,#4557,.T.);
#6589=ORIENTED_EDGE('',*,*,#4554,.T.);
#6590=ORIENTED_EDGE('',*,*,#4551,.T.);
#6591=ORIENTED_EDGE('',*,*,#4548,.T.);
#6592=ORIENTED_EDGE('',*,*,#4545,.T.);
#6593=ORIENTED_EDGE('',*,*,#4517,.T.);
#6594=ORIENTED_EDGE('',*,*,#4539,.T.);
#6595=ORIENTED_EDGE('',*,*,#4536,.T.);
#6596=ORIENTED_EDGE('',*,*,#4533,.T.);
#6597=ORIENTED_EDGE('',*,*,#4530,.T.);
#6598=ORIENTED_EDGE('',*,*,#4527,.T.);
#6599=ORIENTED_EDGE('',*,*,#4524,.T.);
#6600=ORIENTED_EDGE('',*,*,#4521,.T.);
#6601=ORIENTED_EDGE('',*,*,#4493,.T.);
#6602=ORIENTED_EDGE('',*,*,#4515,.T.);
#6603=ORIENTED_EDGE('',*,*,#4512,.T.);
#6604=ORIENTED_EDGE('',*,*,#4509,.T.);
#6605=ORIENTED_EDGE('',*,*,#4506,.T.);
#6606=ORIENTED_EDGE('',*,*,#4503,.T.);
#6607=ORIENTED_EDGE('',*,*,#4500,.T.);
#6608=ORIENTED_EDGE('',*,*,#4497,.T.);
#6609=ORIENTED_EDGE('',*,*,#4492,.T.);
#6610=ORIENTED_EDGE('',*,*,#4466,.T.);
#6611=ORIENTED_EDGE('',*,*,#4488,.T.);
#6612=ORIENTED_EDGE('',*,*,#4485,.T.);
#6613=ORIENTED_EDGE('',*,*,#4482,.T.);
#6614=ORIENTED_EDGE('',*,*,#4479,.T.);
#6615=ORIENTED_EDGE('',*,*,#4476,.T.);
#6616=ORIENTED_EDGE('',*,*,#4473,.T.);
#6617=ORIENTED_EDGE('',*,*,#4470,.T.);
#6618=ORIENTED_EDGE('',*,*,#4442,.T.);
#6619=ORIENTED_EDGE('',*,*,#4464,.T.);
#6620=ORIENTED_EDGE('',*,*,#4461,.T.);
#6621=ORIENTED_EDGE('',*,*,#4458,.T.);
#6622=ORIENTED_EDGE('',*,*,#4455,.T.);
#6623=ORIENTED_EDGE('',*,*,#4452,.T.);
#6624=ORIENTED_EDGE('',*,*,#4449,.T.);
#6625=ORIENTED_EDGE('',*,*,#4446,.T.);
#6626=ORIENTED_EDGE('',*,*,#4418,.T.);
#6627=ORIENTED_EDGE('',*,*,#4440,.T.);
#6628=ORIENTED_EDGE('',*,*,#4437,.T.);
#6629=ORIENTED_EDGE('',*,*,#4434,.T.);
#6630=ORIENTED_EDGE('',*,*,#4431,.T.);
#6631=ORIENTED_EDGE('',*,*,#4428,.T.);
#6632=ORIENTED_EDGE('',*,*,#4425,.T.);
#6633=ORIENTED_EDGE('',*,*,#4422,.T.);
#6634=ORIENTED_EDGE('',*,*,#4394,.T.);
#6635=ORIENTED_EDGE('',*,*,#4416,.T.);
#6636=ORIENTED_EDGE('',*,*,#4413,.T.);
#6637=ORIENTED_EDGE('',*,*,#4410,.T.);
#6638=ORIENTED_EDGE('',*,*,#4407,.T.);
#6639=ORIENTED_EDGE('',*,*,#4404,.T.);
#6640=ORIENTED_EDGE('',*,*,#4401,.T.);
#6641=ORIENTED_EDGE('',*,*,#4398,.T.);
#6642=ORIENTED_EDGE('',*,*,#4370,.T.);
#6643=ORIENTED_EDGE('',*,*,#4392,.T.);
#6644=ORIENTED_EDGE('',*,*,#4389,.T.);
#6645=ORIENTED_EDGE('',*,*,#4386,.T.);
#6646=ORIENTED_EDGE('',*,*,#4383,.T.);
#6647=ORIENTED_EDGE('',*,*,#4380,.T.);
#6648=ORIENTED_EDGE('',*,*,#4377,.T.);
#6649=ORIENTED_EDGE('',*,*,#4374,.T.);
#6650=ORIENTED_EDGE('',*,*,#4346,.T.);
#6651=ORIENTED_EDGE('',*,*,#4368,.T.);
#6652=ORIENTED_EDGE('',*,*,#4365,.T.);
#6653=ORIENTED_EDGE('',*,*,#4362,.T.);
#6654=ORIENTED_EDGE('',*,*,#4359,.T.);
#6655=ORIENTED_EDGE('',*,*,#4356,.T.);
#6656=ORIENTED_EDGE('',*,*,#4353,.T.);
#6657=ORIENTED_EDGE('',*,*,#4350,.T.);
#6658=ORIENTED_EDGE('',*,*,#4322,.T.);
#6659=ORIENTED_EDGE('',*,*,#4344,.T.);
#6660=ORIENTED_EDGE('',*,*,#4341,.T.);
#6661=ORIENTED_EDGE('',*,*,#4338,.T.);
#6662=ORIENTED_EDGE('',*,*,#4335,.T.);
#6663=ORIENTED_EDGE('',*,*,#4332,.T.);
#6664=ORIENTED_EDGE('',*,*,#4329,.T.);
#6665=ORIENTED_EDGE('',*,*,#4326,.T.);
#6666=ORIENTED_EDGE('',*,*,#4298,.T.);
#6667=ORIENTED_EDGE('',*,*,#4320,.T.);
#6668=ORIENTED_EDGE('',*,*,#4317,.T.);
#6669=ORIENTED_EDGE('',*,*,#4314,.T.);
#6670=ORIENTED_EDGE('',*,*,#4311,.T.);
#6671=ORIENTED_EDGE('',*,*,#4308,.T.);
#6672=ORIENTED_EDGE('',*,*,#4305,.T.);
#6673=ORIENTED_EDGE('',*,*,#4302,.T.);
#6674=ORIENTED_EDGE('',*,*,#4274,.T.);
#6675=ORIENTED_EDGE('',*,*,#4296,.T.);
#6676=ORIENTED_EDGE('',*,*,#4293,.T.);
#6677=ORIENTED_EDGE('',*,*,#4290,.T.);
#6678=ORIENTED_EDGE('',*,*,#4287,.T.);
#6679=ORIENTED_EDGE('',*,*,#4284,.T.);
#6680=ORIENTED_EDGE('',*,*,#4281,.T.);
#6681=ORIENTED_EDGE('',*,*,#4278,.T.);
#6682=ORIENTED_EDGE('',*,*,#4250,.T.);
#6683=ORIENTED_EDGE('',*,*,#4272,.T.);
#6684=ORIENTED_EDGE('',*,*,#4269,.T.);
#6685=ORIENTED_EDGE('',*,*,#4266,.T.);
#6686=ORIENTED_EDGE('',*,*,#4263,.T.);
#6687=ORIENTED_EDGE('',*,*,#4260,.T.);
#6688=ORIENTED_EDGE('',*,*,#4257,.T.);
#6689=ORIENTED_EDGE('',*,*,#4254,.T.);
#6690=ORIENTED_EDGE('',*,*,#4249,.T.);
#6691=ORIENTED_EDGE('',*,*,#4223,.T.);
#6692=ORIENTED_EDGE('',*,*,#4245,.T.);
#6693=ORIENTED_EDGE('',*,*,#4242,.T.);
#6694=ORIENTED_EDGE('',*,*,#4239,.T.);
#6695=ORIENTED_EDGE('',*,*,#4236,.T.);
#6696=ORIENTED_EDGE('',*,*,#4233,.T.);
#6697=ORIENTED_EDGE('',*,*,#4230,.T.);
#6698=ORIENTED_EDGE('',*,*,#4227,.T.);
#6699=ORIENTED_EDGE('',*,*,#4199,.T.);
#6700=ORIENTED_EDGE('',*,*,#4221,.T.);
#6701=ORIENTED_EDGE('',*,*,#4218,.T.);
#6702=ORIENTED_EDGE('',*,*,#4215,.T.);
#6703=ORIENTED_EDGE('',*,*,#4212,.T.);
#6704=ORIENTED_EDGE('',*,*,#4209,.T.);
#6705=ORIENTED_EDGE('',*,*,#4206,.T.);
#6706=ORIENTED_EDGE('',*,*,#4203,.T.);
#6707=ORIENTED_EDGE('',*,*,#4175,.T.);
#6708=ORIENTED_EDGE('',*,*,#4197,.T.);
#6709=ORIENTED_EDGE('',*,*,#4194,.T.);
#6710=ORIENTED_EDGE('',*,*,#4191,.T.);
#6711=ORIENTED_EDGE('',*,*,#4188,.T.);
#6712=ORIENTED_EDGE('',*,*,#4185,.T.);
#6713=ORIENTED_EDGE('',*,*,#4182,.T.);
#6714=ORIENTED_EDGE('',*,*,#4179,.T.);
#6715=ORIENTED_EDGE('',*,*,#4151,.T.);
#6716=ORIENTED_EDGE('',*,*,#4173,.T.);
#6717=ORIENTED_EDGE('',*,*,#4170,.T.);
#6718=ORIENTED_EDGE('',*,*,#4167,.T.);
#6719=ORIENTED_EDGE('',*,*,#4164,.T.);
#6720=ORIENTED_EDGE('',*,*,#4161,.T.);
#6721=ORIENTED_EDGE('',*,*,#4158,.T.);
#6722=ORIENTED_EDGE('',*,*,#4155,.T.);
#6723=ORIENTED_EDGE('',*,*,#4127,.T.);
#6724=ORIENTED_EDGE('',*,*,#4149,.T.);
#6725=ORIENTED_EDGE('',*,*,#4146,.T.);
#6726=ORIENTED_EDGE('',*,*,#4143,.T.);
#6727=ORIENTED_EDGE('',*,*,#4140,.T.);
#6728=ORIENTED_EDGE('',*,*,#4137,.T.);
#6729=ORIENTED_EDGE('',*,*,#4134,.T.);
#6730=ORIENTED_EDGE('',*,*,#4131,.T.);
#6731=ORIENTED_EDGE('',*,*,#4103,.T.);
#6732=ORIENTED_EDGE('',*,*,#4125,.T.);
#6733=ORIENTED_EDGE('',*,*,#4122,.T.);
#6734=ORIENTED_EDGE('',*,*,#4119,.T.);
#6735=ORIENTED_EDGE('',*,*,#4116,.T.);
#6736=ORIENTED_EDGE('',*,*,#4113,.T.);
#6737=ORIENTED_EDGE('',*,*,#4110,.T.);
#6738=ORIENTED_EDGE('',*,*,#4107,.T.);
#6739=ORIENTED_EDGE('',*,*,#4079,.T.);
#6740=ORIENTED_EDGE('',*,*,#4101,.T.);
#6741=ORIENTED_EDGE('',*,*,#4098,.T.);
#6742=ORIENTED_EDGE('',*,*,#4095,.T.);
#6743=ORIENTED_EDGE('',*,*,#4092,.T.);
#6744=ORIENTED_EDGE('',*,*,#4089,.T.);
#6745=ORIENTED_EDGE('',*,*,#4086,.T.);
#6746=ORIENTED_EDGE('',*,*,#4083,.T.);
#6747=ORIENTED_EDGE('',*,*,#4055,.T.);
#6748=ORIENTED_EDGE('',*,*,#4077,.T.);
#6749=ORIENTED_EDGE('',*,*,#4074,.T.);
#6750=ORIENTED_EDGE('',*,*,#4071,.T.);
#6751=ORIENTED_EDGE('',*,*,#4068,.T.);
#6752=ORIENTED_EDGE('',*,*,#4065,.T.);
#6753=ORIENTED_EDGE('',*,*,#4062,.T.);
#6754=ORIENTED_EDGE('',*,*,#4059,.T.);
#6755=ORIENTED_EDGE('',*,*,#4031,.T.);
#6756=ORIENTED_EDGE('',*,*,#4053,.T.);
#6757=ORIENTED_EDGE('',*,*,#4050,.T.);
#6758=ORIENTED_EDGE('',*,*,#4047,.T.);
#6759=ORIENTED_EDGE('',*,*,#4044,.T.);
#6760=ORIENTED_EDGE('',*,*,#4041,.T.);
#6761=ORIENTED_EDGE('',*,*,#4038,.T.);
#6762=ORIENTED_EDGE('',*,*,#4035,.T.);
#6763=ORIENTED_EDGE('',*,*,#4007,.T.);
#6764=ORIENTED_EDGE('',*,*,#4029,.T.);
#6765=ORIENTED_EDGE('',*,*,#4026,.T.);
#6766=ORIENTED_EDGE('',*,*,#4023,.T.);
#6767=ORIENTED_EDGE('',*,*,#4020,.T.);
#6768=ORIENTED_EDGE('',*,*,#4017,.T.);
#6769=ORIENTED_EDGE('',*,*,#4014,.T.);
#6770=ORIENTED_EDGE('',*,*,#4011,.T.);
#6771=ORIENTED_EDGE('',*,*,#3983,.T.);
#6772=ORIENTED_EDGE('',*,*,#4005,.T.);
#6773=ORIENTED_EDGE('',*,*,#4002,.T.);
#6774=ORIENTED_EDGE('',*,*,#3999,.T.);
#6775=ORIENTED_EDGE('',*,*,#3996,.T.);
#6776=ORIENTED_EDGE('',*,*,#3993,.T.);
#6777=ORIENTED_EDGE('',*,*,#3990,.T.);
#6778=ORIENTED_EDGE('',*,*,#3987,.T.);
#6779=ORIENTED_EDGE('',*,*,#3959,.T.);
#6780=ORIENTED_EDGE('',*,*,#3981,.T.);
#6781=ORIENTED_EDGE('',*,*,#3978,.T.);
#6782=ORIENTED_EDGE('',*,*,#3975,.T.);
#6783=ORIENTED_EDGE('',*,*,#3972,.T.);
#6784=ORIENTED_EDGE('',*,*,#3969,.T.);
#6785=ORIENTED_EDGE('',*,*,#3966,.T.);
#6786=ORIENTED_EDGE('',*,*,#3963,.T.);
#6787=ORIENTED_EDGE('',*,*,#3935,.T.);
#6788=ORIENTED_EDGE('',*,*,#3957,.T.);
#6789=ORIENTED_EDGE('',*,*,#3954,.T.);
#6790=ORIENTED_EDGE('',*,*,#3951,.T.);
#6791=ORIENTED_EDGE('',*,*,#3948,.T.);
#6792=ORIENTED_EDGE('',*,*,#3945,.T.);
#6793=ORIENTED_EDGE('',*,*,#3942,.T.);
#6794=ORIENTED_EDGE('',*,*,#3939,.T.);
#6795=ORIENTED_EDGE('',*,*,#3934,.T.);
#6796=ORIENTED_EDGE('',*,*,#3908,.T.);
#6797=ORIENTED_EDGE('',*,*,#3930,.T.);
#6798=ORIENTED_EDGE('',*,*,#3927,.T.);
#6799=ORIENTED_EDGE('',*,*,#3924,.T.);
#6800=ORIENTED_EDGE('',*,*,#3921,.T.);
#6801=ORIENTED_EDGE('',*,*,#3918,.T.);
#6802=ORIENTED_EDGE('',*,*,#3915,.T.);
#6803=ORIENTED_EDGE('',*,*,#3912,.T.);
#6804=ORIENTED_EDGE('',*,*,#3884,.T.);
#6805=ORIENTED_EDGE('',*,*,#3906,.T.);
#6806=ORIENTED_EDGE('',*,*,#3903,.T.);
#6807=ORIENTED_EDGE('',*,*,#3900,.T.);
#6808=ORIENTED_EDGE('',*,*,#3897,.T.);
#6809=ORIENTED_EDGE('',*,*,#3894,.T.);
#6810=ORIENTED_EDGE('',*,*,#3891,.T.);
#6811=ORIENTED_EDGE('',*,*,#3888,.T.);
#6812=ORIENTED_EDGE('',*,*,#3860,.T.);
#6813=ORIENTED_EDGE('',*,*,#3882,.T.);
#6814=ORIENTED_EDGE('',*,*,#3879,.T.);
#6815=ORIENTED_EDGE('',*,*,#3876,.T.);
#6816=ORIENTED_EDGE('',*,*,#3873,.T.);
#6817=ORIENTED_EDGE('',*,*,#3870,.T.);
#6818=ORIENTED_EDGE('',*,*,#3867,.T.);
#6819=ORIENTED_EDGE('',*,*,#3864,.T.);
#6820=ORIENTED_EDGE('',*,*,#3836,.T.);
#6821=ORIENTED_EDGE('',*,*,#3858,.T.);
#6822=ORIENTED_EDGE('',*,*,#3855,.T.);
#6823=ORIENTED_EDGE('',*,*,#3852,.T.);
#6824=ORIENTED_EDGE('',*,*,#3849,.T.);
#6825=ORIENTED_EDGE('',*,*,#3846,.T.);
#6826=ORIENTED_EDGE('',*,*,#3843,.T.);
#6827=ORIENTED_EDGE('',*,*,#3840,.T.);
#6828=ORIENTED_EDGE('',*,*,#4952,.T.);
#6829=ORIENTED_EDGE('',*,*,#4951,.F.);
#6830=ORIENTED_EDGE('',*,*,#4933,.F.);
#6831=ORIENTED_EDGE('',*,*,#4953,.F.);
#6832=ORIENTED_EDGE('',*,*,#4954,.T.);
#6833=ORIENTED_EDGE('',*,*,#4953,.T.);
#6834=ORIENTED_EDGE('',*,*,#4932,.F.);
#6835=ORIENTED_EDGE('',*,*,#4931,.T.);
#6836=ORIENTED_EDGE('',*,*,#4925,.F.);
#6837=ORIENTED_EDGE('',*,*,#4936,.T.);
#6838=ORIENTED_EDGE('',*,*,#4955,.T.);
#6839=ORIENTED_EDGE('',*,*,#4956,.T.);
#6840=ORIENTED_EDGE('',*,*,#4957,.T.);
#6841=ORIENTED_EDGE('',*,*,#4958,.T.);
#6842=ORIENTED_EDGE('',*,*,#4959,.T.);
#6843=ORIENTED_EDGE('',*,*,#4960,.T.);
#6844=ORIENTED_EDGE('',*,*,#4961,.T.);
#6845=ORIENTED_EDGE('',*,*,#4962,.T.);
#6846=ORIENTED_EDGE('',*,*,#4963,.T.);
#6847=ORIENTED_EDGE('',*,*,#4964,.T.);
#6848=ORIENTED_EDGE('',*,*,#4965,.T.);
#6849=ORIENTED_EDGE('',*,*,#4966,.T.);
#6850=ORIENTED_EDGE('',*,*,#4903,.T.);
#6851=ORIENTED_EDGE('',*,*,#4907,.T.);
#6852=ORIENTED_EDGE('',*,*,#4910,.T.);
#6853=ORIENTED_EDGE('',*,*,#4913,.T.);
#6854=ORIENTED_EDGE('',*,*,#4916,.T.);
#6855=ORIENTED_EDGE('',*,*,#4919,.T.);
#6856=ORIENTED_EDGE('',*,*,#4922,.T.);
#6857=ORIENTED_EDGE('',*,*,#4924,.T.);
#6858=ORIENTED_EDGE('',*,*,#4879,.T.);
#6859=ORIENTED_EDGE('',*,*,#4883,.T.);
#6860=ORIENTED_EDGE('',*,*,#4886,.T.);
#6861=ORIENTED_EDGE('',*,*,#4889,.T.);
#6862=ORIENTED_EDGE('',*,*,#4892,.T.);
#6863=ORIENTED_EDGE('',*,*,#4895,.T.);
#6864=ORIENTED_EDGE('',*,*,#4898,.T.);
#6865=ORIENTED_EDGE('',*,*,#4900,.T.);
#6866=ORIENTED_EDGE('',*,*,#4855,.T.);
#6867=ORIENTED_EDGE('',*,*,#4859,.T.);
#6868=ORIENTED_EDGE('',*,*,#4862,.T.);
#6869=ORIENTED_EDGE('',*,*,#4865,.T.);
#6870=ORIENTED_EDGE('',*,*,#4868,.T.);
#6871=ORIENTED_EDGE('',*,*,#4871,.T.);
#6872=ORIENTED_EDGE('',*,*,#4874,.T.);
#6873=ORIENTED_EDGE('',*,*,#4876,.T.);
#6874=ORIENTED_EDGE('',*,*,#4831,.T.);
#6875=ORIENTED_EDGE('',*,*,#4835,.T.);
#6876=ORIENTED_EDGE('',*,*,#4838,.T.);
#6877=ORIENTED_EDGE('',*,*,#4841,.T.);
#6878=ORIENTED_EDGE('',*,*,#4844,.T.);
#6879=ORIENTED_EDGE('',*,*,#4847,.T.);
#6880=ORIENTED_EDGE('',*,*,#4850,.T.);
#6881=ORIENTED_EDGE('',*,*,#4852,.T.);
#6882=ORIENTED_EDGE('',*,*,#4807,.T.);
#6883=ORIENTED_EDGE('',*,*,#4811,.T.);
#6884=ORIENTED_EDGE('',*,*,#4814,.T.);
#6885=ORIENTED_EDGE('',*,*,#4817,.T.);
#6886=ORIENTED_EDGE('',*,*,#4820,.T.);
#6887=ORIENTED_EDGE('',*,*,#4823,.T.);
#6888=ORIENTED_EDGE('',*,*,#4826,.T.);
#6889=ORIENTED_EDGE('',*,*,#4828,.T.);
#6890=ORIENTED_EDGE('',*,*,#4783,.T.);
#6891=ORIENTED_EDGE('',*,*,#4787,.T.);
#6892=ORIENTED_EDGE('',*,*,#4790,.T.);
#6893=ORIENTED_EDGE('',*,*,#4793,.T.);
#6894=ORIENTED_EDGE('',*,*,#4796,.T.);
#6895=ORIENTED_EDGE('',*,*,#4799,.T.);
#6896=ORIENTED_EDGE('',*,*,#4802,.T.);
#6897=ORIENTED_EDGE('',*,*,#4804,.T.);
#6898=ORIENTED_EDGE('',*,*,#4759,.T.);
#6899=ORIENTED_EDGE('',*,*,#4763,.T.);
#6900=ORIENTED_EDGE('',*,*,#4766,.T.);
#6901=ORIENTED_EDGE('',*,*,#4769,.T.);
#6902=ORIENTED_EDGE('',*,*,#4772,.T.);
#6903=ORIENTED_EDGE('',*,*,#4775,.T.);
#6904=ORIENTED_EDGE('',*,*,#4778,.T.);
#6905=ORIENTED_EDGE('',*,*,#4780,.T.);
#6906=ORIENTED_EDGE('',*,*,#4735,.T.);
#6907=ORIENTED_EDGE('',*,*,#4739,.T.);
#6908=ORIENTED_EDGE('',*,*,#4742,.T.);
#6909=ORIENTED_EDGE('',*,*,#4745,.T.);
#6910=ORIENTED_EDGE('',*,*,#4748,.T.);
#6911=ORIENTED_EDGE('',*,*,#4751,.T.);
#6912=ORIENTED_EDGE('',*,*,#4754,.T.);
#6913=ORIENTED_EDGE('',*,*,#4756,.T.);
#6914=ORIENTED_EDGE('',*,*,#4711,.T.);
#6915=ORIENTED_EDGE('',*,*,#4715,.T.);
#6916=ORIENTED_EDGE('',*,*,#4718,.T.);
#6917=ORIENTED_EDGE('',*,*,#4721,.T.);
#6918=ORIENTED_EDGE('',*,*,#4724,.T.);
#6919=ORIENTED_EDGE('',*,*,#4727,.T.);
#6920=ORIENTED_EDGE('',*,*,#4730,.T.);
#6921=ORIENTED_EDGE('',*,*,#4732,.T.);
#6922=ORIENTED_EDGE('',*,*,#4687,.T.);
#6923=ORIENTED_EDGE('',*,*,#4691,.T.);
#6924=ORIENTED_EDGE('',*,*,#4694,.T.);
#6925=ORIENTED_EDGE('',*,*,#4697,.T.);
#6926=ORIENTED_EDGE('',*,*,#4700,.T.);
#6927=ORIENTED_EDGE('',*,*,#4703,.T.);
#6928=ORIENTED_EDGE('',*,*,#4706,.T.);
#6929=ORIENTED_EDGE('',*,*,#4708,.T.);
#6930=ORIENTED_EDGE('',*,*,#4663,.T.);
#6931=ORIENTED_EDGE('',*,*,#4667,.T.);
#6932=ORIENTED_EDGE('',*,*,#4670,.T.);
#6933=ORIENTED_EDGE('',*,*,#4673,.T.);
#6934=ORIENTED_EDGE('',*,*,#4676,.T.);
#6935=ORIENTED_EDGE('',*,*,#4679,.T.);
#6936=ORIENTED_EDGE('',*,*,#4682,.T.);
#6937=ORIENTED_EDGE('',*,*,#4684,.T.);
#6938=ORIENTED_EDGE('',*,*,#4639,.T.);
#6939=ORIENTED_EDGE('',*,*,#4643,.T.);
#6940=ORIENTED_EDGE('',*,*,#4646,.T.);
#6941=ORIENTED_EDGE('',*,*,#4649,.T.);
#6942=ORIENTED_EDGE('',*,*,#4652,.T.);
#6943=ORIENTED_EDGE('',*,*,#4655,.T.);
#6944=ORIENTED_EDGE('',*,*,#4658,.T.);
#6945=ORIENTED_EDGE('',*,*,#4660,.T.);
#6946=ORIENTED_EDGE('',*,*,#4615,.T.);
#6947=ORIENTED_EDGE('',*,*,#4619,.T.);
#6948=ORIENTED_EDGE('',*,*,#4622,.T.);
#6949=ORIENTED_EDGE('',*,*,#4625,.T.);
#6950=ORIENTED_EDGE('',*,*,#4628,.T.);
#6951=ORIENTED_EDGE('',*,*,#4631,.T.);
#6952=ORIENTED_EDGE('',*,*,#4634,.T.);
#6953=ORIENTED_EDGE('',*,*,#4636,.T.);
#6954=ORIENTED_EDGE('',*,*,#4591,.T.);
#6955=ORIENTED_EDGE('',*,*,#4595,.T.);
#6956=ORIENTED_EDGE('',*,*,#4598,.T.);
#6957=ORIENTED_EDGE('',*,*,#4601,.T.);
#6958=ORIENTED_EDGE('',*,*,#4604,.T.);
#6959=ORIENTED_EDGE('',*,*,#4607,.T.);
#6960=ORIENTED_EDGE('',*,*,#4610,.T.);
#6961=ORIENTED_EDGE('',*,*,#4612,.T.);
#6962=ORIENTED_EDGE('',*,*,#4567,.T.);
#6963=ORIENTED_EDGE('',*,*,#4571,.T.);
#6964=ORIENTED_EDGE('',*,*,#4574,.T.);
#6965=ORIENTED_EDGE('',*,*,#4577,.T.);
#6966=ORIENTED_EDGE('',*,*,#4580,.T.);
#6967=ORIENTED_EDGE('',*,*,#4583,.T.);
#6968=ORIENTED_EDGE('',*,*,#4586,.T.);
#6969=ORIENTED_EDGE('',*,*,#4588,.T.);
#6970=ORIENTED_EDGE('',*,*,#4543,.T.);
#6971=ORIENTED_EDGE('',*,*,#4547,.T.);
#6972=ORIENTED_EDGE('',*,*,#4550,.T.);
#6973=ORIENTED_EDGE('',*,*,#4553,.T.);
#6974=ORIENTED_EDGE('',*,*,#4556,.T.);
#6975=ORIENTED_EDGE('',*,*,#4559,.T.);
#6976=ORIENTED_EDGE('',*,*,#4562,.T.);
#6977=ORIENTED_EDGE('',*,*,#4564,.T.);
#6978=ORIENTED_EDGE('',*,*,#4519,.T.);
#6979=ORIENTED_EDGE('',*,*,#4523,.T.);
#6980=ORIENTED_EDGE('',*,*,#4526,.T.);
#6981=ORIENTED_EDGE('',*,*,#4529,.T.);
#6982=ORIENTED_EDGE('',*,*,#4532,.T.);
#6983=ORIENTED_EDGE('',*,*,#4535,.T.);
#6984=ORIENTED_EDGE('',*,*,#4538,.T.);
#6985=ORIENTED_EDGE('',*,*,#4540,.T.);
#6986=ORIENTED_EDGE('',*,*,#4495,.T.);
#6987=ORIENTED_EDGE('',*,*,#4499,.T.);
#6988=ORIENTED_EDGE('',*,*,#4502,.T.);
#6989=ORIENTED_EDGE('',*,*,#4505,.T.);
#6990=ORIENTED_EDGE('',*,*,#4508,.T.);
#6991=ORIENTED_EDGE('',*,*,#4511,.T.);
#6992=ORIENTED_EDGE('',*,*,#4514,.T.);
#6993=ORIENTED_EDGE('',*,*,#4516,.T.);
#6994=ORIENTED_EDGE('',*,*,#4490,.T.);
#6995=ORIENTED_EDGE('',*,*,#4468,.T.);
#6996=ORIENTED_EDGE('',*,*,#4472,.T.);
#6997=ORIENTED_EDGE('',*,*,#4475,.T.);
#6998=ORIENTED_EDGE('',*,*,#4478,.T.);
#6999=ORIENTED_EDGE('',*,*,#4481,.T.);
#7000=ORIENTED_EDGE('',*,*,#4484,.T.);
#7001=ORIENTED_EDGE('',*,*,#4487,.T.);
#7002=ORIENTED_EDGE('',*,*,#4489,.T.);
#7003=ORIENTED_EDGE('',*,*,#4444,.T.);
#7004=ORIENTED_EDGE('',*,*,#4448,.T.);
#7005=ORIENTED_EDGE('',*,*,#4451,.T.);
#7006=ORIENTED_EDGE('',*,*,#4454,.T.);
#7007=ORIENTED_EDGE('',*,*,#4457,.T.);
#7008=ORIENTED_EDGE('',*,*,#4460,.T.);
#7009=ORIENTED_EDGE('',*,*,#4463,.T.);
#7010=ORIENTED_EDGE('',*,*,#4465,.T.);
#7011=ORIENTED_EDGE('',*,*,#4420,.T.);
#7012=ORIENTED_EDGE('',*,*,#4424,.T.);
#7013=ORIENTED_EDGE('',*,*,#4427,.T.);
#7014=ORIENTED_EDGE('',*,*,#4430,.T.);
#7015=ORIENTED_EDGE('',*,*,#4433,.T.);
#7016=ORIENTED_EDGE('',*,*,#4436,.T.);
#7017=ORIENTED_EDGE('',*,*,#4439,.T.);
#7018=ORIENTED_EDGE('',*,*,#4441,.T.);
#7019=ORIENTED_EDGE('',*,*,#4396,.T.);
#7020=ORIENTED_EDGE('',*,*,#4400,.T.);
#7021=ORIENTED_EDGE('',*,*,#4403,.T.);
#7022=ORIENTED_EDGE('',*,*,#4406,.T.);
#7023=ORIENTED_EDGE('',*,*,#4409,.T.);
#7024=ORIENTED_EDGE('',*,*,#4412,.T.);
#7025=ORIENTED_EDGE('',*,*,#4415,.T.);
#7026=ORIENTED_EDGE('',*,*,#4417,.T.);
#7027=ORIENTED_EDGE('',*,*,#4372,.T.);
#7028=ORIENTED_EDGE('',*,*,#4376,.T.);
#7029=ORIENTED_EDGE('',*,*,#4379,.T.);
#7030=ORIENTED_EDGE('',*,*,#4382,.T.);
#7031=ORIENTED_EDGE('',*,*,#4385,.T.);
#7032=ORIENTED_EDGE('',*,*,#4388,.T.);
#7033=ORIENTED_EDGE('',*,*,#4391,.T.);
#7034=ORIENTED_EDGE('',*,*,#4393,.T.);
#7035=ORIENTED_EDGE('',*,*,#4348,.T.);
#7036=ORIENTED_EDGE('',*,*,#4352,.T.);
#7037=ORIENTED_EDGE('',*,*,#4355,.T.);
#7038=ORIENTED_EDGE('',*,*,#4358,.T.);
#7039=ORIENTED_EDGE('',*,*,#4361,.T.);
#7040=ORIENTED_EDGE('',*,*,#4364,.T.);
#7041=ORIENTED_EDGE('',*,*,#4367,.T.);
#7042=ORIENTED_EDGE('',*,*,#4369,.T.);
#7043=ORIENTED_EDGE('',*,*,#4324,.T.);
#7044=ORIENTED_EDGE('',*,*,#4328,.T.);
#7045=ORIENTED_EDGE('',*,*,#4331,.T.);
#7046=ORIENTED_EDGE('',*,*,#4334,.T.);
#7047=ORIENTED_EDGE('',*,*,#4337,.T.);
#7048=ORIENTED_EDGE('',*,*,#4340,.T.);
#7049=ORIENTED_EDGE('',*,*,#4343,.T.);
#7050=ORIENTED_EDGE('',*,*,#4345,.T.);
#7051=ORIENTED_EDGE('',*,*,#4300,.T.);
#7052=ORIENTED_EDGE('',*,*,#4304,.T.);
#7053=ORIENTED_EDGE('',*,*,#4307,.T.);
#7054=ORIENTED_EDGE('',*,*,#4310,.T.);
#7055=ORIENTED_EDGE('',*,*,#4313,.T.);
#7056=ORIENTED_EDGE('',*,*,#4316,.T.);
#7057=ORIENTED_EDGE('',*,*,#4319,.T.);
#7058=ORIENTED_EDGE('',*,*,#4321,.T.);
#7059=ORIENTED_EDGE('',*,*,#4276,.T.);
#7060=ORIENTED_EDGE('',*,*,#4280,.T.);
#7061=ORIENTED_EDGE('',*,*,#4283,.T.);
#7062=ORIENTED_EDGE('',*,*,#4286,.T.);
#7063=ORIENTED_EDGE('',*,*,#4289,.T.);
#7064=ORIENTED_EDGE('',*,*,#4292,.T.);
#7065=ORIENTED_EDGE('',*,*,#4295,.T.);
#7066=ORIENTED_EDGE('',*,*,#4297,.T.);
#7067=ORIENTED_EDGE('',*,*,#4252,.T.);
#7068=ORIENTED_EDGE('',*,*,#4256,.T.);
#7069=ORIENTED_EDGE('',*,*,#4259,.T.);
#7070=ORIENTED_EDGE('',*,*,#4262,.T.);
#7071=ORIENTED_EDGE('',*,*,#4265,.T.);
#7072=ORIENTED_EDGE('',*,*,#4268,.T.);
#7073=ORIENTED_EDGE('',*,*,#4271,.T.);
#7074=ORIENTED_EDGE('',*,*,#4273,.T.);
#7075=ORIENTED_EDGE('',*,*,#4247,.T.);
#7076=ORIENTED_EDGE('',*,*,#4225,.T.);
#7077=ORIENTED_EDGE('',*,*,#4229,.T.);
#7078=ORIENTED_EDGE('',*,*,#4232,.T.);
#7079=ORIENTED_EDGE('',*,*,#4235,.T.);
#7080=ORIENTED_EDGE('',*,*,#4238,.T.);
#7081=ORIENTED_EDGE('',*,*,#4241,.T.);
#7082=ORIENTED_EDGE('',*,*,#4244,.T.);
#7083=ORIENTED_EDGE('',*,*,#4246,.T.);
#7084=ORIENTED_EDGE('',*,*,#4201,.T.);
#7085=ORIENTED_EDGE('',*,*,#4205,.T.);
#7086=ORIENTED_EDGE('',*,*,#4208,.T.);
#7087=ORIENTED_EDGE('',*,*,#4211,.T.);
#7088=ORIENTED_EDGE('',*,*,#4214,.T.);
#7089=ORIENTED_EDGE('',*,*,#4217,.T.);
#7090=ORIENTED_EDGE('',*,*,#4220,.T.);
#7091=ORIENTED_EDGE('',*,*,#4222,.T.);
#7092=ORIENTED_EDGE('',*,*,#4177,.T.);
#7093=ORIENTED_EDGE('',*,*,#4181,.T.);
#7094=ORIENTED_EDGE('',*,*,#4184,.T.);
#7095=ORIENTED_EDGE('',*,*,#4187,.T.);
#7096=ORIENTED_EDGE('',*,*,#4190,.T.);
#7097=ORIENTED_EDGE('',*,*,#4193,.T.);
#7098=ORIENTED_EDGE('',*,*,#4196,.T.);
#7099=ORIENTED_EDGE('',*,*,#4198,.T.);
#7100=ORIENTED_EDGE('',*,*,#4153,.T.);
#7101=ORIENTED_EDGE('',*,*,#4157,.T.);
#7102=ORIENTED_EDGE('',*,*,#4160,.T.);
#7103=ORIENTED_EDGE('',*,*,#4163,.T.);
#7104=ORIENTED_EDGE('',*,*,#4166,.T.);
#7105=ORIENTED_EDGE('',*,*,#4169,.T.);
#7106=ORIENTED_EDGE('',*,*,#4172,.T.);
#7107=ORIENTED_EDGE('',*,*,#4174,.T.);
#7108=ORIENTED_EDGE('',*,*,#4129,.T.);
#7109=ORIENTED_EDGE('',*,*,#4133,.T.);
#7110=ORIENTED_EDGE('',*,*,#4136,.T.);
#7111=ORIENTED_EDGE('',*,*,#4139,.T.);
#7112=ORIENTED_EDGE('',*,*,#4142,.T.);
#7113=ORIENTED_EDGE('',*,*,#4145,.T.);
#7114=ORIENTED_EDGE('',*,*,#4148,.T.);
#7115=ORIENTED_EDGE('',*,*,#4150,.T.);
#7116=ORIENTED_EDGE('',*,*,#4105,.T.);
#7117=ORIENTED_EDGE('',*,*,#4109,.T.);
#7118=ORIENTED_EDGE('',*,*,#4112,.T.);
#7119=ORIENTED_EDGE('',*,*,#4115,.T.);
#7120=ORIENTED_EDGE('',*,*,#4118,.T.);
#7121=ORIENTED_EDGE('',*,*,#4121,.T.);
#7122=ORIENTED_EDGE('',*,*,#4124,.T.);
#7123=ORIENTED_EDGE('',*,*,#4126,.T.);
#7124=ORIENTED_EDGE('',*,*,#4081,.T.);
#7125=ORIENTED_EDGE('',*,*,#4085,.T.);
#7126=ORIENTED_EDGE('',*,*,#4088,.T.);
#7127=ORIENTED_EDGE('',*,*,#4091,.T.);
#7128=ORIENTED_EDGE('',*,*,#4094,.T.);
#7129=ORIENTED_EDGE('',*,*,#4097,.T.);
#7130=ORIENTED_EDGE('',*,*,#4100,.T.);
#7131=ORIENTED_EDGE('',*,*,#4102,.T.);
#7132=ORIENTED_EDGE('',*,*,#4057,.T.);
#7133=ORIENTED_EDGE('',*,*,#4061,.T.);
#7134=ORIENTED_EDGE('',*,*,#4064,.T.);
#7135=ORIENTED_EDGE('',*,*,#4067,.T.);
#7136=ORIENTED_EDGE('',*,*,#4070,.T.);
#7137=ORIENTED_EDGE('',*,*,#4073,.T.);
#7138=ORIENTED_EDGE('',*,*,#4076,.T.);
#7139=ORIENTED_EDGE('',*,*,#4078,.T.);
#7140=ORIENTED_EDGE('',*,*,#4033,.T.);
#7141=ORIENTED_EDGE('',*,*,#4037,.T.);
#7142=ORIENTED_EDGE('',*,*,#4040,.T.);
#7143=ORIENTED_EDGE('',*,*,#4043,.T.);
#7144=ORIENTED_EDGE('',*,*,#4046,.T.);
#7145=ORIENTED_EDGE('',*,*,#4049,.T.);
#7146=ORIENTED_EDGE('',*,*,#4052,.T.);
#7147=ORIENTED_EDGE('',*,*,#4054,.T.);
#7148=ORIENTED_EDGE('',*,*,#4009,.T.);
#7149=ORIENTED_EDGE('',*,*,#4013,.T.);
#7150=ORIENTED_EDGE('',*,*,#4016,.T.);
#7151=ORIENTED_EDGE('',*,*,#4019,.T.);
#7152=ORIENTED_EDGE('',*,*,#4022,.T.);
#7153=ORIENTED_EDGE('',*,*,#4025,.T.);
#7154=ORIENTED_EDGE('',*,*,#4028,.T.);
#7155=ORIENTED_EDGE('',*,*,#4030,.T.);
#7156=ORIENTED_EDGE('',*,*,#3985,.T.);
#7157=ORIENTED_EDGE('',*,*,#3989,.T.);
#7158=ORIENTED_EDGE('',*,*,#3992,.T.);
#7159=ORIENTED_EDGE('',*,*,#3995,.T.);
#7160=ORIENTED_EDGE('',*,*,#3998,.T.);
#7161=ORIENTED_EDGE('',*,*,#4001,.T.);
#7162=ORIENTED_EDGE('',*,*,#4004,.T.);
#7163=ORIENTED_EDGE('',*,*,#4006,.T.);
#7164=ORIENTED_EDGE('',*,*,#3961,.T.);
#7165=ORIENTED_EDGE('',*,*,#3965,.T.);
#7166=ORIENTED_EDGE('',*,*,#3968,.T.);
#7167=ORIENTED_EDGE('',*,*,#3971,.T.);
#7168=ORIENTED_EDGE('',*,*,#3974,.T.);
#7169=ORIENTED_EDGE('',*,*,#3977,.T.);
#7170=ORIENTED_EDGE('',*,*,#3980,.T.);
#7171=ORIENTED_EDGE('',*,*,#3982,.T.);
#7172=ORIENTED_EDGE('',*,*,#3937,.T.);
#7173=ORIENTED_EDGE('',*,*,#3941,.T.);
#7174=ORIENTED_EDGE('',*,*,#3944,.T.);
#7175=ORIENTED_EDGE('',*,*,#3947,.T.);
#7176=ORIENTED_EDGE('',*,*,#3950,.T.);
#7177=ORIENTED_EDGE('',*,*,#3953,.T.);
#7178=ORIENTED_EDGE('',*,*,#3956,.T.);
#7179=ORIENTED_EDGE('',*,*,#3958,.T.);
#7180=ORIENTED_EDGE('',*,*,#3932,.T.);
#7181=ORIENTED_EDGE('',*,*,#3910,.T.);
#7182=ORIENTED_EDGE('',*,*,#3914,.T.);
#7183=ORIENTED_EDGE('',*,*,#3917,.T.);
#7184=ORIENTED_EDGE('',*,*,#3920,.T.);
#7185=ORIENTED_EDGE('',*,*,#3923,.T.);
#7186=ORIENTED_EDGE('',*,*,#3926,.T.);
#7187=ORIENTED_EDGE('',*,*,#3929,.T.);
#7188=ORIENTED_EDGE('',*,*,#3931,.T.);
#7189=ORIENTED_EDGE('',*,*,#3886,.T.);
#7190=ORIENTED_EDGE('',*,*,#3890,.T.);
#7191=ORIENTED_EDGE('',*,*,#3893,.T.);
#7192=ORIENTED_EDGE('',*,*,#3896,.T.);
#7193=ORIENTED_EDGE('',*,*,#3899,.T.);
#7194=ORIENTED_EDGE('',*,*,#3902,.T.);
#7195=ORIENTED_EDGE('',*,*,#3905,.T.);
#7196=ORIENTED_EDGE('',*,*,#3907,.T.);
#7197=ORIENTED_EDGE('',*,*,#3862,.T.);
#7198=ORIENTED_EDGE('',*,*,#3866,.T.);
#7199=ORIENTED_EDGE('',*,*,#3869,.T.);
#7200=ORIENTED_EDGE('',*,*,#3872,.T.);
#7201=ORIENTED_EDGE('',*,*,#3875,.T.);
#7202=ORIENTED_EDGE('',*,*,#3878,.T.);
#7203=ORIENTED_EDGE('',*,*,#3881,.T.);
#7204=ORIENTED_EDGE('',*,*,#3883,.T.);
#7205=ORIENTED_EDGE('',*,*,#3838,.T.);
#7206=ORIENTED_EDGE('',*,*,#3842,.T.);
#7207=ORIENTED_EDGE('',*,*,#3845,.T.);
#7208=ORIENTED_EDGE('',*,*,#3848,.T.);
#7209=ORIENTED_EDGE('',*,*,#3851,.T.);
#7210=ORIENTED_EDGE('',*,*,#3854,.T.);
#7211=ORIENTED_EDGE('',*,*,#3857,.T.);
#7212=ORIENTED_EDGE('',*,*,#3859,.T.);
#7213=ORIENTED_EDGE('',*,*,#4966,.F.);
#7214=ORIENTED_EDGE('',*,*,#4967,.T.);
#7215=ORIENTED_EDGE('',*,*,#4939,.F.);
#7216=ORIENTED_EDGE('',*,*,#4968,.F.);
#7217=ORIENTED_EDGE('',*,*,#4965,.F.);
#7218=ORIENTED_EDGE('',*,*,#4969,.T.);
#7219=ORIENTED_EDGE('',*,*,#4940,.F.);
#7220=ORIENTED_EDGE('',*,*,#4967,.F.);
#7221=ORIENTED_EDGE('',*,*,#4964,.F.);
#7222=ORIENTED_EDGE('',*,*,#4970,.T.);
#7223=ORIENTED_EDGE('',*,*,#4941,.F.);
#7224=ORIENTED_EDGE('',*,*,#4969,.F.);
#7225=ORIENTED_EDGE('',*,*,#4963,.F.);
#7226=ORIENTED_EDGE('',*,*,#4971,.T.);
#7227=ORIENTED_EDGE('',*,*,#4942,.F.);
#7228=ORIENTED_EDGE('',*,*,#4970,.F.);
#7229=ORIENTED_EDGE('',*,*,#4962,.F.);
#7230=ORIENTED_EDGE('',*,*,#4972,.T.);
#7231=ORIENTED_EDGE('',*,*,#4943,.F.);
#7232=ORIENTED_EDGE('',*,*,#4971,.F.);
#7233=ORIENTED_EDGE('',*,*,#4961,.F.);
#7234=ORIENTED_EDGE('',*,*,#4973,.T.);
#7235=ORIENTED_EDGE('',*,*,#4944,.F.);
#7236=ORIENTED_EDGE('',*,*,#4972,.F.);
#7237=ORIENTED_EDGE('',*,*,#4960,.F.);
#7238=ORIENTED_EDGE('',*,*,#4974,.T.);
#7239=ORIENTED_EDGE('',*,*,#4945,.F.);
#7240=ORIENTED_EDGE('',*,*,#4973,.F.);
#7241=ORIENTED_EDGE('',*,*,#4959,.F.);
#7242=ORIENTED_EDGE('',*,*,#4975,.T.);
#7243=ORIENTED_EDGE('',*,*,#4946,.F.);
#7244=ORIENTED_EDGE('',*,*,#4974,.F.);
#7245=ORIENTED_EDGE('',*,*,#4958,.F.);
#7246=ORIENTED_EDGE('',*,*,#4976,.T.);
#7247=ORIENTED_EDGE('',*,*,#4947,.F.);
#7248=ORIENTED_EDGE('',*,*,#4975,.F.);
#7249=ORIENTED_EDGE('',*,*,#4957,.F.);
#7250=ORIENTED_EDGE('',*,*,#4977,.T.);
#7251=ORIENTED_EDGE('',*,*,#4948,.F.);
#7252=ORIENTED_EDGE('',*,*,#4976,.F.);
#7253=ORIENTED_EDGE('',*,*,#4956,.F.);
#7254=ORIENTED_EDGE('',*,*,#4978,.T.);
#7255=ORIENTED_EDGE('',*,*,#4949,.F.);
#7256=ORIENTED_EDGE('',*,*,#4977,.F.);
#7257=ORIENTED_EDGE('',*,*,#4955,.F.);
#7258=ORIENTED_EDGE('',*,*,#4935,.F.);
#7259=ORIENTED_EDGE('',*,*,#4950,.F.);
#7260=ORIENTED_EDGE('',*,*,#4978,.F.);
#7261=ORIENTED_EDGE('',*,*,#4954,.F.);
#7262=ORIENTED_EDGE('',*,*,#4968,.T.);
#7263=ORIENTED_EDGE('',*,*,#4938,.F.);
#7264=ORIENTED_EDGE('',*,*,#4952,.F.);
#7265=PLANE('',#7860);
#7266=PLANE('',#7864);
#7267=PLANE('',#7868);
#7268=PLANE('',#7872);
#7269=PLANE('',#7876);
#7270=PLANE('',#7880);
#7271=PLANE('',#7884);
#7272=PLANE('',#7888);
#7273=PLANE('',#7892);
#7274=PLANE('',#7896);
#7275=PLANE('',#7900);
#7276=PLANE('',#7904);
#7277=PLANE('',#7908);
#7278=PLANE('',#7912);
#7279=PLANE('',#7916);
#7280=PLANE('',#7920);
#7281=PLANE('',#7927);
#7282=PLANE('',#7931);
#7283=PLANE('',#7935);
#7284=PLANE('',#7939);
#7285=PLANE('',#7943);
#7286=PLANE('',#7947);
#7287=PLANE('',#7951);
#7288=PLANE('',#7955);
#7289=PLANE('',#7959);
#7290=PLANE('',#7963);
#7291=PLANE('',#7967);
#7292=PLANE('',#7971);
#7293=PLANE('',#7975);
#7294=PLANE('',#7979);
#7295=PLANE('',#7983);
#7296=PLANE('',#7987);
#7297=PLANE('',#7991);
#7298=PLANE('',#7995);
#7299=PLANE('',#7999);
#7300=PLANE('',#8003);
#7301=PLANE('',#8007);
#7302=PLANE('',#8011);
#7303=PLANE('',#8015);
#7304=PLANE('',#8019);
#7305=PLANE('',#8023);
#7306=PLANE('',#8027);
#7307=PLANE('',#8031);
#7308=PLANE('',#8035);
#7309=PLANE('',#8039);
#7310=PLANE('',#8043);
#7311=PLANE('',#8047);
#7312=PLANE('',#8051);
#7313=PLANE('',#8055);
#7314=PLANE('',#8059);
#7315=PLANE('',#8063);
#7316=PLANE('',#8067);
#7317=PLANE('',#8071);
#7318=PLANE('',#8075);
#7319=PLANE('',#8079);
#7320=PLANE('',#8083);
#7321=PLANE('',#8087);
#7322=PLANE('',#8091);
#7323=PLANE('',#8095);
#7324=PLANE('',#8099);
#7325=PLANE('',#8103);
#7326=PLANE('',#8107);
#7327=PLANE('',#8111);
#7328=PLANE('',#8115);
#7329=PLANE('',#8119);
#7330=PLANE('',#8123);
#7331=PLANE('',#8127);
#7332=PLANE('',#8131);
#7333=PLANE('',#8138);
#7334=PLANE('',#8142);
#7335=PLANE('',#8146);
#7336=PLANE('',#8150);
#7337=PLANE('',#8154);
#7338=PLANE('',#8158);
#7339=PLANE('',#8162);
#7340=PLANE('',#8166);
#7341=PLANE('',#8170);
#7342=PLANE('',#8174);
#7343=PLANE('',#8178);
#7344=PLANE('',#8182);
#7345=PLANE('',#8186);
#7346=PLANE('',#8190);
#7347=PLANE('',#8194);
#7348=PLANE('',#8198);
#7349=PLANE('',#8202);
#7350=PLANE('',#8206);
#7351=PLANE('',#8210);
#7352=PLANE('',#8214);
#7353=PLANE('',#8218);
#7354=PLANE('',#8222);
#7355=PLANE('',#8226);
#7356=PLANE('',#8230);
#7357=PLANE('',#8234);
#7358=PLANE('',#8238);
#7359=PLANE('',#8242);
#7360=PLANE('',#8246);
#7361=PLANE('',#8250);
#7362=PLANE('',#8254);
#7363=PLANE('',#8258);
#7364=PLANE('',#8262);
#7365=PLANE('',#8266);
#7366=PLANE('',#8270);
#7367=PLANE('',#8274);
#7368=PLANE('',#8278);
#7369=PLANE('',#8282);
#7370=PLANE('',#8286);
#7371=PLANE('',#8290);
#7372=PLANE('',#8294);
#7373=PLANE('',#8301);
#7374=PLANE('',#8305);
#7375=PLANE('',#8309);
#7376=PLANE('',#8313);
#7377=PLANE('',#8317);
#7378=PLANE('',#8321);
#7379=PLANE('',#8325);
#7380=PLANE('',#8329);
#7381=PLANE('',#8333);
#7382=PLANE('',#8337);
#7383=PLANE('',#8341);
#7384=PLANE('',#8345);
#7385=PLANE('',#8349);
#7386=PLANE('',#8353);
#7387=PLANE('',#8357);
#7388=PLANE('',#8361);
#7389=PLANE('',#8365);
#7390=PLANE('',#8369);
#7391=PLANE('',#8373);
#7392=PLANE('',#8377);
#7393=PLANE('',#8381);
#7394=PLANE('',#8385);
#7395=PLANE('',#8389);
#7396=PLANE('',#8393);
#7397=PLANE('',#8397);
#7398=PLANE('',#8401);
#7399=PLANE('',#8405);
#7400=PLANE('',#8409);
#7401=PLANE('',#8413);
#7402=PLANE('',#8417);
#7403=PLANE('',#8421);
#7404=PLANE('',#8425);
#7405=PLANE('',#8429);
#7406=PLANE('',#8433);
#7407=PLANE('',#8437);
#7408=PLANE('',#8441);
#7409=PLANE('',#8445);
#7410=PLANE('',#8449);
#7411=PLANE('',#8453);
#7412=PLANE('',#8457);
#7413=PLANE('',#8461);
#7414=PLANE('',#8465);
#7415=PLANE('',#8469);
#7416=PLANE('',#8473);
#7417=PLANE('',#8477);
#7418=PLANE('',#8481);
#7419=PLANE('',#8485);
#7420=PLANE('',#8489);
#7421=PLANE('',#8493);
#7422=PLANE('',#8497);
#7423=PLANE('',#8501);
#7424=PLANE('',#8505);
#7425=PLANE('',#8509);
#7426=PLANE('',#8513);
#7427=PLANE('',#8517);
#7428=PLANE('',#8521);
#7429=PLANE('',#8525);
#7430=PLANE('',#8529);
#7431=PLANE('',#8533);
#7432=PLANE('',#8537);
#7433=PLANE('',#8541);
#7434=PLANE('',#8545);
#7435=PLANE('',#8549);
#7436=PLANE('',#8553);
#7437=PLANE('',#8557);
#7438=PLANE('',#8561);
#7439=PLANE('',#8565);
#7440=PLANE('',#8569);
#7441=PLANE('',#8573);
#7442=PLANE('',#8577);
#7443=PLANE('',#8581);
#7444=PLANE('',#8585);
#7445=PLANE('',#8592);
#7446=PLANE('',#8596);
#7447=PLANE('',#8597);
#7448=PLANE('',#8598);
#7449=PLANE('',#8599);
#7450=PLANE('',#8600);
#7451=PLANE('',#8601);
#7452=PLANE('',#8602);
#7453=PLANE('',#8603);
#7454=PLANE('',#8604);
#7455=PLANE('',#8605);
#7456=PLANE('',#8606);
#7457=PLANE('',#8607);
#7458=PLANE('',#8608);
#7459=PLANE('',#8609);
#7460=PLANE('',#8610);
#7461=PLANE('',#8611);
#7462=PLANE('',#8612);
#7463=ADVANCED_FACE('',(#666),#7265,.T.);
#7464=ADVANCED_FACE('',(#667),#481,.F.);
#7465=ADVANCED_FACE('',(#668),#7266,.T.);
#7466=ADVANCED_FACE('',(#669),#482,.F.);
#7467=ADVANCED_FACE('',(#670),#7267,.T.);
#7468=ADVANCED_FACE('',(#671),#483,.F.);
#7469=ADVANCED_FACE('',(#672),#7268,.T.);
#7470=ADVANCED_FACE('',(#673),#484,.F.);
#7471=ADVANCED_FACE('',(#674),#7269,.T.);
#7472=ADVANCED_FACE('',(#675),#485,.F.);
#7473=ADVANCED_FACE('',(#676),#7270,.T.);
#7474=ADVANCED_FACE('',(#677),#486,.F.);
#7475=ADVANCED_FACE('',(#678),#7271,.T.);
#7476=ADVANCED_FACE('',(#679),#487,.F.);
#7477=ADVANCED_FACE('',(#680),#7272,.T.);
#7478=ADVANCED_FACE('',(#681),#488,.F.);
#7479=ADVANCED_FACE('',(#682),#7273,.T.);
#7480=ADVANCED_FACE('',(#683),#489,.F.);
#7481=ADVANCED_FACE('',(#684),#7274,.T.);
#7482=ADVANCED_FACE('',(#685),#490,.F.);
#7483=ADVANCED_FACE('',(#686),#7275,.T.);
#7484=ADVANCED_FACE('',(#687),#491,.F.);
#7485=ADVANCED_FACE('',(#688),#7276,.T.);
#7486=ADVANCED_FACE('',(#689),#492,.F.);
#7487=ADVANCED_FACE('',(#690),#7277,.T.);
#7488=ADVANCED_FACE('',(#691),#493,.F.);
#7489=ADVANCED_FACE('',(#692),#7278,.T.);
#7490=ADVANCED_FACE('',(#693),#494,.F.);
#7491=ADVANCED_FACE('',(#694),#7279,.T.);
#7492=ADVANCED_FACE('',(#695),#495,.F.);
#7493=ADVANCED_FACE('',(#696),#7280,.T.);
#7494=ADVANCED_FACE('',(#697),#496,.F.);
#7495=ADVANCED_FACE('',(#698),#497,.F.);
#7496=ADVANCED_FACE('',(#699),#7281,.T.);
#7497=ADVANCED_FACE('',(#700),#498,.F.);
#7498=ADVANCED_FACE('',(#701),#7282,.T.);
#7499=ADVANCED_FACE('',(#702),#499,.F.);
#7500=ADVANCED_FACE('',(#703),#7283,.T.);
#7501=ADVANCED_FACE('',(#704),#500,.F.);
#7502=ADVANCED_FACE('',(#705),#7284,.T.);
#7503=ADVANCED_FACE('',(#706),#501,.F.);
#7504=ADVANCED_FACE('',(#707),#7285,.T.);
#7505=ADVANCED_FACE('',(#708),#502,.F.);
#7506=ADVANCED_FACE('',(#709),#7286,.T.);
#7507=ADVANCED_FACE('',(#710),#503,.F.);
#7508=ADVANCED_FACE('',(#711),#7287,.T.);
#7509=ADVANCED_FACE('',(#712),#504,.F.);
#7510=ADVANCED_FACE('',(#713),#7288,.T.);
#7511=ADVANCED_FACE('',(#714),#505,.F.);
#7512=ADVANCED_FACE('',(#715),#7289,.T.);
#7513=ADVANCED_FACE('',(#716),#506,.F.);
#7514=ADVANCED_FACE('',(#717),#7290,.T.);
#7515=ADVANCED_FACE('',(#718),#507,.F.);
#7516=ADVANCED_FACE('',(#719),#7291,.T.);
#7517=ADVANCED_FACE('',(#720),#508,.F.);
#7518=ADVANCED_FACE('',(#721),#7292,.T.);
#7519=ADVANCED_FACE('',(#722),#509,.F.);
#7520=ADVANCED_FACE('',(#723),#7293,.T.);
#7521=ADVANCED_FACE('',(#724),#510,.F.);
#7522=ADVANCED_FACE('',(#725),#7294,.T.);
#7523=ADVANCED_FACE('',(#726),#511,.F.);
#7524=ADVANCED_FACE('',(#727),#7295,.T.);
#7525=ADVANCED_FACE('',(#728),#512,.F.);
#7526=ADVANCED_FACE('',(#729),#7296,.T.);
#7527=ADVANCED_FACE('',(#730),#513,.F.);
#7528=ADVANCED_FACE('',(#731),#7297,.T.);
#7529=ADVANCED_FACE('',(#732),#514,.F.);
#7530=ADVANCED_FACE('',(#733),#7298,.T.);
#7531=ADVANCED_FACE('',(#734),#515,.F.);
#7532=ADVANCED_FACE('',(#735),#7299,.T.);
#7533=ADVANCED_FACE('',(#736),#516,.F.);
#7534=ADVANCED_FACE('',(#737),#7300,.T.);
#7535=ADVANCED_FACE('',(#738),#517,.F.);
#7536=ADVANCED_FACE('',(#739),#7301,.T.);
#7537=ADVANCED_FACE('',(#740),#518,.F.);
#7538=ADVANCED_FACE('',(#741),#7302,.T.);
#7539=ADVANCED_FACE('',(#742),#519,.F.);
#7540=ADVANCED_FACE('',(#743),#7303,.T.);
#7541=ADVANCED_FACE('',(#744),#520,.F.);
#7542=ADVANCED_FACE('',(#745),#7304,.T.);
#7543=ADVANCED_FACE('',(#746),#521,.F.);
#7544=ADVANCED_FACE('',(#747),#7305,.T.);
#7545=ADVANCED_FACE('',(#748),#522,.F.);
#7546=ADVANCED_FACE('',(#749),#7306,.T.);
#7547=ADVANCED_FACE('',(#750),#523,.F.);
#7548=ADVANCED_FACE('',(#751),#7307,.T.);
#7549=ADVANCED_FACE('',(#752),#524,.F.);
#7550=ADVANCED_FACE('',(#753),#7308,.T.);
#7551=ADVANCED_FACE('',(#754),#525,.F.);
#7552=ADVANCED_FACE('',(#755),#7309,.T.);
#7553=ADVANCED_FACE('',(#756),#526,.F.);
#7554=ADVANCED_FACE('',(#757),#7310,.T.);
#7555=ADVANCED_FACE('',(#758),#527,.F.);
#7556=ADVANCED_FACE('',(#759),#7311,.T.);
#7557=ADVANCED_FACE('',(#760),#528,.F.);
#7558=ADVANCED_FACE('',(#761),#7312,.T.);
#7559=ADVANCED_FACE('',(#762),#529,.F.);
#7560=ADVANCED_FACE('',(#763),#7313,.T.);
#7561=ADVANCED_FACE('',(#764),#530,.F.);
#7562=ADVANCED_FACE('',(#765),#7314,.T.);
#7563=ADVANCED_FACE('',(#766),#531,.F.);
#7564=ADVANCED_FACE('',(#767),#7315,.T.);
#7565=ADVANCED_FACE('',(#768),#532,.F.);
#7566=ADVANCED_FACE('',(#769),#7316,.T.);
#7567=ADVANCED_FACE('',(#770),#533,.F.);
#7568=ADVANCED_FACE('',(#771),#7317,.T.);
#7569=ADVANCED_FACE('',(#772),#534,.F.);
#7570=ADVANCED_FACE('',(#773),#7318,.T.);
#7571=ADVANCED_FACE('',(#774),#535,.F.);
#7572=ADVANCED_FACE('',(#775),#7319,.T.);
#7573=ADVANCED_FACE('',(#776),#536,.F.);
#7574=ADVANCED_FACE('',(#777),#7320,.T.);
#7575=ADVANCED_FACE('',(#778),#537,.F.);
#7576=ADVANCED_FACE('',(#779),#7321,.T.);
#7577=ADVANCED_FACE('',(#780),#538,.F.);
#7578=ADVANCED_FACE('',(#781),#7322,.T.);
#7579=ADVANCED_FACE('',(#782),#539,.F.);
#7580=ADVANCED_FACE('',(#783),#7323,.T.);
#7581=ADVANCED_FACE('',(#784),#540,.F.);
#7582=ADVANCED_FACE('',(#785),#7324,.T.);
#7583=ADVANCED_FACE('',(#786),#541,.F.);
#7584=ADVANCED_FACE('',(#787),#7325,.T.);
#7585=ADVANCED_FACE('',(#788),#542,.F.);
#7586=ADVANCED_FACE('',(#789),#7326,.T.);
#7587=ADVANCED_FACE('',(#790),#543,.F.);
#7588=ADVANCED_FACE('',(#791),#7327,.T.);
#7589=ADVANCED_FACE('',(#792),#544,.F.);
#7590=ADVANCED_FACE('',(#793),#7328,.T.);
#7591=ADVANCED_FACE('',(#794),#545,.F.);
#7592=ADVANCED_FACE('',(#795),#7329,.T.);
#7593=ADVANCED_FACE('',(#796),#546,.F.);
#7594=ADVANCED_FACE('',(#797),#7330,.T.);
#7595=ADVANCED_FACE('',(#798),#547,.F.);
#7596=ADVANCED_FACE('',(#799),#7331,.T.);
#7597=ADVANCED_FACE('',(#800),#548,.F.);
#7598=ADVANCED_FACE('',(#801),#7332,.T.);
#7599=ADVANCED_FACE('',(#802),#549,.F.);
#7600=ADVANCED_FACE('',(#803),#550,.F.);
#7601=ADVANCED_FACE('',(#804),#7333,.T.);
#7602=ADVANCED_FACE('',(#805),#551,.F.);
#7603=ADVANCED_FACE('',(#806),#7334,.T.);
#7604=ADVANCED_FACE('',(#807),#552,.F.);
#7605=ADVANCED_FACE('',(#808),#7335,.T.);
#7606=ADVANCED_FACE('',(#809),#553,.F.);
#7607=ADVANCED_FACE('',(#810),#7336,.T.);
#7608=ADVANCED_FACE('',(#811),#554,.F.);
#7609=ADVANCED_FACE('',(#812),#7337,.T.);
#7610=ADVANCED_FACE('',(#813),#555,.F.);
#7611=ADVANCED_FACE('',(#814),#7338,.T.);
#7612=ADVANCED_FACE('',(#815),#556,.F.);
#7613=ADVANCED_FACE('',(#816),#7339,.T.);
#7614=ADVANCED_FACE('',(#817),#557,.F.);
#7615=ADVANCED_FACE('',(#818),#7340,.T.);
#7616=ADVANCED_FACE('',(#819),#558,.F.);
#7617=ADVANCED_FACE('',(#820),#7341,.T.);
#7618=ADVANCED_FACE('',(#821),#559,.F.);
#7619=ADVANCED_FACE('',(#822),#7342,.T.);
#7620=ADVANCED_FACE('',(#823),#560,.F.);
#7621=ADVANCED_FACE('',(#824),#7343,.T.);
#7622=ADVANCED_FACE('',(#825),#561,.F.);
#7623=ADVANCED_FACE('',(#826),#7344,.T.);
#7624=ADVANCED_FACE('',(#827),#562,.F.);
#7625=ADVANCED_FACE('',(#828),#7345,.T.);
#7626=ADVANCED_FACE('',(#829),#563,.F.);
#7627=ADVANCED_FACE('',(#830),#7346,.T.);
#7628=ADVANCED_FACE('',(#831),#564,.F.);
#7629=ADVANCED_FACE('',(#832),#7347,.T.);
#7630=ADVANCED_FACE('',(#833),#565,.F.);
#7631=ADVANCED_FACE('',(#834),#7348,.T.);
#7632=ADVANCED_FACE('',(#835),#566,.F.);
#7633=ADVANCED_FACE('',(#836),#7349,.T.);
#7634=ADVANCED_FACE('',(#837),#567,.F.);
#7635=ADVANCED_FACE('',(#838),#7350,.T.);
#7636=ADVANCED_FACE('',(#839),#568,.F.);
#7637=ADVANCED_FACE('',(#840),#7351,.T.);
#7638=ADVANCED_FACE('',(#841),#569,.F.);
#7639=ADVANCED_FACE('',(#842),#7352,.T.);
#7640=ADVANCED_FACE('',(#843),#570,.F.);
#7641=ADVANCED_FACE('',(#844),#7353,.T.);
#7642=ADVANCED_FACE('',(#845),#571,.F.);
#7643=ADVANCED_FACE('',(#846),#7354,.T.);
#7644=ADVANCED_FACE('',(#847),#572,.F.);
#7645=ADVANCED_FACE('',(#848),#7355,.T.);
#7646=ADVANCED_FACE('',(#849),#573,.F.);
#7647=ADVANCED_FACE('',(#850),#7356,.T.);
#7648=ADVANCED_FACE('',(#851),#574,.F.);
#7649=ADVANCED_FACE('',(#852),#7357,.T.);
#7650=ADVANCED_FACE('',(#853),#575,.F.);
#7651=ADVANCED_FACE('',(#854),#7358,.T.);
#7652=ADVANCED_FACE('',(#855),#576,.F.);
#7653=ADVANCED_FACE('',(#856),#7359,.T.);
#7654=ADVANCED_FACE('',(#857),#577,.F.);
#7655=ADVANCED_FACE('',(#858),#7360,.T.);
#7656=ADVANCED_FACE('',(#859),#578,.F.);
#7657=ADVANCED_FACE('',(#860),#7361,.T.);
#7658=ADVANCED_FACE('',(#861),#579,.F.);
#7659=ADVANCED_FACE('',(#862),#7362,.T.);
#7660=ADVANCED_FACE('',(#863),#580,.F.);
#7661=ADVANCED_FACE('',(#864),#7363,.T.);
#7662=ADVANCED_FACE('',(#865),#581,.F.);
#7663=ADVANCED_FACE('',(#866),#7364,.T.);
#7664=ADVANCED_FACE('',(#867),#582,.F.);
#7665=ADVANCED_FACE('',(#868),#7365,.T.);
#7666=ADVANCED_FACE('',(#869),#583,.F.);
#7667=ADVANCED_FACE('',(#870),#7366,.T.);
#7668=ADVANCED_FACE('',(#871),#584,.F.);
#7669=ADVANCED_FACE('',(#872),#7367,.T.);
#7670=ADVANCED_FACE('',(#873),#585,.F.);
#7671=ADVANCED_FACE('',(#874),#7368,.T.);
#7672=ADVANCED_FACE('',(#875),#586,.F.);
#7673=ADVANCED_FACE('',(#876),#7369,.T.);
#7674=ADVANCED_FACE('',(#877),#587,.F.);
#7675=ADVANCED_FACE('',(#878),#7370,.T.);
#7676=ADVANCED_FACE('',(#879),#588,.F.);
#7677=ADVANCED_FACE('',(#880),#7371,.T.);
#7678=ADVANCED_FACE('',(#881),#589,.F.);
#7679=ADVANCED_FACE('',(#882),#7372,.T.);
#7680=ADVANCED_FACE('',(#883),#590,.F.);
#7681=ADVANCED_FACE('',(#884),#591,.F.);
#7682=ADVANCED_FACE('',(#885),#7373,.T.);
#7683=ADVANCED_FACE('',(#886),#592,.F.);
#7684=ADVANCED_FACE('',(#887),#7374,.T.);
#7685=ADVANCED_FACE('',(#888),#593,.F.);
#7686=ADVANCED_FACE('',(#889),#7375,.T.);
#7687=ADVANCED_FACE('',(#890),#594,.F.);
#7688=ADVANCED_FACE('',(#891),#7376,.T.);
#7689=ADVANCED_FACE('',(#892),#595,.F.);
#7690=ADVANCED_FACE('',(#893),#7377,.T.);
#7691=ADVANCED_FACE('',(#894),#596,.F.);
#7692=ADVANCED_FACE('',(#895),#7378,.T.);
#7693=ADVANCED_FACE('',(#896),#597,.F.);
#7694=ADVANCED_FACE('',(#897),#7379,.T.);
#7695=ADVANCED_FACE('',(#898),#598,.F.);
#7696=ADVANCED_FACE('',(#899),#7380,.T.);
#7697=ADVANCED_FACE('',(#900),#599,.F.);
#7698=ADVANCED_FACE('',(#901),#7381,.T.);
#7699=ADVANCED_FACE('',(#902),#600,.F.);
#7700=ADVANCED_FACE('',(#903),#7382,.T.);
#7701=ADVANCED_FACE('',(#904),#601,.F.);
#7702=ADVANCED_FACE('',(#905),#7383,.T.);
#7703=ADVANCED_FACE('',(#906),#602,.F.);
#7704=ADVANCED_FACE('',(#907),#7384,.T.);
#7705=ADVANCED_FACE('',(#908),#603,.F.);
#7706=ADVANCED_FACE('',(#909),#7385,.T.);
#7707=ADVANCED_FACE('',(#910),#604,.F.);
#7708=ADVANCED_FACE('',(#911),#7386,.T.);
#7709=ADVANCED_FACE('',(#912),#605,.F.);
#7710=ADVANCED_FACE('',(#913),#7387,.T.);
#7711=ADVANCED_FACE('',(#914),#606,.F.);
#7712=ADVANCED_FACE('',(#915),#7388,.T.);
#7713=ADVANCED_FACE('',(#916),#607,.F.);
#7714=ADVANCED_FACE('',(#917),#7389,.T.);
#7715=ADVANCED_FACE('',(#918),#608,.F.);
#7716=ADVANCED_FACE('',(#919),#7390,.T.);
#7717=ADVANCED_FACE('',(#920),#609,.F.);
#7718=ADVANCED_FACE('',(#921),#7391,.T.);
#7719=ADVANCED_FACE('',(#922),#610,.F.);
#7720=ADVANCED_FACE('',(#923),#7392,.T.);
#7721=ADVANCED_FACE('',(#924),#611,.F.);
#7722=ADVANCED_FACE('',(#925),#7393,.T.);
#7723=ADVANCED_FACE('',(#926),#612,.F.);
#7724=ADVANCED_FACE('',(#927),#7394,.T.);
#7725=ADVANCED_FACE('',(#928),#613,.F.);
#7726=ADVANCED_FACE('',(#929),#7395,.T.);
#7727=ADVANCED_FACE('',(#930),#614,.F.);
#7728=ADVANCED_FACE('',(#931),#7396,.T.);
#7729=ADVANCED_FACE('',(#932),#615,.F.);
#7730=ADVANCED_FACE('',(#933),#7397,.T.);
#7731=ADVANCED_FACE('',(#934),#616,.F.);
#7732=ADVANCED_FACE('',(#935),#7398,.T.);
#7733=ADVANCED_FACE('',(#936),#617,.F.);
#7734=ADVANCED_FACE('',(#937),#7399,.T.);
#7735=ADVANCED_FACE('',(#938),#618,.F.);
#7736=ADVANCED_FACE('',(#939),#7400,.T.);
#7737=ADVANCED_FACE('',(#940),#619,.F.);
#7738=ADVANCED_FACE('',(#941),#7401,.T.);
#7739=ADVANCED_FACE('',(#942),#620,.F.);
#7740=ADVANCED_FACE('',(#943),#7402,.T.);
#7741=ADVANCED_FACE('',(#944),#621,.F.);
#7742=ADVANCED_FACE('',(#945),#7403,.T.);
#7743=ADVANCED_FACE('',(#946),#622,.F.);
#7744=ADVANCED_FACE('',(#947),#7404,.T.);
#7745=ADVANCED_FACE('',(#948),#623,.F.);
#7746=ADVANCED_FACE('',(#949),#7405,.T.);
#7747=ADVANCED_FACE('',(#950),#624,.F.);
#7748=ADVANCED_FACE('',(#951),#7406,.T.);
#7749=ADVANCED_FACE('',(#952),#625,.F.);
#7750=ADVANCED_FACE('',(#953),#7407,.T.);
#7751=ADVANCED_FACE('',(#954),#626,.F.);
#7752=ADVANCED_FACE('',(#955),#7408,.T.);
#7753=ADVANCED_FACE('',(#956),#627,.F.);
#7754=ADVANCED_FACE('',(#957),#7409,.T.);
#7755=ADVANCED_FACE('',(#958),#628,.F.);
#7756=ADVANCED_FACE('',(#959),#7410,.T.);
#7757=ADVANCED_FACE('',(#960),#629,.F.);
#7758=ADVANCED_FACE('',(#961),#7411,.T.);
#7759=ADVANCED_FACE('',(#962),#630,.F.);
#7760=ADVANCED_FACE('',(#963),#7412,.T.);
#7761=ADVANCED_FACE('',(#964),#631,.F.);
#7762=ADVANCED_FACE('',(#965),#7413,.T.);
#7763=ADVANCED_FACE('',(#966),#632,.F.);
#7764=ADVANCED_FACE('',(#967),#7414,.T.);
#7765=ADVANCED_FACE('',(#968),#633,.F.);
#7766=ADVANCED_FACE('',(#969),#7415,.T.);
#7767=ADVANCED_FACE('',(#970),#634,.F.);
#7768=ADVANCED_FACE('',(#971),#7416,.T.);
#7769=ADVANCED_FACE('',(#972),#635,.F.);
#7770=ADVANCED_FACE('',(#973),#7417,.T.);
#7771=ADVANCED_FACE('',(#974),#636,.F.);
#7772=ADVANCED_FACE('',(#975),#7418,.T.);
#7773=ADVANCED_FACE('',(#976),#637,.F.);
#7774=ADVANCED_FACE('',(#977),#7419,.T.);
#7775=ADVANCED_FACE('',(#978),#638,.F.);
#7776=ADVANCED_FACE('',(#979),#7420,.T.);
#7777=ADVANCED_FACE('',(#980),#639,.F.);
#7778=ADVANCED_FACE('',(#981),#7421,.T.);
#7779=ADVANCED_FACE('',(#982),#640,.F.);
#7780=ADVANCED_FACE('',(#983),#7422,.T.);
#7781=ADVANCED_FACE('',(#984),#641,.F.);
#7782=ADVANCED_FACE('',(#985),#7423,.T.);
#7783=ADVANCED_FACE('',(#986),#642,.F.);
#7784=ADVANCED_FACE('',(#987),#7424,.T.);
#7785=ADVANCED_FACE('',(#988),#643,.F.);
#7786=ADVANCED_FACE('',(#989),#7425,.T.);
#7787=ADVANCED_FACE('',(#990),#644,.F.);
#7788=ADVANCED_FACE('',(#991),#7426,.T.);
#7789=ADVANCED_FACE('',(#992),#645,.F.);
#7790=ADVANCED_FACE('',(#993),#7427,.T.);
#7791=ADVANCED_FACE('',(#994),#646,.F.);
#7792=ADVANCED_FACE('',(#995),#7428,.T.);
#7793=ADVANCED_FACE('',(#996),#647,.F.);
#7794=ADVANCED_FACE('',(#997),#7429,.T.);
#7795=ADVANCED_FACE('',(#998),#648,.F.);
#7796=ADVANCED_FACE('',(#999),#7430,.T.);
#7797=ADVANCED_FACE('',(#1000),#649,.F.);
#7798=ADVANCED_FACE('',(#1001),#7431,.T.);
#7799=ADVANCED_FACE('',(#1002),#650,.F.);
#7800=ADVANCED_FACE('',(#1003),#7432,.T.);
#7801=ADVANCED_FACE('',(#1004),#651,.F.);
#7802=ADVANCED_FACE('',(#1005),#7433,.T.);
#7803=ADVANCED_FACE('',(#1006),#652,.F.);
#7804=ADVANCED_FACE('',(#1007),#7434,.T.);
#7805=ADVANCED_FACE('',(#1008),#653,.F.);
#7806=ADVANCED_FACE('',(#1009),#7435,.T.);
#7807=ADVANCED_FACE('',(#1010),#654,.F.);
#7808=ADVANCED_FACE('',(#1011),#7436,.T.);
#7809=ADVANCED_FACE('',(#1012),#655,.F.);
#7810=ADVANCED_FACE('',(#1013),#7437,.T.);
#7811=ADVANCED_FACE('',(#1014),#656,.F.);
#7812=ADVANCED_FACE('',(#1015),#7438,.T.);
#7813=ADVANCED_FACE('',(#1016),#657,.F.);
#7814=ADVANCED_FACE('',(#1017),#7439,.T.);
#7815=ADVANCED_FACE('',(#1018),#658,.F.);
#7816=ADVANCED_FACE('',(#1019),#7440,.T.);
#7817=ADVANCED_FACE('',(#1020),#659,.F.);
#7818=ADVANCED_FACE('',(#1021),#7441,.T.);
#7819=ADVANCED_FACE('',(#1022),#660,.F.);
#7820=ADVANCED_FACE('',(#1023),#7442,.T.);
#7821=ADVANCED_FACE('',(#1024),#661,.F.);
#7822=ADVANCED_FACE('',(#1025),#7443,.T.);
#7823=ADVANCED_FACE('',(#1026),#662,.F.);
#7824=ADVANCED_FACE('',(#1027),#7444,.T.);
#7825=ADVANCED_FACE('',(#1028),#663,.F.);
#7826=ADVANCED_FACE('',(#1029),#664,.T.);
#7827=ADVANCED_FACE('',(#1030),#7445,.T.);
#7828=ADVANCED_FACE('',(#1031),#665,.T.);
#7829=ADVANCED_FACE('',(#1032),#7446,.T.);
#7830=ADVANCED_FACE('',(#1033,#15,#16,#17,#18,#19,#20,#21,#22,#23,#24,#25,
#26,#27,#28,#29,#30,#31,#32,#33,#34,#35,#36,#37,#38,#39,#40,#41,#42,#43,
#44,#45,#46,#47,#48,#49,#50,#51,#52,#53,#54,#55,#56,#57,#58,#59,#60,#61,
#62),#7447,.F.);
#7831=ADVANCED_FACE('',(#1034),#7448,.T.);
#7832=ADVANCED_FACE('',(#1035,#63,#64,#65,#66,#67,#68,#69,#70,#71,#72,#73,
#74,#75,#76,#77,#78,#79,#80,#81,#82,#83,#84,#85,#86,#87,#88,#89,#90,#91,
#92,#93,#94,#95,#96,#97,#98,#99,#100,#101,#102,#103,#104,#105,#106,#107,
#108,#109,#110),#7449,.T.);
#7833=ADVANCED_FACE('',(#1036),#7450,.F.);
#7834=ADVANCED_FACE('',(#1037),#7451,.F.);
#7835=ADVANCED_FACE('',(#1038),#7452,.F.);
#7836=ADVANCED_FACE('',(#1039),#7453,.F.);
#7837=ADVANCED_FACE('',(#1040),#7454,.F.);
#7838=ADVANCED_FACE('',(#1041),#7455,.F.);
#7839=ADVANCED_FACE('',(#1042),#7456,.F.);
#7840=ADVANCED_FACE('',(#1043),#7457,.F.);
#7841=ADVANCED_FACE('',(#1044),#7458,.F.);
#7842=ADVANCED_FACE('',(#1045),#7459,.F.);
#7843=ADVANCED_FACE('',(#1046),#7460,.F.);
#7844=ADVANCED_FACE('',(#1047),#7461,.F.);
#7845=ADVANCED_FACE('',(#1048),#7462,.F.);
#7846=CLOSED_SHELL('',(#7463,#7464,#7465,#7466,#7467,#7468,#7469,#7470,
#7471,#7472,#7473,#7474,#7475,#7476,#7477,#7478,#7479,#7480,#7481,#7482,
#7483,#7484,#7485,#7486,#7487,#7488,#7489,#7490,#7491,#7492,#7493,#7494,
#7495,#7496,#7497,#7498,#7499,#7500,#7501,#7502,#7503,#7504,#7505,#7506,
#7507,#7508,#7509,#7510,#7511,#7512,#7513,#7514,#7515,#7516,#7517,#7518,
#7519,#7520,#7521,#7522,#7523,#7524,#7525,#7526,#7527,#7528,#7529,#7530,
#7531,#7532,#7533,#7534,#7535,#7536,#7537,#7538,#7539,#7540,#7541,#7542,
#7543,#7544,#7545,#7546,#7547,#7548,#7549,#7550,#7551,#7552,#7553,#7554,
#7555,#7556,#7557,#7558,#7559,#7560,#7561,#7562,#7563,#7564,#7565,#7566,
#7567,#7568,#7569,#7570,#7571,#7572,#7573,#7574,#7575,#7576,#7577,#7578,
#7579,#7580,#7581,#7582,#7583,#7584,#7585,#7586,#7587,#7588,#7589,#7590,
#7591,#7592,#7593,#7594,#7595,#7596,#7597,#7598,#7599,#7600,#7601,#7602,
#7603,#7604,#7605,#7606,#7607,#7608,#7609,#7610,#7611,#7612,#7613,#7614,
#7615,#7616,#7617,#7618,#7619,#7620,#7621,#7622,#7623,#7624,#7625,#7626,
#7627,#7628,#7629,#7630,#7631,#7632,#7633,#7634,#7635,#7636,#7637,#7638,
#7639,#7640,#7641,#7642,#7643,#7644,#7645,#7646,#7647,#7648,#7649,#7650,
#7651,#7652,#7653,#7654,#7655,#7656,#7657,#7658,#7659,#7660,#7661,#7662,
#7663,#7664,#7665,#7666,#7667,#7668,#7669,#7670,#7671,#7672,#7673,#7674,
#7675,#7676,#7677,#7678,#7679,#7680,#7681,#7682,#7683,#7684,#7685,#7686,
#7687,#7688,#7689,#7690,#7691,#7692,#7693,#7694,#7695,#7696,#7697,#7698,
#7699,#7700,#7701,#7702,#7703,#7704,#7705,#7706,#7707,#7708,#7709,#7710,
#7711,#7712,#7713,#7714,#7715,#7716,#7717,#7718,#7719,#7720,#7721,#7722,
#7723,#7724,#7725,#7726,#7727,#7728,#7729,#7730,#7731,#7732,#7733,#7734,
#7735,#7736,#7737,#7738,#7739,#7740,#7741,#7742,#7743,#7744,#7745,#7746,
#7747,#7748,#7749,#7750,#7751,#7752,#7753,#7754,#7755,#7756,#7757,#7758,
#7759,#7760,#7761,#7762,#7763,#7764,#7765,#7766,#7767,#7768,#7769,#7770,
#7771,#7772,#7773,#7774,#7775,#7776,#7777,#7778,#7779,#7780,#7781,#7782,
#7783,#7784,#7785,#7786,#7787,#7788,#7789,#7790,#7791,#7792,#7793,#7794,
#7795,#7796,#7797,#7798,#7799,#7800,#7801,#7802,#7803,#7804,#7805,#7806,
#7807,#7808,#7809,#7810,#7811,#7812,#7813,#7814,#7815,#7816,#7817,#7818,
#7819,#7820,#7821,#7822,#7823,#7824,#7825,#7826,#7827,#7828,#7829,#7830,
#7831,#7832,#7833,#7834,#7835,#7836,#7837,#7838,#7839,#7840,#7841,#7842,
#7843,#7844,#7845));
#7847=DERIVED_UNIT_ELEMENT(#7849,1.);
#7848=DERIVED_UNIT_ELEMENT(#13188,-3.);
#7849=(
MASS_UNIT()
NAMED_UNIT(*)
SI_UNIT(.KILO.,.GRAM.)
);
#7850=DERIVED_UNIT((#7847,#7848));
#7851=MEASURE_REPRESENTATION_ITEM('density measure',
POSITIVE_RATIO_MEASURE(7850.),#7850);
#7852=PROPERTY_DEFINITION_REPRESENTATION(#7857,#7854);
#7853=PROPERTY_DEFINITION_REPRESENTATION(#7858,#7855);
#7854=REPRESENTATION('material name',(#7856),#13185);
#7855=REPRESENTATION('density',(#7851),#13185);
#7856=DESCRIPTIVE_REPRESENTATION_ITEM('Steel','Steel');
#7857=PROPERTY_DEFINITION('material property','material name',#13195);
#7858=PROPERTY_DEFINITION('material property','density of part',#13195);
#7859=AXIS2_PLACEMENT_3D('',#10894,#8613,#8614);
#7860=AXIS2_PLACEMENT_3D('',#10895,#8615,#8616);
#7861=AXIS2_PLACEMENT_3D('',#10904,#8621,#8622);
#7862=AXIS2_PLACEMENT_3D('',#10906,#8623,#8624);
#7863=AXIS2_PLACEMENT_3D('',#10909,#8626,#8627);
#7864=AXIS2_PLACEMENT_3D('',#10910,#8628,#8629);
#7865=AXIS2_PLACEMENT_3D('',#10916,#8633,#8634);
#7866=AXIS2_PLACEMENT_3D('',#10918,#8635,#8636);
#7867=AXIS2_PLACEMENT_3D('',#10921,#8638,#8639);
#7868=AXIS2_PLACEMENT_3D('',#10922,#8640,#8641);
#7869=AXIS2_PLACEMENT_3D('',#10928,#8645,#8646);
#7870=AXIS2_PLACEMENT_3D('',#10930,#8647,#8648);
#7871=AXIS2_PLACEMENT_3D('',#10933,#8650,#8651);
#7872=AXIS2_PLACEMENT_3D('',#10934,#8652,#8653);
#7873=AXIS2_PLACEMENT_3D('',#10940,#8657,#8658);
#7874=AXIS2_PLACEMENT_3D('',#10941,#8659,#8660);
#7875=AXIS2_PLACEMENT_3D('',#10942,#8661,#8662);
#7876=AXIS2_PLACEMENT_3D('',#10943,#8663,#8664);
#7877=AXIS2_PLACEMENT_3D('',#10952,#8669,#8670);
#7878=AXIS2_PLACEMENT_3D('',#10954,#8671,#8672);
#7879=AXIS2_PLACEMENT_3D('',#10957,#8674,#8675);
#7880=AXIS2_PLACEMENT_3D('',#10958,#8676,#8677);
#7881=AXIS2_PLACEMENT_3D('',#10964,#8681,#8682);
#7882=AXIS2_PLACEMENT_3D('',#10966,#8683,#8684);
#7883=AXIS2_PLACEMENT_3D('',#10969,#8686,#8687);
#7884=AXIS2_PLACEMENT_3D('',#10970,#8688,#8689);
#7885=AXIS2_PLACEMENT_3D('',#10976,#8693,#8694);
#7886=AXIS2_PLACEMENT_3D('',#10978,#8695,#8696);
#7887=AXIS2_PLACEMENT_3D('',#10981,#8698,#8699);
#7888=AXIS2_PLACEMENT_3D('',#10982,#8700,#8701);
#7889=AXIS2_PLACEMENT_3D('',#10988,#8705,#8706);
#7890=AXIS2_PLACEMENT_3D('',#10989,#8707,#8708);
#7891=AXIS2_PLACEMENT_3D('',#10990,#8709,#8710);
#7892=AXIS2_PLACEMENT_3D('',#10991,#8711,#8712);
#7893=AXIS2_PLACEMENT_3D('',#11000,#8717,#8718);
#7894=AXIS2_PLACEMENT_3D('',#11002,#8719,#8720);
#7895=AXIS2_PLACEMENT_3D('',#11005,#8722,#8723);
#7896=AXIS2_PLACEMENT_3D('',#11006,#8724,#8725);
#7897=AXIS2_PLACEMENT_3D('',#11012,#8729,#8730);
#7898=AXIS2_PLACEMENT_3D('',#11014,#8731,#8732);
#7899=AXIS2_PLACEMENT_3D('',#11017,#8734,#8735);
#7900=AXIS2_PLACEMENT_3D('',#11018,#8736,#8737);
#7901=AXIS2_PLACEMENT_3D('',#11024,#8741,#8742);
#7902=AXIS2_PLACEMENT_3D('',#11026,#8743,#8744);
#7903=AXIS2_PLACEMENT_3D('',#11029,#8746,#8747);
#7904=AXIS2_PLACEMENT_3D('',#11030,#8748,#8749);
#7905=AXIS2_PLACEMENT_3D('',#11036,#8753,#8754);
#7906=AXIS2_PLACEMENT_3D('',#11037,#8755,#8756);
#7907=AXIS2_PLACEMENT_3D('',#11038,#8757,#8758);
#7908=AXIS2_PLACEMENT_3D('',#11039,#8759,#8760);
#7909=AXIS2_PLACEMENT_3D('',#11048,#8765,#8766);
#7910=AXIS2_PLACEMENT_3D('',#11050,#8767,#8768);
#7911=AXIS2_PLACEMENT_3D('',#11053,#8770,#8771);
#7912=AXIS2_PLACEMENT_3D('',#11054,#8772,#8773);
#7913=AXIS2_PLACEMENT_3D('',#11060,#8777,#8778);
#7914=AXIS2_PLACEMENT_3D('',#11062,#8779,#8780);
#7915=AXIS2_PLACEMENT_3D('',#11065,#8782,#8783);
#7916=AXIS2_PLACEMENT_3D('',#11066,#8784,#8785);
#7917=AXIS2_PLACEMENT_3D('',#11072,#8789,#8790);
#7918=AXIS2_PLACEMENT_3D('',#11074,#8791,#8792);
#7919=AXIS2_PLACEMENT_3D('',#11077,#8794,#8795);
#7920=AXIS2_PLACEMENT_3D('',#11078,#8796,#8797);
#7921=AXIS2_PLACEMENT_3D('',#11084,#8801,#8802);
#7922=AXIS2_PLACEMENT_3D('',#11085,#8803,#8804);
#7923=AXIS2_PLACEMENT_3D('',#11086,#8805,#8806);
#7924=AXIS2_PLACEMENT_3D('',#11087,#8807,#8808);
#7925=AXIS2_PLACEMENT_3D('',#11089,#8809,#8810);
#7926=AXIS2_PLACEMENT_3D('',#11092,#8812,#8813);
#7927=AXIS2_PLACEMENT_3D('',#11093,#8814,#8815);
#7928=AXIS2_PLACEMENT_3D('',#11102,#8820,#8821);
#7929=AXIS2_PLACEMENT_3D('',#11104,#8822,#8823);
#7930=AXIS2_PLACEMENT_3D('',#11107,#8825,#8826);
#7931=AXIS2_PLACEMENT_3D('',#11108,#8827,#8828);
#7932=AXIS2_PLACEMENT_3D('',#11114,#8832,#8833);
#7933=AXIS2_PLACEMENT_3D('',#11116,#8834,#8835);
#7934=AXIS2_PLACEMENT_3D('',#11119,#8837,#8838);
#7935=AXIS2_PLACEMENT_3D('',#11120,#8839,#8840);
#7936=AXIS2_PLACEMENT_3D('',#11126,#8844,#8845);
#7937=AXIS2_PLACEMENT_3D('',#11128,#8846,#8847);
#7938=AXIS2_PLACEMENT_3D('',#11131,#8849,#8850);
#7939=AXIS2_PLACEMENT_3D('',#11132,#8851,#8852);
#7940=AXIS2_PLACEMENT_3D('',#11138,#8856,#8857);
#7941=AXIS2_PLACEMENT_3D('',#11139,#8858,#8859);
#7942=AXIS2_PLACEMENT_3D('',#11140,#8860,#8861);
#7943=AXIS2_PLACEMENT_3D('',#11141,#8862,#8863);
#7944=AXIS2_PLACEMENT_3D('',#11150,#8868,#8869);
#7945=AXIS2_PLACEMENT_3D('',#11152,#8870,#8871);
#7946=AXIS2_PLACEMENT_3D('',#11155,#8873,#8874);
#7947=AXIS2_PLACEMENT_3D('',#11156,#8875,#8876);
#7948=AXIS2_PLACEMENT_3D('',#11162,#8880,#8881);
#7949=AXIS2_PLACEMENT_3D('',#11164,#8882,#8883);
#7950=AXIS2_PLACEMENT_3D('',#11167,#8885,#8886);
#7951=AXIS2_PLACEMENT_3D('',#11168,#8887,#8888);
#7952=AXIS2_PLACEMENT_3D('',#11174,#8892,#8893);
#7953=AXIS2_PLACEMENT_3D('',#11176,#8894,#8895);
#7954=AXIS2_PLACEMENT_3D('',#11179,#8897,#8898);
#7955=AXIS2_PLACEMENT_3D('',#11180,#8899,#8900);
#7956=AXIS2_PLACEMENT_3D('',#11186,#8904,#8905);
#7957=AXIS2_PLACEMENT_3D('',#11187,#8906,#8907);
#7958=AXIS2_PLACEMENT_3D('',#11188,#8908,#8909);
#7959=AXIS2_PLACEMENT_3D('',#11189,#8910,#8911);
#7960=AXIS2_PLACEMENT_3D('',#11198,#8916,#8917);
#7961=AXIS2_PLACEMENT_3D('',#11200,#8918,#8919);
#7962=AXIS2_PLACEMENT_3D('',#11203,#8921,#8922);
#7963=AXIS2_PLACEMENT_3D('',#11204,#8923,#8924);
#7964=AXIS2_PLACEMENT_3D('',#11210,#8928,#8929);
#7965=AXIS2_PLACEMENT_3D('',#11212,#8930,#8931);
#7966=AXIS2_PLACEMENT_3D('',#11215,#8933,#8934);
#7967=AXIS2_PLACEMENT_3D('',#11216,#8935,#8936);
#7968=AXIS2_PLACEMENT_3D('',#11222,#8940,#8941);
#7969=AXIS2_PLACEMENT_3D('',#11224,#8942,#8943);
#7970=AXIS2_PLACEMENT_3D('',#11227,#8945,#8946);
#7971=AXIS2_PLACEMENT_3D('',#11228,#8947,#8948);
#7972=AXIS2_PLACEMENT_3D('',#11234,#8952,#8953);
#7973=AXIS2_PLACEMENT_3D('',#11235,#8954,#8955);
#7974=AXIS2_PLACEMENT_3D('',#11236,#8956,#8957);
#7975=AXIS2_PLACEMENT_3D('',#11237,#8958,#8959);
#7976=AXIS2_PLACEMENT_3D('',#11246,#8964,#8965);
#7977=AXIS2_PLACEMENT_3D('',#11248,#8966,#8967);
#7978=AXIS2_PLACEMENT_3D('',#11251,#8969,#8970);
#7979=AXIS2_PLACEMENT_3D('',#11252,#8971,#8972);
#7980=AXIS2_PLACEMENT_3D('',#11258,#8976,#8977);
#7981=AXIS2_PLACEMENT_3D('',#11260,#8978,#8979);
#7982=AXIS2_PLACEMENT_3D('',#11263,#8981,#8982);
#7983=AXIS2_PLACEMENT_3D('',#11264,#8983,#8984);
#7984=AXIS2_PLACEMENT_3D('',#11270,#8988,#8989);
#7985=AXIS2_PLACEMENT_3D('',#11272,#8990,#8991);
#7986=AXIS2_PLACEMENT_3D('',#11275,#8993,#8994);
#7987=AXIS2_PLACEMENT_3D('',#11276,#8995,#8996);
#7988=AXIS2_PLACEMENT_3D('',#11282,#9000,#9001);
#7989=AXIS2_PLACEMENT_3D('',#11283,#9002,#9003);
#7990=AXIS2_PLACEMENT_3D('',#11284,#9004,#9005);
#7991=AXIS2_PLACEMENT_3D('',#11285,#9006,#9007);
#7992=AXIS2_PLACEMENT_3D('',#11294,#9012,#9013);
#7993=AXIS2_PLACEMENT_3D('',#11296,#9014,#9015);
#7994=AXIS2_PLACEMENT_3D('',#11299,#9017,#9018);
#7995=AXIS2_PLACEMENT_3D('',#11300,#9019,#9020);
#7996=AXIS2_PLACEMENT_3D('',#11306,#9024,#9025);
#7997=AXIS2_PLACEMENT_3D('',#11308,#9026,#9027);
#7998=AXIS2_PLACEMENT_3D('',#11311,#9029,#9030);
#7999=AXIS2_PLACEMENT_3D('',#11312,#9031,#9032);
#8000=AXIS2_PLACEMENT_3D('',#11318,#9036,#9037);
#8001=AXIS2_PLACEMENT_3D('',#11320,#9038,#9039);
#8002=AXIS2_PLACEMENT_3D('',#11323,#9041,#9042);
#8003=AXIS2_PLACEMENT_3D('',#11324,#9043,#9044);
#8004=AXIS2_PLACEMENT_3D('',#11330,#9048,#9049);
#8005=AXIS2_PLACEMENT_3D('',#11331,#9050,#9051);
#8006=AXIS2_PLACEMENT_3D('',#11332,#9052,#9053);
#8007=AXIS2_PLACEMENT_3D('',#11333,#9054,#9055);
#8008=AXIS2_PLACEMENT_3D('',#11342,#9060,#9061);
#8009=AXIS2_PLACEMENT_3D('',#11344,#9062,#9063);
#8010=AXIS2_PLACEMENT_3D('',#11347,#9065,#9066);
#8011=AXIS2_PLACEMENT_3D('',#11348,#9067,#9068);
#8012=AXIS2_PLACEMENT_3D('',#11354,#9072,#9073);
#8013=AXIS2_PLACEMENT_3D('',#11356,#9074,#9075);
#8014=AXIS2_PLACEMENT_3D('',#11359,#9077,#9078);
#8015=AXIS2_PLACEMENT_3D('',#11360,#9079,#9080);
#8016=AXIS2_PLACEMENT_3D('',#11366,#9084,#9085);
#8017=AXIS2_PLACEMENT_3D('',#11368,#9086,#9087);
#8018=AXIS2_PLACEMENT_3D('',#11371,#9089,#9090);
#8019=AXIS2_PLACEMENT_3D('',#11372,#9091,#9092);
#8020=AXIS2_PLACEMENT_3D('',#11378,#9096,#9097);
#8021=AXIS2_PLACEMENT_3D('',#11379,#9098,#9099);
#8022=AXIS2_PLACEMENT_3D('',#11380,#9100,#9101);
#8023=AXIS2_PLACEMENT_3D('',#11381,#9102,#9103);
#8024=AXIS2_PLACEMENT_3D('',#11390,#9108,#9109);
#8025=AXIS2_PLACEMENT_3D('',#11392,#9110,#9111);
#8026=AXIS2_PLACEMENT_3D('',#11395,#9113,#9114);
#8027=AXIS2_PLACEMENT_3D('',#11396,#9115,#9116);
#8028=AXIS2_PLACEMENT_3D('',#11402,#9120,#9121);
#8029=AXIS2_PLACEMENT_3D('',#11404,#9122,#9123);
#8030=AXIS2_PLACEMENT_3D('',#11407,#9125,#9126);
#8031=AXIS2_PLACEMENT_3D('',#11408,#9127,#9128);
#8032=AXIS2_PLACEMENT_3D('',#11414,#9132,#9133);
#8033=AXIS2_PLACEMENT_3D('',#11416,#9134,#9135);
#8034=AXIS2_PLACEMENT_3D('',#11419,#9137,#9138);
#8035=AXIS2_PLACEMENT_3D('',#11420,#9139,#9140);
#8036=AXIS2_PLACEMENT_3D('',#11426,#9144,#9145);
#8037=AXIS2_PLACEMENT_3D('',#11427,#9146,#9147);
#8038=AXIS2_PLACEMENT_3D('',#11428,#9148,#9149);
#8039=AXIS2_PLACEMENT_3D('',#11429,#9150,#9151);
#8040=AXIS2_PLACEMENT_3D('',#11438,#9156,#9157);
#8041=AXIS2_PLACEMENT_3D('',#11440,#9158,#9159);
#8042=AXIS2_PLACEMENT_3D('',#11443,#9161,#9162);
#8043=AXIS2_PLACEMENT_3D('',#11444,#9163,#9164);
#8044=AXIS2_PLACEMENT_3D('',#11450,#9168,#9169);
#8045=AXIS2_PLACEMENT_3D('',#11452,#9170,#9171);
#8046=AXIS2_PLACEMENT_3D('',#11455,#9173,#9174);
#8047=AXIS2_PLACEMENT_3D('',#11456,#9175,#9176);
#8048=AXIS2_PLACEMENT_3D('',#11462,#9180,#9181);
#8049=AXIS2_PLACEMENT_3D('',#11464,#9182,#9183);
#8050=AXIS2_PLACEMENT_3D('',#11467,#9185,#9186);
#8051=AXIS2_PLACEMENT_3D('',#11468,#9187,#9188);
#8052=AXIS2_PLACEMENT_3D('',#11474,#9192,#9193);
#8053=AXIS2_PLACEMENT_3D('',#11475,#9194,#9195);
#8054=AXIS2_PLACEMENT_3D('',#11476,#9196,#9197);
#8055=AXIS2_PLACEMENT_3D('',#11477,#9198,#9199);
#8056=AXIS2_PLACEMENT_3D('',#11486,#9204,#9205);
#8057=AXIS2_PLACEMENT_3D('',#11488,#9206,#9207);
#8058=AXIS2_PLACEMENT_3D('',#11491,#9209,#9210);
#8059=AXIS2_PLACEMENT_3D('',#11492,#9211,#9212);
#8060=AXIS2_PLACEMENT_3D('',#11498,#9216,#9217);
#8061=AXIS2_PLACEMENT_3D('',#11500,#9218,#9219);
#8062=AXIS2_PLACEMENT_3D('',#11503,#9221,#9222);
#8063=AXIS2_PLACEMENT_3D('',#11504,#9223,#9224);
#8064=AXIS2_PLACEMENT_3D('',#11510,#9228,#9229);
#8065=AXIS2_PLACEMENT_3D('',#11512,#9230,#9231);
#8066=AXIS2_PLACEMENT_3D('',#11515,#9233,#9234);
#8067=AXIS2_PLACEMENT_3D('',#11516,#9235,#9236);
#8068=AXIS2_PLACEMENT_3D('',#11522,#9240,#9241);
#8069=AXIS2_PLACEMENT_3D('',#11523,#9242,#9243);
#8070=AXIS2_PLACEMENT_3D('',#11524,#9244,#9245);
#8071=AXIS2_PLACEMENT_3D('',#11525,#9246,#9247);
#8072=AXIS2_PLACEMENT_3D('',#11534,#9252,#9253);
#8073=AXIS2_PLACEMENT_3D('',#11536,#9254,#9255);
#8074=AXIS2_PLACEMENT_3D('',#11539,#9257,#9258);
#8075=AXIS2_PLACEMENT_3D('',#11540,#9259,#9260);
#8076=AXIS2_PLACEMENT_3D('',#11546,#9264,#9265);
#8077=AXIS2_PLACEMENT_3D('',#11548,#9266,#9267);
#8078=AXIS2_PLACEMENT_3D('',#11551,#9269,#9270);
#8079=AXIS2_PLACEMENT_3D('',#11552,#9271,#9272);
#8080=AXIS2_PLACEMENT_3D('',#11558,#9276,#9277);
#8081=AXIS2_PLACEMENT_3D('',#11560,#9278,#9279);
#8082=AXIS2_PLACEMENT_3D('',#11563,#9281,#9282);
#8083=AXIS2_PLACEMENT_3D('',#11564,#9283,#9284);
#8084=AXIS2_PLACEMENT_3D('',#11570,#9288,#9289);
#8085=AXIS2_PLACEMENT_3D('',#11571,#9290,#9291);
#8086=AXIS2_PLACEMENT_3D('',#11572,#9292,#9293);
#8087=AXIS2_PLACEMENT_3D('',#11573,#9294,#9295);
#8088=AXIS2_PLACEMENT_3D('',#11582,#9300,#9301);
#8089=AXIS2_PLACEMENT_3D('',#11584,#9302,#9303);
#8090=AXIS2_PLACEMENT_3D('',#11587,#9305,#9306);
#8091=AXIS2_PLACEMENT_3D('',#11588,#9307,#9308);
#8092=AXIS2_PLACEMENT_3D('',#11594,#9312,#9313);
#8093=AXIS2_PLACEMENT_3D('',#11596,#9314,#9315);
#8094=AXIS2_PLACEMENT_3D('',#11599,#9317,#9318);
#8095=AXIS2_PLACEMENT_3D('',#11600,#9319,#9320);
#8096=AXIS2_PLACEMENT_3D('',#11606,#9324,#9325);
#8097=AXIS2_PLACEMENT_3D('',#11608,#9326,#9327);
#8098=AXIS2_PLACEMENT_3D('',#11611,#9329,#9330);
#8099=AXIS2_PLACEMENT_3D('',#11612,#9331,#9332);
#8100=AXIS2_PLACEMENT_3D('',#11618,#9336,#9337);
#8101=AXIS2_PLACEMENT_3D('',#11619,#9338,#9339);
#8102=AXIS2_PLACEMENT_3D('',#11620,#9340,#9341);
#8103=AXIS2_PLACEMENT_3D('',#11621,#9342,#9343);
#8104=AXIS2_PLACEMENT_3D('',#11630,#9348,#9349);
#8105=AXIS2_PLACEMENT_3D('',#11632,#9350,#9351);
#8106=AXIS2_PLACEMENT_3D('',#11635,#9353,#9354);
#8107=AXIS2_PLACEMENT_3D('',#11636,#9355,#9356);
#8108=AXIS2_PLACEMENT_3D('',#11642,#9360,#9361);
#8109=AXIS2_PLACEMENT_3D('',#11644,#9362,#9363);
#8110=AXIS2_PLACEMENT_3D('',#11647,#9365,#9366);
#8111=AXIS2_PLACEMENT_3D('',#11648,#9367,#9368);
#8112=AXIS2_PLACEMENT_3D('',#11654,#9372,#9373);
#8113=AXIS2_PLACEMENT_3D('',#11656,#9374,#9375);
#8114=AXIS2_PLACEMENT_3D('',#11659,#9377,#9378);
#8115=AXIS2_PLACEMENT_3D('',#11660,#9379,#9380);
#8116=AXIS2_PLACEMENT_3D('',#11666,#9384,#9385);
#8117=AXIS2_PLACEMENT_3D('',#11667,#9386,#9387);
#8118=AXIS2_PLACEMENT_3D('',#11668,#9388,#9389);
#8119=AXIS2_PLACEMENT_3D('',#11669,#9390,#9391);
#8120=AXIS2_PLACEMENT_3D('',#11678,#9396,#9397);
#8121=AXIS2_PLACEMENT_3D('',#11680,#9398,#9399);
#8122=AXIS2_PLACEMENT_3D('',#11683,#9401,#9402);
#8123=AXIS2_PLACEMENT_3D('',#11684,#9403,#9404);
#8124=AXIS2_PLACEMENT_3D('',#11690,#9408,#9409);
#8125=AXIS2_PLACEMENT_3D('',#11692,#9410,#9411);
#8126=AXIS2_PLACEMENT_3D('',#11695,#9413,#9414);
#8127=AXIS2_PLACEMENT_3D('',#11696,#9415,#9416);
#8128=AXIS2_PLACEMENT_3D('',#11702,#9420,#9421);
#8129=AXIS2_PLACEMENT_3D('',#11704,#9422,#9423);
#8130=AXIS2_PLACEMENT_3D('',#11707,#9425,#9426);
#8131=AXIS2_PLACEMENT_3D('',#11708,#9427,#9428);
#8132=AXIS2_PLACEMENT_3D('',#11714,#9432,#9433);
#8133=AXIS2_PLACEMENT_3D('',#11715,#9434,#9435);
#8134=AXIS2_PLACEMENT_3D('',#11716,#9436,#9437);
#8135=AXIS2_PLACEMENT_3D('',#11717,#9438,#9439);
#8136=AXIS2_PLACEMENT_3D('',#11719,#9440,#9441);
#8137=AXIS2_PLACEMENT_3D('',#11722,#9443,#9444);
#8138=AXIS2_PLACEMENT_3D('',#11723,#9445,#9446);
#8139=AXIS2_PLACEMENT_3D('',#11732,#9451,#9452);
#8140=AXIS2_PLACEMENT_3D('',#11734,#9453,#9454);
#8141=AXIS2_PLACEMENT_3D('',#11737,#9456,#9457);
#8142=AXIS2_PLACEMENT_3D('',#11738,#9458,#9459);
#8143=AXIS2_PLACEMENT_3D('',#11744,#9463,#9464);
#8144=AXIS2_PLACEMENT_3D('',#11746,#9465,#9466);
#8145=AXIS2_PLACEMENT_3D('',#11749,#9468,#9469);
#8146=AXIS2_PLACEMENT_3D('',#11750,#9470,#9471);
#8147=AXIS2_PLACEMENT_3D('',#11756,#9475,#9476);
#8148=AXIS2_PLACEMENT_3D('',#11758,#9477,#9478);
#8149=AXIS2_PLACEMENT_3D('',#11761,#9480,#9481);
#8150=AXIS2_PLACEMENT_3D('',#11762,#9482,#9483);
#8151=AXIS2_PLACEMENT_3D('',#11768,#9487,#9488);
#8152=AXIS2_PLACEMENT_3D('',#11769,#9489,#9490);
#8153=AXIS2_PLACEMENT_3D('',#11770,#9491,#9492);
#8154=AXIS2_PLACEMENT_3D('',#11771,#9493,#9494);
#8155=AXIS2_PLACEMENT_3D('',#11780,#9499,#9500);
#8156=AXIS2_PLACEMENT_3D('',#11782,#9501,#9502);
#8157=AXIS2_PLACEMENT_3D('',#11785,#9504,#9505);
#8158=AXIS2_PLACEMENT_3D('',#11786,#9506,#9507);
#8159=AXIS2_PLACEMENT_3D('',#11792,#9511,#9512);
#8160=AXIS2_PLACEMENT_3D('',#11794,#9513,#9514);
#8161=AXIS2_PLACEMENT_3D('',#11797,#9516,#9517);
#8162=AXIS2_PLACEMENT_3D('',#11798,#9518,#9519);
#8163=AXIS2_PLACEMENT_3D('',#11804,#9523,#9524);
#8164=AXIS2_PLACEMENT_3D('',#11806,#9525,#9526);
#8165=AXIS2_PLACEMENT_3D('',#11809,#9528,#9529);
#8166=AXIS2_PLACEMENT_3D('',#11810,#9530,#9531);
#8167=AXIS2_PLACEMENT_3D('',#11816,#9535,#9536);
#8168=AXIS2_PLACEMENT_3D('',#11817,#9537,#9538);
#8169=AXIS2_PLACEMENT_3D('',#11818,#9539,#9540);
#8170=AXIS2_PLACEMENT_3D('',#11819,#9541,#9542);
#8171=AXIS2_PLACEMENT_3D('',#11828,#9547,#9548);
#8172=AXIS2_PLACEMENT_3D('',#11830,#9549,#9550);
#8173=AXIS2_PLACEMENT_3D('',#11833,#9552,#9553);
#8174=AXIS2_PLACEMENT_3D('',#11834,#9554,#9555);
#8175=AXIS2_PLACEMENT_3D('',#11840,#9559,#9560);
#8176=AXIS2_PLACEMENT_3D('',#11842,#9561,#9562);
#8177=AXIS2_PLACEMENT_3D('',#11845,#9564,#9565);
#8178=AXIS2_PLACEMENT_3D('',#11846,#9566,#9567);
#8179=AXIS2_PLACEMENT_3D('',#11852,#9571,#9572);
#8180=AXIS2_PLACEMENT_3D('',#11854,#9573,#9574);
#8181=AXIS2_PLACEMENT_3D('',#11857,#9576,#9577);
#8182=AXIS2_PLACEMENT_3D('',#11858,#9578,#9579);
#8183=AXIS2_PLACEMENT_3D('',#11864,#9583,#9584);
#8184=AXIS2_PLACEMENT_3D('',#11865,#9585,#9586);
#8185=AXIS2_PLACEMENT_3D('',#11866,#9587,#9588);
#8186=AXIS2_PLACEMENT_3D('',#11867,#9589,#9590);
#8187=AXIS2_PLACEMENT_3D('',#11876,#9595,#9596);
#8188=AXIS2_PLACEMENT_3D('',#11878,#9597,#9598);
#8189=AXIS2_PLACEMENT_3D('',#11881,#9600,#9601);
#8190=AXIS2_PLACEMENT_3D('',#11882,#9602,#9603);
#8191=AXIS2_PLACEMENT_3D('',#11888,#9607,#9608);
#8192=AXIS2_PLACEMENT_3D('',#11890,#9609,#9610);
#8193=AXIS2_PLACEMENT_3D('',#11893,#9612,#9613);
#8194=AXIS2_PLACEMENT_3D('',#11894,#9614,#9615);
#8195=AXIS2_PLACEMENT_3D('',#11900,#9619,#9620);
#8196=AXIS2_PLACEMENT_3D('',#11902,#9621,#9622);
#8197=AXIS2_PLACEMENT_3D('',#11905,#9624,#9625);
#8198=AXIS2_PLACEMENT_3D('',#11906,#9626,#9627);
#8199=AXIS2_PLACEMENT_3D('',#11912,#9631,#9632);
#8200=AXIS2_PLACEMENT_3D('',#11913,#9633,#9634);
#8201=AXIS2_PLACEMENT_3D('',#11914,#9635,#9636);
#8202=AXIS2_PLACEMENT_3D('',#11915,#9637,#9638);
#8203=AXIS2_PLACEMENT_3D('',#11924,#9643,#9644);
#8204=AXIS2_PLACEMENT_3D('',#11926,#9645,#9646);
#8205=AXIS2_PLACEMENT_3D('',#11929,#9648,#9649);
#8206=AXIS2_PLACEMENT_3D('',#11930,#9650,#9651);
#8207=AXIS2_PLACEMENT_3D('',#11936,#9655,#9656);
#8208=AXIS2_PLACEMENT_3D('',#11938,#9657,#9658);
#8209=AXIS2_PLACEMENT_3D('',#11941,#9660,#9661);
#8210=AXIS2_PLACEMENT_3D('',#11942,#9662,#9663);
#8211=AXIS2_PLACEMENT_3D('',#11948,#9667,#9668);
#8212=AXIS2_PLACEMENT_3D('',#11950,#9669,#9670);
#8213=AXIS2_PLACEMENT_3D('',#11953,#9672,#9673);
#8214=AXIS2_PLACEMENT_3D('',#11954,#9674,#9675);
#8215=AXIS2_PLACEMENT_3D('',#11960,#9679,#9680);
#8216=AXIS2_PLACEMENT_3D('',#11961,#9681,#9682);
#8217=AXIS2_PLACEMENT_3D('',#11962,#9683,#9684);
#8218=AXIS2_PLACEMENT_3D('',#11963,#9685,#9686);
#8219=AXIS2_PLACEMENT_3D('',#11972,#9691,#9692);
#8220=AXIS2_PLACEMENT_3D('',#11974,#9693,#9694);
#8221=AXIS2_PLACEMENT_3D('',#11977,#9696,#9697);
#8222=AXIS2_PLACEMENT_3D('',#11978,#9698,#9699);
#8223=AXIS2_PLACEMENT_3D('',#11984,#9703,#9704);
#8224=AXIS2_PLACEMENT_3D('',#11986,#9705,#9706);
#8225=AXIS2_PLACEMENT_3D('',#11989,#9708,#9709);
#8226=AXIS2_PLACEMENT_3D('',#11990,#9710,#9711);
#8227=AXIS2_PLACEMENT_3D('',#11996,#9715,#9716);
#8228=AXIS2_PLACEMENT_3D('',#11998,#9717,#9718);
#8229=AXIS2_PLACEMENT_3D('',#12001,#9720,#9721);
#8230=AXIS2_PLACEMENT_3D('',#12002,#9722,#9723);
#8231=AXIS2_PLACEMENT_3D('',#12008,#9727,#9728);
#8232=AXIS2_PLACEMENT_3D('',#12009,#9729,#9730);
#8233=AXIS2_PLACEMENT_3D('',#12010,#9731,#9732);
#8234=AXIS2_PLACEMENT_3D('',#12011,#9733,#9734);
#8235=AXIS2_PLACEMENT_3D('',#12020,#9739,#9740);
#8236=AXIS2_PLACEMENT_3D('',#12022,#9741,#9742);
#8237=AXIS2_PLACEMENT_3D('',#12025,#9744,#9745);
#8238=AXIS2_PLACEMENT_3D('',#12026,#9746,#9747);
#8239=AXIS2_PLACEMENT_3D('',#12032,#9751,#9752);
#8240=AXIS2_PLACEMENT_3D('',#12034,#9753,#9754);
#8241=AXIS2_PLACEMENT_3D('',#12037,#9756,#9757);
#8242=AXIS2_PLACEMENT_3D('',#12038,#9758,#9759);
#8243=AXIS2_PLACEMENT_3D('',#12044,#9763,#9764);
#8244=AXIS2_PLACEMENT_3D('',#12046,#9765,#9766);
#8245=AXIS2_PLACEMENT_3D('',#12049,#9768,#9769);
#8246=AXIS2_PLACEMENT_3D('',#12050,#9770,#9771);
#8247=AXIS2_PLACEMENT_3D('',#12056,#9775,#9776);
#8248=AXIS2_PLACEMENT_3D('',#12057,#9777,#9778);
#8249=AXIS2_PLACEMENT_3D('',#12058,#9779,#9780);
#8250=AXIS2_PLACEMENT_3D('',#12059,#9781,#9782);
#8251=AXIS2_PLACEMENT_3D('',#12068,#9787,#9788);
#8252=AXIS2_PLACEMENT_3D('',#12070,#9789,#9790);
#8253=AXIS2_PLACEMENT_3D('',#12073,#9792,#9793);
#8254=AXIS2_PLACEMENT_3D('',#12074,#9794,#9795);
#8255=AXIS2_PLACEMENT_3D('',#12080,#9799,#9800);
#8256=AXIS2_PLACEMENT_3D('',#12082,#9801,#9802);
#8257=AXIS2_PLACEMENT_3D('',#12085,#9804,#9805);
#8258=AXIS2_PLACEMENT_3D('',#12086,#9806,#9807);
#8259=AXIS2_PLACEMENT_3D('',#12092,#9811,#9812);
#8260=AXIS2_PLACEMENT_3D('',#12094,#9813,#9814);
#8261=AXIS2_PLACEMENT_3D('',#12097,#9816,#9817);
#8262=AXIS2_PLACEMENT_3D('',#12098,#9818,#9819);
#8263=AXIS2_PLACEMENT_3D('',#12104,#9823,#9824);
#8264=AXIS2_PLACEMENT_3D('',#12105,#9825,#9826);
#8265=AXIS2_PLACEMENT_3D('',#12106,#9827,#9828);
#8266=AXIS2_PLACEMENT_3D('',#12107,#9829,#9830);
#8267=AXIS2_PLACEMENT_3D('',#12116,#9835,#9836);
#8268=AXIS2_PLACEMENT_3D('',#12118,#9837,#9838);
#8269=AXIS2_PLACEMENT_3D('',#12121,#9840,#9841);
#8270=AXIS2_PLACEMENT_3D('',#12122,#9842,#9843);
#8271=AXIS2_PLACEMENT_3D('',#12128,#9847,#9848);
#8272=AXIS2_PLACEMENT_3D('',#12130,#9849,#9850);
#8273=AXIS2_PLACEMENT_3D('',#12133,#9852,#9853);
#8274=AXIS2_PLACEMENT_3D('',#12134,#9854,#9855);
#8275=AXIS2_PLACEMENT_3D('',#12140,#9859,#9860);
#8276=AXIS2_PLACEMENT_3D('',#12142,#9861,#9862);
#8277=AXIS2_PLACEMENT_3D('',#12145,#9864,#9865);
#8278=AXIS2_PLACEMENT_3D('',#12146,#9866,#9867);
#8279=AXIS2_PLACEMENT_3D('',#12152,#9871,#9872);
#8280=AXIS2_PLACEMENT_3D('',#12153,#9873,#9874);
#8281=AXIS2_PLACEMENT_3D('',#12154,#9875,#9876);
#8282=AXIS2_PLACEMENT_3D('',#12155,#9877,#9878);
#8283=AXIS2_PLACEMENT_3D('',#12164,#9883,#9884);
#8284=AXIS2_PLACEMENT_3D('',#12166,#9885,#9886);
#8285=AXIS2_PLACEMENT_3D('',#12169,#9888,#9889);
#8286=AXIS2_PLACEMENT_3D('',#12170,#9890,#9891);
#8287=AXIS2_PLACEMENT_3D('',#12176,#9895,#9896);
#8288=AXIS2_PLACEMENT_3D('',#12178,#9897,#9898);
#8289=AXIS2_PLACEMENT_3D('',#12181,#9900,#9901);
#8290=AXIS2_PLACEMENT_3D('',#12182,#9902,#9903);
#8291=AXIS2_PLACEMENT_3D('',#12188,#9907,#9908);
#8292=AXIS2_PLACEMENT_3D('',#12190,#9909,#9910);
#8293=AXIS2_PLACEMENT_3D('',#12193,#9912,#9913);
#8294=AXIS2_PLACEMENT_3D('',#12194,#9914,#9915);
#8295=AXIS2_PLACEMENT_3D('',#12200,#9919,#9920);
#8296=AXIS2_PLACEMENT_3D('',#12201,#9921,#9922);
#8297=AXIS2_PLACEMENT_3D('',#12202,#9923,#9924);
#8298=AXIS2_PLACEMENT_3D('',#12203,#9925,#9926);
#8299=AXIS2_PLACEMENT_3D('',#12205,#9927,#9928);
#8300=AXIS2_PLACEMENT_3D('',#12208,#9930,#9931);
#8301=AXIS2_PLACEMENT_3D('',#12209,#9932,#9933);
#8302=AXIS2_PLACEMENT_3D('',#12218,#9938,#9939);
#8303=AXIS2_PLACEMENT_3D('',#12220,#9940,#9941);
#8304=AXIS2_PLACEMENT_3D('',#12223,#9943,#9944);
#8305=AXIS2_PLACEMENT_3D('',#12224,#9945,#9946);
#8306=AXIS2_PLACEMENT_3D('',#12230,#9950,#9951);
#8307=AXIS2_PLACEMENT_3D('',#12232,#9952,#9953);
#8308=AXIS2_PLACEMENT_3D('',#12235,#9955,#9956);
#8309=AXIS2_PLACEMENT_3D('',#12236,#9957,#9958);
#8310=AXIS2_PLACEMENT_3D('',#12242,#9962,#9963);
#8311=AXIS2_PLACEMENT_3D('',#12244,#9964,#9965);
#8312=AXIS2_PLACEMENT_3D('',#12247,#9967,#9968);
#8313=AXIS2_PLACEMENT_3D('',#12248,#9969,#9970);
#8314=AXIS2_PLACEMENT_3D('',#12254,#9974,#9975);
#8315=AXIS2_PLACEMENT_3D('',#12255,#9976,#9977);
#8316=AXIS2_PLACEMENT_3D('',#12256,#9978,#9979);
#8317=AXIS2_PLACEMENT_3D('',#12257,#9980,#9981);
#8318=AXIS2_PLACEMENT_3D('',#12266,#9986,#9987);
#8319=AXIS2_PLACEMENT_3D('',#12268,#9988,#9989);
#8320=AXIS2_PLACEMENT_3D('',#12271,#9991,#9992);
#8321=AXIS2_PLACEMENT_3D('',#12272,#9993,#9994);
#8322=AXIS2_PLACEMENT_3D('',#12278,#9998,#9999);
#8323=AXIS2_PLACEMENT_3D('',#12280,#10000,#10001);
#8324=AXIS2_PLACEMENT_3D('',#12283,#10003,#10004);
#8325=AXIS2_PLACEMENT_3D('',#12284,#10005,#10006);
#8326=AXIS2_PLACEMENT_3D('',#12290,#10010,#10011);
#8327=AXIS2_PLACEMENT_3D('',#12292,#10012,#10013);
#8328=AXIS2_PLACEMENT_3D('',#12295,#10015,#10016);
#8329=AXIS2_PLACEMENT_3D('',#12296,#10017,#10018);
#8330=AXIS2_PLACEMENT_3D('',#12302,#10022,#10023);
#8331=AXIS2_PLACEMENT_3D('',#12303,#10024,#10025);
#8332=AXIS2_PLACEMENT_3D('',#12304,#10026,#10027);
#8333=AXIS2_PLACEMENT_3D('',#12305,#10028,#10029);
#8334=AXIS2_PLACEMENT_3D('',#12314,#10034,#10035);
#8335=AXIS2_PLACEMENT_3D('',#12316,#10036,#10037);
#8336=AXIS2_PLACEMENT_3D('',#12319,#10039,#10040);
#8337=AXIS2_PLACEMENT_3D('',#12320,#10041,#10042);
#8338=AXIS2_PLACEMENT_3D('',#12326,#10046,#10047);
#8339=AXIS2_PLACEMENT_3D('',#12328,#10048,#10049);
#8340=AXIS2_PLACEMENT_3D('',#12331,#10051,#10052);
#8341=AXIS2_PLACEMENT_3D('',#12332,#10053,#10054);
#8342=AXIS2_PLACEMENT_3D('',#12338,#10058,#10059);
#8343=AXIS2_PLACEMENT_3D('',#12340,#10060,#10061);
#8344=AXIS2_PLACEMENT_3D('',#12343,#10063,#10064);
#8345=AXIS2_PLACEMENT_3D('',#12344,#10065,#10066);
#8346=AXIS2_PLACEMENT_3D('',#12350,#10070,#10071);
#8347=AXIS2_PLACEMENT_3D('',#12351,#10072,#10073);
#8348=AXIS2_PLACEMENT_3D('',#12352,#10074,#10075);
#8349=AXIS2_PLACEMENT_3D('',#12353,#10076,#10077);
#8350=AXIS2_PLACEMENT_3D('',#12362,#10082,#10083);
#8351=AXIS2_PLACEMENT_3D('',#12364,#10084,#10085);
#8352=AXIS2_PLACEMENT_3D('',#12367,#10087,#10088);
#8353=AXIS2_PLACEMENT_3D('',#12368,#10089,#10090);
#8354=AXIS2_PLACEMENT_3D('',#12374,#10094,#10095);
#8355=AXIS2_PLACEMENT_3D('',#12376,#10096,#10097);
#8356=AXIS2_PLACEMENT_3D('',#12379,#10099,#10100);
#8357=AXIS2_PLACEMENT_3D('',#12380,#10101,#10102);
#8358=AXIS2_PLACEMENT_3D('',#12386,#10106,#10107);
#8359=AXIS2_PLACEMENT_3D('',#12388,#10108,#10109);
#8360=AXIS2_PLACEMENT_3D('',#12391,#10111,#10112);
#8361=AXIS2_PLACEMENT_3D('',#12392,#10113,#10114);
#8362=AXIS2_PLACEMENT_3D('',#12398,#10118,#10119);
#8363=AXIS2_PLACEMENT_3D('',#12399,#10120,#10121);
#8364=AXIS2_PLACEMENT_3D('',#12400,#10122,#10123);
#8365=AXIS2_PLACEMENT_3D('',#12401,#10124,#10125);
#8366=AXIS2_PLACEMENT_3D('',#12410,#10130,#10131);
#8367=AXIS2_PLACEMENT_3D('',#12412,#10132,#10133);
#8368=AXIS2_PLACEMENT_3D('',#12415,#10135,#10136);
#8369=AXIS2_PLACEMENT_3D('',#12416,#10137,#10138);
#8370=AXIS2_PLACEMENT_3D('',#12422,#10142,#10143);
#8371=AXIS2_PLACEMENT_3D('',#12424,#10144,#10145);
#8372=AXIS2_PLACEMENT_3D('',#12427,#10147,#10148);
#8373=AXIS2_PLACEMENT_3D('',#12428,#10149,#10150);
#8374=AXIS2_PLACEMENT_3D('',#12434,#10154,#10155);
#8375=AXIS2_PLACEMENT_3D('',#12436,#10156,#10157);
#8376=AXIS2_PLACEMENT_3D('',#12439,#10159,#10160);
#8377=AXIS2_PLACEMENT_3D('',#12440,#10161,#10162);
#8378=AXIS2_PLACEMENT_3D('',#12446,#10166,#10167);
#8379=AXIS2_PLACEMENT_3D('',#12447,#10168,#10169);
#8380=AXIS2_PLACEMENT_3D('',#12448,#10170,#10171);
#8381=AXIS2_PLACEMENT_3D('',#12449,#10172,#10173);
#8382=AXIS2_PLACEMENT_3D('',#12458,#10178,#10179);
#8383=AXIS2_PLACEMENT_3D('',#12460,#10180,#10181);
#8384=AXIS2_PLACEMENT_3D('',#12463,#10183,#10184);
#8385=AXIS2_PLACEMENT_3D('',#12464,#10185,#10186);
#8386=AXIS2_PLACEMENT_3D('',#12470,#10190,#10191);
#8387=AXIS2_PLACEMENT_3D('',#12472,#10192,#10193);
#8388=AXIS2_PLACEMENT_3D('',#12475,#10195,#10196);
#8389=AXIS2_PLACEMENT_3D('',#12476,#10197,#10198);
#8390=AXIS2_PLACEMENT_3D('',#12482,#10202,#10203);
#8391=AXIS2_PLACEMENT_3D('',#12484,#10204,#10205);
#8392=AXIS2_PLACEMENT_3D('',#12487,#10207,#10208);
#8393=AXIS2_PLACEMENT_3D('',#12488,#10209,#10210);
#8394=AXIS2_PLACEMENT_3D('',#12494,#10214,#10215);
#8395=AXIS2_PLACEMENT_3D('',#12495,#10216,#10217);
#8396=AXIS2_PLACEMENT_3D('',#12496,#10218,#10219);
#8397=AXIS2_PLACEMENT_3D('',#12497,#10220,#10221);
#8398=AXIS2_PLACEMENT_3D('',#12506,#10226,#10227);
#8399=AXIS2_PLACEMENT_3D('',#12508,#10228,#10229);
#8400=AXIS2_PLACEMENT_3D('',#12511,#10231,#10232);
#8401=AXIS2_PLACEMENT_3D('',#12512,#10233,#10234);
#8402=AXIS2_PLACEMENT_3D('',#12518,#10238,#10239);
#8403=AXIS2_PLACEMENT_3D('',#12520,#10240,#10241);
#8404=AXIS2_PLACEMENT_3D('',#12523,#10243,#10244);
#8405=AXIS2_PLACEMENT_3D('',#12524,#10245,#10246);
#8406=AXIS2_PLACEMENT_3D('',#12530,#10250,#10251);
#8407=AXIS2_PLACEMENT_3D('',#12532,#10252,#10253);
#8408=AXIS2_PLACEMENT_3D('',#12535,#10255,#10256);
#8409=AXIS2_PLACEMENT_3D('',#12536,#10257,#10258);
#8410=AXIS2_PLACEMENT_3D('',#12542,#10262,#10263);
#8411=AXIS2_PLACEMENT_3D('',#12543,#10264,#10265);
#8412=AXIS2_PLACEMENT_3D('',#12544,#10266,#10267);
#8413=AXIS2_PLACEMENT_3D('',#12545,#10268,#10269);
#8414=AXIS2_PLACEMENT_3D('',#12554,#10274,#10275);
#8415=AXIS2_PLACEMENT_3D('',#12556,#10276,#10277);
#8416=AXIS2_PLACEMENT_3D('',#12559,#10279,#10280);
#8417=AXIS2_PLACEMENT_3D('',#12560,#10281,#10282);
#8418=AXIS2_PLACEMENT_3D('',#12566,#10286,#10287);
#8419=AXIS2_PLACEMENT_3D('',#12568,#10288,#10289);
#8420=AXIS2_PLACEMENT_3D('',#12571,#10291,#10292);
#8421=AXIS2_PLACEMENT_3D('',#12572,#10293,#10294);
#8422=AXIS2_PLACEMENT_3D('',#12578,#10298,#10299);
#8423=AXIS2_PLACEMENT_3D('',#12580,#10300,#10301);
#8424=AXIS2_PLACEMENT_3D('',#12583,#10303,#10304);
#8425=AXIS2_PLACEMENT_3D('',#12584,#10305,#10306);
#8426=AXIS2_PLACEMENT_3D('',#12590,#10310,#10311);
#8427=AXIS2_PLACEMENT_3D('',#12591,#10312,#10313);
#8428=AXIS2_PLACEMENT_3D('',#12592,#10314,#10315);
#8429=AXIS2_PLACEMENT_3D('',#12593,#10316,#10317);
#8430=AXIS2_PLACEMENT_3D('',#12602,#10322,#10323);
#8431=AXIS2_PLACEMENT_3D('',#12604,#10324,#10325);
#8432=AXIS2_PLACEMENT_3D('',#12607,#10327,#10328);
#8433=AXIS2_PLACEMENT_3D('',#12608,#10329,#10330);
#8434=AXIS2_PLACEMENT_3D('',#12614,#10334,#10335);
#8435=AXIS2_PLACEMENT_3D('',#12616,#10336,#10337);
#8436=AXIS2_PLACEMENT_3D('',#12619,#10339,#10340);
#8437=AXIS2_PLACEMENT_3D('',#12620,#10341,#10342);
#8438=AXIS2_PLACEMENT_3D('',#12626,#10346,#10347);
#8439=AXIS2_PLACEMENT_3D('',#12628,#10348,#10349);
#8440=AXIS2_PLACEMENT_3D('',#12631,#10351,#10352);
#8441=AXIS2_PLACEMENT_3D('',#12632,#10353,#10354);
#8442=AXIS2_PLACEMENT_3D('',#12638,#10358,#10359);
#8443=AXIS2_PLACEMENT_3D('',#12639,#10360,#10361);
#8444=AXIS2_PLACEMENT_3D('',#12640,#10362,#10363);
#8445=AXIS2_PLACEMENT_3D('',#12641,#10364,#10365);
#8446=AXIS2_PLACEMENT_3D('',#12650,#10370,#10371);
#8447=AXIS2_PLACEMENT_3D('',#12652,#10372,#10373);
#8448=AXIS2_PLACEMENT_3D('',#12655,#10375,#10376);
#8449=AXIS2_PLACEMENT_3D('',#12656,#10377,#10378);
#8450=AXIS2_PLACEMENT_3D('',#12662,#10382,#10383);
#8451=AXIS2_PLACEMENT_3D('',#12664,#10384,#10385);
#8452=AXIS2_PLACEMENT_3D('',#12667,#10387,#10388);
#8453=AXIS2_PLACEMENT_3D('',#12668,#10389,#10390);
#8454=AXIS2_PLACEMENT_3D('',#12674,#10394,#10395);
#8455=AXIS2_PLACEMENT_3D('',#12676,#10396,#10397);
#8456=AXIS2_PLACEMENT_3D('',#12679,#10399,#10400);
#8457=AXIS2_PLACEMENT_3D('',#12680,#10401,#10402);
#8458=AXIS2_PLACEMENT_3D('',#12686,#10406,#10407);
#8459=AXIS2_PLACEMENT_3D('',#12687,#10408,#10409);
#8460=AXIS2_PLACEMENT_3D('',#12688,#10410,#10411);
#8461=AXIS2_PLACEMENT_3D('',#12689,#10412,#10413);
#8462=AXIS2_PLACEMENT_3D('',#12698,#10418,#10419);
#8463=AXIS2_PLACEMENT_3D('',#12700,#10420,#10421);
#8464=AXIS2_PLACEMENT_3D('',#12703,#10423,#10424);
#8465=AXIS2_PLACEMENT_3D('',#12704,#10425,#10426);
#8466=AXIS2_PLACEMENT_3D('',#12710,#10430,#10431);
#8467=AXIS2_PLACEMENT_3D('',#12712,#10432,#10433);
#8468=AXIS2_PLACEMENT_3D('',#12715,#10435,#10436);
#8469=AXIS2_PLACEMENT_3D('',#12716,#10437,#10438);
#8470=AXIS2_PLACEMENT_3D('',#12722,#10442,#10443);
#8471=AXIS2_PLACEMENT_3D('',#12724,#10444,#10445);
#8472=AXIS2_PLACEMENT_3D('',#12727,#10447,#10448);
#8473=AXIS2_PLACEMENT_3D('',#12728,#10449,#10450);
#8474=AXIS2_PLACEMENT_3D('',#12734,#10454,#10455);
#8475=AXIS2_PLACEMENT_3D('',#12735,#10456,#10457);
#8476=AXIS2_PLACEMENT_3D('',#12736,#10458,#10459);
#8477=AXIS2_PLACEMENT_3D('',#12737,#10460,#10461);
#8478=AXIS2_PLACEMENT_3D('',#12746,#10466,#10467);
#8479=AXIS2_PLACEMENT_3D('',#12748,#10468,#10469);
#8480=AXIS2_PLACEMENT_3D('',#12751,#10471,#10472);
#8481=AXIS2_PLACEMENT_3D('',#12752,#10473,#10474);
#8482=AXIS2_PLACEMENT_3D('',#12758,#10478,#10479);
#8483=AXIS2_PLACEMENT_3D('',#12760,#10480,#10481);
#8484=AXIS2_PLACEMENT_3D('',#12763,#10483,#10484);
#8485=AXIS2_PLACEMENT_3D('',#12764,#10485,#10486);
#8486=AXIS2_PLACEMENT_3D('',#12770,#10490,#10491);
#8487=AXIS2_PLACEMENT_3D('',#12772,#10492,#10493);
#8488=AXIS2_PLACEMENT_3D('',#12775,#10495,#10496);
#8489=AXIS2_PLACEMENT_3D('',#12776,#10497,#10498);
#8490=AXIS2_PLACEMENT_3D('',#12782,#10502,#10503);
#8491=AXIS2_PLACEMENT_3D('',#12783,#10504,#10505);
#8492=AXIS2_PLACEMENT_3D('',#12784,#10506,#10507);
#8493=AXIS2_PLACEMENT_3D('',#12785,#10508,#10509);
#8494=AXIS2_PLACEMENT_3D('',#12794,#10514,#10515);
#8495=AXIS2_PLACEMENT_3D('',#12796,#10516,#10517);
#8496=AXIS2_PLACEMENT_3D('',#12799,#10519,#10520);
#8497=AXIS2_PLACEMENT_3D('',#12800,#10521,#10522);
#8498=AXIS2_PLACEMENT_3D('',#12806,#10526,#10527);
#8499=AXIS2_PLACEMENT_3D('',#12808,#10528,#10529);
#8500=AXIS2_PLACEMENT_3D('',#12811,#10531,#10532);
#8501=AXIS2_PLACEMENT_3D('',#12812,#10533,#10534);
#8502=AXIS2_PLACEMENT_3D('',#12818,#10538,#10539);
#8503=AXIS2_PLACEMENT_3D('',#12820,#10540,#10541);
#8504=AXIS2_PLACEMENT_3D('',#12823,#10543,#10544);
#8505=AXIS2_PLACEMENT_3D('',#12824,#10545,#10546);
#8506=AXIS2_PLACEMENT_3D('',#12830,#10550,#10551);
#8507=AXIS2_PLACEMENT_3D('',#12831,#10552,#10553);
#8508=AXIS2_PLACEMENT_3D('',#12832,#10554,#10555);
#8509=AXIS2_PLACEMENT_3D('',#12833,#10556,#10557);
#8510=AXIS2_PLACEMENT_3D('',#12842,#10562,#10563);
#8511=AXIS2_PLACEMENT_3D('',#12844,#10564,#10565);
#8512=AXIS2_PLACEMENT_3D('',#12847,#10567,#10568);
#8513=AXIS2_PLACEMENT_3D('',#12848,#10569,#10570);
#8514=AXIS2_PLACEMENT_3D('',#12854,#10574,#10575);
#8515=AXIS2_PLACEMENT_3D('',#12856,#10576,#10577);
#8516=AXIS2_PLACEMENT_3D('',#12859,#10579,#10580);
#8517=AXIS2_PLACEMENT_3D('',#12860,#10581,#10582);
#8518=AXIS2_PLACEMENT_3D('',#12866,#10586,#10587);
#8519=AXIS2_PLACEMENT_3D('',#12868,#10588,#10589);
#8520=AXIS2_PLACEMENT_3D('',#12871,#10591,#10592);
#8521=AXIS2_PLACEMENT_3D('',#12872,#10593,#10594);
#8522=AXIS2_PLACEMENT_3D('',#12878,#10598,#10599);
#8523=AXIS2_PLACEMENT_3D('',#12879,#10600,#10601);
#8524=AXIS2_PLACEMENT_3D('',#12880,#10602,#10603);
#8525=AXIS2_PLACEMENT_3D('',#12881,#10604,#10605);
#8526=AXIS2_PLACEMENT_3D('',#12890,#10610,#10611);
#8527=AXIS2_PLACEMENT_3D('',#12892,#10612,#10613);
#8528=AXIS2_PLACEMENT_3D('',#12895,#10615,#10616);
#8529=AXIS2_PLACEMENT_3D('',#12896,#10617,#10618);
#8530=AXIS2_PLACEMENT_3D('',#12902,#10622,#10623);
#8531=AXIS2_PLACEMENT_3D('',#12904,#10624,#10625);
#8532=AXIS2_PLACEMENT_3D('',#12907,#10627,#10628);
#8533=AXIS2_PLACEMENT_3D('',#12908,#10629,#10630);
#8534=AXIS2_PLACEMENT_3D('',#12914,#10634,#10635);
#8535=AXIS2_PLACEMENT_3D('',#12916,#10636,#10637);
#8536=AXIS2_PLACEMENT_3D('',#12919,#10639,#10640);
#8537=AXIS2_PLACEMENT_3D('',#12920,#10641,#10642);
#8538=AXIS2_PLACEMENT_3D('',#12926,#10646,#10647);
#8539=AXIS2_PLACEMENT_3D('',#12927,#10648,#10649);
#8540=AXIS2_PLACEMENT_3D('',#12928,#10650,#10651);
#8541=AXIS2_PLACEMENT_3D('',#12929,#10652,#10653);
#8542=AXIS2_PLACEMENT_3D('',#12938,#10658,#10659);
#8543=AXIS2_PLACEMENT_3D('',#12940,#10660,#10661);
#8544=AXIS2_PLACEMENT_3D('',#12943,#10663,#10664);
#8545=AXIS2_PLACEMENT_3D('',#12944,#10665,#10666);
#8546=AXIS2_PLACEMENT_3D('',#12950,#10670,#10671);
#8547=AXIS2_PLACEMENT_3D('',#12952,#10672,#10673);
#8548=AXIS2_PLACEMENT_3D('',#12955,#10675,#10676);
#8549=AXIS2_PLACEMENT_3D('',#12956,#10677,#10678);
#8550=AXIS2_PLACEMENT_3D('',#12962,#10682,#10683);
#8551=AXIS2_PLACEMENT_3D('',#12964,#10684,#10685);
#8552=AXIS2_PLACEMENT_3D('',#12967,#10687,#10688);
#8553=AXIS2_PLACEMENT_3D('',#12968,#10689,#10690);
#8554=AXIS2_PLACEMENT_3D('',#12974,#10694,#10695);
#8555=AXIS2_PLACEMENT_3D('',#12975,#10696,#10697);
#8556=AXIS2_PLACEMENT_3D('',#12976,#10698,#10699);
#8557=AXIS2_PLACEMENT_3D('',#12977,#10700,#10701);
#8558=AXIS2_PLACEMENT_3D('',#12986,#10706,#10707);
#8559=AXIS2_PLACEMENT_3D('',#12988,#10708,#10709);
#8560=AXIS2_PLACEMENT_3D('',#12991,#10711,#10712);
#8561=AXIS2_PLACEMENT_3D('',#12992,#10713,#10714);
#8562=AXIS2_PLACEMENT_3D('',#12998,#10718,#10719);
#8563=AXIS2_PLACEMENT_3D('',#13000,#10720,#10721);
#8564=AXIS2_PLACEMENT_3D('',#13003,#10723,#10724);
#8565=AXIS2_PLACEMENT_3D('',#13004,#10725,#10726);
#8566=AXIS2_PLACEMENT_3D('',#13010,#10730,#10731);
#8567=AXIS2_PLACEMENT_3D('',#13012,#10732,#10733);
#8568=AXIS2_PLACEMENT_3D('',#13015,#10735,#10736);
#8569=AXIS2_PLACEMENT_3D('',#13016,#10737,#10738);
#8570=AXIS2_PLACEMENT_3D('',#13022,#10742,#10743);
#8571=AXIS2_PLACEMENT_3D('',#13023,#10744,#10745);
#8572=AXIS2_PLACEMENT_3D('',#13024,#10746,#10747);
#8573=AXIS2_PLACEMENT_3D('',#13025,#10748,#10749);
#8574=AXIS2_PLACEMENT_3D('',#13034,#10754,#10755);
#8575=AXIS2_PLACEMENT_3D('',#13036,#10756,#10757);
#8576=AXIS2_PLACEMENT_3D('',#13039,#10759,#10760);
#8577=AXIS2_PLACEMENT_3D('',#13040,#10761,#10762);
#8578=AXIS2_PLACEMENT_3D('',#13046,#10766,#10767);
#8579=AXIS2_PLACEMENT_3D('',#13048,#10768,#10769);
#8580=AXIS2_PLACEMENT_3D('',#13051,#10771,#10772);
#8581=AXIS2_PLACEMENT_3D('',#13052,#10773,#10774);
#8582=AXIS2_PLACEMENT_3D('',#13058,#10778,#10779);
#8583=AXIS2_PLACEMENT_3D('',#13060,#10780,#10781);
#8584=AXIS2_PLACEMENT_3D('',#13063,#10783,#10784);
#8585=AXIS2_PLACEMENT_3D('',#13064,#10785,#10786);
#8586=AXIS2_PLACEMENT_3D('',#13070,#10790,#10791);
#8587=AXIS2_PLACEMENT_3D('',#13071,#10792,#10793);
#8588=AXIS2_PLACEMENT_3D('',#13072,#10794,#10795);
#8589=AXIS2_PLACEMENT_3D('',#13073,#10796,#10797);
#8590=AXIS2_PLACEMENT_3D('',#13076,#10798,#10799);
#8591=AXIS2_PLACEMENT_3D('',#13080,#10801,#10802);
#8592=AXIS2_PLACEMENT_3D('',#13082,#10804,#10805);
#8593=AXIS2_PLACEMENT_3D('',#13088,#10809,#10810);
#8594=AXIS2_PLACEMENT_3D('',#13090,#10811,#10812);
#8595=AXIS2_PLACEMENT_3D('',#13093,#10814,#10815);
#8596=AXIS2_PLACEMENT_3D('',#13094,#10816,#10817);
#8597=AXIS2_PLACEMENT_3D('',#13100,#10821,#10822);
#8598=AXIS2_PLACEMENT_3D('',#13128,#10837,#10838);
#8599=AXIS2_PLACEMENT_3D('',#13132,#10841,#10842);
#8600=AXIS2_PLACEMENT_3D('',#13158,#10856,#10857);
#8601=AXIS2_PLACEMENT_3D('',#13161,#10860,#10861);
#8602=AXIS2_PLACEMENT_3D('',#13163,#10863,#10864);
#8603=AXIS2_PLACEMENT_3D('',#13165,#10866,#10867);
#8604=AXIS2_PLACEMENT_3D('',#13167,#10869,#10870);
#8605=AXIS2_PLACEMENT_3D('',#13169,#10872,#10873);
#8606=AXIS2_PLACEMENT_3D('',#13171,#10875,#10876);
#8607=AXIS2_PLACEMENT_3D('',#13173,#10878,#10879);
#8608=AXIS2_PLACEMENT_3D('',#13175,#10881,#10882);
#8609=AXIS2_PLACEMENT_3D('',#13177,#10884,#10885);
#8610=AXIS2_PLACEMENT_3D('',#13179,#10887,#10888);
#8611=AXIS2_PLACEMENT_3D('',#13181,#10890,#10891);
#8612=AXIS2_PLACEMENT_3D('',#13182,#10892,#10893);
#8613=DIRECTION('axis',(0.,0.,1.));
#8614=DIRECTION('refdir',(1.,0.,0.));
#8615=DIRECTION('center_axis',(1.,0.,0.));
#8616=DIRECTION('ref_axis',(0.,1.,0.));
#8617=DIRECTION('',(0.,-1.,0.));
#8618=DIRECTION('',(0.,0.,1.));
#8619=DIRECTION('',(0.,1.,0.));
#8620=DIRECTION('',(0.,0.,1.));
#8621=DIRECTION('center_axis',(0.,0.,1.));
#8622=DIRECTION('ref_axis',(0.,1.,0.));
#8623=DIRECTION('center_axis',(0.,0.,1.));
#8624=DIRECTION('ref_axis',(0.,1.,0.));
#8625=DIRECTION('',(0.,0.,1.));
#8626=DIRECTION('center_axis',(0.,0.,-1.));
#8627=DIRECTION('ref_axis',(0.,1.,0.));
#8628=DIRECTION('center_axis',(0.,-1.,0.));
#8629=DIRECTION('ref_axis',(1.,0.,0.));
#8630=DIRECTION('',(-1.,0.,0.));
#8631=DIRECTION('',(0.,0.,1.));
#8632=DIRECTION('',(1.,0.,0.));
#8633=DIRECTION('center_axis',(0.,0.,1.));
#8634=DIRECTION('ref_axis',(1.,0.,0.));
#8635=DIRECTION('center_axis',(0.,0.,1.));
#8636=DIRECTION('ref_axis',(1.,0.,0.));
#8637=DIRECTION('',(0.,0.,1.));
#8638=DIRECTION('center_axis',(0.,0.,-1.));
#8639=DIRECTION('ref_axis',(1.,0.,0.));
#8640=DIRECTION('center_axis',(-1.,0.,0.));
#8641=DIRECTION('ref_axis',(0.,-1.,0.));
#8642=DIRECTION('',(0.,1.,0.));
#8643=DIRECTION('',(0.,0.,1.));
#8644=DIRECTION('',(0.,-1.,0.));
#8645=DIRECTION('center_axis',(0.,0.,1.));
#8646=DIRECTION('ref_axis',(0.,-1.,0.));
#8647=DIRECTION('center_axis',(0.,0.,1.));
#8648=DIRECTION('ref_axis',(0.,-1.,0.));
#8649=DIRECTION('',(0.,0.,1.));
#8650=DIRECTION('center_axis',(0.,0.,-1.));
#8651=DIRECTION('ref_axis',(0.,-1.,0.));
#8652=DIRECTION('center_axis',(0.,1.,0.));
#8653=DIRECTION('ref_axis',(-1.,0.,0.));
#8654=DIRECTION('',(1.,0.,0.));
#8655=DIRECTION('',(0.,0.,1.));
#8656=DIRECTION('',(-1.,0.,0.));
#8657=DIRECTION('center_axis',(0.,0.,1.));
#8658=DIRECTION('ref_axis',(-1.,0.,0.));
#8659=DIRECTION('center_axis',(0.,0.,1.));
#8660=DIRECTION('ref_axis',(-1.,0.,0.));
#8661=DIRECTION('center_axis',(0.,0.,-1.));
#8662=DIRECTION('ref_axis',(-1.,0.,0.));
#8663=DIRECTION('center_axis',(1.,0.,0.));
#8664=DIRECTION('ref_axis',(0.,1.,0.));
#8665=DIRECTION('',(0.,-1.,0.));
#8666=DIRECTION('',(0.,0.,1.));
#8667=DIRECTION('',(0.,1.,0.));
#8668=DIRECTION('',(0.,0.,1.));
#8669=DIRECTION('center_axis',(0.,0.,1.));
#8670=DIRECTION('ref_axis',(0.,1.,0.));
#8671=DIRECTION('center_axis',(0.,0.,1.));
#8672=DIRECTION('ref_axis',(0.,1.,0.));
#8673=DIRECTION('',(0.,0.,1.));
#8674=DIRECTION('center_axis',(0.,0.,-1.));
#8675=DIRECTION('ref_axis',(0.,1.,0.));
#8676=DIRECTION('center_axis',(0.,-1.,0.));
#8677=DIRECTION('ref_axis',(1.,0.,0.));
#8678=DIRECTION('',(-1.,0.,0.));
#8679=DIRECTION('',(0.,0.,1.));
#8680=DIRECTION('',(1.,0.,0.));
#8681=DIRECTION('center_axis',(0.,0.,1.));
#8682=DIRECTION('ref_axis',(1.,0.,0.));
#8683=DIRECTION('center_axis',(0.,0.,1.));
#8684=DIRECTION('ref_axis',(1.,0.,0.));
#8685=DIRECTION('',(0.,0.,1.));
#8686=DIRECTION('center_axis',(0.,0.,-1.));
#8687=DIRECTION('ref_axis',(1.,0.,0.));
#8688=DIRECTION('center_axis',(-1.,0.,0.));
#8689=DIRECTION('ref_axis',(0.,-1.,0.));
#8690=DIRECTION('',(0.,1.,0.));
#8691=DIRECTION('',(0.,0.,1.));
#8692=DIRECTION('',(0.,-1.,0.));
#8693=DIRECTION('center_axis',(0.,0.,1.));
#8694=DIRECTION('ref_axis',(0.,-1.,0.));
#8695=DIRECTION('center_axis',(0.,0.,1.));
#8696=DIRECTION('ref_axis',(0.,-1.,0.));
#8697=DIRECTION('',(0.,0.,1.));
#8698=DIRECTION('center_axis',(0.,0.,-1.));
#8699=DIRECTION('ref_axis',(0.,-1.,0.));
#8700=DIRECTION('center_axis',(0.,1.,0.));
#8701=DIRECTION('ref_axis',(-1.,0.,0.));
#8702=DIRECTION('',(1.,0.,0.));
#8703=DIRECTION('',(0.,0.,1.));
#8704=DIRECTION('',(-1.,0.,0.));
#8705=DIRECTION('center_axis',(0.,0.,1.));
#8706=DIRECTION('ref_axis',(-1.,0.,0.));
#8707=DIRECTION('center_axis',(0.,0.,1.));
#8708=DIRECTION('ref_axis',(-1.,0.,0.));
#8709=DIRECTION('center_axis',(0.,0.,-1.));
#8710=DIRECTION('ref_axis',(-1.,0.,0.));
#8711=DIRECTION('center_axis',(1.,0.,0.));
#8712=DIRECTION('ref_axis',(0.,1.,0.));
#8713=DIRECTION('',(0.,-1.,0.));
#8714=DIRECTION('',(0.,0.,1.));
#8715=DIRECTION('',(0.,1.,0.));
#8716=DIRECTION('',(0.,0.,1.));
#8717=DIRECTION('center_axis',(0.,0.,1.));
#8718=DIRECTION('ref_axis',(0.,1.,0.));
#8719=DIRECTION('center_axis',(0.,0.,1.));
#8720=DIRECTION('ref_axis',(0.,1.,0.));
#8721=DIRECTION('',(0.,0.,1.));
#8722=DIRECTION('center_axis',(0.,0.,-1.));
#8723=DIRECTION('ref_axis',(0.,1.,0.));
#8724=DIRECTION('center_axis',(0.,-1.,0.));
#8725=DIRECTION('ref_axis',(1.,0.,0.));
#8726=DIRECTION('',(-1.,0.,0.));
#8727=DIRECTION('',(0.,0.,1.));
#8728=DIRECTION('',(1.,0.,0.));
#8729=DIRECTION('center_axis',(0.,0.,1.));
#8730=DIRECTION('ref_axis',(1.,0.,0.));
#8731=DIRECTION('center_axis',(0.,0.,1.));
#8732=DIRECTION('ref_axis',(1.,0.,0.));
#8733=DIRECTION('',(0.,0.,1.));
#8734=DIRECTION('center_axis',(0.,0.,-1.));
#8735=DIRECTION('ref_axis',(1.,0.,0.));
#8736=DIRECTION('center_axis',(-1.,0.,0.));
#8737=DIRECTION('ref_axis',(0.,-1.,0.));
#8738=DIRECTION('',(0.,1.,0.));
#8739=DIRECTION('',(0.,0.,1.));
#8740=DIRECTION('',(0.,-1.,0.));
#8741=DIRECTION('center_axis',(0.,0.,1.));
#8742=DIRECTION('ref_axis',(0.,-1.,0.));
#8743=DIRECTION('center_axis',(0.,0.,1.));
#8744=DIRECTION('ref_axis',(0.,-1.,0.));
#8745=DIRECTION('',(0.,0.,1.));
#8746=DIRECTION('center_axis',(0.,0.,-1.));
#8747=DIRECTION('ref_axis',(0.,-1.,0.));
#8748=DIRECTION('center_axis',(0.,1.,0.));
#8749=DIRECTION('ref_axis',(-1.,0.,0.));
#8750=DIRECTION('',(1.,0.,0.));
#8751=DIRECTION('',(0.,0.,1.));
#8752=DIRECTION('',(-1.,0.,0.));
#8753=DIRECTION('center_axis',(0.,0.,1.));
#8754=DIRECTION('ref_axis',(-1.,-7.1054273576009E-14,0.));
#8755=DIRECTION('center_axis',(0.,0.,1.));
#8756=DIRECTION('ref_axis',(-1.,-7.1054273576009E-14,0.));
#8757=DIRECTION('center_axis',(0.,0.,-1.));
#8758=DIRECTION('ref_axis',(-1.,-7.1054273576009E-14,0.));
#8759=DIRECTION('center_axis',(1.,0.,0.));
#8760=DIRECTION('ref_axis',(0.,1.,0.));
#8761=DIRECTION('',(0.,-1.,0.));
#8762=DIRECTION('',(0.,0.,1.));
#8763=DIRECTION('',(0.,1.,0.));
#8764=DIRECTION('',(0.,0.,1.));
#8765=DIRECTION('center_axis',(0.,0.,1.));
#8766=DIRECTION('ref_axis',(0.,1.,0.));
#8767=DIRECTION('center_axis',(0.,0.,1.));
#8768=DIRECTION('ref_axis',(0.,1.,0.));
#8769=DIRECTION('',(0.,0.,1.));
#8770=DIRECTION('center_axis',(0.,0.,-1.));
#8771=DIRECTION('ref_axis',(0.,1.,0.));
#8772=DIRECTION('center_axis',(0.,-1.,0.));
#8773=DIRECTION('ref_axis',(1.,0.,0.));
#8774=DIRECTION('',(-1.,0.,0.));
#8775=DIRECTION('',(0.,0.,1.));
#8776=DIRECTION('',(1.,0.,0.));
#8777=DIRECTION('center_axis',(0.,0.,1.));
#8778=DIRECTION('ref_axis',(1.,0.,0.));
#8779=DIRECTION('center_axis',(0.,0.,1.));
#8780=DIRECTION('ref_axis',(1.,0.,0.));
#8781=DIRECTION('',(0.,0.,1.));
#8782=DIRECTION('center_axis',(0.,0.,-1.));
#8783=DIRECTION('ref_axis',(1.,0.,0.));
#8784=DIRECTION('center_axis',(-1.,0.,0.));
#8785=DIRECTION('ref_axis',(0.,-1.,0.));
#8786=DIRECTION('',(0.,1.,0.));
#8787=DIRECTION('',(0.,0.,1.));
#8788=DIRECTION('',(0.,-1.,0.));
#8789=DIRECTION('center_axis',(0.,0.,1.));
#8790=DIRECTION('ref_axis',(0.,-1.,0.));
#8791=DIRECTION('center_axis',(0.,0.,1.));
#8792=DIRECTION('ref_axis',(0.,-1.,0.));
#8793=DIRECTION('',(0.,0.,1.));
#8794=DIRECTION('center_axis',(0.,0.,-1.));
#8795=DIRECTION('ref_axis',(0.,-1.,0.));
#8796=DIRECTION('center_axis',(0.,1.,0.));
#8797=DIRECTION('ref_axis',(-1.,0.,0.));
#8798=DIRECTION('',(1.,0.,0.));
#8799=DIRECTION('',(0.,0.,1.));
#8800=DIRECTION('',(-1.,0.,0.));
#8801=DIRECTION('center_axis',(0.,0.,1.));
#8802=DIRECTION('ref_axis',(-1.,0.,0.));
#8803=DIRECTION('center_axis',(0.,0.,1.));
#8804=DIRECTION('ref_axis',(-1.,0.,0.));
#8805=DIRECTION('center_axis',(0.,0.,-1.));
#8806=DIRECTION('ref_axis',(-1.,0.,0.));
#8807=DIRECTION('center_axis',(0.,0.,1.));
#8808=DIRECTION('ref_axis',(1.,0.,0.));
#8809=DIRECTION('center_axis',(0.,0.,-1.));
#8810=DIRECTION('ref_axis',(1.,0.,0.));
#8811=DIRECTION('',(0.,0.,-1.));
#8812=DIRECTION('center_axis',(0.,0.,1.));
#8813=DIRECTION('ref_axis',(1.,0.,0.));
#8814=DIRECTION('center_axis',(1.,0.,0.));
#8815=DIRECTION('ref_axis',(0.,1.,0.));
#8816=DIRECTION('',(0.,-1.,0.));
#8817=DIRECTION('',(0.,0.,1.));
#8818=DIRECTION('',(0.,1.,0.));
#8819=DIRECTION('',(0.,0.,1.));
#8820=DIRECTION('center_axis',(0.,0.,1.));
#8821=DIRECTION('ref_axis',(0.,1.,0.));
#8822=DIRECTION('center_axis',(0.,0.,1.));
#8823=DIRECTION('ref_axis',(0.,1.,0.));
#8824=DIRECTION('',(0.,0.,1.));
#8825=DIRECTION('center_axis',(0.,0.,-1.));
#8826=DIRECTION('ref_axis',(0.,1.,0.));
#8827=DIRECTION('center_axis',(0.,-1.,0.));
#8828=DIRECTION('ref_axis',(1.,0.,0.));
#8829=DIRECTION('',(-1.,0.,0.));
#8830=DIRECTION('',(0.,0.,1.));
#8831=DIRECTION('',(1.,0.,0.));
#8832=DIRECTION('center_axis',(0.,0.,1.));
#8833=DIRECTION('ref_axis',(1.,0.,0.));
#8834=DIRECTION('center_axis',(0.,0.,1.));
#8835=DIRECTION('ref_axis',(1.,0.,0.));
#8836=DIRECTION('',(0.,0.,1.));
#8837=DIRECTION('center_axis',(0.,0.,-1.));
#8838=DIRECTION('ref_axis',(1.,0.,0.));
#8839=DIRECTION('center_axis',(-1.,0.,0.));
#8840=DIRECTION('ref_axis',(0.,-1.,0.));
#8841=DIRECTION('',(0.,1.,0.));
#8842=DIRECTION('',(0.,0.,1.));
#8843=DIRECTION('',(0.,-1.,0.));
#8844=DIRECTION('center_axis',(0.,0.,1.));
#8845=DIRECTION('ref_axis',(0.,-1.,0.));
#8846=DIRECTION('center_axis',(0.,0.,1.));
#8847=DIRECTION('ref_axis',(0.,-1.,0.));
#8848=DIRECTION('',(0.,0.,1.));
#8849=DIRECTION('center_axis',(0.,0.,-1.));
#8850=DIRECTION('ref_axis',(0.,-1.,0.));
#8851=DIRECTION('center_axis',(0.,1.,0.));
#8852=DIRECTION('ref_axis',(-1.,0.,0.));
#8853=DIRECTION('',(1.,0.,0.));
#8854=DIRECTION('',(0.,0.,1.));
#8855=DIRECTION('',(-1.,0.,0.));
#8856=DIRECTION('center_axis',(0.,0.,1.));
#8857=DIRECTION('ref_axis',(-1.,-1.77635683940023E-14,0.));
#8858=DIRECTION('center_axis',(0.,0.,1.));
#8859=DIRECTION('ref_axis',(-1.,-1.77635683940023E-14,0.));
#8860=DIRECTION('center_axis',(0.,0.,-1.));
#8861=DIRECTION('ref_axis',(-1.,-1.77635683940023E-14,0.));
#8862=DIRECTION('center_axis',(1.,0.,0.));
#8863=DIRECTION('ref_axis',(0.,1.,0.));
#8864=DIRECTION('',(0.,-1.,0.));
#8865=DIRECTION('',(0.,0.,1.));
#8866=DIRECTION('',(0.,1.,0.));
#8867=DIRECTION('',(0.,0.,1.));
#8868=DIRECTION('center_axis',(0.,0.,1.));
#8869=DIRECTION('ref_axis',(0.,1.,0.));
#8870=DIRECTION('center_axis',(0.,0.,1.));
#8871=DIRECTION('ref_axis',(0.,1.,0.));
#8872=DIRECTION('',(0.,0.,1.));
#8873=DIRECTION('center_axis',(0.,0.,-1.));
#8874=DIRECTION('ref_axis',(0.,1.,0.));
#8875=DIRECTION('center_axis',(0.,-1.,0.));
#8876=DIRECTION('ref_axis',(1.,0.,0.));
#8877=DIRECTION('',(-1.,0.,0.));
#8878=DIRECTION('',(0.,0.,1.));
#8879=DIRECTION('',(1.,0.,0.));
#8880=DIRECTION('center_axis',(0.,0.,1.));
#8881=DIRECTION('ref_axis',(1.,0.,0.));
#8882=DIRECTION('center_axis',(0.,0.,1.));
#8883=DIRECTION('ref_axis',(1.,0.,0.));
#8884=DIRECTION('',(0.,0.,1.));
#8885=DIRECTION('center_axis',(0.,0.,-1.));
#8886=DIRECTION('ref_axis',(1.,0.,0.));
#8887=DIRECTION('center_axis',(-1.,0.,0.));
#8888=DIRECTION('ref_axis',(0.,-1.,0.));
#8889=DIRECTION('',(0.,1.,0.));
#8890=DIRECTION('',(0.,0.,1.));
#8891=DIRECTION('',(0.,-1.,0.));
#8892=DIRECTION('center_axis',(0.,0.,1.));
#8893=DIRECTION('ref_axis',(0.,-1.,0.));
#8894=DIRECTION('center_axis',(0.,0.,1.));
#8895=DIRECTION('ref_axis',(0.,-1.,0.));
#8896=DIRECTION('',(0.,0.,1.));
#8897=DIRECTION('center_axis',(0.,0.,-1.));
#8898=DIRECTION('ref_axis',(0.,-1.,0.));
#8899=DIRECTION('center_axis',(0.,1.,0.));
#8900=DIRECTION('ref_axis',(-1.,0.,0.));
#8901=DIRECTION('',(1.,0.,0.));
#8902=DIRECTION('',(0.,0.,1.));
#8903=DIRECTION('',(-1.,0.,0.));
#8904=DIRECTION('center_axis',(0.,0.,1.));
#8905=DIRECTION('ref_axis',(-1.,0.,0.));
#8906=DIRECTION('center_axis',(0.,0.,1.));
#8907=DIRECTION('ref_axis',(-1.,0.,0.));
#8908=DIRECTION('center_axis',(0.,0.,-1.));
#8909=DIRECTION('ref_axis',(-1.,0.,0.));
#8910=DIRECTION('center_axis',(1.,0.,0.));
#8911=DIRECTION('ref_axis',(0.,1.,0.));
#8912=DIRECTION('',(0.,-1.,0.));
#8913=DIRECTION('',(0.,0.,1.));
#8914=DIRECTION('',(0.,1.,0.));
#8915=DIRECTION('',(0.,0.,1.));
#8916=DIRECTION('center_axis',(0.,0.,1.));
#8917=DIRECTION('ref_axis',(0.,1.,0.));
#8918=DIRECTION('center_axis',(0.,0.,1.));
#8919=DIRECTION('ref_axis',(0.,1.,0.));
#8920=DIRECTION('',(0.,0.,1.));
#8921=DIRECTION('center_axis',(0.,0.,-1.));
#8922=DIRECTION('ref_axis',(0.,1.,0.));
#8923=DIRECTION('center_axis',(0.,-1.,0.));
#8924=DIRECTION('ref_axis',(1.,0.,0.));
#8925=DIRECTION('',(-1.,0.,0.));
#8926=DIRECTION('',(0.,0.,1.));
#8927=DIRECTION('',(1.,0.,0.));
#8928=DIRECTION('center_axis',(0.,0.,1.));
#8929=DIRECTION('ref_axis',(1.,0.,0.));
#8930=DIRECTION('center_axis',(0.,0.,1.));
#8931=DIRECTION('ref_axis',(1.,0.,0.));
#8932=DIRECTION('',(0.,0.,1.));
#8933=DIRECTION('center_axis',(0.,0.,-1.));
#8934=DIRECTION('ref_axis',(1.,0.,0.));
#8935=DIRECTION('center_axis',(-1.,0.,0.));
#8936=DIRECTION('ref_axis',(0.,-1.,0.));
#8937=DIRECTION('',(0.,1.,0.));
#8938=DIRECTION('',(0.,0.,1.));
#8939=DIRECTION('',(0.,-1.,0.));
#8940=DIRECTION('center_axis',(0.,0.,1.));
#8941=DIRECTION('ref_axis',(0.,-1.,0.));
#8942=DIRECTION('center_axis',(0.,0.,1.));
#8943=DIRECTION('ref_axis',(0.,-1.,0.));
#8944=DIRECTION('',(0.,0.,1.));
#8945=DIRECTION('center_axis',(0.,0.,-1.));
#8946=DIRECTION('ref_axis',(0.,-1.,0.));
#8947=DIRECTION('center_axis',(0.,1.,0.));
#8948=DIRECTION('ref_axis',(-1.,0.,0.));
#8949=DIRECTION('',(1.,0.,0.));
#8950=DIRECTION('',(0.,0.,1.));
#8951=DIRECTION('',(-1.,0.,0.));
#8952=DIRECTION('center_axis',(0.,0.,1.));
#8953=DIRECTION('ref_axis',(-1.,0.,0.));
#8954=DIRECTION('center_axis',(0.,0.,1.));
#8955=DIRECTION('ref_axis',(-1.,0.,0.));
#8956=DIRECTION('center_axis',(0.,0.,-1.));
#8957=DIRECTION('ref_axis',(-1.,0.,0.));
#8958=DIRECTION('center_axis',(1.,0.,0.));
#8959=DIRECTION('ref_axis',(0.,1.,0.));
#8960=DIRECTION('',(0.,-1.,0.));
#8961=DIRECTION('',(0.,0.,1.));
#8962=DIRECTION('',(0.,1.,0.));
#8963=DIRECTION('',(0.,0.,1.));
#8964=DIRECTION('center_axis',(0.,0.,1.));
#8965=DIRECTION('ref_axis',(0.,1.,0.));
#8966=DIRECTION('center_axis',(0.,0.,1.));
#8967=DIRECTION('ref_axis',(0.,1.,0.));
#8968=DIRECTION('',(0.,0.,1.));
#8969=DIRECTION('center_axis',(0.,0.,-1.));
#8970=DIRECTION('ref_axis',(0.,1.,0.));
#8971=DIRECTION('center_axis',(0.,-1.,0.));
#8972=DIRECTION('ref_axis',(1.,0.,0.));
#8973=DIRECTION('',(-1.,0.,0.));
#8974=DIRECTION('',(0.,0.,1.));
#8975=DIRECTION('',(1.,0.,0.));
#8976=DIRECTION('center_axis',(0.,0.,1.));
#8977=DIRECTION('ref_axis',(1.,0.,0.));
#8978=DIRECTION('center_axis',(0.,0.,1.));
#8979=DIRECTION('ref_axis',(1.,0.,0.));
#8980=DIRECTION('',(0.,0.,1.));
#8981=DIRECTION('center_axis',(0.,0.,-1.));
#8982=DIRECTION('ref_axis',(1.,0.,0.));
#8983=DIRECTION('center_axis',(-1.,0.,0.));
#8984=DIRECTION('ref_axis',(0.,-1.,0.));
#8985=DIRECTION('',(0.,1.,0.));
#8986=DIRECTION('',(0.,0.,1.));
#8987=DIRECTION('',(0.,-1.,0.));
#8988=DIRECTION('center_axis',(0.,0.,1.));
#8989=DIRECTION('ref_axis',(0.,-1.,0.));
#8990=DIRECTION('center_axis',(0.,0.,1.));
#8991=DIRECTION('ref_axis',(0.,-1.,0.));
#8992=DIRECTION('',(0.,0.,1.));
#8993=DIRECTION('center_axis',(0.,0.,-1.));
#8994=DIRECTION('ref_axis',(0.,-1.,0.));
#8995=DIRECTION('center_axis',(0.,1.,0.));
#8996=DIRECTION('ref_axis',(-1.,0.,0.));
#8997=DIRECTION('',(1.,0.,0.));
#8998=DIRECTION('',(0.,0.,1.));
#8999=DIRECTION('',(-1.,0.,0.));
#9000=DIRECTION('center_axis',(0.,0.,1.));
#9001=DIRECTION('ref_axis',(-1.,0.,0.));
#9002=DIRECTION('center_axis',(0.,0.,1.));
#9003=DIRECTION('ref_axis',(-1.,0.,0.));
#9004=DIRECTION('center_axis',(0.,0.,-1.));
#9005=DIRECTION('ref_axis',(-1.,0.,0.));
#9006=DIRECTION('center_axis',(1.,0.,0.));
#9007=DIRECTION('ref_axis',(0.,1.,0.));
#9008=DIRECTION('',(0.,-1.,0.));
#9009=DIRECTION('',(0.,0.,1.));
#9010=DIRECTION('',(0.,1.,0.));
#9011=DIRECTION('',(0.,0.,1.));
#9012=DIRECTION('center_axis',(0.,0.,1.));
#9013=DIRECTION('ref_axis',(0.,1.,0.));
#9014=DIRECTION('center_axis',(0.,0.,1.));
#9015=DIRECTION('ref_axis',(0.,1.,0.));
#9016=DIRECTION('',(0.,0.,1.));
#9017=DIRECTION('center_axis',(0.,0.,-1.));
#9018=DIRECTION('ref_axis',(0.,1.,0.));
#9019=DIRECTION('center_axis',(0.,-1.,0.));
#9020=DIRECTION('ref_axis',(1.,0.,0.));
#9021=DIRECTION('',(-1.,0.,0.));
#9022=DIRECTION('',(0.,0.,1.));
#9023=DIRECTION('',(1.,0.,0.));
#9024=DIRECTION('center_axis',(0.,0.,1.));
#9025=DIRECTION('ref_axis',(1.,0.,0.));
#9026=DIRECTION('center_axis',(0.,0.,1.));
#9027=DIRECTION('ref_axis',(1.,0.,0.));
#9028=DIRECTION('',(0.,0.,1.));
#9029=DIRECTION('center_axis',(0.,0.,-1.));
#9030=DIRECTION('ref_axis',(1.,0.,0.));
#9031=DIRECTION('center_axis',(-1.,0.,0.));
#9032=DIRECTION('ref_axis',(0.,-1.,0.));
#9033=DIRECTION('',(0.,1.,0.));
#9034=DIRECTION('',(0.,0.,1.));
#9035=DIRECTION('',(0.,-1.,0.));
#9036=DIRECTION('center_axis',(0.,0.,1.));
#9037=DIRECTION('ref_axis',(0.,-1.,0.));
#9038=DIRECTION('center_axis',(0.,0.,1.));
#9039=DIRECTION('ref_axis',(0.,-1.,0.));
#9040=DIRECTION('',(0.,0.,1.));
#9041=DIRECTION('center_axis',(0.,0.,-1.));
#9042=DIRECTION('ref_axis',(0.,-1.,0.));
#9043=DIRECTION('center_axis',(0.,1.,0.));
#9044=DIRECTION('ref_axis',(-1.,0.,0.));
#9045=DIRECTION('',(1.,0.,0.));
#9046=DIRECTION('',(0.,0.,1.));
#9047=DIRECTION('',(-1.,0.,0.));
#9048=DIRECTION('center_axis',(0.,0.,1.));
#9049=DIRECTION('ref_axis',(-1.,0.,0.));
#9050=DIRECTION('center_axis',(0.,0.,1.));
#9051=DIRECTION('ref_axis',(-1.,0.,0.));
#9052=DIRECTION('center_axis',(0.,0.,-1.));
#9053=DIRECTION('ref_axis',(-1.,0.,0.));
#9054=DIRECTION('center_axis',(1.,0.,0.));
#9055=DIRECTION('ref_axis',(0.,1.,0.));
#9056=DIRECTION('',(0.,-1.,0.));
#9057=DIRECTION('',(0.,0.,1.));
#9058=DIRECTION('',(0.,1.,0.));
#9059=DIRECTION('',(0.,0.,1.));
#9060=DIRECTION('center_axis',(0.,0.,1.));
#9061=DIRECTION('ref_axis',(0.,1.,0.));
#9062=DIRECTION('center_axis',(0.,0.,1.));
#9063=DIRECTION('ref_axis',(0.,1.,0.));
#9064=DIRECTION('',(0.,0.,1.));
#9065=DIRECTION('center_axis',(0.,0.,-1.));
#9066=DIRECTION('ref_axis',(0.,1.,0.));
#9067=DIRECTION('center_axis',(0.,-1.,0.));
#9068=DIRECTION('ref_axis',(1.,0.,0.));
#9069=DIRECTION('',(-1.,0.,0.));
#9070=DIRECTION('',(0.,0.,1.));
#9071=DIRECTION('',(1.,0.,0.));
#9072=DIRECTION('center_axis',(0.,0.,1.));
#9073=DIRECTION('ref_axis',(1.,0.,0.));
#9074=DIRECTION('center_axis',(0.,0.,1.));
#9075=DIRECTION('ref_axis',(1.,0.,0.));
#9076=DIRECTION('',(0.,0.,1.));
#9077=DIRECTION('center_axis',(0.,0.,-1.));
#9078=DIRECTION('ref_axis',(1.,0.,0.));
#9079=DIRECTION('center_axis',(-1.,0.,0.));
#9080=DIRECTION('ref_axis',(0.,-1.,0.));
#9081=DIRECTION('',(0.,1.,0.));
#9082=DIRECTION('',(0.,0.,1.));
#9083=DIRECTION('',(0.,-1.,0.));
#9084=DIRECTION('center_axis',(0.,0.,1.));
#9085=DIRECTION('ref_axis',(0.,-1.,0.));
#9086=DIRECTION('center_axis',(0.,0.,1.));
#9087=DIRECTION('ref_axis',(0.,-1.,0.));
#9088=DIRECTION('',(0.,0.,1.));
#9089=DIRECTION('center_axis',(0.,0.,-1.));
#9090=DIRECTION('ref_axis',(0.,-1.,0.));
#9091=DIRECTION('center_axis',(0.,1.,0.));
#9092=DIRECTION('ref_axis',(-1.,0.,0.));
#9093=DIRECTION('',(1.,0.,0.));
#9094=DIRECTION('',(0.,0.,1.));
#9095=DIRECTION('',(-1.,0.,0.));
#9096=DIRECTION('center_axis',(0.,0.,1.));
#9097=DIRECTION('ref_axis',(-1.,0.,0.));
#9098=DIRECTION('center_axis',(0.,0.,1.));
#9099=DIRECTION('ref_axis',(-1.,0.,0.));
#9100=DIRECTION('center_axis',(0.,0.,-1.));
#9101=DIRECTION('ref_axis',(-1.,0.,0.));
#9102=DIRECTION('center_axis',(1.,0.,0.));
#9103=DIRECTION('ref_axis',(0.,1.,0.));
#9104=DIRECTION('',(0.,-1.,0.));
#9105=DIRECTION('',(0.,0.,1.));
#9106=DIRECTION('',(0.,1.,0.));
#9107=DIRECTION('',(0.,0.,1.));
#9108=DIRECTION('center_axis',(0.,0.,1.));
#9109=DIRECTION('ref_axis',(0.,1.,0.));
#9110=DIRECTION('center_axis',(0.,0.,1.));
#9111=DIRECTION('ref_axis',(0.,1.,0.));
#9112=DIRECTION('',(0.,0.,1.));
#9113=DIRECTION('center_axis',(0.,0.,-1.));
#9114=DIRECTION('ref_axis',(0.,1.,0.));
#9115=DIRECTION('center_axis',(0.,-1.,0.));
#9116=DIRECTION('ref_axis',(1.,0.,0.));
#9117=DIRECTION('',(-1.,0.,0.));
#9118=DIRECTION('',(0.,0.,1.));
#9119=DIRECTION('',(1.,0.,0.));
#9120=DIRECTION('center_axis',(0.,0.,1.));
#9121=DIRECTION('ref_axis',(1.,0.,0.));
#9122=DIRECTION('center_axis',(0.,0.,1.));
#9123=DIRECTION('ref_axis',(1.,0.,0.));
#9124=DIRECTION('',(0.,0.,1.));
#9125=DIRECTION('center_axis',(0.,0.,-1.));
#9126=DIRECTION('ref_axis',(1.,0.,0.));
#9127=DIRECTION('center_axis',(-1.,-6.83214169000096E-16,0.));
#9128=DIRECTION('ref_axis',(6.83214169000096E-16,-1.,0.));
#9129=DIRECTION('',(-6.83214169000096E-16,1.,0.));
#9130=DIRECTION('',(0.,0.,1.));
#9131=DIRECTION('',(6.83214169000096E-16,-1.,0.));
#9132=DIRECTION('center_axis',(0.,0.,1.));
#9133=DIRECTION('ref_axis',(0.,-1.,0.));
#9134=DIRECTION('center_axis',(0.,0.,1.));
#9135=DIRECTION('ref_axis',(0.,-1.,0.));
#9136=DIRECTION('',(0.,0.,1.));
#9137=DIRECTION('center_axis',(0.,0.,-1.));
#9138=DIRECTION('ref_axis',(0.,-1.,0.));
#9139=DIRECTION('center_axis',(0.,1.,0.));
#9140=DIRECTION('ref_axis',(-1.,0.,0.));
#9141=DIRECTION('',(1.,0.,0.));
#9142=DIRECTION('',(0.,0.,1.));
#9143=DIRECTION('',(-1.,0.,0.));
#9144=DIRECTION('center_axis',(0.,0.,1.));
#9145=DIRECTION('ref_axis',(-1.,-1.77635683940026E-14,0.));
#9146=DIRECTION('center_axis',(0.,0.,1.));
#9147=DIRECTION('ref_axis',(-1.,-1.77635683940026E-14,0.));
#9148=DIRECTION('center_axis',(0.,0.,-1.));
#9149=DIRECTION('ref_axis',(-1.,-1.77635683940026E-14,0.));
#9150=DIRECTION('center_axis',(1.,0.,0.));
#9151=DIRECTION('ref_axis',(0.,1.,0.));
#9152=DIRECTION('',(0.,-1.,0.));
#9153=DIRECTION('',(0.,0.,1.));
#9154=DIRECTION('',(0.,1.,0.));
#9155=DIRECTION('',(0.,0.,1.));
#9156=DIRECTION('center_axis',(0.,0.,1.));
#9157=DIRECTION('ref_axis',(0.,1.,0.));
#9158=DIRECTION('center_axis',(0.,0.,1.));
#9159=DIRECTION('ref_axis',(0.,1.,0.));
#9160=DIRECTION('',(0.,0.,1.));
#9161=DIRECTION('center_axis',(0.,0.,-1.));
#9162=DIRECTION('ref_axis',(0.,1.,0.));
#9163=DIRECTION('center_axis',(0.,-1.,0.));
#9164=DIRECTION('ref_axis',(1.,0.,0.));
#9165=DIRECTION('',(-1.,0.,0.));
#9166=DIRECTION('',(0.,0.,1.));
#9167=DIRECTION('',(1.,0.,0.));
#9168=DIRECTION('center_axis',(0.,0.,1.));
#9169=DIRECTION('ref_axis',(1.,0.,0.));
#9170=DIRECTION('center_axis',(0.,0.,1.));
#9171=DIRECTION('ref_axis',(1.,0.,0.));
#9172=DIRECTION('',(0.,0.,1.));
#9173=DIRECTION('center_axis',(0.,0.,-1.));
#9174=DIRECTION('ref_axis',(1.,0.,0.));
#9175=DIRECTION('center_axis',(-1.,0.,0.));
#9176=DIRECTION('ref_axis',(0.,-1.,0.));
#9177=DIRECTION('',(0.,1.,0.));
#9178=DIRECTION('',(0.,0.,1.));
#9179=DIRECTION('',(0.,-1.,0.));
#9180=DIRECTION('center_axis',(0.,0.,1.));
#9181=DIRECTION('ref_axis',(0.,-1.,0.));
#9182=DIRECTION('center_axis',(0.,0.,1.));
#9183=DIRECTION('ref_axis',(0.,-1.,0.));
#9184=DIRECTION('',(0.,0.,1.));
#9185=DIRECTION('center_axis',(0.,0.,-1.));
#9186=DIRECTION('ref_axis',(0.,-1.,0.));
#9187=DIRECTION('center_axis',(0.,1.,0.));
#9188=DIRECTION('ref_axis',(-1.,0.,0.));
#9189=DIRECTION('',(1.,0.,0.));
#9190=DIRECTION('',(0.,0.,1.));
#9191=DIRECTION('',(-1.,0.,0.));
#9192=DIRECTION('center_axis',(0.,0.,1.));
#9193=DIRECTION('ref_axis',(-1.,-7.10542735760103E-14,0.));
#9194=DIRECTION('center_axis',(0.,0.,1.));
#9195=DIRECTION('ref_axis',(-1.,-7.10542735760103E-14,0.));
#9196=DIRECTION('center_axis',(0.,0.,-1.));
#9197=DIRECTION('ref_axis',(-1.,-7.10542735760103E-14,0.));
#9198=DIRECTION('center_axis',(1.,0.,0.));
#9199=DIRECTION('ref_axis',(0.,1.,0.));
#9200=DIRECTION('',(0.,-1.,0.));
#9201=DIRECTION('',(0.,0.,1.));
#9202=DIRECTION('',(0.,1.,0.));
#9203=DIRECTION('',(0.,0.,1.));
#9204=DIRECTION('center_axis',(0.,0.,1.));
#9205=DIRECTION('ref_axis',(0.,1.,0.));
#9206=DIRECTION('center_axis',(0.,0.,1.));
#9207=DIRECTION('ref_axis',(0.,1.,0.));
#9208=DIRECTION('',(0.,0.,1.));
#9209=DIRECTION('center_axis',(0.,0.,-1.));
#9210=DIRECTION('ref_axis',(0.,1.,0.));
#9211=DIRECTION('center_axis',(0.,-1.,0.));
#9212=DIRECTION('ref_axis',(1.,0.,0.));
#9213=DIRECTION('',(-1.,0.,0.));
#9214=DIRECTION('',(0.,0.,1.));
#9215=DIRECTION('',(1.,0.,0.));
#9216=DIRECTION('center_axis',(0.,0.,1.));
#9217=DIRECTION('ref_axis',(1.,0.,0.));
#9218=DIRECTION('center_axis',(0.,0.,1.));
#9219=DIRECTION('ref_axis',(1.,0.,0.));
#9220=DIRECTION('',(0.,0.,1.));
#9221=DIRECTION('center_axis',(0.,0.,-1.));
#9222=DIRECTION('ref_axis',(1.,0.,0.));
#9223=DIRECTION('center_axis',(-1.,0.,0.));
#9224=DIRECTION('ref_axis',(0.,-1.,0.));
#9225=DIRECTION('',(0.,1.,0.));
#9226=DIRECTION('',(0.,0.,1.));
#9227=DIRECTION('',(0.,-1.,0.));
#9228=DIRECTION('center_axis',(0.,0.,1.));
#9229=DIRECTION('ref_axis',(0.,-1.,0.));
#9230=DIRECTION('center_axis',(0.,0.,1.));
#9231=DIRECTION('ref_axis',(0.,-1.,0.));
#9232=DIRECTION('',(0.,0.,1.));
#9233=DIRECTION('center_axis',(0.,0.,-1.));
#9234=DIRECTION('ref_axis',(0.,-1.,0.));
#9235=DIRECTION('center_axis',(0.,1.,0.));
#9236=DIRECTION('ref_axis',(-1.,0.,0.));
#9237=DIRECTION('',(1.,0.,0.));
#9238=DIRECTION('',(0.,0.,1.));
#9239=DIRECTION('',(-1.,0.,0.));
#9240=DIRECTION('center_axis',(0.,0.,1.));
#9241=DIRECTION('ref_axis',(-1.,0.,0.));
#9242=DIRECTION('center_axis',(0.,0.,1.));
#9243=DIRECTION('ref_axis',(-1.,0.,0.));
#9244=DIRECTION('center_axis',(0.,0.,-1.));
#9245=DIRECTION('ref_axis',(-1.,0.,0.));
#9246=DIRECTION('center_axis',(1.,0.,0.));
#9247=DIRECTION('ref_axis',(0.,1.,0.));
#9248=DIRECTION('',(0.,-1.,0.));
#9249=DIRECTION('',(0.,0.,1.));
#9250=DIRECTION('',(0.,1.,0.));
#9251=DIRECTION('',(0.,0.,1.));
#9252=DIRECTION('center_axis',(0.,0.,1.));
#9253=DIRECTION('ref_axis',(0.,1.,0.));
#9254=DIRECTION('center_axis',(0.,0.,1.));
#9255=DIRECTION('ref_axis',(0.,1.,0.));
#9256=DIRECTION('',(0.,0.,1.));
#9257=DIRECTION('center_axis',(0.,0.,-1.));
#9258=DIRECTION('ref_axis',(0.,1.,0.));
#9259=DIRECTION('center_axis',(0.,-1.,0.));
#9260=DIRECTION('ref_axis',(1.,0.,0.));
#9261=DIRECTION('',(-1.,0.,0.));
#9262=DIRECTION('',(0.,0.,1.));
#9263=DIRECTION('',(1.,0.,0.));
#9264=DIRECTION('center_axis',(0.,0.,1.));
#9265=DIRECTION('ref_axis',(1.,0.,0.));
#9266=DIRECTION('center_axis',(0.,0.,1.));
#9267=DIRECTION('ref_axis',(1.,0.,0.));
#9268=DIRECTION('',(0.,0.,1.));
#9269=DIRECTION('center_axis',(0.,0.,-1.));
#9270=DIRECTION('ref_axis',(1.,0.,0.));
#9271=DIRECTION('center_axis',(-1.,0.,0.));
#9272=DIRECTION('ref_axis',(0.,-1.,0.));
#9273=DIRECTION('',(0.,1.,0.));
#9274=DIRECTION('',(0.,0.,1.));
#9275=DIRECTION('',(0.,-1.,0.));
#9276=DIRECTION('center_axis',(0.,0.,1.));
#9277=DIRECTION('ref_axis',(7.10542735760103E-14,-1.,0.));
#9278=DIRECTION('center_axis',(0.,0.,1.));
#9279=DIRECTION('ref_axis',(7.10542735760103E-14,-1.,0.));
#9280=DIRECTION('',(0.,0.,1.));
#9281=DIRECTION('center_axis',(0.,0.,-1.));
#9282=DIRECTION('ref_axis',(7.10542735760103E-14,-1.,0.));
#9283=DIRECTION('center_axis',(0.,1.,0.));
#9284=DIRECTION('ref_axis',(-1.,0.,0.));
#9285=DIRECTION('',(1.,0.,0.));
#9286=DIRECTION('',(0.,0.,1.));
#9287=DIRECTION('',(-1.,0.,0.));
#9288=DIRECTION('center_axis',(0.,0.,1.));
#9289=DIRECTION('ref_axis',(-1.,0.,0.));
#9290=DIRECTION('center_axis',(0.,0.,1.));
#9291=DIRECTION('ref_axis',(-1.,0.,0.));
#9292=DIRECTION('center_axis',(0.,0.,-1.));
#9293=DIRECTION('ref_axis',(-1.,0.,0.));
#9294=DIRECTION('center_axis',(1.,0.,0.));
#9295=DIRECTION('ref_axis',(0.,1.,0.));
#9296=DIRECTION('',(0.,-1.,0.));
#9297=DIRECTION('',(0.,0.,1.));
#9298=DIRECTION('',(0.,1.,0.));
#9299=DIRECTION('',(0.,0.,1.));
#9300=DIRECTION('center_axis',(0.,0.,1.));
#9301=DIRECTION('ref_axis',(0.,1.,0.));
#9302=DIRECTION('center_axis',(0.,0.,1.));
#9303=DIRECTION('ref_axis',(0.,1.,0.));
#9304=DIRECTION('',(0.,0.,1.));
#9305=DIRECTION('center_axis',(0.,0.,-1.));
#9306=DIRECTION('ref_axis',(0.,1.,0.));
#9307=DIRECTION('center_axis',(0.,-1.,0.));
#9308=DIRECTION('ref_axis',(1.,0.,0.));
#9309=DIRECTION('',(-1.,0.,0.));
#9310=DIRECTION('',(0.,0.,1.));
#9311=DIRECTION('',(1.,0.,0.));
#9312=DIRECTION('center_axis',(0.,0.,1.));
#9313=DIRECTION('ref_axis',(1.,0.,0.));
#9314=DIRECTION('center_axis',(0.,0.,1.));
#9315=DIRECTION('ref_axis',(1.,0.,0.));
#9316=DIRECTION('',(0.,0.,1.));
#9317=DIRECTION('center_axis',(0.,0.,-1.));
#9318=DIRECTION('ref_axis',(1.,0.,0.));
#9319=DIRECTION('center_axis',(-1.,0.,0.));
#9320=DIRECTION('ref_axis',(0.,-1.,0.));
#9321=DIRECTION('',(0.,1.,0.));
#9322=DIRECTION('',(0.,0.,1.));
#9323=DIRECTION('',(0.,-1.,0.));
#9324=DIRECTION('center_axis',(0.,0.,1.));
#9325=DIRECTION('ref_axis',(-8.88178419700113E-15,-1.,0.));
#9326=DIRECTION('center_axis',(0.,0.,1.));
#9327=DIRECTION('ref_axis',(-8.88178419700113E-15,-1.,0.));
#9328=DIRECTION('',(0.,0.,1.));
#9329=DIRECTION('center_axis',(0.,0.,-1.));
#9330=DIRECTION('ref_axis',(-8.88178419700113E-15,-1.,0.));
#9331=DIRECTION('center_axis',(0.,1.,0.));
#9332=DIRECTION('ref_axis',(-1.,0.,0.));
#9333=DIRECTION('',(1.,0.,0.));
#9334=DIRECTION('',(0.,0.,1.));
#9335=DIRECTION('',(-1.,0.,0.));
#9336=DIRECTION('center_axis',(0.,0.,1.));
#9337=DIRECTION('ref_axis',(-1.,-7.105427357601E-14,0.));
#9338=DIRECTION('center_axis',(0.,0.,1.));
#9339=DIRECTION('ref_axis',(-1.,-7.105427357601E-14,0.));
#9340=DIRECTION('center_axis',(0.,0.,-1.));
#9341=DIRECTION('ref_axis',(-1.,-7.105427357601E-14,0.));
#9342=DIRECTION('center_axis',(1.,0.,0.));
#9343=DIRECTION('ref_axis',(0.,1.,0.));
#9344=DIRECTION('',(0.,-1.,0.));
#9345=DIRECTION('',(0.,0.,1.));
#9346=DIRECTION('',(0.,1.,0.));
#9347=DIRECTION('',(0.,0.,1.));
#9348=DIRECTION('center_axis',(0.,0.,1.));
#9349=DIRECTION('ref_axis',(0.,1.,0.));
#9350=DIRECTION('center_axis',(0.,0.,1.));
#9351=DIRECTION('ref_axis',(0.,1.,0.));
#9352=DIRECTION('',(0.,0.,1.));
#9353=DIRECTION('center_axis',(0.,0.,-1.));
#9354=DIRECTION('ref_axis',(0.,1.,0.));
#9355=DIRECTION('center_axis',(0.,-1.,0.));
#9356=DIRECTION('ref_axis',(1.,0.,0.));
#9357=DIRECTION('',(-1.,0.,0.));
#9358=DIRECTION('',(0.,0.,1.));
#9359=DIRECTION('',(1.,0.,0.));
#9360=DIRECTION('center_axis',(0.,0.,1.));
#9361=DIRECTION('ref_axis',(1.,0.,0.));
#9362=DIRECTION('center_axis',(0.,0.,1.));
#9363=DIRECTION('ref_axis',(1.,0.,0.));
#9364=DIRECTION('',(0.,0.,1.));
#9365=DIRECTION('center_axis',(0.,0.,-1.));
#9366=DIRECTION('ref_axis',(1.,0.,0.));
#9367=DIRECTION('center_axis',(-1.,6.83214169000097E-16,0.));
#9368=DIRECTION('ref_axis',(-6.83214169000097E-16,-1.,0.));
#9369=DIRECTION('',(6.83214169000097E-16,1.,0.));
#9370=DIRECTION('',(0.,0.,1.));
#9371=DIRECTION('',(-6.83214169000097E-16,-1.,0.));
#9372=DIRECTION('center_axis',(0.,0.,1.));
#9373=DIRECTION('ref_axis',(1.77635683940026E-14,-1.,0.));
#9374=DIRECTION('center_axis',(0.,0.,1.));
#9375=DIRECTION('ref_axis',(1.77635683940026E-14,-1.,0.));
#9376=DIRECTION('',(0.,0.,1.));
#9377=DIRECTION('center_axis',(0.,0.,-1.));
#9378=DIRECTION('ref_axis',(1.77635683940026E-14,-1.,0.));
#9379=DIRECTION('center_axis',(0.,1.,0.));
#9380=DIRECTION('ref_axis',(-1.,0.,0.));
#9381=DIRECTION('',(1.,0.,0.));
#9382=DIRECTION('',(0.,0.,1.));
#9383=DIRECTION('',(-1.,0.,0.));
#9384=DIRECTION('center_axis',(0.,0.,1.));
#9385=DIRECTION('ref_axis',(-1.,0.,0.));
#9386=DIRECTION('center_axis',(0.,0.,1.));
#9387=DIRECTION('ref_axis',(-1.,0.,0.));
#9388=DIRECTION('center_axis',(0.,0.,-1.));
#9389=DIRECTION('ref_axis',(-1.,0.,0.));
#9390=DIRECTION('center_axis',(1.,0.,0.));
#9391=DIRECTION('ref_axis',(0.,1.,0.));
#9392=DIRECTION('',(0.,-1.,0.));
#9393=DIRECTION('',(0.,0.,1.));
#9394=DIRECTION('',(0.,1.,0.));
#9395=DIRECTION('',(0.,0.,1.));
#9396=DIRECTION('center_axis',(0.,0.,1.));
#9397=DIRECTION('ref_axis',(0.,1.,0.));
#9398=DIRECTION('center_axis',(0.,0.,1.));
#9399=DIRECTION('ref_axis',(0.,1.,0.));
#9400=DIRECTION('',(0.,0.,1.));
#9401=DIRECTION('center_axis',(0.,0.,-1.));
#9402=DIRECTION('ref_axis',(0.,1.,0.));
#9403=DIRECTION('center_axis',(0.,-1.,0.));
#9404=DIRECTION('ref_axis',(1.,0.,0.));
#9405=DIRECTION('',(-1.,0.,0.));
#9406=DIRECTION('',(0.,0.,1.));
#9407=DIRECTION('',(1.,0.,0.));
#9408=DIRECTION('center_axis',(0.,0.,1.));
#9409=DIRECTION('ref_axis',(1.,0.,0.));
#9410=DIRECTION('center_axis',(0.,0.,1.));
#9411=DIRECTION('ref_axis',(1.,0.,0.));
#9412=DIRECTION('',(0.,0.,1.));
#9413=DIRECTION('center_axis',(0.,0.,-1.));
#9414=DIRECTION('ref_axis',(1.,0.,0.));
#9415=DIRECTION('center_axis',(-1.,0.,0.));
#9416=DIRECTION('ref_axis',(0.,-1.,0.));
#9417=DIRECTION('',(0.,1.,0.));
#9418=DIRECTION('',(0.,0.,1.));
#9419=DIRECTION('',(0.,-1.,0.));
#9420=DIRECTION('center_axis',(0.,0.,1.));
#9421=DIRECTION('ref_axis',(0.,-1.,0.));
#9422=DIRECTION('center_axis',(0.,0.,1.));
#9423=DIRECTION('ref_axis',(0.,-1.,0.));
#9424=DIRECTION('',(0.,0.,1.));
#9425=DIRECTION('center_axis',(0.,0.,-1.));
#9426=DIRECTION('ref_axis',(0.,-1.,0.));
#9427=DIRECTION('center_axis',(0.,1.,0.));
#9428=DIRECTION('ref_axis',(-1.,0.,0.));
#9429=DIRECTION('',(1.,0.,0.));
#9430=DIRECTION('',(0.,0.,1.));
#9431=DIRECTION('',(-1.,0.,0.));
#9432=DIRECTION('center_axis',(0.,0.,1.));
#9433=DIRECTION('ref_axis',(-1.,0.,0.));
#9434=DIRECTION('center_axis',(0.,0.,1.));
#9435=DIRECTION('ref_axis',(-1.,0.,0.));
#9436=DIRECTION('center_axis',(0.,0.,-1.));
#9437=DIRECTION('ref_axis',(-1.,0.,0.));
#9438=DIRECTION('center_axis',(0.,0.,1.));
#9439=DIRECTION('ref_axis',(1.,0.,0.));
#9440=DIRECTION('center_axis',(0.,0.,-1.));
#9441=DIRECTION('ref_axis',(1.,0.,0.));
#9442=DIRECTION('',(0.,0.,-1.));
#9443=DIRECTION('center_axis',(0.,0.,1.));
#9444=DIRECTION('ref_axis',(1.,0.,0.));
#9445=DIRECTION('center_axis',(1.,0.,0.));
#9446=DIRECTION('ref_axis',(0.,1.,0.));
#9447=DIRECTION('',(0.,-1.,0.));
#9448=DIRECTION('',(0.,0.,1.));
#9449=DIRECTION('',(0.,1.,0.));
#9450=DIRECTION('',(0.,0.,1.));
#9451=DIRECTION('center_axis',(0.,0.,1.));
#9452=DIRECTION('ref_axis',(0.,1.,0.));
#9453=DIRECTION('center_axis',(0.,0.,1.));
#9454=DIRECTION('ref_axis',(0.,1.,0.));
#9455=DIRECTION('',(0.,0.,1.));
#9456=DIRECTION('center_axis',(0.,0.,-1.));
#9457=DIRECTION('ref_axis',(0.,1.,0.));
#9458=DIRECTION('center_axis',(0.,-1.,0.));
#9459=DIRECTION('ref_axis',(1.,0.,0.));
#9460=DIRECTION('',(-1.,0.,0.));
#9461=DIRECTION('',(0.,0.,1.));
#9462=DIRECTION('',(1.,0.,0.));
#9463=DIRECTION('center_axis',(0.,0.,1.));
#9464=DIRECTION('ref_axis',(1.,0.,0.));
#9465=DIRECTION('center_axis',(0.,0.,1.));
#9466=DIRECTION('ref_axis',(1.,0.,0.));
#9467=DIRECTION('',(0.,0.,1.));
#9468=DIRECTION('center_axis',(0.,0.,-1.));
#9469=DIRECTION('ref_axis',(1.,0.,0.));
#9470=DIRECTION('center_axis',(-1.,0.,0.));
#9471=DIRECTION('ref_axis',(0.,-1.,0.));
#9472=DIRECTION('',(0.,1.,0.));
#9473=DIRECTION('',(0.,0.,1.));
#9474=DIRECTION('',(0.,-1.,0.));
#9475=DIRECTION('center_axis',(0.,0.,1.));
#9476=DIRECTION('ref_axis',(0.,-1.,0.));
#9477=DIRECTION('center_axis',(0.,0.,1.));
#9478=DIRECTION('ref_axis',(0.,-1.,0.));
#9479=DIRECTION('',(0.,0.,1.));
#9480=DIRECTION('center_axis',(0.,0.,-1.));
#9481=DIRECTION('ref_axis',(0.,-1.,0.));
#9482=DIRECTION('center_axis',(0.,1.,0.));
#9483=DIRECTION('ref_axis',(-1.,0.,0.));
#9484=DIRECTION('',(1.,0.,0.));
#9485=DIRECTION('',(0.,0.,1.));
#9486=DIRECTION('',(-1.,0.,0.));
#9487=DIRECTION('center_axis',(0.,0.,1.));
#9488=DIRECTION('ref_axis',(-1.,0.,0.));
#9489=DIRECTION('center_axis',(0.,0.,1.));
#9490=DIRECTION('ref_axis',(-1.,0.,0.));
#9491=DIRECTION('center_axis',(0.,0.,-1.));
#9492=DIRECTION('ref_axis',(-1.,0.,0.));
#9493=DIRECTION('center_axis',(1.,0.,0.));
#9494=DIRECTION('ref_axis',(0.,1.,0.));
#9495=DIRECTION('',(0.,-1.,0.));
#9496=DIRECTION('',(0.,0.,1.));
#9497=DIRECTION('',(0.,1.,0.));
#9498=DIRECTION('',(0.,0.,1.));
#9499=DIRECTION('center_axis',(0.,0.,1.));
#9500=DIRECTION('ref_axis',(0.,1.,0.));
#9501=DIRECTION('center_axis',(0.,0.,1.));
#9502=DIRECTION('ref_axis',(0.,1.,0.));
#9503=DIRECTION('',(0.,0.,1.));
#9504=DIRECTION('center_axis',(0.,0.,-1.));
#9505=DIRECTION('ref_axis',(0.,1.,0.));
#9506=DIRECTION('center_axis',(0.,-1.,0.));
#9507=DIRECTION('ref_axis',(1.,0.,0.));
#9508=DIRECTION('',(-1.,0.,0.));
#9509=DIRECTION('',(0.,0.,1.));
#9510=DIRECTION('',(1.,0.,0.));
#9511=DIRECTION('center_axis',(0.,0.,1.));
#9512=DIRECTION('ref_axis',(1.,0.,0.));
#9513=DIRECTION('center_axis',(0.,0.,1.));
#9514=DIRECTION('ref_axis',(1.,0.,0.));
#9515=DIRECTION('',(0.,0.,1.));
#9516=DIRECTION('center_axis',(0.,0.,-1.));
#9517=DIRECTION('ref_axis',(1.,0.,0.));
#9518=DIRECTION('center_axis',(-1.,0.,0.));
#9519=DIRECTION('ref_axis',(0.,-1.,0.));
#9520=DIRECTION('',(0.,1.,0.));
#9521=DIRECTION('',(0.,0.,1.));
#9522=DIRECTION('',(0.,-1.,0.));
#9523=DIRECTION('center_axis',(0.,0.,1.));
#9524=DIRECTION('ref_axis',(3.55271367880045E-14,-1.,0.));
#9525=DIRECTION('center_axis',(0.,0.,1.));
#9526=DIRECTION('ref_axis',(3.55271367880045E-14,-1.,0.));
#9527=DIRECTION('',(0.,0.,1.));
#9528=DIRECTION('center_axis',(0.,0.,-1.));
#9529=DIRECTION('ref_axis',(3.55271367880045E-14,-1.,0.));
#9530=DIRECTION('center_axis',(0.,1.,0.));
#9531=DIRECTION('ref_axis',(-1.,0.,0.));
#9532=DIRECTION('',(1.,0.,0.));
#9533=DIRECTION('',(0.,0.,1.));
#9534=DIRECTION('',(-1.,0.,0.));
#9535=DIRECTION('center_axis',(0.,0.,1.));
#9536=DIRECTION('ref_axis',(-1.,0.,0.));
#9537=DIRECTION('center_axis',(0.,0.,1.));
#9538=DIRECTION('ref_axis',(-1.,0.,0.));
#9539=DIRECTION('center_axis',(0.,0.,-1.));
#9540=DIRECTION('ref_axis',(-1.,0.,0.));
#9541=DIRECTION('center_axis',(1.,0.,0.));
#9542=DIRECTION('ref_axis',(0.,1.,0.));
#9543=DIRECTION('',(0.,-1.,0.));
#9544=DIRECTION('',(0.,0.,1.));
#9545=DIRECTION('',(0.,1.,0.));
#9546=DIRECTION('',(0.,0.,1.));
#9547=DIRECTION('center_axis',(0.,0.,1.));
#9548=DIRECTION('ref_axis',(0.,1.,0.));
#9549=DIRECTION('center_axis',(0.,0.,1.));
#9550=DIRECTION('ref_axis',(0.,1.,0.));
#9551=DIRECTION('',(0.,0.,1.));
#9552=DIRECTION('center_axis',(0.,0.,-1.));
#9553=DIRECTION('ref_axis',(0.,1.,0.));
#9554=DIRECTION('center_axis',(0.,-1.,0.));
#9555=DIRECTION('ref_axis',(1.,0.,0.));
#9556=DIRECTION('',(-1.,0.,0.));
#9557=DIRECTION('',(0.,0.,1.));
#9558=DIRECTION('',(1.,0.,0.));
#9559=DIRECTION('center_axis',(0.,0.,1.));
#9560=DIRECTION('ref_axis',(1.,0.,0.));
#9561=DIRECTION('center_axis',(0.,0.,1.));
#9562=DIRECTION('ref_axis',(1.,0.,0.));
#9563=DIRECTION('',(0.,0.,1.));
#9564=DIRECTION('center_axis',(0.,0.,-1.));
#9565=DIRECTION('ref_axis',(1.,0.,0.));
#9566=DIRECTION('center_axis',(-1.,0.,0.));
#9567=DIRECTION('ref_axis',(0.,-1.,0.));
#9568=DIRECTION('',(0.,1.,0.));
#9569=DIRECTION('',(0.,0.,1.));
#9570=DIRECTION('',(0.,-1.,0.));
#9571=DIRECTION('center_axis',(0.,0.,1.));
#9572=DIRECTION('ref_axis',(0.,-1.,0.));
#9573=DIRECTION('center_axis',(0.,0.,1.));
#9574=DIRECTION('ref_axis',(0.,-1.,0.));
#9575=DIRECTION('',(0.,0.,1.));
#9576=DIRECTION('center_axis',(0.,0.,-1.));
#9577=DIRECTION('ref_axis',(0.,-1.,0.));
#9578=DIRECTION('center_axis',(0.,1.,0.));
#9579=DIRECTION('ref_axis',(-1.,0.,0.));
#9580=DIRECTION('',(1.,0.,0.));
#9581=DIRECTION('',(0.,0.,1.));
#9582=DIRECTION('',(-1.,0.,0.));
#9583=DIRECTION('center_axis',(0.,0.,1.));
#9584=DIRECTION('ref_axis',(-1.,0.,0.));
#9585=DIRECTION('center_axis',(0.,0.,1.));
#9586=DIRECTION('ref_axis',(-1.,0.,0.));
#9587=DIRECTION('center_axis',(0.,0.,-1.));
#9588=DIRECTION('ref_axis',(-1.,0.,0.));
#9589=DIRECTION('center_axis',(1.,0.,0.));
#9590=DIRECTION('ref_axis',(0.,1.,0.));
#9591=DIRECTION('',(0.,-1.,0.));
#9592=DIRECTION('',(0.,0.,1.));
#9593=DIRECTION('',(0.,1.,0.));
#9594=DIRECTION('',(0.,0.,1.));
#9595=DIRECTION('center_axis',(0.,0.,1.));
#9596=DIRECTION('ref_axis',(0.,1.,0.));
#9597=DIRECTION('center_axis',(0.,0.,1.));
#9598=DIRECTION('ref_axis',(0.,1.,0.));
#9599=DIRECTION('',(0.,0.,1.));
#9600=DIRECTION('center_axis',(0.,0.,-1.));
#9601=DIRECTION('ref_axis',(0.,1.,0.));
#9602=DIRECTION('center_axis',(0.,-1.,0.));
#9603=DIRECTION('ref_axis',(1.,0.,0.));
#9604=DIRECTION('',(-1.,0.,0.));
#9605=DIRECTION('',(0.,0.,1.));
#9606=DIRECTION('',(1.,0.,0.));
#9607=DIRECTION('center_axis',(0.,0.,1.));
#9608=DIRECTION('ref_axis',(1.,0.,0.));
#9609=DIRECTION('center_axis',(0.,0.,1.));
#9610=DIRECTION('ref_axis',(1.,0.,0.));
#9611=DIRECTION('',(0.,0.,1.));
#9612=DIRECTION('center_axis',(0.,0.,-1.));
#9613=DIRECTION('ref_axis',(1.,0.,0.));
#9614=DIRECTION('center_axis',(-1.,0.,0.));
#9615=DIRECTION('ref_axis',(0.,-1.,0.));
#9616=DIRECTION('',(0.,1.,0.));
#9617=DIRECTION('',(0.,0.,1.));
#9618=DIRECTION('',(0.,-1.,0.));
#9619=DIRECTION('center_axis',(0.,0.,1.));
#9620=DIRECTION('ref_axis',(0.,-1.,0.));
#9621=DIRECTION('center_axis',(0.,0.,1.));
#9622=DIRECTION('ref_axis',(0.,-1.,0.));
#9623=DIRECTION('',(0.,0.,1.));
#9624=DIRECTION('center_axis',(0.,0.,-1.));
#9625=DIRECTION('ref_axis',(0.,-1.,0.));
#9626=DIRECTION('center_axis',(0.,1.,0.));
#9627=DIRECTION('ref_axis',(-1.,0.,0.));
#9628=DIRECTION('',(1.,0.,0.));
#9629=DIRECTION('',(0.,0.,1.));
#9630=DIRECTION('',(-1.,0.,0.));
#9631=DIRECTION('center_axis',(0.,0.,1.));
#9632=DIRECTION('ref_axis',(-1.,-7.1054273576009E-14,0.));
#9633=DIRECTION('center_axis',(0.,0.,1.));
#9634=DIRECTION('ref_axis',(-1.,-7.1054273576009E-14,0.));
#9635=DIRECTION('center_axis',(0.,0.,-1.));
#9636=DIRECTION('ref_axis',(-1.,-7.1054273576009E-14,0.));
#9637=DIRECTION('center_axis',(1.,0.,0.));
#9638=DIRECTION('ref_axis',(0.,1.,0.));
#9639=DIRECTION('',(0.,-1.,0.));
#9640=DIRECTION('',(0.,0.,1.));
#9641=DIRECTION('',(0.,1.,0.));
#9642=DIRECTION('',(0.,0.,1.));
#9643=DIRECTION('center_axis',(0.,0.,1.));
#9644=DIRECTION('ref_axis',(0.,1.,0.));
#9645=DIRECTION('center_axis',(0.,0.,1.));
#9646=DIRECTION('ref_axis',(0.,1.,0.));
#9647=DIRECTION('',(0.,0.,1.));
#9648=DIRECTION('center_axis',(0.,0.,-1.));
#9649=DIRECTION('ref_axis',(0.,1.,0.));
#9650=DIRECTION('center_axis',(0.,-1.,0.));
#9651=DIRECTION('ref_axis',(1.,0.,0.));
#9652=DIRECTION('',(-1.,0.,0.));
#9653=DIRECTION('',(0.,0.,1.));
#9654=DIRECTION('',(1.,0.,0.));
#9655=DIRECTION('center_axis',(0.,0.,1.));
#9656=DIRECTION('ref_axis',(1.,0.,0.));
#9657=DIRECTION('center_axis',(0.,0.,1.));
#9658=DIRECTION('ref_axis',(1.,0.,0.));
#9659=DIRECTION('',(0.,0.,1.));
#9660=DIRECTION('center_axis',(0.,0.,-1.));
#9661=DIRECTION('ref_axis',(1.,0.,0.));
#9662=DIRECTION('center_axis',(-1.,0.,0.));
#9663=DIRECTION('ref_axis',(0.,-1.,0.));
#9664=DIRECTION('',(0.,1.,0.));
#9665=DIRECTION('',(0.,0.,1.));
#9666=DIRECTION('',(0.,-1.,0.));
#9667=DIRECTION('center_axis',(0.,0.,1.));
#9668=DIRECTION('ref_axis',(0.,-1.,0.));
#9669=DIRECTION('center_axis',(0.,0.,1.));
#9670=DIRECTION('ref_axis',(0.,-1.,0.));
#9671=DIRECTION('',(0.,0.,1.));
#9672=DIRECTION('center_axis',(0.,0.,-1.));
#9673=DIRECTION('ref_axis',(0.,-1.,0.));
#9674=DIRECTION('center_axis',(0.,1.,0.));
#9675=DIRECTION('ref_axis',(-1.,0.,0.));
#9676=DIRECTION('',(1.,0.,0.));
#9677=DIRECTION('',(0.,0.,1.));
#9678=DIRECTION('',(-1.,0.,0.));
#9679=DIRECTION('center_axis',(0.,0.,1.));
#9680=DIRECTION('ref_axis',(-1.,-7.10542735760115E-14,0.));
#9681=DIRECTION('center_axis',(0.,0.,1.));
#9682=DIRECTION('ref_axis',(-1.,-7.10542735760115E-14,0.));
#9683=DIRECTION('center_axis',(0.,0.,-1.));
#9684=DIRECTION('ref_axis',(-1.,-7.10542735760115E-14,0.));
#9685=DIRECTION('center_axis',(1.,-8.54017711250119E-17,0.));
#9686=DIRECTION('ref_axis',(8.54017711250119E-17,1.,0.));
#9687=DIRECTION('',(-8.54017711250119E-17,-1.,0.));
#9688=DIRECTION('',(0.,0.,1.));
#9689=DIRECTION('',(8.54017711250119E-17,1.,0.));
#9690=DIRECTION('',(0.,0.,1.));
#9691=DIRECTION('center_axis',(0.,0.,1.));
#9692=DIRECTION('ref_axis',(0.,1.,0.));
#9693=DIRECTION('center_axis',(0.,0.,1.));
#9694=DIRECTION('ref_axis',(0.,1.,0.));
#9695=DIRECTION('',(0.,0.,1.));
#9696=DIRECTION('center_axis',(0.,0.,-1.));
#9697=DIRECTION('ref_axis',(0.,1.,0.));
#9698=DIRECTION('center_axis',(0.,-1.,0.));
#9699=DIRECTION('ref_axis',(1.,0.,0.));
#9700=DIRECTION('',(-1.,0.,0.));
#9701=DIRECTION('',(0.,0.,1.));
#9702=DIRECTION('',(1.,0.,0.));
#9703=DIRECTION('center_axis',(0.,0.,1.));
#9704=DIRECTION('ref_axis',(1.,0.,0.));
#9705=DIRECTION('center_axis',(0.,0.,1.));
#9706=DIRECTION('ref_axis',(1.,0.,0.));
#9707=DIRECTION('',(0.,0.,1.));
#9708=DIRECTION('center_axis',(0.,0.,-1.));
#9709=DIRECTION('ref_axis',(1.,0.,0.));
#9710=DIRECTION('center_axis',(-1.,-6.83214169000096E-16,0.));
#9711=DIRECTION('ref_axis',(6.83214169000096E-16,-1.,0.));
#9712=DIRECTION('',(-6.83214169000096E-16,1.,0.));
#9713=DIRECTION('',(0.,0.,1.));
#9714=DIRECTION('',(6.83214169000096E-16,-1.,0.));
#9715=DIRECTION('center_axis',(0.,0.,1.));
#9716=DIRECTION('ref_axis',(0.,-1.,0.));
#9717=DIRECTION('center_axis',(0.,0.,1.));
#9718=DIRECTION('ref_axis',(0.,-1.,0.));
#9719=DIRECTION('',(0.,0.,1.));
#9720=DIRECTION('center_axis',(0.,0.,-1.));
#9721=DIRECTION('ref_axis',(0.,-1.,0.));
#9722=DIRECTION('center_axis',(0.,1.,0.));
#9723=DIRECTION('ref_axis',(-1.,0.,0.));
#9724=DIRECTION('',(1.,0.,0.));
#9725=DIRECTION('',(0.,0.,1.));
#9726=DIRECTION('',(-1.,0.,0.));
#9727=DIRECTION('center_axis',(0.,0.,1.));
#9728=DIRECTION('ref_axis',(-1.,-1.77635683940025E-14,0.));
#9729=DIRECTION('center_axis',(0.,0.,1.));
#9730=DIRECTION('ref_axis',(-1.,-1.77635683940025E-14,0.));
#9731=DIRECTION('center_axis',(0.,0.,-1.));
#9732=DIRECTION('ref_axis',(-1.,-1.77635683940025E-14,0.));
#9733=DIRECTION('center_axis',(1.,0.,0.));
#9734=DIRECTION('ref_axis',(0.,1.,0.));
#9735=DIRECTION('',(0.,-1.,0.));
#9736=DIRECTION('',(0.,0.,1.));
#9737=DIRECTION('',(0.,1.,0.));
#9738=DIRECTION('',(0.,0.,1.));
#9739=DIRECTION('center_axis',(0.,0.,1.));
#9740=DIRECTION('ref_axis',(0.,1.,0.));
#9741=DIRECTION('center_axis',(0.,0.,1.));
#9742=DIRECTION('ref_axis',(0.,1.,0.));
#9743=DIRECTION('',(0.,0.,1.));
#9744=DIRECTION('center_axis',(0.,0.,-1.));
#9745=DIRECTION('ref_axis',(0.,1.,0.));
#9746=DIRECTION('center_axis',(0.,-1.,0.));
#9747=DIRECTION('ref_axis',(1.,0.,0.));
#9748=DIRECTION('',(-1.,0.,0.));
#9749=DIRECTION('',(0.,0.,1.));
#9750=DIRECTION('',(1.,0.,0.));
#9751=DIRECTION('center_axis',(0.,0.,1.));
#9752=DIRECTION('ref_axis',(1.,0.,0.));
#9753=DIRECTION('center_axis',(0.,0.,1.));
#9754=DIRECTION('ref_axis',(1.,0.,0.));
#9755=DIRECTION('',(0.,0.,1.));
#9756=DIRECTION('center_axis',(0.,0.,-1.));
#9757=DIRECTION('ref_axis',(1.,0.,0.));
#9758=DIRECTION('center_axis',(-1.,0.,0.));
#9759=DIRECTION('ref_axis',(0.,-1.,0.));
#9760=DIRECTION('',(0.,1.,0.));
#9761=DIRECTION('',(0.,0.,1.));
#9762=DIRECTION('',(0.,-1.,0.));
#9763=DIRECTION('center_axis',(0.,0.,1.));
#9764=DIRECTION('ref_axis',(0.,-1.,0.));
#9765=DIRECTION('center_axis',(0.,0.,1.));
#9766=DIRECTION('ref_axis',(0.,-1.,0.));
#9767=DIRECTION('',(0.,0.,1.));
#9768=DIRECTION('center_axis',(0.,0.,-1.));
#9769=DIRECTION('ref_axis',(0.,-1.,0.));
#9770=DIRECTION('center_axis',(0.,1.,0.));
#9771=DIRECTION('ref_axis',(-1.,0.,0.));
#9772=DIRECTION('',(1.,0.,0.));
#9773=DIRECTION('',(0.,0.,1.));
#9774=DIRECTION('',(-1.,0.,0.));
#9775=DIRECTION('center_axis',(0.,0.,1.));
#9776=DIRECTION('ref_axis',(-1.,0.,0.));
#9777=DIRECTION('center_axis',(0.,0.,1.));
#9778=DIRECTION('ref_axis',(-1.,0.,0.));
#9779=DIRECTION('center_axis',(0.,0.,-1.));
#9780=DIRECTION('ref_axis',(-1.,0.,0.));
#9781=DIRECTION('center_axis',(1.,0.,0.));
#9782=DIRECTION('ref_axis',(0.,1.,0.));
#9783=DIRECTION('',(0.,-1.,0.));
#9784=DIRECTION('',(0.,0.,1.));
#9785=DIRECTION('',(0.,1.,0.));
#9786=DIRECTION('',(0.,0.,1.));
#9787=DIRECTION('center_axis',(0.,0.,1.));
#9788=DIRECTION('ref_axis',(0.,1.,0.));
#9789=DIRECTION('center_axis',(0.,0.,1.));
#9790=DIRECTION('ref_axis',(0.,1.,0.));
#9791=DIRECTION('',(0.,0.,1.));
#9792=DIRECTION('center_axis',(0.,0.,-1.));
#9793=DIRECTION('ref_axis',(0.,1.,0.));
#9794=DIRECTION('center_axis',(0.,-1.,0.));
#9795=DIRECTION('ref_axis',(1.,0.,0.));
#9796=DIRECTION('',(-1.,0.,0.));
#9797=DIRECTION('',(0.,0.,1.));
#9798=DIRECTION('',(1.,0.,0.));
#9799=DIRECTION('center_axis',(0.,0.,1.));
#9800=DIRECTION('ref_axis',(1.,0.,0.));
#9801=DIRECTION('center_axis',(0.,0.,1.));
#9802=DIRECTION('ref_axis',(1.,0.,0.));
#9803=DIRECTION('',(0.,0.,1.));
#9804=DIRECTION('center_axis',(0.,0.,-1.));
#9805=DIRECTION('ref_axis',(1.,0.,0.));
#9806=DIRECTION('center_axis',(-1.,0.,0.));
#9807=DIRECTION('ref_axis',(0.,-1.,0.));
#9808=DIRECTION('',(0.,1.,0.));
#9809=DIRECTION('',(0.,0.,1.));
#9810=DIRECTION('',(0.,-1.,0.));
#9811=DIRECTION('center_axis',(0.,0.,1.));
#9812=DIRECTION('ref_axis',(-1.77635683940023E-14,-1.,0.));
#9813=DIRECTION('center_axis',(0.,0.,1.));
#9814=DIRECTION('ref_axis',(-1.77635683940023E-14,-1.,0.));
#9815=DIRECTION('',(0.,0.,1.));
#9816=DIRECTION('center_axis',(0.,0.,-1.));
#9817=DIRECTION('ref_axis',(-1.77635683940023E-14,-1.,0.));
#9818=DIRECTION('center_axis',(0.,1.,0.));
#9819=DIRECTION('ref_axis',(-1.,0.,0.));
#9820=DIRECTION('',(1.,0.,0.));
#9821=DIRECTION('',(0.,0.,1.));
#9822=DIRECTION('',(-1.,0.,0.));
#9823=DIRECTION('center_axis',(0.,0.,1.));
#9824=DIRECTION('ref_axis',(-1.,-7.10542735760103E-14,0.));
#9825=DIRECTION('center_axis',(0.,0.,1.));
#9826=DIRECTION('ref_axis',(-1.,-7.10542735760103E-14,0.));
#9827=DIRECTION('center_axis',(0.,0.,-1.));
#9828=DIRECTION('ref_axis',(-1.,-7.10542735760103E-14,0.));
#9829=DIRECTION('center_axis',(1.,0.,0.));
#9830=DIRECTION('ref_axis',(0.,1.,0.));
#9831=DIRECTION('',(0.,-1.,0.));
#9832=DIRECTION('',(0.,0.,1.));
#9833=DIRECTION('',(0.,1.,0.));
#9834=DIRECTION('',(0.,0.,1.));
#9835=DIRECTION('center_axis',(0.,0.,1.));
#9836=DIRECTION('ref_axis',(0.,1.,0.));
#9837=DIRECTION('center_axis',(0.,0.,1.));
#9838=DIRECTION('ref_axis',(0.,1.,0.));
#9839=DIRECTION('',(0.,0.,1.));
#9840=DIRECTION('center_axis',(0.,0.,-1.));
#9841=DIRECTION('ref_axis',(0.,1.,0.));
#9842=DIRECTION('center_axis',(0.,-1.,0.));
#9843=DIRECTION('ref_axis',(1.,0.,0.));
#9844=DIRECTION('',(-1.,0.,0.));
#9845=DIRECTION('',(0.,0.,1.));
#9846=DIRECTION('',(1.,0.,0.));
#9847=DIRECTION('center_axis',(0.,0.,1.));
#9848=DIRECTION('ref_axis',(1.,0.,0.));
#9849=DIRECTION('center_axis',(0.,0.,1.));
#9850=DIRECTION('ref_axis',(1.,0.,0.));
#9851=DIRECTION('',(0.,0.,1.));
#9852=DIRECTION('center_axis',(0.,0.,-1.));
#9853=DIRECTION('ref_axis',(1.,0.,0.));
#9854=DIRECTION('center_axis',(-1.,-1.36642833800019E-15,0.));
#9855=DIRECTION('ref_axis',(1.36642833800019E-15,-1.,0.));
#9856=DIRECTION('',(-1.36642833800019E-15,1.,0.));
#9857=DIRECTION('',(0.,0.,1.));
#9858=DIRECTION('',(1.36642833800019E-15,-1.,0.));
#9859=DIRECTION('center_axis',(0.,0.,1.));
#9860=DIRECTION('ref_axis',(0.,-1.,0.));
#9861=DIRECTION('center_axis',(0.,0.,1.));
#9862=DIRECTION('ref_axis',(0.,-1.,0.));
#9863=DIRECTION('',(0.,0.,1.));
#9864=DIRECTION('center_axis',(0.,0.,-1.));
#9865=DIRECTION('ref_axis',(0.,-1.,0.));
#9866=DIRECTION('center_axis',(0.,1.,0.));
#9867=DIRECTION('ref_axis',(-1.,0.,0.));
#9868=DIRECTION('',(1.,0.,0.));
#9869=DIRECTION('',(0.,0.,1.));
#9870=DIRECTION('',(-1.,0.,0.));
#9871=DIRECTION('center_axis',(0.,0.,1.));
#9872=DIRECTION('ref_axis',(-1.,-1.77635683940023E-14,0.));
#9873=DIRECTION('center_axis',(0.,0.,1.));
#9874=DIRECTION('ref_axis',(-1.,-1.77635683940023E-14,0.));
#9875=DIRECTION('center_axis',(0.,0.,-1.));
#9876=DIRECTION('ref_axis',(-1.,-1.77635683940023E-14,0.));
#9877=DIRECTION('center_axis',(1.,0.,0.));
#9878=DIRECTION('ref_axis',(0.,1.,0.));
#9879=DIRECTION('',(0.,-1.,0.));
#9880=DIRECTION('',(0.,0.,1.));
#9881=DIRECTION('',(0.,1.,0.));
#9882=DIRECTION('',(0.,0.,1.));
#9883=DIRECTION('center_axis',(0.,0.,1.));
#9884=DIRECTION('ref_axis',(0.,1.,0.));
#9885=DIRECTION('center_axis',(0.,0.,1.));
#9886=DIRECTION('ref_axis',(0.,1.,0.));
#9887=DIRECTION('',(0.,0.,1.));
#9888=DIRECTION('center_axis',(0.,0.,-1.));
#9889=DIRECTION('ref_axis',(0.,1.,0.));
#9890=DIRECTION('center_axis',(0.,-1.,0.));
#9891=DIRECTION('ref_axis',(1.,0.,0.));
#9892=DIRECTION('',(-1.,0.,0.));
#9893=DIRECTION('',(0.,0.,1.));
#9894=DIRECTION('',(1.,0.,0.));
#9895=DIRECTION('center_axis',(0.,0.,1.));
#9896=DIRECTION('ref_axis',(1.,0.,0.));
#9897=DIRECTION('center_axis',(0.,0.,1.));
#9898=DIRECTION('ref_axis',(1.,0.,0.));
#9899=DIRECTION('',(0.,0.,1.));
#9900=DIRECTION('center_axis',(0.,0.,-1.));
#9901=DIRECTION('ref_axis',(1.,0.,0.));
#9902=DIRECTION('center_axis',(-1.,0.,0.));
#9903=DIRECTION('ref_axis',(0.,-1.,0.));
#9904=DIRECTION('',(0.,1.,0.));
#9905=DIRECTION('',(0.,0.,1.));
#9906=DIRECTION('',(0.,-1.,0.));
#9907=DIRECTION('center_axis',(0.,0.,1.));
#9908=DIRECTION('ref_axis',(0.,-1.,0.));
#9909=DIRECTION('center_axis',(0.,0.,1.));
#9910=DIRECTION('ref_axis',(0.,-1.,0.));
#9911=DIRECTION('',(0.,0.,1.));
#9912=DIRECTION('center_axis',(0.,0.,-1.));
#9913=DIRECTION('ref_axis',(0.,-1.,0.));
#9914=DIRECTION('center_axis',(0.,1.,0.));
#9915=DIRECTION('ref_axis',(-1.,0.,0.));
#9916=DIRECTION('',(1.,0.,0.));
#9917=DIRECTION('',(0.,0.,1.));
#9918=DIRECTION('',(-1.,0.,0.));
#9919=DIRECTION('center_axis',(0.,0.,1.));
#9920=DIRECTION('ref_axis',(-1.,0.,0.));
#9921=DIRECTION('center_axis',(0.,0.,1.));
#9922=DIRECTION('ref_axis',(-1.,0.,0.));
#9923=DIRECTION('center_axis',(0.,0.,-1.));
#9924=DIRECTION('ref_axis',(-1.,0.,0.));
#9925=DIRECTION('center_axis',(0.,0.,1.));
#9926=DIRECTION('ref_axis',(1.,0.,0.));
#9927=DIRECTION('center_axis',(0.,0.,-1.));
#9928=DIRECTION('ref_axis',(1.,0.,0.));
#9929=DIRECTION('',(0.,0.,-1.));
#9930=DIRECTION('center_axis',(0.,0.,1.));
#9931=DIRECTION('ref_axis',(1.,0.,0.));
#9932=DIRECTION('center_axis',(1.,0.,0.));
#9933=DIRECTION('ref_axis',(0.,1.,0.));
#9934=DIRECTION('',(0.,-1.,0.));
#9935=DIRECTION('',(0.,0.,1.));
#9936=DIRECTION('',(0.,1.,0.));
#9937=DIRECTION('',(0.,0.,1.));
#9938=DIRECTION('center_axis',(0.,0.,1.));
#9939=DIRECTION('ref_axis',(0.,1.,0.));
#9940=DIRECTION('center_axis',(0.,0.,1.));
#9941=DIRECTION('ref_axis',(0.,1.,0.));
#9942=DIRECTION('',(0.,0.,1.));
#9943=DIRECTION('center_axis',(0.,0.,-1.));
#9944=DIRECTION('ref_axis',(0.,1.,0.));
#9945=DIRECTION('center_axis',(0.,-1.,0.));
#9946=DIRECTION('ref_axis',(1.,0.,0.));
#9947=DIRECTION('',(-1.,0.,0.));
#9948=DIRECTION('',(0.,0.,1.));
#9949=DIRECTION('',(1.,0.,0.));
#9950=DIRECTION('center_axis',(0.,0.,1.));
#9951=DIRECTION('ref_axis',(1.,0.,0.));
#9952=DIRECTION('center_axis',(0.,0.,1.));
#9953=DIRECTION('ref_axis',(1.,0.,0.));
#9954=DIRECTION('',(0.,0.,1.));
#9955=DIRECTION('center_axis',(0.,0.,-1.));
#9956=DIRECTION('ref_axis',(1.,0.,0.));
#9957=DIRECTION('center_axis',(-1.,0.,0.));
#9958=DIRECTION('ref_axis',(0.,-1.,0.));
#9959=DIRECTION('',(0.,1.,0.));
#9960=DIRECTION('',(0.,0.,1.));
#9961=DIRECTION('',(0.,-1.,0.));
#9962=DIRECTION('center_axis',(0.,0.,1.));
#9963=DIRECTION('ref_axis',(0.,-1.,0.));
#9964=DIRECTION('center_axis',(0.,0.,1.));
#9965=DIRECTION('ref_axis',(0.,-1.,0.));
#9966=DIRECTION('',(0.,0.,1.));
#9967=DIRECTION('center_axis',(0.,0.,-1.));
#9968=DIRECTION('ref_axis',(0.,-1.,0.));
#9969=DIRECTION('center_axis',(0.,1.,0.));
#9970=DIRECTION('ref_axis',(-1.,0.,0.));
#9971=DIRECTION('',(1.,0.,0.));
#9972=DIRECTION('',(0.,0.,1.));
#9973=DIRECTION('',(-1.,0.,0.));
#9974=DIRECTION('center_axis',(0.,0.,1.));
#9975=DIRECTION('ref_axis',(-1.,-7.10542735760103E-14,0.));
#9976=DIRECTION('center_axis',(0.,0.,1.));
#9977=DIRECTION('ref_axis',(-1.,-7.10542735760103E-14,0.));
#9978=DIRECTION('center_axis',(0.,0.,-1.));
#9979=DIRECTION('ref_axis',(-1.,-7.10542735760103E-14,0.));
#9980=DIRECTION('center_axis',(1.,1.36642833800019E-15,0.));
#9981=DIRECTION('ref_axis',(-1.36642833800019E-15,1.,0.));
#9982=DIRECTION('',(1.36642833800019E-15,-1.,0.));
#9983=DIRECTION('',(0.,0.,1.));
#9984=DIRECTION('',(-1.36642833800019E-15,1.,0.));
#9985=DIRECTION('',(0.,0.,1.));
#9986=DIRECTION('center_axis',(0.,0.,1.));
#9987=DIRECTION('ref_axis',(0.,1.,0.));
#9988=DIRECTION('center_axis',(0.,0.,1.));
#9989=DIRECTION('ref_axis',(0.,1.,0.));
#9990=DIRECTION('',(0.,0.,1.));
#9991=DIRECTION('center_axis',(0.,0.,-1.));
#9992=DIRECTION('ref_axis',(0.,1.,0.));
#9993=DIRECTION('center_axis',(0.,-1.,0.));
#9994=DIRECTION('ref_axis',(1.,0.,0.));
#9995=DIRECTION('',(-1.,0.,0.));
#9996=DIRECTION('',(0.,0.,1.));
#9997=DIRECTION('',(1.,0.,0.));
#9998=DIRECTION('center_axis',(0.,0.,1.));
#9999=DIRECTION('ref_axis',(1.,0.,0.));
#10000=DIRECTION('center_axis',(0.,0.,1.));
#10001=DIRECTION('ref_axis',(1.,0.,0.));
#10002=DIRECTION('',(0.,0.,1.));
#10003=DIRECTION('center_axis',(0.,0.,-1.));
#10004=DIRECTION('ref_axis',(1.,0.,0.));
#10005=DIRECTION('center_axis',(-1.,0.,0.));
#10006=DIRECTION('ref_axis',(0.,-1.,0.));
#10007=DIRECTION('',(0.,1.,0.));
#10008=DIRECTION('',(0.,0.,1.));
#10009=DIRECTION('',(0.,-1.,0.));
#10010=DIRECTION('center_axis',(0.,0.,1.));
#10011=DIRECTION('ref_axis',(0.,-1.,0.));
#10012=DIRECTION('center_axis',(0.,0.,1.));
#10013=DIRECTION('ref_axis',(0.,-1.,0.));
#10014=DIRECTION('',(0.,0.,1.));
#10015=DIRECTION('center_axis',(0.,0.,-1.));
#10016=DIRECTION('ref_axis',(0.,-1.,0.));
#10017=DIRECTION('center_axis',(0.,1.,0.));
#10018=DIRECTION('ref_axis',(-1.,0.,0.));
#10019=DIRECTION('',(1.,0.,0.));
#10020=DIRECTION('',(0.,0.,1.));
#10021=DIRECTION('',(-1.,0.,0.));
#10022=DIRECTION('center_axis',(0.,0.,1.));
#10023=DIRECTION('ref_axis',(-1.,0.,0.));
#10024=DIRECTION('center_axis',(0.,0.,1.));
#10025=DIRECTION('ref_axis',(-1.,0.,0.));
#10026=DIRECTION('center_axis',(0.,0.,-1.));
#10027=DIRECTION('ref_axis',(-1.,0.,0.));
#10028=DIRECTION('center_axis',(1.,0.,0.));
#10029=DIRECTION('ref_axis',(0.,1.,0.));
#10030=DIRECTION('',(0.,-1.,0.));
#10031=DIRECTION('',(0.,0.,1.));
#10032=DIRECTION('',(0.,1.,0.));
#10033=DIRECTION('',(0.,0.,1.));
#10034=DIRECTION('center_axis',(0.,0.,1.));
#10035=DIRECTION('ref_axis',(0.,1.,0.));
#10036=DIRECTION('center_axis',(0.,0.,1.));
#10037=DIRECTION('ref_axis',(0.,1.,0.));
#10038=DIRECTION('',(0.,0.,1.));
#10039=DIRECTION('center_axis',(0.,0.,-1.));
#10040=DIRECTION('ref_axis',(0.,1.,0.));
#10041=DIRECTION('center_axis',(0.,-1.,0.));
#10042=DIRECTION('ref_axis',(1.,0.,0.));
#10043=DIRECTION('',(-1.,0.,0.));
#10044=DIRECTION('',(0.,0.,1.));
#10045=DIRECTION('',(1.,0.,0.));
#10046=DIRECTION('center_axis',(0.,0.,1.));
#10047=DIRECTION('ref_axis',(1.,0.,0.));
#10048=DIRECTION('center_axis',(0.,0.,1.));
#10049=DIRECTION('ref_axis',(1.,0.,0.));
#10050=DIRECTION('',(0.,0.,1.));
#10051=DIRECTION('center_axis',(0.,0.,-1.));
#10052=DIRECTION('ref_axis',(1.,0.,0.));
#10053=DIRECTION('center_axis',(-1.,0.,0.));
#10054=DIRECTION('ref_axis',(0.,-1.,0.));
#10055=DIRECTION('',(0.,1.,0.));
#10056=DIRECTION('',(0.,0.,1.));
#10057=DIRECTION('',(0.,-1.,0.));
#10058=DIRECTION('center_axis',(0.,0.,1.));
#10059=DIRECTION('ref_axis',(0.,-1.,0.));
#10060=DIRECTION('center_axis',(0.,0.,1.));
#10061=DIRECTION('ref_axis',(0.,-1.,0.));
#10062=DIRECTION('',(0.,0.,1.));
#10063=DIRECTION('center_axis',(0.,0.,-1.));
#10064=DIRECTION('ref_axis',(0.,-1.,0.));
#10065=DIRECTION('center_axis',(0.,1.,0.));
#10066=DIRECTION('ref_axis',(-1.,0.,0.));
#10067=DIRECTION('',(1.,0.,0.));
#10068=DIRECTION('',(0.,0.,1.));
#10069=DIRECTION('',(-1.,0.,0.));
#10070=DIRECTION('center_axis',(0.,0.,1.));
#10071=DIRECTION('ref_axis',(-1.,-1.77635683940029E-14,0.));
#10072=DIRECTION('center_axis',(0.,0.,1.));
#10073=DIRECTION('ref_axis',(-1.,-1.77635683940029E-14,0.));
#10074=DIRECTION('center_axis',(0.,0.,-1.));
#10075=DIRECTION('ref_axis',(-1.,-1.77635683940029E-14,0.));
#10076=DIRECTION('center_axis',(1.,0.,0.));
#10077=DIRECTION('ref_axis',(0.,1.,0.));
#10078=DIRECTION('',(0.,-1.,0.));
#10079=DIRECTION('',(0.,0.,1.));
#10080=DIRECTION('',(0.,1.,0.));
#10081=DIRECTION('',(0.,0.,1.));
#10082=DIRECTION('center_axis',(0.,0.,1.));
#10083=DIRECTION('ref_axis',(0.,1.,0.));
#10084=DIRECTION('center_axis',(0.,0.,1.));
#10085=DIRECTION('ref_axis',(0.,1.,0.));
#10086=DIRECTION('',(0.,0.,1.));
#10087=DIRECTION('center_axis',(0.,0.,-1.));
#10088=DIRECTION('ref_axis',(0.,1.,0.));
#10089=DIRECTION('center_axis',(0.,-1.,0.));
#10090=DIRECTION('ref_axis',(1.,0.,0.));
#10091=DIRECTION('',(-1.,0.,0.));
#10092=DIRECTION('',(0.,0.,1.));
#10093=DIRECTION('',(1.,0.,0.));
#10094=DIRECTION('center_axis',(0.,0.,1.));
#10095=DIRECTION('ref_axis',(1.,0.,0.));
#10096=DIRECTION('center_axis',(0.,0.,1.));
#10097=DIRECTION('ref_axis',(1.,0.,0.));
#10098=DIRECTION('',(0.,0.,1.));
#10099=DIRECTION('center_axis',(0.,0.,-1.));
#10100=DIRECTION('ref_axis',(1.,0.,0.));
#10101=DIRECTION('center_axis',(-1.,0.,0.));
#10102=DIRECTION('ref_axis',(0.,-1.,0.));
#10103=DIRECTION('',(0.,1.,0.));
#10104=DIRECTION('',(0.,0.,1.));
#10105=DIRECTION('',(0.,-1.,0.));
#10106=DIRECTION('center_axis',(0.,0.,1.));
#10107=DIRECTION('ref_axis',(0.,-1.,0.));
#10108=DIRECTION('center_axis',(0.,0.,1.));
#10109=DIRECTION('ref_axis',(0.,-1.,0.));
#10110=DIRECTION('',(0.,0.,1.));
#10111=DIRECTION('center_axis',(0.,0.,-1.));
#10112=DIRECTION('ref_axis',(0.,-1.,0.));
#10113=DIRECTION('center_axis',(0.,1.,0.));
#10114=DIRECTION('ref_axis',(-1.,0.,0.));
#10115=DIRECTION('',(1.,0.,0.));
#10116=DIRECTION('',(0.,0.,1.));
#10117=DIRECTION('',(-1.,0.,0.));
#10118=DIRECTION('center_axis',(0.,0.,1.));
#10119=DIRECTION('ref_axis',(-1.,0.,0.));
#10120=DIRECTION('center_axis',(0.,0.,1.));
#10121=DIRECTION('ref_axis',(-1.,0.,0.));
#10122=DIRECTION('center_axis',(0.,0.,-1.));
#10123=DIRECTION('ref_axis',(-1.,0.,0.));
#10124=DIRECTION('center_axis',(1.,0.,0.));
#10125=DIRECTION('ref_axis',(0.,1.,0.));
#10126=DIRECTION('',(0.,-1.,0.));
#10127=DIRECTION('',(0.,0.,1.));
#10128=DIRECTION('',(0.,1.,0.));
#10129=DIRECTION('',(0.,0.,1.));
#10130=DIRECTION('center_axis',(0.,0.,1.));
#10131=DIRECTION('ref_axis',(0.,1.,0.));
#10132=DIRECTION('center_axis',(0.,0.,1.));
#10133=DIRECTION('ref_axis',(0.,1.,0.));
#10134=DIRECTION('',(0.,0.,1.));
#10135=DIRECTION('center_axis',(0.,0.,-1.));
#10136=DIRECTION('ref_axis',(0.,1.,0.));
#10137=DIRECTION('center_axis',(0.,-1.,0.));
#10138=DIRECTION('ref_axis',(1.,0.,0.));
#10139=DIRECTION('',(-1.,0.,0.));
#10140=DIRECTION('',(0.,0.,1.));
#10141=DIRECTION('',(1.,0.,0.));
#10142=DIRECTION('center_axis',(0.,0.,1.));
#10143=DIRECTION('ref_axis',(1.,0.,0.));
#10144=DIRECTION('center_axis',(0.,0.,1.));
#10145=DIRECTION('ref_axis',(1.,0.,0.));
#10146=DIRECTION('',(0.,0.,1.));
#10147=DIRECTION('center_axis',(0.,0.,-1.));
#10148=DIRECTION('ref_axis',(1.,0.,0.));
#10149=DIRECTION('center_axis',(-1.,0.,0.));
#10150=DIRECTION('ref_axis',(0.,-1.,0.));
#10151=DIRECTION('',(0.,1.,0.));
#10152=DIRECTION('',(0.,0.,1.));
#10153=DIRECTION('',(0.,-1.,0.));
#10154=DIRECTION('center_axis',(0.,0.,1.));
#10155=DIRECTION('ref_axis',(0.,-1.,0.));
#10156=DIRECTION('center_axis',(0.,0.,1.));
#10157=DIRECTION('ref_axis',(0.,-1.,0.));
#10158=DIRECTION('',(0.,0.,1.));
#10159=DIRECTION('center_axis',(0.,0.,-1.));
#10160=DIRECTION('ref_axis',(0.,-1.,0.));
#10161=DIRECTION('center_axis',(0.,1.,0.));
#10162=DIRECTION('ref_axis',(-1.,0.,0.));
#10163=DIRECTION('',(1.,0.,0.));
#10164=DIRECTION('',(0.,0.,1.));
#10165=DIRECTION('',(-1.,0.,0.));
#10166=DIRECTION('center_axis',(0.,0.,1.));
#10167=DIRECTION('ref_axis',(-1.,0.,0.));
#10168=DIRECTION('center_axis',(0.,0.,1.));
#10169=DIRECTION('ref_axis',(-1.,0.,0.));
#10170=DIRECTION('center_axis',(0.,0.,-1.));
#10171=DIRECTION('ref_axis',(-1.,0.,0.));
#10172=DIRECTION('center_axis',(1.,0.,0.));
#10173=DIRECTION('ref_axis',(0.,1.,0.));
#10174=DIRECTION('',(0.,-1.,0.));
#10175=DIRECTION('',(0.,0.,1.));
#10176=DIRECTION('',(0.,1.,0.));
#10177=DIRECTION('',(0.,0.,1.));
#10178=DIRECTION('center_axis',(0.,0.,1.));
#10179=DIRECTION('ref_axis',(0.,1.,0.));
#10180=DIRECTION('center_axis',(0.,0.,1.));
#10181=DIRECTION('ref_axis',(0.,1.,0.));
#10182=DIRECTION('',(0.,0.,1.));
#10183=DIRECTION('center_axis',(0.,0.,-1.));
#10184=DIRECTION('ref_axis',(0.,1.,0.));
#10185=DIRECTION('center_axis',(0.,-1.,0.));
#10186=DIRECTION('ref_axis',(1.,0.,0.));
#10187=DIRECTION('',(-1.,0.,0.));
#10188=DIRECTION('',(0.,0.,1.));
#10189=DIRECTION('',(1.,0.,0.));
#10190=DIRECTION('center_axis',(0.,0.,1.));
#10191=DIRECTION('ref_axis',(1.,0.,0.));
#10192=DIRECTION('center_axis',(0.,0.,1.));
#10193=DIRECTION('ref_axis',(1.,0.,0.));
#10194=DIRECTION('',(0.,0.,1.));
#10195=DIRECTION('center_axis',(0.,0.,-1.));
#10196=DIRECTION('ref_axis',(1.,0.,0.));
#10197=DIRECTION('center_axis',(-1.,0.,0.));
#10198=DIRECTION('ref_axis',(0.,-1.,0.));
#10199=DIRECTION('',(0.,1.,0.));
#10200=DIRECTION('',(0.,0.,1.));
#10201=DIRECTION('',(0.,-1.,0.));
#10202=DIRECTION('center_axis',(0.,0.,1.));
#10203=DIRECTION('ref_axis',(0.,-1.,0.));
#10204=DIRECTION('center_axis',(0.,0.,1.));
#10205=DIRECTION('ref_axis',(0.,-1.,0.));
#10206=DIRECTION('',(0.,0.,1.));
#10207=DIRECTION('center_axis',(0.,0.,-1.));
#10208=DIRECTION('ref_axis',(0.,-1.,0.));
#10209=DIRECTION('center_axis',(0.,1.,0.));
#10210=DIRECTION('ref_axis',(-1.,0.,0.));
#10211=DIRECTION('',(1.,0.,0.));
#10212=DIRECTION('',(0.,0.,1.));
#10213=DIRECTION('',(-1.,0.,0.));
#10214=DIRECTION('center_axis',(0.,0.,1.));
#10215=DIRECTION('ref_axis',(-1.,0.,0.));
#10216=DIRECTION('center_axis',(0.,0.,1.));
#10217=DIRECTION('ref_axis',(-1.,0.,0.));
#10218=DIRECTION('center_axis',(0.,0.,-1.));
#10219=DIRECTION('ref_axis',(-1.,0.,0.));
#10220=DIRECTION('center_axis',(1.,0.,0.));
#10221=DIRECTION('ref_axis',(0.,1.,0.));
#10222=DIRECTION('',(0.,-1.,0.));
#10223=DIRECTION('',(0.,0.,1.));
#10224=DIRECTION('',(0.,1.,0.));
#10225=DIRECTION('',(0.,0.,1.));
#10226=DIRECTION('center_axis',(0.,0.,1.));
#10227=DIRECTION('ref_axis',(0.,1.,0.));
#10228=DIRECTION('center_axis',(0.,0.,1.));
#10229=DIRECTION('ref_axis',(0.,1.,0.));
#10230=DIRECTION('',(0.,0.,1.));
#10231=DIRECTION('center_axis',(0.,0.,-1.));
#10232=DIRECTION('ref_axis',(0.,1.,0.));
#10233=DIRECTION('center_axis',(0.,-1.,0.));
#10234=DIRECTION('ref_axis',(1.,0.,0.));
#10235=DIRECTION('',(-1.,0.,0.));
#10236=DIRECTION('',(0.,0.,1.));
#10237=DIRECTION('',(1.,0.,0.));
#10238=DIRECTION('center_axis',(0.,0.,1.));
#10239=DIRECTION('ref_axis',(1.,0.,0.));
#10240=DIRECTION('center_axis',(0.,0.,1.));
#10241=DIRECTION('ref_axis',(1.,0.,0.));
#10242=DIRECTION('',(0.,0.,1.));
#10243=DIRECTION('center_axis',(0.,0.,-1.));
#10244=DIRECTION('ref_axis',(1.,0.,0.));
#10245=DIRECTION('center_axis',(-1.,-6.83214169000096E-16,0.));
#10246=DIRECTION('ref_axis',(6.83214169000096E-16,-1.,0.));
#10247=DIRECTION('',(-6.83214169000096E-16,1.,0.));
#10248=DIRECTION('',(0.,0.,1.));
#10249=DIRECTION('',(6.83214169000096E-16,-1.,0.));
#10250=DIRECTION('center_axis',(0.,0.,1.));
#10251=DIRECTION('ref_axis',(0.,-1.,0.));
#10252=DIRECTION('center_axis',(0.,0.,1.));
#10253=DIRECTION('ref_axis',(0.,-1.,0.));
#10254=DIRECTION('',(0.,0.,1.));
#10255=DIRECTION('center_axis',(0.,0.,-1.));
#10256=DIRECTION('ref_axis',(0.,-1.,0.));
#10257=DIRECTION('center_axis',(0.,1.,0.));
#10258=DIRECTION('ref_axis',(-1.,0.,0.));
#10259=DIRECTION('',(1.,0.,0.));
#10260=DIRECTION('',(0.,0.,1.));
#10261=DIRECTION('',(-1.,0.,0.));
#10262=DIRECTION('center_axis',(0.,0.,1.));
#10263=DIRECTION('ref_axis',(-1.,-1.77635683940026E-14,0.));
#10264=DIRECTION('center_axis',(0.,0.,1.));
#10265=DIRECTION('ref_axis',(-1.,-1.77635683940026E-14,0.));
#10266=DIRECTION('center_axis',(0.,0.,-1.));
#10267=DIRECTION('ref_axis',(-1.,-1.77635683940026E-14,0.));
#10268=DIRECTION('center_axis',(1.,0.,0.));
#10269=DIRECTION('ref_axis',(0.,1.,0.));
#10270=DIRECTION('',(0.,-1.,0.));
#10271=DIRECTION('',(0.,0.,1.));
#10272=DIRECTION('',(0.,1.,0.));
#10273=DIRECTION('',(0.,0.,1.));
#10274=DIRECTION('center_axis',(0.,0.,1.));
#10275=DIRECTION('ref_axis',(0.,1.,0.));
#10276=DIRECTION('center_axis',(0.,0.,1.));
#10277=DIRECTION('ref_axis',(0.,1.,0.));
#10278=DIRECTION('',(0.,0.,1.));
#10279=DIRECTION('center_axis',(0.,0.,-1.));
#10280=DIRECTION('ref_axis',(0.,1.,0.));
#10281=DIRECTION('center_axis',(0.,-1.,0.));
#10282=DIRECTION('ref_axis',(1.,0.,0.));
#10283=DIRECTION('',(-1.,0.,0.));
#10284=DIRECTION('',(0.,0.,1.));
#10285=DIRECTION('',(1.,0.,0.));
#10286=DIRECTION('center_axis',(0.,0.,1.));
#10287=DIRECTION('ref_axis',(1.,0.,0.));
#10288=DIRECTION('center_axis',(0.,0.,1.));
#10289=DIRECTION('ref_axis',(1.,0.,0.));
#10290=DIRECTION('',(0.,0.,1.));
#10291=DIRECTION('center_axis',(0.,0.,-1.));
#10292=DIRECTION('ref_axis',(1.,0.,0.));
#10293=DIRECTION('center_axis',(-1.,-6.83214169000096E-16,0.));
#10294=DIRECTION('ref_axis',(6.83214169000096E-16,-1.,0.));
#10295=DIRECTION('',(-6.83214169000096E-16,1.,0.));
#10296=DIRECTION('',(0.,0.,1.));
#10297=DIRECTION('',(6.83214169000096E-16,-1.,0.));
#10298=DIRECTION('center_axis',(0.,0.,1.));
#10299=DIRECTION('ref_axis',(0.,-1.,0.));
#10300=DIRECTION('center_axis',(0.,0.,1.));
#10301=DIRECTION('ref_axis',(0.,-1.,0.));
#10302=DIRECTION('',(0.,0.,1.));
#10303=DIRECTION('center_axis',(0.,0.,-1.));
#10304=DIRECTION('ref_axis',(0.,-1.,0.));
#10305=DIRECTION('center_axis',(0.,1.,0.));
#10306=DIRECTION('ref_axis',(-1.,0.,0.));
#10307=DIRECTION('',(1.,0.,0.));
#10308=DIRECTION('',(0.,0.,1.));
#10309=DIRECTION('',(-1.,0.,0.));
#10310=DIRECTION('center_axis',(0.,0.,1.));
#10311=DIRECTION('ref_axis',(-1.,-1.77635683940026E-14,0.));
#10312=DIRECTION('center_axis',(0.,0.,1.));
#10313=DIRECTION('ref_axis',(-1.,-1.77635683940026E-14,0.));
#10314=DIRECTION('center_axis',(0.,0.,-1.));
#10315=DIRECTION('ref_axis',(-1.,-1.77635683940026E-14,0.));
#10316=DIRECTION('center_axis',(1.,0.,0.));
#10317=DIRECTION('ref_axis',(0.,1.,0.));
#10318=DIRECTION('',(0.,-1.,0.));
#10319=DIRECTION('',(0.,0.,1.));
#10320=DIRECTION('',(0.,1.,0.));
#10321=DIRECTION('',(0.,0.,1.));
#10322=DIRECTION('center_axis',(0.,0.,1.));
#10323=DIRECTION('ref_axis',(0.,1.,0.));
#10324=DIRECTION('center_axis',(0.,0.,1.));
#10325=DIRECTION('ref_axis',(0.,1.,0.));
#10326=DIRECTION('',(0.,0.,1.));
#10327=DIRECTION('center_axis',(0.,0.,-1.));
#10328=DIRECTION('ref_axis',(0.,1.,0.));
#10329=DIRECTION('center_axis',(0.,-1.,0.));
#10330=DIRECTION('ref_axis',(1.,0.,0.));
#10331=DIRECTION('',(-1.,0.,0.));
#10332=DIRECTION('',(0.,0.,1.));
#10333=DIRECTION('',(1.,0.,0.));
#10334=DIRECTION('center_axis',(0.,0.,1.));
#10335=DIRECTION('ref_axis',(1.,0.,0.));
#10336=DIRECTION('center_axis',(0.,0.,1.));
#10337=DIRECTION('ref_axis',(1.,0.,0.));
#10338=DIRECTION('',(0.,0.,1.));
#10339=DIRECTION('center_axis',(0.,0.,-1.));
#10340=DIRECTION('ref_axis',(1.,0.,0.));
#10341=DIRECTION('center_axis',(-1.,0.,0.));
#10342=DIRECTION('ref_axis',(0.,-1.,0.));
#10343=DIRECTION('',(0.,1.,0.));
#10344=DIRECTION('',(0.,0.,1.));
#10345=DIRECTION('',(0.,-1.,0.));
#10346=DIRECTION('center_axis',(0.,0.,1.));
#10347=DIRECTION('ref_axis',(0.,-1.,0.));
#10348=DIRECTION('center_axis',(0.,0.,1.));
#10349=DIRECTION('ref_axis',(0.,-1.,0.));
#10350=DIRECTION('',(0.,0.,1.));
#10351=DIRECTION('center_axis',(0.,0.,-1.));
#10352=DIRECTION('ref_axis',(0.,-1.,0.));
#10353=DIRECTION('center_axis',(0.,1.,0.));
#10354=DIRECTION('ref_axis',(-1.,0.,0.));
#10355=DIRECTION('',(1.,0.,0.));
#10356=DIRECTION('',(0.,0.,1.));
#10357=DIRECTION('',(-1.,0.,0.));
#10358=DIRECTION('center_axis',(0.,0.,1.));
#10359=DIRECTION('ref_axis',(-1.,0.,0.));
#10360=DIRECTION('center_axis',(0.,0.,1.));
#10361=DIRECTION('ref_axis',(-1.,0.,0.));
#10362=DIRECTION('center_axis',(0.,0.,-1.));
#10363=DIRECTION('ref_axis',(-1.,0.,0.));
#10364=DIRECTION('center_axis',(1.,0.,0.));
#10365=DIRECTION('ref_axis',(0.,1.,0.));
#10366=DIRECTION('',(0.,-1.,0.));
#10367=DIRECTION('',(0.,0.,1.));
#10368=DIRECTION('',(0.,1.,0.));
#10369=DIRECTION('',(0.,0.,1.));
#10370=DIRECTION('center_axis',(0.,0.,1.));
#10371=DIRECTION('ref_axis',(0.,1.,0.));
#10372=DIRECTION('center_axis',(0.,0.,1.));
#10373=DIRECTION('ref_axis',(0.,1.,0.));
#10374=DIRECTION('',(0.,0.,1.));
#10375=DIRECTION('center_axis',(0.,0.,-1.));
#10376=DIRECTION('ref_axis',(0.,1.,0.));
#10377=DIRECTION('center_axis',(0.,-1.,0.));
#10378=DIRECTION('ref_axis',(1.,0.,0.));
#10379=DIRECTION('',(-1.,0.,0.));
#10380=DIRECTION('',(0.,0.,1.));
#10381=DIRECTION('',(1.,0.,0.));
#10382=DIRECTION('center_axis',(0.,0.,1.));
#10383=DIRECTION('ref_axis',(1.,0.,0.));
#10384=DIRECTION('center_axis',(0.,0.,1.));
#10385=DIRECTION('ref_axis',(1.,0.,0.));
#10386=DIRECTION('',(0.,0.,1.));
#10387=DIRECTION('center_axis',(0.,0.,-1.));
#10388=DIRECTION('ref_axis',(1.,0.,0.));
#10389=DIRECTION('center_axis',(-1.,0.,0.));
#10390=DIRECTION('ref_axis',(0.,-1.,0.));
#10391=DIRECTION('',(0.,1.,0.));
#10392=DIRECTION('',(0.,0.,1.));
#10393=DIRECTION('',(0.,-1.,0.));
#10394=DIRECTION('center_axis',(0.,0.,1.));
#10395=DIRECTION('ref_axis',(0.,-1.,0.));
#10396=DIRECTION('center_axis',(0.,0.,1.));
#10397=DIRECTION('ref_axis',(0.,-1.,0.));
#10398=DIRECTION('',(0.,0.,1.));
#10399=DIRECTION('center_axis',(0.,0.,-1.));
#10400=DIRECTION('ref_axis',(0.,-1.,0.));
#10401=DIRECTION('center_axis',(0.,1.,0.));
#10402=DIRECTION('ref_axis',(-1.,0.,0.));
#10403=DIRECTION('',(1.,0.,0.));
#10404=DIRECTION('',(0.,0.,1.));
#10405=DIRECTION('',(-1.,0.,0.));
#10406=DIRECTION('center_axis',(0.,0.,1.));
#10407=DIRECTION('ref_axis',(-1.,0.,0.));
#10408=DIRECTION('center_axis',(0.,0.,1.));
#10409=DIRECTION('ref_axis',(-1.,0.,0.));
#10410=DIRECTION('center_axis',(0.,0.,-1.));
#10411=DIRECTION('ref_axis',(-1.,0.,0.));
#10412=DIRECTION('center_axis',(1.,0.,0.));
#10413=DIRECTION('ref_axis',(0.,1.,0.));
#10414=DIRECTION('',(0.,-1.,0.));
#10415=DIRECTION('',(0.,0.,1.));
#10416=DIRECTION('',(0.,1.,0.));
#10417=DIRECTION('',(0.,0.,1.));
#10418=DIRECTION('center_axis',(0.,0.,1.));
#10419=DIRECTION('ref_axis',(0.,1.,0.));
#10420=DIRECTION('center_axis',(0.,0.,1.));
#10421=DIRECTION('ref_axis',(0.,1.,0.));
#10422=DIRECTION('',(0.,0.,1.));
#10423=DIRECTION('center_axis',(0.,0.,-1.));
#10424=DIRECTION('ref_axis',(0.,1.,0.));
#10425=DIRECTION('center_axis',(0.,-1.,0.));
#10426=DIRECTION('ref_axis',(1.,0.,0.));
#10427=DIRECTION('',(-1.,0.,0.));
#10428=DIRECTION('',(0.,0.,1.));
#10429=DIRECTION('',(1.,0.,0.));
#10430=DIRECTION('center_axis',(0.,0.,1.));
#10431=DIRECTION('ref_axis',(1.,0.,0.));
#10432=DIRECTION('center_axis',(0.,0.,1.));
#10433=DIRECTION('ref_axis',(1.,0.,0.));
#10434=DIRECTION('',(0.,0.,1.));
#10435=DIRECTION('center_axis',(0.,0.,-1.));
#10436=DIRECTION('ref_axis',(1.,0.,0.));
#10437=DIRECTION('center_axis',(-1.,0.,0.));
#10438=DIRECTION('ref_axis',(0.,-1.,0.));
#10439=DIRECTION('',(0.,1.,0.));
#10440=DIRECTION('',(0.,0.,1.));
#10441=DIRECTION('',(0.,-1.,0.));
#10442=DIRECTION('center_axis',(0.,0.,1.));
#10443=DIRECTION('ref_axis',(0.,-1.,0.));
#10444=DIRECTION('center_axis',(0.,0.,1.));
#10445=DIRECTION('ref_axis',(0.,-1.,0.));
#10446=DIRECTION('',(0.,0.,1.));
#10447=DIRECTION('center_axis',(0.,0.,-1.));
#10448=DIRECTION('ref_axis',(0.,-1.,0.));
#10449=DIRECTION('center_axis',(0.,1.,0.));
#10450=DIRECTION('ref_axis',(-1.,0.,0.));
#10451=DIRECTION('',(1.,0.,0.));
#10452=DIRECTION('',(0.,0.,1.));
#10453=DIRECTION('',(-1.,0.,0.));
#10454=DIRECTION('center_axis',(0.,0.,1.));
#10455=DIRECTION('ref_axis',(-1.,0.,0.));
#10456=DIRECTION('center_axis',(0.,0.,1.));
#10457=DIRECTION('ref_axis',(-1.,0.,0.));
#10458=DIRECTION('center_axis',(0.,0.,-1.));
#10459=DIRECTION('ref_axis',(-1.,0.,0.));
#10460=DIRECTION('center_axis',(1.,0.,0.));
#10461=DIRECTION('ref_axis',(0.,1.,0.));
#10462=DIRECTION('',(0.,-1.,0.));
#10463=DIRECTION('',(0.,0.,1.));
#10464=DIRECTION('',(0.,1.,0.));
#10465=DIRECTION('',(0.,0.,1.));
#10466=DIRECTION('center_axis',(0.,0.,1.));
#10467=DIRECTION('ref_axis',(0.,1.,0.));
#10468=DIRECTION('center_axis',(0.,0.,1.));
#10469=DIRECTION('ref_axis',(0.,1.,0.));
#10470=DIRECTION('',(0.,0.,1.));
#10471=DIRECTION('center_axis',(0.,0.,-1.));
#10472=DIRECTION('ref_axis',(0.,1.,0.));
#10473=DIRECTION('center_axis',(0.,-1.,0.));
#10474=DIRECTION('ref_axis',(1.,0.,0.));
#10475=DIRECTION('',(-1.,0.,0.));
#10476=DIRECTION('',(0.,0.,1.));
#10477=DIRECTION('',(1.,0.,0.));
#10478=DIRECTION('center_axis',(0.,0.,1.));
#10479=DIRECTION('ref_axis',(1.,0.,0.));
#10480=DIRECTION('center_axis',(0.,0.,1.));
#10481=DIRECTION('ref_axis',(1.,0.,0.));
#10482=DIRECTION('',(0.,0.,1.));
#10483=DIRECTION('center_axis',(0.,0.,-1.));
#10484=DIRECTION('ref_axis',(1.,0.,0.));
#10485=DIRECTION('center_axis',(-1.,0.,0.));
#10486=DIRECTION('ref_axis',(0.,-1.,0.));
#10487=DIRECTION('',(0.,1.,0.));
#10488=DIRECTION('',(0.,0.,1.));
#10489=DIRECTION('',(0.,-1.,0.));
#10490=DIRECTION('center_axis',(0.,0.,1.));
#10491=DIRECTION('ref_axis',(0.,-1.,0.));
#10492=DIRECTION('center_axis',(0.,0.,1.));
#10493=DIRECTION('ref_axis',(0.,-1.,0.));
#10494=DIRECTION('',(0.,0.,1.));
#10495=DIRECTION('center_axis',(0.,0.,-1.));
#10496=DIRECTION('ref_axis',(0.,-1.,0.));
#10497=DIRECTION('center_axis',(0.,1.,0.));
#10498=DIRECTION('ref_axis',(-1.,0.,0.));
#10499=DIRECTION('',(1.,0.,0.));
#10500=DIRECTION('',(0.,0.,1.));
#10501=DIRECTION('',(-1.,0.,0.));
#10502=DIRECTION('center_axis',(0.,0.,1.));
#10503=DIRECTION('ref_axis',(-1.,-1.77635683940023E-14,0.));
#10504=DIRECTION('center_axis',(0.,0.,1.));
#10505=DIRECTION('ref_axis',(-1.,-1.77635683940023E-14,0.));
#10506=DIRECTION('center_axis',(0.,0.,-1.));
#10507=DIRECTION('ref_axis',(-1.,-1.77635683940023E-14,0.));
#10508=DIRECTION('center_axis',(1.,0.,0.));
#10509=DIRECTION('ref_axis',(0.,1.,0.));
#10510=DIRECTION('',(0.,-1.,0.));
#10511=DIRECTION('',(0.,0.,1.));
#10512=DIRECTION('',(0.,1.,0.));
#10513=DIRECTION('',(0.,0.,1.));
#10514=DIRECTION('center_axis',(0.,0.,1.));
#10515=DIRECTION('ref_axis',(0.,1.,0.));
#10516=DIRECTION('center_axis',(0.,0.,1.));
#10517=DIRECTION('ref_axis',(0.,1.,0.));
#10518=DIRECTION('',(0.,0.,1.));
#10519=DIRECTION('center_axis',(0.,0.,-1.));
#10520=DIRECTION('ref_axis',(0.,1.,0.));
#10521=DIRECTION('center_axis',(0.,-1.,0.));
#10522=DIRECTION('ref_axis',(1.,0.,0.));
#10523=DIRECTION('',(-1.,0.,0.));
#10524=DIRECTION('',(0.,0.,1.));
#10525=DIRECTION('',(1.,0.,0.));
#10526=DIRECTION('center_axis',(0.,0.,1.));
#10527=DIRECTION('ref_axis',(1.,0.,0.));
#10528=DIRECTION('center_axis',(0.,0.,1.));
#10529=DIRECTION('ref_axis',(1.,0.,0.));
#10530=DIRECTION('',(0.,0.,1.));
#10531=DIRECTION('center_axis',(0.,0.,-1.));
#10532=DIRECTION('ref_axis',(1.,0.,0.));
#10533=DIRECTION('center_axis',(-1.,0.,0.));
#10534=DIRECTION('ref_axis',(0.,-1.,0.));
#10535=DIRECTION('',(0.,1.,0.));
#10536=DIRECTION('',(0.,0.,1.));
#10537=DIRECTION('',(0.,-1.,0.));
#10538=DIRECTION('center_axis',(0.,0.,1.));
#10539=DIRECTION('ref_axis',(3.55271367880051E-14,-1.,0.));
#10540=DIRECTION('center_axis',(0.,0.,1.));
#10541=DIRECTION('ref_axis',(3.55271367880051E-14,-1.,0.));
#10542=DIRECTION('',(0.,0.,1.));
#10543=DIRECTION('center_axis',(0.,0.,-1.));
#10544=DIRECTION('ref_axis',(3.55271367880051E-14,-1.,0.));
#10545=DIRECTION('center_axis',(0.,1.,0.));
#10546=DIRECTION('ref_axis',(-1.,0.,0.));
#10547=DIRECTION('',(1.,0.,0.));
#10548=DIRECTION('',(0.,0.,1.));
#10549=DIRECTION('',(-1.,0.,0.));
#10550=DIRECTION('center_axis',(0.,0.,1.));
#10551=DIRECTION('ref_axis',(-1.,0.,0.));
#10552=DIRECTION('center_axis',(0.,0.,1.));
#10553=DIRECTION('ref_axis',(-1.,0.,0.));
#10554=DIRECTION('center_axis',(0.,0.,-1.));
#10555=DIRECTION('ref_axis',(-1.,0.,0.));
#10556=DIRECTION('center_axis',(1.,0.,0.));
#10557=DIRECTION('ref_axis',(0.,1.,0.));
#10558=DIRECTION('',(0.,-1.,0.));
#10559=DIRECTION('',(0.,0.,1.));
#10560=DIRECTION('',(0.,1.,0.));
#10561=DIRECTION('',(0.,0.,1.));
#10562=DIRECTION('center_axis',(0.,0.,1.));
#10563=DIRECTION('ref_axis',(0.,1.,0.));
#10564=DIRECTION('center_axis',(0.,0.,1.));
#10565=DIRECTION('ref_axis',(0.,1.,0.));
#10566=DIRECTION('',(0.,0.,1.));
#10567=DIRECTION('center_axis',(0.,0.,-1.));
#10568=DIRECTION('ref_axis',(0.,1.,0.));
#10569=DIRECTION('center_axis',(0.,-1.,0.));
#10570=DIRECTION('ref_axis',(1.,0.,0.));
#10571=DIRECTION('',(-1.,0.,0.));
#10572=DIRECTION('',(0.,0.,1.));
#10573=DIRECTION('',(1.,0.,0.));
#10574=DIRECTION('center_axis',(0.,0.,1.));
#10575=DIRECTION('ref_axis',(1.,0.,0.));
#10576=DIRECTION('center_axis',(0.,0.,1.));
#10577=DIRECTION('ref_axis',(1.,0.,0.));
#10578=DIRECTION('',(0.,0.,1.));
#10579=DIRECTION('center_axis',(0.,0.,-1.));
#10580=DIRECTION('ref_axis',(1.,0.,0.));
#10581=DIRECTION('center_axis',(-1.,0.,0.));
#10582=DIRECTION('ref_axis',(0.,-1.,0.));
#10583=DIRECTION('',(0.,1.,0.));
#10584=DIRECTION('',(0.,0.,1.));
#10585=DIRECTION('',(0.,-1.,0.));
#10586=DIRECTION('center_axis',(0.,0.,1.));
#10587=DIRECTION('ref_axis',(7.10542735760103E-14,-1.,0.));
#10588=DIRECTION('center_axis',(0.,0.,1.));
#10589=DIRECTION('ref_axis',(7.10542735760103E-14,-1.,0.));
#10590=DIRECTION('',(0.,0.,1.));
#10591=DIRECTION('center_axis',(0.,0.,-1.));
#10592=DIRECTION('ref_axis',(7.10542735760103E-14,-1.,0.));
#10593=DIRECTION('center_axis',(0.,1.,0.));
#10594=DIRECTION('ref_axis',(-1.,0.,0.));
#10595=DIRECTION('',(1.,0.,0.));
#10596=DIRECTION('',(0.,0.,1.));
#10597=DIRECTION('',(-1.,0.,0.));
#10598=DIRECTION('center_axis',(0.,0.,1.));
#10599=DIRECTION('ref_axis',(-1.,0.,0.));
#10600=DIRECTION('center_axis',(0.,0.,1.));
#10601=DIRECTION('ref_axis',(-1.,0.,0.));
#10602=DIRECTION('center_axis',(0.,0.,-1.));
#10603=DIRECTION('ref_axis',(-1.,0.,0.));
#10604=DIRECTION('center_axis',(1.,0.,0.));
#10605=DIRECTION('ref_axis',(0.,1.,0.));
#10606=DIRECTION('',(0.,-1.,0.));
#10607=DIRECTION('',(0.,0.,1.));
#10608=DIRECTION('',(0.,1.,0.));
#10609=DIRECTION('',(0.,0.,1.));
#10610=DIRECTION('center_axis',(0.,0.,1.));
#10611=DIRECTION('ref_axis',(0.,1.,0.));
#10612=DIRECTION('center_axis',(0.,0.,1.));
#10613=DIRECTION('ref_axis',(0.,1.,0.));
#10614=DIRECTION('',(0.,0.,1.));
#10615=DIRECTION('center_axis',(0.,0.,-1.));
#10616=DIRECTION('ref_axis',(0.,1.,0.));
#10617=DIRECTION('center_axis',(0.,-1.,0.));
#10618=DIRECTION('ref_axis',(1.,0.,0.));
#10619=DIRECTION('',(-1.,0.,0.));
#10620=DIRECTION('',(0.,0.,1.));
#10621=DIRECTION('',(1.,0.,0.));
#10622=DIRECTION('center_axis',(0.,0.,1.));
#10623=DIRECTION('ref_axis',(1.,0.,0.));
#10624=DIRECTION('center_axis',(0.,0.,1.));
#10625=DIRECTION('ref_axis',(1.,0.,0.));
#10626=DIRECTION('',(0.,0.,1.));
#10627=DIRECTION('center_axis',(0.,0.,-1.));
#10628=DIRECTION('ref_axis',(1.,0.,0.));
#10629=DIRECTION('center_axis',(-1.,0.,0.));
#10630=DIRECTION('ref_axis',(0.,-1.,0.));
#10631=DIRECTION('',(0.,1.,0.));
#10632=DIRECTION('',(0.,0.,1.));
#10633=DIRECTION('',(0.,-1.,0.));
#10634=DIRECTION('center_axis',(0.,0.,1.));
#10635=DIRECTION('ref_axis',(0.,-1.,0.));
#10636=DIRECTION('center_axis',(0.,0.,1.));
#10637=DIRECTION('ref_axis',(0.,-1.,0.));
#10638=DIRECTION('',(0.,0.,1.));
#10639=DIRECTION('center_axis',(0.,0.,-1.));
#10640=DIRECTION('ref_axis',(0.,-1.,0.));
#10641=DIRECTION('center_axis',(0.,1.,0.));
#10642=DIRECTION('ref_axis',(-1.,0.,0.));
#10643=DIRECTION('',(1.,0.,0.));
#10644=DIRECTION('',(0.,0.,1.));
#10645=DIRECTION('',(-1.,0.,0.));
#10646=DIRECTION('center_axis',(0.,0.,1.));
#10647=DIRECTION('ref_axis',(-1.,0.,0.));
#10648=DIRECTION('center_axis',(0.,0.,1.));
#10649=DIRECTION('ref_axis',(-1.,0.,0.));
#10650=DIRECTION('center_axis',(0.,0.,-1.));
#10651=DIRECTION('ref_axis',(-1.,0.,0.));
#10652=DIRECTION('center_axis',(1.,0.,0.));
#10653=DIRECTION('ref_axis',(0.,1.,0.));
#10654=DIRECTION('',(0.,-1.,0.));
#10655=DIRECTION('',(0.,0.,1.));
#10656=DIRECTION('',(0.,1.,0.));
#10657=DIRECTION('',(0.,0.,1.));
#10658=DIRECTION('center_axis',(0.,0.,1.));
#10659=DIRECTION('ref_axis',(0.,1.,0.));
#10660=DIRECTION('center_axis',(0.,0.,1.));
#10661=DIRECTION('ref_axis',(0.,1.,0.));
#10662=DIRECTION('',(0.,0.,1.));
#10663=DIRECTION('center_axis',(0.,0.,-1.));
#10664=DIRECTION('ref_axis',(0.,1.,0.));
#10665=DIRECTION('center_axis',(0.,-1.,0.));
#10666=DIRECTION('ref_axis',(1.,0.,0.));
#10667=DIRECTION('',(-1.,0.,0.));
#10668=DIRECTION('',(0.,0.,1.));
#10669=DIRECTION('',(1.,0.,0.));
#10670=DIRECTION('center_axis',(0.,0.,1.));
#10671=DIRECTION('ref_axis',(1.,0.,0.));
#10672=DIRECTION('center_axis',(0.,0.,1.));
#10673=DIRECTION('ref_axis',(1.,0.,0.));
#10674=DIRECTION('',(0.,0.,1.));
#10675=DIRECTION('center_axis',(0.,0.,-1.));
#10676=DIRECTION('ref_axis',(1.,0.,0.));
#10677=DIRECTION('center_axis',(-1.,0.,0.));
#10678=DIRECTION('ref_axis',(0.,-1.,0.));
#10679=DIRECTION('',(0.,1.,0.));
#10680=DIRECTION('',(0.,0.,1.));
#10681=DIRECTION('',(0.,-1.,0.));
#10682=DIRECTION('center_axis',(0.,0.,1.));
#10683=DIRECTION('ref_axis',(0.,-1.,0.));
#10684=DIRECTION('center_axis',(0.,0.,1.));
#10685=DIRECTION('ref_axis',(0.,-1.,0.));
#10686=DIRECTION('',(0.,0.,1.));
#10687=DIRECTION('center_axis',(0.,0.,-1.));
#10688=DIRECTION('ref_axis',(0.,-1.,0.));
#10689=DIRECTION('center_axis',(0.,1.,0.));
#10690=DIRECTION('ref_axis',(-1.,0.,0.));
#10691=DIRECTION('',(1.,0.,0.));
#10692=DIRECTION('',(0.,0.,1.));
#10693=DIRECTION('',(-1.,0.,0.));
#10694=DIRECTION('center_axis',(0.,0.,1.));
#10695=DIRECTION('ref_axis',(-1.,0.,0.));
#10696=DIRECTION('center_axis',(0.,0.,1.));
#10697=DIRECTION('ref_axis',(-1.,0.,0.));
#10698=DIRECTION('center_axis',(0.,0.,-1.));
#10699=DIRECTION('ref_axis',(-1.,0.,0.));
#10700=DIRECTION('center_axis',(1.,0.,0.));
#10701=DIRECTION('ref_axis',(0.,1.,0.));
#10702=DIRECTION('',(0.,-1.,0.));
#10703=DIRECTION('',(0.,0.,1.));
#10704=DIRECTION('',(0.,1.,0.));
#10705=DIRECTION('',(0.,0.,1.));
#10706=DIRECTION('center_axis',(0.,0.,1.));
#10707=DIRECTION('ref_axis',(0.,1.,0.));
#10708=DIRECTION('center_axis',(0.,0.,1.));
#10709=DIRECTION('ref_axis',(0.,1.,0.));
#10710=DIRECTION('',(0.,0.,1.));
#10711=DIRECTION('center_axis',(0.,0.,-1.));
#10712=DIRECTION('ref_axis',(0.,1.,0.));
#10713=DIRECTION('center_axis',(0.,-1.,0.));
#10714=DIRECTION('ref_axis',(1.,0.,0.));
#10715=DIRECTION('',(-1.,0.,0.));
#10716=DIRECTION('',(0.,0.,1.));
#10717=DIRECTION('',(1.,0.,0.));
#10718=DIRECTION('center_axis',(0.,0.,1.));
#10719=DIRECTION('ref_axis',(1.,0.,0.));
#10720=DIRECTION('center_axis',(0.,0.,1.));
#10721=DIRECTION('ref_axis',(1.,0.,0.));
#10722=DIRECTION('',(0.,0.,1.));
#10723=DIRECTION('center_axis',(0.,0.,-1.));
#10724=DIRECTION('ref_axis',(1.,0.,0.));
#10725=DIRECTION('center_axis',(-1.,0.,0.));
#10726=DIRECTION('ref_axis',(0.,-1.,0.));
#10727=DIRECTION('',(0.,1.,0.));
#10728=DIRECTION('',(0.,0.,1.));
#10729=DIRECTION('',(0.,-1.,0.));
#10730=DIRECTION('center_axis',(0.,0.,1.));
#10731=DIRECTION('ref_axis',(0.,-1.,0.));
#10732=DIRECTION('center_axis',(0.,0.,1.));
#10733=DIRECTION('ref_axis',(0.,-1.,0.));
#10734=DIRECTION('',(0.,0.,1.));
#10735=DIRECTION('center_axis',(0.,0.,-1.));
#10736=DIRECTION('ref_axis',(0.,-1.,0.));
#10737=DIRECTION('center_axis',(0.,1.,0.));
#10738=DIRECTION('ref_axis',(-1.,0.,0.));
#10739=DIRECTION('',(1.,0.,0.));
#10740=DIRECTION('',(0.,0.,1.));
#10741=DIRECTION('',(-1.,0.,0.));
#10742=DIRECTION('center_axis',(0.,0.,1.));
#10743=DIRECTION('ref_axis',(-1.,0.,0.));
#10744=DIRECTION('center_axis',(0.,0.,1.));
#10745=DIRECTION('ref_axis',(-1.,0.,0.));
#10746=DIRECTION('center_axis',(0.,0.,-1.));
#10747=DIRECTION('ref_axis',(-1.,0.,0.));
#10748=DIRECTION('center_axis',(1.,0.,0.));
#10749=DIRECTION('ref_axis',(0.,1.,0.));
#10750=DIRECTION('',(0.,-1.,0.));
#10751=DIRECTION('',(0.,0.,1.));
#10752=DIRECTION('',(0.,1.,0.));
#10753=DIRECTION('',(0.,0.,1.));
#10754=DIRECTION('center_axis',(0.,0.,1.));
#10755=DIRECTION('ref_axis',(0.,1.,0.));
#10756=DIRECTION('center_axis',(0.,0.,1.));
#10757=DIRECTION('ref_axis',(0.,1.,0.));
#10758=DIRECTION('',(0.,0.,1.));
#10759=DIRECTION('center_axis',(0.,0.,-1.));
#10760=DIRECTION('ref_axis',(0.,1.,0.));
#10761=DIRECTION('center_axis',(0.,-1.,0.));
#10762=DIRECTION('ref_axis',(1.,0.,0.));
#10763=DIRECTION('',(-1.,0.,0.));
#10764=DIRECTION('',(0.,0.,1.));
#10765=DIRECTION('',(1.,0.,0.));
#10766=DIRECTION('center_axis',(0.,0.,1.));
#10767=DIRECTION('ref_axis',(1.,0.,0.));
#10768=DIRECTION('center_axis',(0.,0.,1.));
#10769=DIRECTION('ref_axis',(1.,0.,0.));
#10770=DIRECTION('',(0.,0.,1.));
#10771=DIRECTION('center_axis',(0.,0.,-1.));
#10772=DIRECTION('ref_axis',(1.,0.,0.));
#10773=DIRECTION('center_axis',(-1.,0.,0.));
#10774=DIRECTION('ref_axis',(0.,-1.,0.));
#10775=DIRECTION('',(0.,1.,0.));
#10776=DIRECTION('',(0.,0.,1.));
#10777=DIRECTION('',(0.,-1.,0.));
#10778=DIRECTION('center_axis',(0.,0.,1.));
#10779=DIRECTION('ref_axis',(0.,-1.,0.));
#10780=DIRECTION('center_axis',(0.,0.,1.));
#10781=DIRECTION('ref_axis',(0.,-1.,0.));
#10782=DIRECTION('',(0.,0.,1.));
#10783=DIRECTION('center_axis',(0.,0.,-1.));
#10784=DIRECTION('ref_axis',(0.,-1.,0.));
#10785=DIRECTION('center_axis',(0.,1.,0.));
#10786=DIRECTION('ref_axis',(-1.,0.,0.));
#10787=DIRECTION('',(1.,0.,0.));
#10788=DIRECTION('',(0.,0.,1.));
#10789=DIRECTION('',(-1.,0.,0.));
#10790=DIRECTION('center_axis',(0.,0.,1.));
#10791=DIRECTION('ref_axis',(-1.,0.,0.));
#10792=DIRECTION('center_axis',(0.,0.,1.));
#10793=DIRECTION('ref_axis',(-1.,0.,0.));
#10794=DIRECTION('center_axis',(0.,0.,-1.));
#10795=DIRECTION('ref_axis',(-1.,0.,0.));
#10796=DIRECTION('center_axis',(0.,0.156434465040231,0.987688340595138));
#10797=DIRECTION('ref_axis',(-0.707106781186551,-0.698401123333707,0.110615871041237));
#10798=DIRECTION('center_axis',(0.,0.,-1.));
#10799=DIRECTION('ref_axis',(5.34570239230236E-15,-1.,0.));
#10800=DIRECTION('',(0.,-0.156434465040231,-0.987688340595138));
#10801=DIRECTION('center_axis',(0.,0.,1.));
#10802=DIRECTION('ref_axis',(5.34570239230236E-15,-1.,0.));
#10803=DIRECTION('',(0.,0.156434465040231,0.987688340595138));
#10804=DIRECTION('center_axis',(-1.,0.,0.));
#10805=DIRECTION('ref_axis',(0.,-1.,0.));
#10806=DIRECTION('',(0.,0.,1.));
#10807=DIRECTION('',(0.,1.,0.));
#10808=DIRECTION('',(0.,-1.,0.));
#10809=DIRECTION('center_axis',(0.,0.,1.));
#10810=DIRECTION('ref_axis',(-0.707106781186546,0.707106781186549,0.));
#10811=DIRECTION('center_axis',(0.,0.,-1.));
#10812=DIRECTION('ref_axis',(-0.707106781186546,0.707106781186549,0.));
#10813=DIRECTION('',(0.,0.,-1.));
#10814=DIRECTION('center_axis',(0.,0.,1.));
#10815=DIRECTION('ref_axis',(-0.707106781186546,0.707106781186549,0.));
#10816=DIRECTION('center_axis',(0.,-0.987688340595138,0.156434465040231));
#10817=DIRECTION('ref_axis',(1.,0.,0.));
#10818=DIRECTION('',(1.1394257346341E-14,0.156434465040231,0.987688340595138));
#10819=DIRECTION('',(-1.,0.,0.));
#10820=DIRECTION('',(-1.,0.,0.));
#10821=DIRECTION('center_axis',(0.,0.,1.));
#10822=DIRECTION('ref_axis',(1.,0.,0.));
#10823=DIRECTION('',(0.,-1.,0.));
#10824=DIRECTION('',(-1.,-4.44825472701421E-15,0.));
#10825=DIRECTION('',(0.,-1.,0.));
#10826=DIRECTION('',(-1.,0.,0.));
#10827=DIRECTION('',(0.,-1.,0.));
#10828=DIRECTION('',(1.,0.,0.));
#10829=DIRECTION('',(0.,-1.,0.));
#10830=DIRECTION('',(-1.,0.,0.));
#10831=DIRECTION('',(0.,-1.,0.));
#10832=DIRECTION('',(1.,0.,0.));
#10833=DIRECTION('',(0.,-1.,0.));
#10834=DIRECTION('',(-1.,0.,0.));
#10835=DIRECTION('',(-7.28372570802136E-14,-1.,0.));
#10836=DIRECTION('',(1.,0.,0.));
#10837=DIRECTION('center_axis',(0.,1.,0.));
#10838=DIRECTION('ref_axis',(-1.,0.,0.));
#10839=DIRECTION('',(0.,0.,-1.));
#10840=DIRECTION('',(-1.,0.,0.));
#10841=DIRECTION('center_axis',(0.,0.,1.));
#10842=DIRECTION('ref_axis',(1.,0.,0.));
#10843=DIRECTION('',(0.,1.,0.));
#10844=DIRECTION('',(7.28372570802136E-14,1.,0.));
#10845=DIRECTION('',(1.,0.,0.));
#10846=DIRECTION('',(0.,1.,0.));
#10847=DIRECTION('',(-1.,0.,0.));
#10848=DIRECTION('',(0.,1.,0.));
#10849=DIRECTION('',(1.,0.,0.));
#10850=DIRECTION('',(0.,1.,0.));
#10851=DIRECTION('',(-1.,0.,0.));
#10852=DIRECTION('',(0.,1.,0.));
#10853=DIRECTION('',(1.,0.,0.));
#10854=DIRECTION('',(0.,1.,0.));
#10855=DIRECTION('',(1.,4.44825472701421E-15,0.));
#10856=DIRECTION('center_axis',(-4.44825472701421E-15,1.,0.));
#10857=DIRECTION('ref_axis',(-1.,-4.44825472701421E-15,0.));
#10858=DIRECTION('',(0.,0.,1.));
#10859=DIRECTION('',(0.,0.,1.));
#10860=DIRECTION('center_axis',(-1.,0.,0.));
#10861=DIRECTION('ref_axis',(0.,-1.,0.));
#10862=DIRECTION('',(0.,0.,-1.));
#10863=DIRECTION('center_axis',(0.,1.,0.));
#10864=DIRECTION('ref_axis',(-1.,0.,0.));
#10865=DIRECTION('',(0.,0.,1.));
#10866=DIRECTION('center_axis',(-1.,0.,0.));
#10867=DIRECTION('ref_axis',(0.,-1.,0.));
#10868=DIRECTION('',(0.,0.,1.));
#10869=DIRECTION('center_axis',(0.,-1.,0.));
#10870=DIRECTION('ref_axis',(1.,0.,0.));
#10871=DIRECTION('',(0.,0.,-1.));
#10872=DIRECTION('center_axis',(-1.,0.,0.));
#10873=DIRECTION('ref_axis',(0.,-1.,0.));
#10874=DIRECTION('',(0.,0.,-1.));
#10875=DIRECTION('center_axis',(0.,1.,0.));
#10876=DIRECTION('ref_axis',(-1.,0.,0.));
#10877=DIRECTION('',(0.,0.,1.));
#10878=DIRECTION('center_axis',(-1.,0.,0.));
#10879=DIRECTION('ref_axis',(0.,-1.,0.));
#10880=DIRECTION('',(0.,0.,1.));
#10881=DIRECTION('center_axis',(0.,-1.,0.));
#10882=DIRECTION('ref_axis',(1.,0.,0.));
#10883=DIRECTION('',(0.,0.,-1.));
#10884=DIRECTION('center_axis',(-1.,0.,0.));
#10885=DIRECTION('ref_axis',(0.,-1.,0.));
#10886=DIRECTION('',(0.,0.,-1.));
#10887=DIRECTION('center_axis',(0.,1.,0.));
#10888=DIRECTION('ref_axis',(-1.,0.,0.));
#10889=DIRECTION('',(0.,0.,1.));
#10890=DIRECTION('center_axis',(-1.,7.28372570802136E-14,0.));
#10891=DIRECTION('ref_axis',(-7.28372570802136E-14,-1.,0.));
#10892=DIRECTION('center_axis',(-1.,0.,0.));
#10893=DIRECTION('ref_axis',(0.,-1.,0.));
#10894=CARTESIAN_POINT('',(0.,0.,0.));
#10895=CARTESIAN_POINT('Origin',(112.563,-64.1505,10.));
#10896=CARTESIAN_POINT('',(112.563,-51.1505,10.));
#10897=CARTESIAN_POINT('',(112.563,-64.1505,10.));
#10898=CARTESIAN_POINT('',(112.563,-65.068,10.));
#10899=CARTESIAN_POINT('',(112.563,-51.1505,11.5));
#10900=CARTESIAN_POINT('',(112.563,-51.1505,10.));
#10901=CARTESIAN_POINT('',(112.563,-64.1505,11.5));
#10902=CARTESIAN_POINT('',(112.563,-65.068,11.5));
#10903=CARTESIAN_POINT('',(112.563,-64.1505,10.));
#10904=CARTESIAN_POINT('Origin',(113.063,-51.1505,10.));
#10905=CARTESIAN_POINT('',(113.063,-50.6505,10.));
#10906=CARTESIAN_POINT('Origin',(113.063,-51.1505,10.));
#10907=CARTESIAN_POINT('',(113.063,-50.6505,11.5));
#10908=CARTESIAN_POINT('',(113.063,-50.6505,10.));
#10909=CARTESIAN_POINT('Origin',(113.063,-51.1505,11.5));
#10910=CARTESIAN_POINT('Origin',(113.063,-50.6505,10.));
#10911=CARTESIAN_POINT('',(126.063,-50.6505,10.));
#10912=CARTESIAN_POINT('',(137.7445,-50.6505,10.));
#10913=CARTESIAN_POINT('',(126.063,-50.6505,11.5));
#10914=CARTESIAN_POINT('',(126.063,-50.6505,10.));
#10915=CARTESIAN_POINT('',(137.7445,-50.6505,11.5));
#10916=CARTESIAN_POINT('Origin',(126.063,-51.1505,10.));
#10917=CARTESIAN_POINT('',(126.563,-51.1505,10.));
#10918=CARTESIAN_POINT('Origin',(126.063,-51.1505,10.));
#10919=CARTESIAN_POINT('',(126.563,-51.1505,11.5));
#10920=CARTESIAN_POINT('',(126.563,-51.1505,10.));
#10921=CARTESIAN_POINT('Origin',(126.063,-51.1505,11.5));
#10922=CARTESIAN_POINT('Origin',(126.563,-51.1505,10.));
#10923=CARTESIAN_POINT('',(126.563,-64.1505,10.));
#10924=CARTESIAN_POINT('',(126.563,-58.568,10.));
#10925=CARTESIAN_POINT('',(126.563,-64.1505,11.5));
#10926=CARTESIAN_POINT('',(126.563,-64.1505,10.));
#10927=CARTESIAN_POINT('',(126.563,-58.568,11.5));
#10928=CARTESIAN_POINT('Origin',(126.063,-64.1505,10.));
#10929=CARTESIAN_POINT('',(126.063,-64.6505,10.));
#10930=CARTESIAN_POINT('Origin',(126.063,-64.1505,10.));
#10931=CARTESIAN_POINT('',(126.063,-64.6505,11.5));
#10932=CARTESIAN_POINT('',(126.063,-64.6505,10.));
#10933=CARTESIAN_POINT('Origin',(126.063,-64.1505,11.5));
#10934=CARTESIAN_POINT('Origin',(126.063,-64.6505,10.));
#10935=CARTESIAN_POINT('',(113.063,-64.6505,10.));
#10936=CARTESIAN_POINT('',(144.2445,-64.6505,10.));
#10937=CARTESIAN_POINT('',(113.063,-64.6505,11.5));
#10938=CARTESIAN_POINT('',(113.063,-64.6505,10.));
#10939=CARTESIAN_POINT('',(144.2445,-64.6505,11.5));
#10940=CARTESIAN_POINT('Origin',(113.063,-64.1505,10.));
#10941=CARTESIAN_POINT('Origin',(113.063,-64.1505,10.));
#10942=CARTESIAN_POINT('Origin',(113.063,-64.1505,11.5));
#10943=CARTESIAN_POINT('Origin',(50.6505,-21.288,10.));
#10944=CARTESIAN_POINT('',(50.6505,-8.288,10.));
#10945=CARTESIAN_POINT('',(50.6505,-21.288,10.));
#10946=CARTESIAN_POINT('',(50.6505,-43.63675,10.));
#10947=CARTESIAN_POINT('',(50.6505,-8.28799999999999,11.5));
#10948=CARTESIAN_POINT('',(50.6505,-8.288,10.));
#10949=CARTESIAN_POINT('',(50.6505,-21.288,11.5));
#10950=CARTESIAN_POINT('',(50.6505,-43.63675,11.5));
#10951=CARTESIAN_POINT('',(50.6505,-21.288,10.));
#10952=CARTESIAN_POINT('Origin',(51.1505,-8.288,10.));
#10953=CARTESIAN_POINT('',(51.1505,-7.788,10.));
#10954=CARTESIAN_POINT('Origin',(51.1505,-8.288,10.));
#10955=CARTESIAN_POINT('',(51.1505,-7.78799999999999,11.5));
#10956=CARTESIAN_POINT('',(51.1505,-7.788,10.));
#10957=CARTESIAN_POINT('Origin',(51.1505,-8.288,11.5));
#10958=CARTESIAN_POINT('Origin',(51.1505,-7.78799999999999,10.));
#10959=CARTESIAN_POINT('',(64.1505,-7.788,10.));
#10960=CARTESIAN_POINT('',(106.78825,-7.78799999999999,10.));
#10961=CARTESIAN_POINT('',(64.1505,-7.78799999999999,11.5));
#10962=CARTESIAN_POINT('',(64.1505,-7.788,10.));
#10963=CARTESIAN_POINT('',(106.78825,-7.78799999999999,11.5));
#10964=CARTESIAN_POINT('Origin',(64.1505,-8.288,10.));
#10965=CARTESIAN_POINT('',(64.6505,-8.288,10.));
#10966=CARTESIAN_POINT('Origin',(64.1505,-8.288,10.));
#10967=CARTESIAN_POINT('',(64.6505,-8.28799999999999,11.5));
#10968=CARTESIAN_POINT('',(64.6505,-8.288,10.));
#10969=CARTESIAN_POINT('Origin',(64.1505,-8.288,11.5));
#10970=CARTESIAN_POINT('Origin',(64.6505,-8.288,10.));
#10971=CARTESIAN_POINT('',(64.6505,-21.288,10.));
#10972=CARTESIAN_POINT('',(64.6505,-37.13675,10.));
#10973=CARTESIAN_POINT('',(64.6505,-21.288,11.5));
#10974=CARTESIAN_POINT('',(64.6505,-21.288,10.));
#10975=CARTESIAN_POINT('',(64.6505,-37.13675,11.5));
#10976=CARTESIAN_POINT('Origin',(64.1505,-21.288,10.));
#10977=CARTESIAN_POINT('',(64.1505,-21.788,10.));
#10978=CARTESIAN_POINT('Origin',(64.1505,-21.288,10.));
#10979=CARTESIAN_POINT('',(64.1505,-21.788,11.5));
#10980=CARTESIAN_POINT('',(64.1505,-21.788,10.));
#10981=CARTESIAN_POINT('Origin',(64.1505,-21.288,11.5));
#10982=CARTESIAN_POINT('Origin',(64.1505,-21.788,10.));
#10983=CARTESIAN_POINT('',(51.1505,-21.788,10.));
#10984=CARTESIAN_POINT('',(113.28825,-21.788,10.));
#10985=CARTESIAN_POINT('',(51.1505,-21.788,11.5));
#10986=CARTESIAN_POINT('',(51.1505,-21.788,10.));
#10987=CARTESIAN_POINT('',(113.28825,-21.788,11.5));
#10988=CARTESIAN_POINT('Origin',(51.1505,-21.288,10.));
#10989=CARTESIAN_POINT('Origin',(51.1505,-21.288,10.));
#10990=CARTESIAN_POINT('Origin',(51.1505,-21.288,11.5));
#10991=CARTESIAN_POINT('Origin',(117.3255,-83.2005,10.));
#10992=CARTESIAN_POINT('',(117.3255,-70.2005,10.));
#10993=CARTESIAN_POINT('',(117.3255,-83.2005,10.));
#10994=CARTESIAN_POINT('',(117.3255,-74.593,10.));
#10995=CARTESIAN_POINT('',(117.3255,-70.2005,11.5));
#10996=CARTESIAN_POINT('',(117.3255,-70.2005,10.));
#10997=CARTESIAN_POINT('',(117.3255,-83.2005,11.5));
#10998=CARTESIAN_POINT('',(117.3255,-74.593,11.5));
#10999=CARTESIAN_POINT('',(117.3255,-83.2005,10.));
#11000=CARTESIAN_POINT('Origin',(117.8255,-70.2005,10.));
#11001=CARTESIAN_POINT('',(117.8255,-69.7005,10.));
#11002=CARTESIAN_POINT('Origin',(117.8255,-70.2005,10.));
#11003=CARTESIAN_POINT('',(117.8255,-69.7005,11.5));
#11004=CARTESIAN_POINT('',(117.8255,-69.7005,10.));
#11005=CARTESIAN_POINT('Origin',(117.8255,-70.2005,11.5));
#11006=CARTESIAN_POINT('Origin',(117.8255,-69.7005,10.));
#11007=CARTESIAN_POINT('',(130.8255,-69.7005,10.));
#11008=CARTESIAN_POINT('',(140.12575,-69.7005,10.));
#11009=CARTESIAN_POINT('',(130.8255,-69.7005,11.5));
#11010=CARTESIAN_POINT('',(130.8255,-69.7005,10.));
#11011=CARTESIAN_POINT('',(140.12575,-69.7005,11.5));
#11012=CARTESIAN_POINT('Origin',(130.8255,-70.2005,10.));
#11013=CARTESIAN_POINT('',(131.3255,-70.2005,10.));
#11014=CARTESIAN_POINT('Origin',(130.8255,-70.2005,10.));
#11015=CARTESIAN_POINT('',(131.3255,-70.2005,11.5));
#11016=CARTESIAN_POINT('',(131.3255,-70.2005,10.));
#11017=CARTESIAN_POINT('Origin',(130.8255,-70.2005,11.5));
#11018=CARTESIAN_POINT('Origin',(131.3255,-70.2005,10.));
#11019=CARTESIAN_POINT('',(131.3255,-83.2005,10.));
#11020=CARTESIAN_POINT('',(131.3255,-68.093,10.));
#11021=CARTESIAN_POINT('',(131.3255,-83.2005,11.5));
#11022=CARTESIAN_POINT('',(131.3255,-83.2005,10.));
#11023=CARTESIAN_POINT('',(131.3255,-68.093,11.5));
#11024=CARTESIAN_POINT('Origin',(130.8255,-83.2005,10.));
#11025=CARTESIAN_POINT('',(130.8255,-83.7005,10.));
#11026=CARTESIAN_POINT('Origin',(130.8255,-83.2005,10.));
#11027=CARTESIAN_POINT('',(130.8255,-83.7005,11.5));
#11028=CARTESIAN_POINT('',(130.8255,-83.7005,10.));
#11029=CARTESIAN_POINT('Origin',(130.8255,-83.2005,11.5));
#11030=CARTESIAN_POINT('Origin',(130.8255,-83.7005,10.));
#11031=CARTESIAN_POINT('',(117.8255,-83.7005,10.));
#11032=CARTESIAN_POINT('',(146.62575,-83.7005,10.));
#11033=CARTESIAN_POINT('',(117.8255,-83.7005,11.5));
#11034=CARTESIAN_POINT('',(117.8255,-83.7005,10.));
#11035=CARTESIAN_POINT('',(146.62575,-83.7005,11.5));
#11036=CARTESIAN_POINT('Origin',(117.8255,-83.2005,10.));
#11037=CARTESIAN_POINT('Origin',(117.8255,-83.2005,10.));
#11038=CARTESIAN_POINT('Origin',(117.8255,-83.2005,11.5));
#11039=CARTESIAN_POINT('Origin',(131.613,-64.1505,10.));
#11040=CARTESIAN_POINT('',(131.613,-51.1505,10.));
#11041=CARTESIAN_POINT('',(131.613,-64.1505,10.));
#11042=CARTESIAN_POINT('',(131.613,-65.068,10.));
#11043=CARTESIAN_POINT('',(131.613,-51.1505,11.5));
#11044=CARTESIAN_POINT('',(131.613,-51.1505,10.));
#11045=CARTESIAN_POINT('',(131.613,-64.1505,11.5));
#11046=CARTESIAN_POINT('',(131.613,-65.068,11.5));
#11047=CARTESIAN_POINT('',(131.613,-64.1505,10.));
#11048=CARTESIAN_POINT('Origin',(132.113,-51.1505,10.));
#11049=CARTESIAN_POINT('',(132.113,-50.6505,10.));
#11050=CARTESIAN_POINT('Origin',(132.113,-51.1505,10.));
#11051=CARTESIAN_POINT('',(132.113,-50.6505,11.5));
#11052=CARTESIAN_POINT('',(132.113,-50.6505,10.));
#11053=CARTESIAN_POINT('Origin',(132.113,-51.1505,11.5));
#11054=CARTESIAN_POINT('Origin',(132.113,-50.6505,10.));
#11055=CARTESIAN_POINT('',(145.113,-50.6505,10.));
#11056=CARTESIAN_POINT('',(147.2695,-50.6505,10.));
#11057=CARTESIAN_POINT('',(145.113,-50.6505,11.5));
#11058=CARTESIAN_POINT('',(145.113,-50.6505,10.));
#11059=CARTESIAN_POINT('',(147.2695,-50.6505,11.5));
#11060=CARTESIAN_POINT('Origin',(145.113,-51.1505,10.));
#11061=CARTESIAN_POINT('',(145.613,-51.1505,10.));
#11062=CARTESIAN_POINT('Origin',(145.113,-51.1505,10.));
#11063=CARTESIAN_POINT('',(145.613,-51.1505,11.5));
#11064=CARTESIAN_POINT('',(145.613,-51.1505,10.));
#11065=CARTESIAN_POINT('Origin',(145.113,-51.1505,11.5));
#11066=CARTESIAN_POINT('Origin',(145.613,-51.1505,10.));
#11067=CARTESIAN_POINT('',(145.613,-64.1505,10.));
#11068=CARTESIAN_POINT('',(145.613,-58.568,10.));
#11069=CARTESIAN_POINT('',(145.613,-64.1505,11.5));
#11070=CARTESIAN_POINT('',(145.613,-64.1505,10.));
#11071=CARTESIAN_POINT('',(145.613,-58.568,11.5));
#11072=CARTESIAN_POINT('Origin',(145.113,-64.1505,10.));
#11073=CARTESIAN_POINT('',(145.113,-64.6505,10.));
#11074=CARTESIAN_POINT('Origin',(145.113,-64.1505,10.));
#11075=CARTESIAN_POINT('',(145.113,-64.6505,11.5));
#11076=CARTESIAN_POINT('',(145.113,-64.6505,10.));
#11077=CARTESIAN_POINT('Origin',(145.113,-64.1505,11.5));
#11078=CARTESIAN_POINT('Origin',(145.113,-64.6505,10.));
#11079=CARTESIAN_POINT('',(132.113,-64.6505,10.));
#11080=CARTESIAN_POINT('',(153.7695,-64.6505,10.));
#11081=CARTESIAN_POINT('',(132.113,-64.6505,11.5));
#11082=CARTESIAN_POINT('',(132.113,-64.6505,10.));
#11083=CARTESIAN_POINT('',(153.7695,-64.6505,11.5));
#11084=CARTESIAN_POINT('Origin',(132.113,-64.1505,10.));
#11085=CARTESIAN_POINT('Origin',(132.113,-64.1505,10.));
#11086=CARTESIAN_POINT('Origin',(132.113,-64.1505,11.5));
#11087=CARTESIAN_POINT('Origin',(-4.9989999999999,-136.97,10.));
#11088=CARTESIAN_POINT('',(-6.6989999999999,-136.97,11.5));
#11089=CARTESIAN_POINT('Origin',(-4.9989999999999,-136.97,11.5));
#11090=CARTESIAN_POINT('',(-6.6989999999999,-136.97,10.));
#11091=CARTESIAN_POINT('',(-6.6989999999999,-136.97,10.));
#11092=CARTESIAN_POINT('Origin',(-4.9989999999999,-136.97,10.));
#11093=CARTESIAN_POINT('Origin',(122.088,-45.1005,10.));
#11094=CARTESIAN_POINT('',(122.088,-32.1005,10.));
#11095=CARTESIAN_POINT('',(122.088,-45.1005,10.));
#11096=CARTESIAN_POINT('',(122.088,-55.543,10.));
#11097=CARTESIAN_POINT('',(122.088,-32.1005,11.5));
#11098=CARTESIAN_POINT('',(122.088,-32.1005,10.));
#11099=CARTESIAN_POINT('',(122.088,-45.1005,11.5));
#11100=CARTESIAN_POINT('',(122.088,-55.543,11.5));
#11101=CARTESIAN_POINT('',(122.088,-45.1005,10.));
#11102=CARTESIAN_POINT('Origin',(122.588,-32.1005,10.));
#11103=CARTESIAN_POINT('',(122.588,-31.6005,10.));
#11104=CARTESIAN_POINT('Origin',(122.588,-32.1005,10.));
#11105=CARTESIAN_POINT('',(122.588,-31.6005,11.5));
#11106=CARTESIAN_POINT('',(122.588,-31.6005,10.));
#11107=CARTESIAN_POINT('Origin',(122.588,-32.1005,11.5));
#11108=CARTESIAN_POINT('Origin',(122.588,-31.6005,10.));
#11109=CARTESIAN_POINT('',(135.588,-31.6005,10.));
#11110=CARTESIAN_POINT('',(142.507,-31.6005,10.));
#11111=CARTESIAN_POINT('',(135.588,-31.6005,11.5));
#11112=CARTESIAN_POINT('',(135.588,-31.6005,10.));
#11113=CARTESIAN_POINT('',(142.507,-31.6005,11.5));
#11114=CARTESIAN_POINT('Origin',(135.588,-32.1005,10.));
#11115=CARTESIAN_POINT('',(136.088,-32.1005,10.));
#11116=CARTESIAN_POINT('Origin',(135.588,-32.1005,10.));
#11117=CARTESIAN_POINT('',(136.088,-32.1005,11.5));
#11118=CARTESIAN_POINT('',(136.088,-32.1005,10.));
#11119=CARTESIAN_POINT('Origin',(135.588,-32.1005,11.5));
#11120=CARTESIAN_POINT('Origin',(136.088,-32.1005,10.));
#11121=CARTESIAN_POINT('',(136.088,-45.1005,10.));
#11122=CARTESIAN_POINT('',(136.088,-49.043,10.));
#11123=CARTESIAN_POINT('',(136.088,-45.1005,11.5));
#11124=CARTESIAN_POINT('',(136.088,-45.1005,10.));
#11125=CARTESIAN_POINT('',(136.088,-49.043,11.5));
#11126=CARTESIAN_POINT('Origin',(135.588,-45.1005,10.));
#11127=CARTESIAN_POINT('',(135.588,-45.6005,10.));
#11128=CARTESIAN_POINT('Origin',(135.588,-45.1005,10.));
#11129=CARTESIAN_POINT('',(135.588,-45.6005,11.5));
#11130=CARTESIAN_POINT('',(135.588,-45.6005,10.));
#11131=CARTESIAN_POINT('Origin',(135.588,-45.1005,11.5));
#11132=CARTESIAN_POINT('Origin',(135.588,-45.6005,10.));
#11133=CARTESIAN_POINT('',(122.588,-45.6005,10.));
#11134=CARTESIAN_POINT('',(149.007,-45.6005,10.));
#11135=CARTESIAN_POINT('',(122.588,-45.6005,11.5));
#11136=CARTESIAN_POINT('',(122.588,-45.6005,10.));
#11137=CARTESIAN_POINT('',(149.007,-45.6005,11.5));
#11138=CARTESIAN_POINT('Origin',(122.588,-45.1005,10.));
#11139=CARTESIAN_POINT('Origin',(122.588,-45.1005,10.));
#11140=CARTESIAN_POINT('Origin',(122.588,-45.1005,11.5));
#11141=CARTESIAN_POINT('Origin',(11.25625,-104.2505,10.));
#11142=CARTESIAN_POINT('',(11.25625,-90.2505,10.));
#11143=CARTESIAN_POINT('',(11.25625,-104.2505,10.));
#11144=CARTESIAN_POINT('',(11.25625,-85.118,10.));
#11145=CARTESIAN_POINT('',(11.25625,-90.2505,11.5));
#11146=CARTESIAN_POINT('',(11.25625,-90.2505,10.));
#11147=CARTESIAN_POINT('',(11.25625,-104.2505,11.5));
#11148=CARTESIAN_POINT('',(11.25625,-85.118,11.5));
#11149=CARTESIAN_POINT('',(11.25625,-104.2505,10.));
#11150=CARTESIAN_POINT('Origin',(11.75625,-90.2505,10.));
#11151=CARTESIAN_POINT('',(11.75625,-89.7505,10.));
#11152=CARTESIAN_POINT('Origin',(11.75625,-90.2505,10.));
#11153=CARTESIAN_POINT('',(11.75625,-89.7505,11.5));
#11154=CARTESIAN_POINT('',(11.75625,-89.7505,10.));
#11155=CARTESIAN_POINT('Origin',(11.75625,-90.2505,11.5));
#11156=CARTESIAN_POINT('Origin',(11.75625,-89.7505,10.));
#11157=CARTESIAN_POINT('',(17.75625,-89.7505,10.));
#11158=CARTESIAN_POINT('',(87.091125,-89.7505,10.));
#11159=CARTESIAN_POINT('',(17.75625,-89.7505,11.5));
#11160=CARTESIAN_POINT('',(17.75625,-89.7505,10.));
#11161=CARTESIAN_POINT('',(87.091125,-89.7505,11.5));
#11162=CARTESIAN_POINT('Origin',(17.75625,-90.2505,10.));
#11163=CARTESIAN_POINT('',(18.25625,-90.2505,10.));
#11164=CARTESIAN_POINT('Origin',(17.75625,-90.2505,10.));
#11165=CARTESIAN_POINT('',(18.25625,-90.2505,11.5));
#11166=CARTESIAN_POINT('',(18.25625,-90.2505,10.));
#11167=CARTESIAN_POINT('Origin',(17.75625,-90.2505,11.5));
#11168=CARTESIAN_POINT('Origin',(18.25625,-90.2505,10.));
#11169=CARTESIAN_POINT('',(18.25625,-104.2505,10.));
#11170=CARTESIAN_POINT('',(18.25625,-78.118,10.));
#11171=CARTESIAN_POINT('',(18.25625,-104.2505,11.5));
#11172=CARTESIAN_POINT('',(18.25625,-104.2505,10.));
#11173=CARTESIAN_POINT('',(18.25625,-78.118,11.5));
#11174=CARTESIAN_POINT('Origin',(17.75625,-104.2505,10.));
#11175=CARTESIAN_POINT('',(17.75625,-104.7505,10.));
#11176=CARTESIAN_POINT('Origin',(17.75625,-104.2505,10.));
#11177=CARTESIAN_POINT('',(17.75625,-104.7505,11.5));
#11178=CARTESIAN_POINT('',(17.75625,-104.7505,10.));
#11179=CARTESIAN_POINT('Origin',(17.75625,-104.2505,11.5));
#11180=CARTESIAN_POINT('Origin',(17.75625,-104.7505,10.));
#11181=CARTESIAN_POINT('',(11.75625,-104.7505,10.));
#11182=CARTESIAN_POINT('',(90.091125,-104.7505,10.));
#11183=CARTESIAN_POINT('',(11.75625,-104.7505,11.5));
#11184=CARTESIAN_POINT('',(11.75625,-104.7505,10.));
#11185=CARTESIAN_POINT('',(90.091125,-104.7505,11.5));
#11186=CARTESIAN_POINT('Origin',(11.75625,-104.2505,10.));
#11187=CARTESIAN_POINT('Origin',(11.75625,-104.2505,10.));
#11188=CARTESIAN_POINT('Origin',(11.75625,-104.2505,11.5));
#11189=CARTESIAN_POINT('Origin',(50.6505,-102.2505,10.));
#11190=CARTESIAN_POINT('',(50.6505,-89.2505,10.));
#11191=CARTESIAN_POINT('',(50.6505,-102.2505,10.));
#11192=CARTESIAN_POINT('',(50.6505,-84.118,10.));
#11193=CARTESIAN_POINT('',(50.6505,-89.2505,11.5));
#11194=CARTESIAN_POINT('',(50.6505,-89.2505,10.));
#11195=CARTESIAN_POINT('',(50.6505,-102.2505,11.5));
#11196=CARTESIAN_POINT('',(50.6505,-84.118,11.5));
#11197=CARTESIAN_POINT('',(50.6505,-102.2505,10.));
#11198=CARTESIAN_POINT('Origin',(51.1505,-89.2505,10.));
#11199=CARTESIAN_POINT('',(51.1505,-88.7505,10.));
#11200=CARTESIAN_POINT('Origin',(51.1505,-89.2505,10.));
#11201=CARTESIAN_POINT('',(51.1505,-88.7505,11.5));
#11202=CARTESIAN_POINT('',(51.1505,-88.7505,10.));
#11203=CARTESIAN_POINT('Origin',(51.1505,-89.2505,11.5));
#11204=CARTESIAN_POINT('Origin',(51.1505,-88.7505,10.));
#11205=CARTESIAN_POINT('',(64.1505,-88.7505,10.));
#11206=CARTESIAN_POINT('',(106.78825,-88.7505,10.));
#11207=CARTESIAN_POINT('',(64.1505,-88.7505,11.5));
#11208=CARTESIAN_POINT('',(64.1505,-88.7505,10.));
#11209=CARTESIAN_POINT('',(106.78825,-88.7505,11.5));
#11210=CARTESIAN_POINT('Origin',(64.1505,-89.2505,10.));
#11211=CARTESIAN_POINT('',(64.6505,-89.2505,10.));
#11212=CARTESIAN_POINT('Origin',(64.1505,-89.2505,10.));
#11213=CARTESIAN_POINT('',(64.6505,-89.2505,11.5));
#11214=CARTESIAN_POINT('',(64.6505,-89.2505,10.));
#11215=CARTESIAN_POINT('Origin',(64.1505,-89.2505,11.5));
#11216=CARTESIAN_POINT('Origin',(64.6505,-89.2505,10.));
#11217=CARTESIAN_POINT('',(64.6505,-102.2505,10.));
#11218=CARTESIAN_POINT('',(64.6505,-77.618,10.));
#11219=CARTESIAN_POINT('',(64.6505,-102.2505,11.5));
#11220=CARTESIAN_POINT('',(64.6505,-102.2505,10.));
#11221=CARTESIAN_POINT('',(64.6505,-77.618,11.5));
#11222=CARTESIAN_POINT('Origin',(64.1505,-102.2505,10.));
#11223=CARTESIAN_POINT('',(64.1505,-102.7505,10.));
#11224=CARTESIAN_POINT('Origin',(64.1505,-102.2505,10.));
#11225=CARTESIAN_POINT('',(64.1505,-102.7505,11.5));
#11226=CARTESIAN_POINT('',(64.1505,-102.7505,10.));
#11227=CARTESIAN_POINT('Origin',(64.1505,-102.2505,11.5));
#11228=CARTESIAN_POINT('Origin',(64.1505,-102.7505,10.));
#11229=CARTESIAN_POINT('',(51.1505,-102.7505,10.));
#11230=CARTESIAN_POINT('',(113.28825,-102.7505,10.));
#11231=CARTESIAN_POINT('',(51.1505,-102.7505,11.5));
#11232=CARTESIAN_POINT('',(51.1505,-102.7505,10.));
#11233=CARTESIAN_POINT('',(113.28825,-102.7505,11.5));
#11234=CARTESIAN_POINT('Origin',(51.1505,-102.2505,10.));
#11235=CARTESIAN_POINT('Origin',(51.1505,-102.2505,10.));
#11236=CARTESIAN_POINT('Origin',(51.1505,-102.2505,11.5));
#11237=CARTESIAN_POINT('Origin',(126.8505,-102.2505,10.));
#11238=CARTESIAN_POINT('',(126.8505,-89.2505,10.));
#11239=CARTESIAN_POINT('',(126.8505,-102.2505,10.));
#11240=CARTESIAN_POINT('',(126.8505,-84.118,10.));
#11241=CARTESIAN_POINT('',(126.8505,-89.2505,11.5));
#11242=CARTESIAN_POINT('',(126.8505,-89.2505,10.));
#11243=CARTESIAN_POINT('',(126.8505,-102.2505,11.5));
#11244=CARTESIAN_POINT('',(126.8505,-84.118,11.5));
#11245=CARTESIAN_POINT('',(126.8505,-102.2505,10.));
#11246=CARTESIAN_POINT('Origin',(127.3505,-89.2505,10.));
#11247=CARTESIAN_POINT('',(127.3505,-88.7505,10.));
#11248=CARTESIAN_POINT('Origin',(127.3505,-89.2505,10.));
#11249=CARTESIAN_POINT('',(127.3505,-88.7505,11.5));
#11250=CARTESIAN_POINT('',(127.3505,-88.7505,10.));
#11251=CARTESIAN_POINT('Origin',(127.3505,-89.2505,11.5));
#11252=CARTESIAN_POINT('Origin',(127.3505,-88.7505,10.));
#11253=CARTESIAN_POINT('',(140.3505,-88.7505,10.));
#11254=CARTESIAN_POINT('',(144.88825,-88.7505,10.));
#11255=CARTESIAN_POINT('',(140.3505,-88.7505,11.5));
#11256=CARTESIAN_POINT('',(140.3505,-88.7505,10.));
#11257=CARTESIAN_POINT('',(144.88825,-88.7505,11.5));
#11258=CARTESIAN_POINT('Origin',(140.3505,-89.2505,10.));
#11259=CARTESIAN_POINT('',(140.8505,-89.2505,10.));
#11260=CARTESIAN_POINT('Origin',(140.3505,-89.2505,10.));
#11261=CARTESIAN_POINT('',(140.8505,-89.2505,11.5));
#11262=CARTESIAN_POINT('',(140.8505,-89.2505,10.));
#11263=CARTESIAN_POINT('Origin',(140.3505,-89.2505,11.5));
#11264=CARTESIAN_POINT('Origin',(140.8505,-89.2505,10.));
#11265=CARTESIAN_POINT('',(140.8505,-102.2505,10.));
#11266=CARTESIAN_POINT('',(140.8505,-77.618,10.));
#11267=CARTESIAN_POINT('',(140.8505,-102.2505,11.5));
#11268=CARTESIAN_POINT('',(140.8505,-102.2505,10.));
#11269=CARTESIAN_POINT('',(140.8505,-77.618,11.5));
#11270=CARTESIAN_POINT('Origin',(140.3505,-102.2505,10.));
#11271=CARTESIAN_POINT('',(140.3505,-102.7505,10.));
#11272=CARTESIAN_POINT('Origin',(140.3505,-102.2505,10.));
#11273=CARTESIAN_POINT('',(140.3505,-102.7505,11.5));
#11274=CARTESIAN_POINT('',(140.3505,-102.7505,10.));
#11275=CARTESIAN_POINT('Origin',(140.3505,-102.2505,11.5));
#11276=CARTESIAN_POINT('Origin',(140.3505,-102.7505,10.));
#11277=CARTESIAN_POINT('',(127.3505,-102.7505,10.));
#11278=CARTESIAN_POINT('',(151.38825,-102.7505,10.));
#11279=CARTESIAN_POINT('',(127.3505,-102.7505,11.5));
#11280=CARTESIAN_POINT('',(127.3505,-102.7505,10.));
#11281=CARTESIAN_POINT('',(151.38825,-102.7505,11.5));
#11282=CARTESIAN_POINT('Origin',(127.3505,-102.2505,10.));
#11283=CARTESIAN_POINT('Origin',(127.3505,-102.2505,10.));
#11284=CARTESIAN_POINT('Origin',(127.3505,-102.2505,11.5));
#11285=CARTESIAN_POINT('Origin',(36.363,-64.1505,10.));
#11286=CARTESIAN_POINT('',(36.363,-51.1505,10.));
#11287=CARTESIAN_POINT('',(36.363,-64.1505,10.));
#11288=CARTESIAN_POINT('',(36.363,-65.068,10.));
#11289=CARTESIAN_POINT('',(36.363,-51.1505,11.5));
#11290=CARTESIAN_POINT('',(36.363,-51.1505,10.));
#11291=CARTESIAN_POINT('',(36.363,-64.1505,11.5));
#11292=CARTESIAN_POINT('',(36.363,-65.068,11.5));
#11293=CARTESIAN_POINT('',(36.363,-64.1505,10.));
#11294=CARTESIAN_POINT('Origin',(36.863,-51.1505,10.));
#11295=CARTESIAN_POINT('',(36.863,-50.6505,10.));
#11296=CARTESIAN_POINT('Origin',(36.863,-51.1505,10.));
#11297=CARTESIAN_POINT('',(36.863,-50.6505,11.5));
#11298=CARTESIAN_POINT('',(36.863,-50.6505,10.));
#11299=CARTESIAN_POINT('Origin',(36.863,-51.1505,11.5));
#11300=CARTESIAN_POINT('Origin',(36.863,-50.6505,10.));
#11301=CARTESIAN_POINT('',(49.863,-50.6505,10.));
#11302=CARTESIAN_POINT('',(99.6445,-50.6505,10.));
#11303=CARTESIAN_POINT('',(49.863,-50.6505,11.5));
#11304=CARTESIAN_POINT('',(49.863,-50.6505,10.));
#11305=CARTESIAN_POINT('',(99.6445,-50.6505,11.5));
#11306=CARTESIAN_POINT('Origin',(49.863,-51.1505,10.));
#11307=CARTESIAN_POINT('',(50.363,-51.1505,10.));
#11308=CARTESIAN_POINT('Origin',(49.863,-51.1505,10.));
#11309=CARTESIAN_POINT('',(50.363,-51.1505,11.5));
#11310=CARTESIAN_POINT('',(50.363,-51.1505,10.));
#11311=CARTESIAN_POINT('Origin',(49.863,-51.1505,11.5));
#11312=CARTESIAN_POINT('Origin',(50.363,-51.1505,10.));
#11313=CARTESIAN_POINT('',(50.363,-64.1505,10.));
#11314=CARTESIAN_POINT('',(50.363,-58.568,10.));
#11315=CARTESIAN_POINT('',(50.363,-64.1505,11.5));
#11316=CARTESIAN_POINT('',(50.363,-64.1505,10.));
#11317=CARTESIAN_POINT('',(50.363,-58.568,11.5));
#11318=CARTESIAN_POINT('Origin',(49.863,-64.1505,10.));
#11319=CARTESIAN_POINT('',(49.863,-64.6505,10.));
#11320=CARTESIAN_POINT('Origin',(49.863,-64.1505,10.));
#11321=CARTESIAN_POINT('',(49.863,-64.6505,11.5));
#11322=CARTESIAN_POINT('',(49.863,-64.6505,10.));
#11323=CARTESIAN_POINT('Origin',(49.863,-64.1505,11.5));
#11324=CARTESIAN_POINT('Origin',(49.863,-64.6505,10.));
#11325=CARTESIAN_POINT('',(36.863,-64.6505,10.));
#11326=CARTESIAN_POINT('',(106.1445,-64.6505,10.));
#11327=CARTESIAN_POINT('',(36.863,-64.6505,11.5));
#11328=CARTESIAN_POINT('',(36.863,-64.6505,10.));
#11329=CARTESIAN_POINT('',(106.1445,-64.6505,11.5));
#11330=CARTESIAN_POINT('Origin',(36.863,-64.1505,10.));
#11331=CARTESIAN_POINT('Origin',(36.863,-64.1505,10.));
#11332=CARTESIAN_POINT('Origin',(36.863,-64.1505,11.5));
#11333=CARTESIAN_POINT('Origin',(33.98175,-121.3005,10.));
#11334=CARTESIAN_POINT('',(33.98175,-108.3005,10.));
#11335=CARTESIAN_POINT('',(33.98175,-121.3005,10.));
#11336=CARTESIAN_POINT('',(33.98175,-93.643,10.));
#11337=CARTESIAN_POINT('',(33.98175,-108.3005,11.5));
#11338=CARTESIAN_POINT('',(33.98175,-108.3005,10.));
#11339=CARTESIAN_POINT('',(33.98175,-121.3005,11.5));
#11340=CARTESIAN_POINT('',(33.98175,-93.643,11.5));
#11341=CARTESIAN_POINT('',(33.98175,-121.3005,10.));
#11342=CARTESIAN_POINT('Origin',(34.48175,-108.3005,10.));
#11343=CARTESIAN_POINT('',(34.48175,-107.8005,10.));
#11344=CARTESIAN_POINT('Origin',(34.48175,-108.3005,10.));
#11345=CARTESIAN_POINT('',(34.48175,-107.8005,11.5));
#11346=CARTESIAN_POINT('',(34.48175,-107.8005,10.));
#11347=CARTESIAN_POINT('Origin',(34.48175,-108.3005,11.5));
#11348=CARTESIAN_POINT('Origin',(34.48175,-107.8005,10.));
#11349=CARTESIAN_POINT('',(47.48175,-107.8005,10.));
#11350=CARTESIAN_POINT('',(98.453875,-107.8005,10.));
#11351=CARTESIAN_POINT('',(47.48175,-107.8005,11.5));
#11352=CARTESIAN_POINT('',(47.48175,-107.8005,10.));
#11353=CARTESIAN_POINT('',(98.453875,-107.8005,11.5));
#11354=CARTESIAN_POINT('Origin',(47.48175,-108.3005,10.));
#11355=CARTESIAN_POINT('',(47.98175,-108.3005,10.));
#11356=CARTESIAN_POINT('Origin',(47.48175,-108.3005,10.));
#11357=CARTESIAN_POINT('',(47.98175,-108.3005,11.5));
#11358=CARTESIAN_POINT('',(47.98175,-108.3005,10.));
#11359=CARTESIAN_POINT('Origin',(47.48175,-108.3005,11.5));
#11360=CARTESIAN_POINT('Origin',(47.98175,-108.3005,10.));
#11361=CARTESIAN_POINT('',(47.98175,-121.3005,10.));
#11362=CARTESIAN_POINT('',(47.98175,-87.143,10.));
#11363=CARTESIAN_POINT('',(47.98175,-121.3005,11.5));
#11364=CARTESIAN_POINT('',(47.98175,-121.3005,10.));
#11365=CARTESIAN_POINT('',(47.98175,-87.143,11.5));
#11366=CARTESIAN_POINT('Origin',(47.48175,-121.3005,10.));
#11367=CARTESIAN_POINT('',(47.48175,-121.8005,10.));
#11368=CARTESIAN_POINT('Origin',(47.48175,-121.3005,10.));
#11369=CARTESIAN_POINT('',(47.48175,-121.8005,11.5));
#11370=CARTESIAN_POINT('',(47.48175,-121.8005,10.));
#11371=CARTESIAN_POINT('Origin',(47.48175,-121.3005,11.5));
#11372=CARTESIAN_POINT('Origin',(47.48175,-121.8005,10.));
#11373=CARTESIAN_POINT('',(34.48175,-121.8005,10.));
#11374=CARTESIAN_POINT('',(104.953875,-121.8005,10.));
#11375=CARTESIAN_POINT('',(34.48175,-121.8005,11.5));
#11376=CARTESIAN_POINT('',(34.48175,-121.8005,10.));
#11377=CARTESIAN_POINT('',(104.953875,-121.8005,11.5));
#11378=CARTESIAN_POINT('Origin',(34.48175,-121.3005,10.));
#11379=CARTESIAN_POINT('Origin',(34.48175,-121.3005,10.));
#11380=CARTESIAN_POINT('Origin',(34.48175,-121.3005,11.5));
#11381=CARTESIAN_POINT('Origin',(26.838,-45.1005,10.));
#11382=CARTESIAN_POINT('',(26.838,-32.1005,10.));
#11383=CARTESIAN_POINT('',(26.838,-45.1005,10.));
#11384=CARTESIAN_POINT('',(26.838,-55.543,10.));
#11385=CARTESIAN_POINT('',(26.838,-32.1005,11.5));
#11386=CARTESIAN_POINT('',(26.838,-32.1005,10.));
#11387=CARTESIAN_POINT('',(26.838,-45.1005,11.5));
#11388=CARTESIAN_POINT('',(26.838,-55.543,11.5));
#11389=CARTESIAN_POINT('',(26.838,-45.1005,10.));
#11390=CARTESIAN_POINT('Origin',(27.338,-32.1005,10.));
#11391=CARTESIAN_POINT('',(27.338,-31.6005,10.));
#11392=CARTESIAN_POINT('Origin',(27.338,-32.1005,10.));
#11393=CARTESIAN_POINT('',(27.338,-31.6005,11.5));
#11394=CARTESIAN_POINT('',(27.338,-31.6005,10.));
#11395=CARTESIAN_POINT('Origin',(27.338,-32.1005,11.5));
#11396=CARTESIAN_POINT('Origin',(27.338,-31.6005,10.));
#11397=CARTESIAN_POINT('',(40.338,-31.6005,10.));
#11398=CARTESIAN_POINT('',(94.882,-31.6005,10.));
#11399=CARTESIAN_POINT('',(40.338,-31.6005,11.5));
#11400=CARTESIAN_POINT('',(40.338,-31.6005,10.));
#11401=CARTESIAN_POINT('',(94.882,-31.6005,11.5));
#11402=CARTESIAN_POINT('Origin',(40.338,-32.1005,10.));
#11403=CARTESIAN_POINT('',(40.838,-32.1005,10.));
#11404=CARTESIAN_POINT('Origin',(40.338,-32.1005,10.));
#11405=CARTESIAN_POINT('',(40.838,-32.1005,11.5));
#11406=CARTESIAN_POINT('',(40.838,-32.1005,10.));
#11407=CARTESIAN_POINT('Origin',(40.338,-32.1005,11.5));
#11408=CARTESIAN_POINT('Origin',(40.838,-32.1005,10.));
#11409=CARTESIAN_POINT('',(40.838,-45.1005,10.));
#11410=CARTESIAN_POINT('',(40.838,-49.043,10.));
#11411=CARTESIAN_POINT('',(40.838,-45.1005,11.5));
#11412=CARTESIAN_POINT('',(40.838,-45.1005,10.));
#11413=CARTESIAN_POINT('',(40.838,-49.043,11.5));
#11414=CARTESIAN_POINT('Origin',(40.338,-45.1005,10.));
#11415=CARTESIAN_POINT('',(40.338,-45.6005,10.));
#11416=CARTESIAN_POINT('Origin',(40.338,-45.1005,10.));
#11417=CARTESIAN_POINT('',(40.338,-45.6005,11.5));
#11418=CARTESIAN_POINT('',(40.338,-45.6005,10.));
#11419=CARTESIAN_POINT('Origin',(40.338,-45.1005,11.5));
#11420=CARTESIAN_POINT('Origin',(40.338,-45.6005,10.));
#11421=CARTESIAN_POINT('',(27.338,-45.6005,10.));
#11422=CARTESIAN_POINT('',(101.382,-45.6005,10.));
#11423=CARTESIAN_POINT('',(27.338,-45.6005,11.5));
#11424=CARTESIAN_POINT('',(27.338,-45.6005,10.));
#11425=CARTESIAN_POINT('',(101.382,-45.6005,11.5));
#11426=CARTESIAN_POINT('Origin',(27.338,-45.1005,10.));
#11427=CARTESIAN_POINT('Origin',(27.338,-45.1005,10.));
#11428=CARTESIAN_POINT('Origin',(27.338,-45.1005,11.5));
#11429=CARTESIAN_POINT('Origin',(60.1755,-83.2005,10.));
#11430=CARTESIAN_POINT('',(60.1755,-70.2005,10.));
#11431=CARTESIAN_POINT('',(60.1755,-83.2005,10.));
#11432=CARTESIAN_POINT('',(60.1755,-74.593,10.));
#11433=CARTESIAN_POINT('',(60.1755,-70.2005,11.5));
#11434=CARTESIAN_POINT('',(60.1755,-70.2005,10.));
#11435=CARTESIAN_POINT('',(60.1755,-83.2005,11.5));
#11436=CARTESIAN_POINT('',(60.1755,-74.593,11.5));
#11437=CARTESIAN_POINT('',(60.1755,-83.2005,10.));
#11438=CARTESIAN_POINT('Origin',(60.6755,-70.2005,10.));
#11439=CARTESIAN_POINT('',(60.6755,-69.7005,10.));
#11440=CARTESIAN_POINT('Origin',(60.6755,-70.2005,10.));
#11441=CARTESIAN_POINT('',(60.6755,-69.7005,11.5));
#11442=CARTESIAN_POINT('',(60.6755,-69.7005,10.));
#11443=CARTESIAN_POINT('Origin',(60.6755,-70.2005,11.5));
#11444=CARTESIAN_POINT('Origin',(60.6755,-69.7005,10.));
#11445=CARTESIAN_POINT('',(73.6755,-69.7005,10.));
#11446=CARTESIAN_POINT('',(111.55075,-69.7005,10.));
#11447=CARTESIAN_POINT('',(73.6755,-69.7005,11.5));
#11448=CARTESIAN_POINT('',(73.6755,-69.7005,10.));
#11449=CARTESIAN_POINT('',(111.55075,-69.7005,11.5));
#11450=CARTESIAN_POINT('Origin',(73.6755,-70.2005,10.));
#11451=CARTESIAN_POINT('',(74.1755,-70.2005,10.));
#11452=CARTESIAN_POINT('Origin',(73.6755,-70.2005,10.));
#11453=CARTESIAN_POINT('',(74.1755,-70.2005,11.5));
#11454=CARTESIAN_POINT('',(74.1755,-70.2005,10.));
#11455=CARTESIAN_POINT('Origin',(73.6755,-70.2005,11.5));
#11456=CARTESIAN_POINT('Origin',(74.1755,-70.2005,10.));
#11457=CARTESIAN_POINT('',(74.1755,-83.2005,10.));
#11458=CARTESIAN_POINT('',(74.1755,-68.093,10.));
#11459=CARTESIAN_POINT('',(74.1755,-83.2005,11.5));
#11460=CARTESIAN_POINT('',(74.1755,-83.2005,10.));
#11461=CARTESIAN_POINT('',(74.1755,-68.093,11.5));
#11462=CARTESIAN_POINT('Origin',(73.6755,-83.2005,10.));
#11463=CARTESIAN_POINT('',(73.6755,-83.7005,10.));
#11464=CARTESIAN_POINT('Origin',(73.6755,-83.2005,10.));
#11465=CARTESIAN_POINT('',(73.6755,-83.7005,11.5));
#11466=CARTESIAN_POINT('',(73.6755,-83.7005,10.));
#11467=CARTESIAN_POINT('Origin',(73.6755,-83.2005,11.5));
#11468=CARTESIAN_POINT('Origin',(73.6755,-83.7005,10.));
#11469=CARTESIAN_POINT('',(60.6755,-83.7005,10.));
#11470=CARTESIAN_POINT('',(118.05075,-83.7005,10.));
#11471=CARTESIAN_POINT('',(60.6755,-83.7005,11.5));
#11472=CARTESIAN_POINT('',(60.6755,-83.7005,10.));
#11473=CARTESIAN_POINT('',(118.05075,-83.7005,11.5));
#11474=CARTESIAN_POINT('Origin',(60.6755,-83.2005,10.));
#11475=CARTESIAN_POINT('Origin',(60.6755,-83.2005,10.));
#11476=CARTESIAN_POINT('Origin',(60.6755,-83.2005,11.5));
#11477=CARTESIAN_POINT('Origin',(129.23175,-121.3005,10.));
#11478=CARTESIAN_POINT('',(129.23175,-108.3005,10.));
#11479=CARTESIAN_POINT('',(129.23175,-121.3005,10.));
#11480=CARTESIAN_POINT('',(129.23175,-93.643,10.));
#11481=CARTESIAN_POINT('',(129.23175,-108.3005,11.5));
#11482=CARTESIAN_POINT('',(129.23175,-108.3005,10.));
#11483=CARTESIAN_POINT('',(129.23175,-121.3005,11.5));
#11484=CARTESIAN_POINT('',(129.23175,-93.643,11.5));
#11485=CARTESIAN_POINT('',(129.23175,-121.3005,10.));
#11486=CARTESIAN_POINT('Origin',(129.73175,-108.3005,10.));
#11487=CARTESIAN_POINT('',(129.73175,-107.8005,10.));
#11488=CARTESIAN_POINT('Origin',(129.73175,-108.3005,10.));
#11489=CARTESIAN_POINT('',(129.73175,-107.8005,11.5));
#11490=CARTESIAN_POINT('',(129.73175,-107.8005,10.));
#11491=CARTESIAN_POINT('Origin',(129.73175,-108.3005,11.5));
#11492=CARTESIAN_POINT('Origin',(129.73175,-107.8005,10.));
#11493=CARTESIAN_POINT('',(142.73175,-107.8005,10.));
#11494=CARTESIAN_POINT('',(146.078875,-107.8005,10.));
#11495=CARTESIAN_POINT('',(142.73175,-107.8005,11.5));
#11496=CARTESIAN_POINT('',(142.73175,-107.8005,10.));
#11497=CARTESIAN_POINT('',(146.078875,-107.8005,11.5));
#11498=CARTESIAN_POINT('Origin',(142.73175,-108.3005,10.));
#11499=CARTESIAN_POINT('',(143.23175,-108.3005,10.));
#11500=CARTESIAN_POINT('Origin',(142.73175,-108.3005,10.));
#11501=CARTESIAN_POINT('',(143.23175,-108.3005,11.5));
#11502=CARTESIAN_POINT('',(143.23175,-108.3005,10.));
#11503=CARTESIAN_POINT('Origin',(142.73175,-108.3005,11.5));
#11504=CARTESIAN_POINT('Origin',(143.23175,-108.3005,10.));
#11505=CARTESIAN_POINT('',(143.23175,-121.3005,10.));
#11506=CARTESIAN_POINT('',(143.23175,-87.143,10.));
#11507=CARTESIAN_POINT('',(143.23175,-121.3005,11.5));
#11508=CARTESIAN_POINT('',(143.23175,-121.3005,10.));
#11509=CARTESIAN_POINT('',(143.23175,-87.143,11.5));
#11510=CARTESIAN_POINT('Origin',(142.73175,-121.3005,10.));
#11511=CARTESIAN_POINT('',(142.73175,-121.8005,10.));
#11512=CARTESIAN_POINT('Origin',(142.73175,-121.3005,10.));
#11513=CARTESIAN_POINT('',(142.73175,-121.8005,11.5));
#11514=CARTESIAN_POINT('',(142.73175,-121.8005,10.));
#11515=CARTESIAN_POINT('Origin',(142.73175,-121.3005,11.5));
#11516=CARTESIAN_POINT('Origin',(142.73175,-121.8005,10.));
#11517=CARTESIAN_POINT('',(129.73175,-121.8005,10.));
#11518=CARTESIAN_POINT('',(152.578875,-121.8005,10.));
#11519=CARTESIAN_POINT('',(129.73175,-121.8005,11.5));
#11520=CARTESIAN_POINT('',(129.73175,-121.8005,10.));
#11521=CARTESIAN_POINT('',(152.578875,-121.8005,11.5));
#11522=CARTESIAN_POINT('Origin',(129.73175,-121.3005,10.));
#11523=CARTESIAN_POINT('Origin',(129.73175,-121.3005,10.));
#11524=CARTESIAN_POINT('Origin',(129.73175,-121.3005,11.5));
#11525=CARTESIAN_POINT('Origin',(150.663,-64.1505,10.));
#11526=CARTESIAN_POINT('',(150.663,-51.1505,10.));
#11527=CARTESIAN_POINT('',(150.663,-64.1505,10.));
#11528=CARTESIAN_POINT('',(150.663,-65.068,10.));
#11529=CARTESIAN_POINT('',(150.663,-51.1505,11.5));
#11530=CARTESIAN_POINT('',(150.663,-51.1505,10.));
#11531=CARTESIAN_POINT('',(150.663,-64.1505,11.5));
#11532=CARTESIAN_POINT('',(150.663,-65.068,11.5));
#11533=CARTESIAN_POINT('',(150.663,-64.1505,10.));
#11534=CARTESIAN_POINT('Origin',(151.163,-51.1505,10.));
#11535=CARTESIAN_POINT('',(151.163,-50.6505,10.));
#11536=CARTESIAN_POINT('Origin',(151.163,-51.1505,10.));
#11537=CARTESIAN_POINT('',(151.163,-50.6505,11.5));
#11538=CARTESIAN_POINT('',(151.163,-50.6505,10.));
#11539=CARTESIAN_POINT('Origin',(151.163,-51.1505,11.5));
#11540=CARTESIAN_POINT('Origin',(151.163,-50.6505,10.));
#11541=CARTESIAN_POINT('',(164.163,-50.6505,10.));
#11542=CARTESIAN_POINT('',(156.7945,-50.6505,10.));
#11543=CARTESIAN_POINT('',(164.163,-50.6505,11.5));
#11544=CARTESIAN_POINT('',(164.163,-50.6505,10.));
#11545=CARTESIAN_POINT('',(156.7945,-50.6505,11.5));
#11546=CARTESIAN_POINT('Origin',(164.163,-51.1505,10.));
#11547=CARTESIAN_POINT('',(164.663,-51.1505,10.));
#11548=CARTESIAN_POINT('Origin',(164.163,-51.1505,10.));
#11549=CARTESIAN_POINT('',(164.663,-51.1505,11.5));
#11550=CARTESIAN_POINT('',(164.663,-51.1505,10.));
#11551=CARTESIAN_POINT('Origin',(164.163,-51.1505,11.5));
#11552=CARTESIAN_POINT('Origin',(164.663,-51.1505,10.));
#11553=CARTESIAN_POINT('',(164.663,-64.1505,10.));
#11554=CARTESIAN_POINT('',(164.663,-58.568,10.));
#11555=CARTESIAN_POINT('',(164.663,-64.1505,11.5));
#11556=CARTESIAN_POINT('',(164.663,-64.1505,10.));
#11557=CARTESIAN_POINT('',(164.663,-58.568,11.5));
#11558=CARTESIAN_POINT('Origin',(164.163,-64.1505,10.));
#11559=CARTESIAN_POINT('',(164.163,-64.6505,10.));
#11560=CARTESIAN_POINT('Origin',(164.163,-64.1505,10.));
#11561=CARTESIAN_POINT('',(164.163,-64.6505,11.5));
#11562=CARTESIAN_POINT('',(164.163,-64.6505,10.));
#11563=CARTESIAN_POINT('Origin',(164.163,-64.1505,11.5));
#11564=CARTESIAN_POINT('Origin',(164.163,-64.6505,10.));
#11565=CARTESIAN_POINT('',(151.163,-64.6505,10.));
#11566=CARTESIAN_POINT('',(163.2945,-64.6505,10.));
#11567=CARTESIAN_POINT('',(151.163,-64.6505,11.5));
#11568=CARTESIAN_POINT('',(151.163,-64.6505,10.));
#11569=CARTESIAN_POINT('',(163.2945,-64.6505,11.5));
#11570=CARTESIAN_POINT('Origin',(151.163,-64.1505,10.));
#11571=CARTESIAN_POINT('Origin',(151.163,-64.1505,10.));
#11572=CARTESIAN_POINT('Origin',(151.163,-64.1505,11.5));
#11573=CARTESIAN_POINT('Origin',(14.93175,-83.2005,10.));
#11574=CARTESIAN_POINT('',(14.93175,-70.2005,10.));
#11575=CARTESIAN_POINT('',(14.93175,-83.2005,10.));
#11576=CARTESIAN_POINT('',(14.93175,-74.593,10.));
#11577=CARTESIAN_POINT('',(14.93175,-70.2005,11.5));
#11578=CARTESIAN_POINT('',(14.93175,-70.2005,10.));
#11579=CARTESIAN_POINT('',(14.93175,-83.2005,11.5));
#11580=CARTESIAN_POINT('',(14.93175,-74.593,11.5));
#11581=CARTESIAN_POINT('',(14.93175,-83.2005,10.));
#11582=CARTESIAN_POINT('Origin',(15.43175,-70.2005,10.));
#11583=CARTESIAN_POINT('',(15.43175,-69.7005,10.));
#11584=CARTESIAN_POINT('Origin',(15.43175,-70.2005,10.));
#11585=CARTESIAN_POINT('',(15.43175,-69.7005,11.5));
#11586=CARTESIAN_POINT('',(15.43175,-69.7005,10.));
#11587=CARTESIAN_POINT('Origin',(15.43175,-70.2005,11.5));
#11588=CARTESIAN_POINT('Origin',(15.43175,-69.7005,10.));
#11589=CARTESIAN_POINT('',(28.43175,-69.7005,10.));
#11590=CARTESIAN_POINT('',(88.928875,-69.7005,10.));
#11591=CARTESIAN_POINT('',(28.43175,-69.7005,11.5));
#11592=CARTESIAN_POINT('',(28.43175,-69.7005,10.));
#11593=CARTESIAN_POINT('',(88.928875,-69.7005,11.5));
#11594=CARTESIAN_POINT('Origin',(28.43175,-70.2005,10.));
#11595=CARTESIAN_POINT('',(28.93175,-70.2005,10.));
#11596=CARTESIAN_POINT('Origin',(28.43175,-70.2005,10.));
#11597=CARTESIAN_POINT('',(28.93175,-70.2005,11.5));
#11598=CARTESIAN_POINT('',(28.93175,-70.2005,10.));
#11599=CARTESIAN_POINT('Origin',(28.43175,-70.2005,11.5));
#11600=CARTESIAN_POINT('Origin',(28.93175,-70.2005,10.));
#11601=CARTESIAN_POINT('',(28.93175,-83.2005,10.));
#11602=CARTESIAN_POINT('',(28.93175,-68.093,10.));
#11603=CARTESIAN_POINT('',(28.93175,-83.2005,11.5));
#11604=CARTESIAN_POINT('',(28.93175,-83.2005,10.));
#11605=CARTESIAN_POINT('',(28.93175,-68.093,11.5));
#11606=CARTESIAN_POINT('Origin',(28.43175,-83.2005,10.));
#11607=CARTESIAN_POINT('',(28.43175,-83.7005,10.));
#11608=CARTESIAN_POINT('Origin',(28.43175,-83.2005,10.));
#11609=CARTESIAN_POINT('',(28.43175,-83.7005,11.5));
#11610=CARTESIAN_POINT('',(28.43175,-83.7005,10.));
#11611=CARTESIAN_POINT('Origin',(28.43175,-83.2005,11.5));
#11612=CARTESIAN_POINT('Origin',(28.43175,-83.7005,10.));
#11613=CARTESIAN_POINT('',(15.43175,-83.7005,10.));
#11614=CARTESIAN_POINT('',(95.428875,-83.7005,10.));
#11615=CARTESIAN_POINT('',(15.43175,-83.7005,11.5));
#11616=CARTESIAN_POINT('',(15.43175,-83.7005,10.));
#11617=CARTESIAN_POINT('',(95.428875,-83.7005,11.5));
#11618=CARTESIAN_POINT('Origin',(15.43175,-83.2005,10.));
#11619=CARTESIAN_POINT('Origin',(15.43175,-83.2005,10.));
#11620=CARTESIAN_POINT('Origin',(15.43175,-83.2005,11.5));
#11621=CARTESIAN_POINT('Origin',(31.6005,-21.288,10.));
#11622=CARTESIAN_POINT('',(31.6005,-8.288,10.));
#11623=CARTESIAN_POINT('',(31.6005,-21.288,10.));
#11624=CARTESIAN_POINT('',(31.6005,-43.63675,10.));
#11625=CARTESIAN_POINT('',(31.6005,-8.28799999999999,11.5));
#11626=CARTESIAN_POINT('',(31.6005,-8.288,10.));
#11627=CARTESIAN_POINT('',(31.6005,-21.288,11.5));
#11628=CARTESIAN_POINT('',(31.6005,-43.63675,11.5));
#11629=CARTESIAN_POINT('',(31.6005,-21.288,10.));
#11630=CARTESIAN_POINT('Origin',(32.1005,-8.288,10.));
#11631=CARTESIAN_POINT('',(32.1005,-7.788,10.));
#11632=CARTESIAN_POINT('Origin',(32.1005,-8.288,10.));
#11633=CARTESIAN_POINT('',(32.1005,-7.78799999999999,11.5));
#11634=CARTESIAN_POINT('',(32.1005,-7.788,10.));
#11635=CARTESIAN_POINT('Origin',(32.1005,-8.288,11.5));
#11636=CARTESIAN_POINT('Origin',(32.1005,-7.78799999999999,10.));
#11637=CARTESIAN_POINT('',(45.1005,-7.788,10.));
#11638=CARTESIAN_POINT('',(97.26325,-7.78799999999999,10.));
#11639=CARTESIAN_POINT('',(45.1005,-7.78799999999999,11.5));
#11640=CARTESIAN_POINT('',(45.1005,-7.788,10.));
#11641=CARTESIAN_POINT('',(97.26325,-7.78799999999999,11.5));
#11642=CARTESIAN_POINT('Origin',(45.1005,-8.28800000000001,10.));
#11643=CARTESIAN_POINT('',(45.6005,-8.28800000000001,10.));
#11644=CARTESIAN_POINT('Origin',(45.1005,-8.28800000000001,10.));
#11645=CARTESIAN_POINT('',(45.6005,-8.288,11.5));
#11646=CARTESIAN_POINT('',(45.6005,-8.28800000000001,10.));
#11647=CARTESIAN_POINT('Origin',(45.1005,-8.28800000000001,11.5));
#11648=CARTESIAN_POINT('Origin',(45.6005,-8.28800000000001,10.));
#11649=CARTESIAN_POINT('',(45.6005,-21.288,10.));
#11650=CARTESIAN_POINT('',(45.6005,-37.13675,10.));
#11651=CARTESIAN_POINT('',(45.6005,-21.288,11.5));
#11652=CARTESIAN_POINT('',(45.6005,-21.288,10.));
#11653=CARTESIAN_POINT('',(45.6005,-37.13675,11.5));
#11654=CARTESIAN_POINT('Origin',(45.1005,-21.288,10.));
#11655=CARTESIAN_POINT('',(45.1005,-21.788,10.));
#11656=CARTESIAN_POINT('Origin',(45.1005,-21.288,10.));
#11657=CARTESIAN_POINT('',(45.1005,-21.788,11.5));
#11658=CARTESIAN_POINT('',(45.1005,-21.788,10.));
#11659=CARTESIAN_POINT('Origin',(45.1005,-21.288,11.5));
#11660=CARTESIAN_POINT('Origin',(45.1005,-21.788,10.));
#11661=CARTESIAN_POINT('',(32.1005,-21.788,10.));
#11662=CARTESIAN_POINT('',(103.76325,-21.788,10.));
#11663=CARTESIAN_POINT('',(32.1005,-21.788,11.5));
#11664=CARTESIAN_POINT('',(32.1005,-21.788,10.));
#11665=CARTESIAN_POINT('',(103.76325,-21.788,11.5));
#11666=CARTESIAN_POINT('Origin',(32.1005,-21.288,10.));
#11667=CARTESIAN_POINT('Origin',(32.1005,-21.288,10.));
#11668=CARTESIAN_POINT('Origin',(32.1005,-21.288,11.5));
#11669=CARTESIAN_POINT('Origin',(57.79425,-121.3005,10.));
#11670=CARTESIAN_POINT('',(57.79425,-108.3005,10.));
#11671=CARTESIAN_POINT('',(57.79425,-121.3005,10.));
#11672=CARTESIAN_POINT('',(57.79425,-93.643,10.));
#11673=CARTESIAN_POINT('',(57.79425,-108.3005,11.5));
#11674=CARTESIAN_POINT('',(57.79425,-108.3005,10.));
#11675=CARTESIAN_POINT('',(57.79425,-121.3005,11.5));
#11676=CARTESIAN_POINT('',(57.79425,-93.643,11.5));
#11677=CARTESIAN_POINT('',(57.79425,-121.3005,10.));
#11678=CARTESIAN_POINT('Origin',(58.29425,-108.3005,10.));
#11679=CARTESIAN_POINT('',(58.29425,-107.8005,10.));
#11680=CARTESIAN_POINT('Origin',(58.29425,-108.3005,10.));
#11681=CARTESIAN_POINT('',(58.29425,-107.8005,11.5));
#11682=CARTESIAN_POINT('',(58.29425,-107.8005,10.));
#11683=CARTESIAN_POINT('Origin',(58.29425,-108.3005,11.5));
#11684=CARTESIAN_POINT('Origin',(58.29425,-107.8005,10.));
#11685=CARTESIAN_POINT('',(71.29425,-107.8005,10.));
#11686=CARTESIAN_POINT('',(110.360125,-107.8005,10.));
#11687=CARTESIAN_POINT('',(71.29425,-107.8005,11.5));
#11688=CARTESIAN_POINT('',(71.29425,-107.8005,10.));
#11689=CARTESIAN_POINT('',(110.360125,-107.8005,11.5));
#11690=CARTESIAN_POINT('Origin',(71.29425,-108.3005,10.));
#11691=CARTESIAN_POINT('',(71.79425,-108.3005,10.));
#11692=CARTESIAN_POINT('Origin',(71.29425,-108.3005,10.));
#11693=CARTESIAN_POINT('',(71.79425,-108.3005,11.5));
#11694=CARTESIAN_POINT('',(71.79425,-108.3005,10.));
#11695=CARTESIAN_POINT('Origin',(71.29425,-108.3005,11.5));
#11696=CARTESIAN_POINT('Origin',(71.79425,-108.3005,10.));
#11697=CARTESIAN_POINT('',(71.79425,-121.3005,10.));
#11698=CARTESIAN_POINT('',(71.79425,-87.143,10.));
#11699=CARTESIAN_POINT('',(71.79425,-121.3005,11.5));
#11700=CARTESIAN_POINT('',(71.79425,-121.3005,10.));
#11701=CARTESIAN_POINT('',(71.79425,-87.143,11.5));
#11702=CARTESIAN_POINT('Origin',(71.29425,-121.3005,10.));
#11703=CARTESIAN_POINT('',(71.29425,-121.8005,10.));
#11704=CARTESIAN_POINT('Origin',(71.29425,-121.3005,10.));
#11705=CARTESIAN_POINT('',(71.29425,-121.8005,11.5));
#11706=CARTESIAN_POINT('',(71.29425,-121.8005,10.));
#11707=CARTESIAN_POINT('Origin',(71.29425,-121.3005,11.5));
#11708=CARTESIAN_POINT('Origin',(71.29425,-121.8005,10.));
#11709=CARTESIAN_POINT('',(58.29425,-121.8005,10.));
#11710=CARTESIAN_POINT('',(116.860125,-121.8005,10.));
#11711=CARTESIAN_POINT('',(58.29425,-121.8005,11.5));
#11712=CARTESIAN_POINT('',(58.29425,-121.8005,10.));
#11713=CARTESIAN_POINT('',(116.860125,-121.8005,11.5));
#11714=CARTESIAN_POINT('Origin',(58.29425,-121.3005,10.));
#11715=CARTESIAN_POINT('Origin',(58.29425,-121.3005,10.));
#11716=CARTESIAN_POINT('Origin',(58.29425,-121.3005,11.5));
#11717=CARTESIAN_POINT('Origin',(-4.9989999999999,4.999,10.));
#11718=CARTESIAN_POINT('',(-6.6989999999999,4.999,11.5));
#11719=CARTESIAN_POINT('Origin',(-4.9989999999999,4.999,11.5));
#11720=CARTESIAN_POINT('',(-6.6989999999999,4.999,10.));
#11721=CARTESIAN_POINT('',(-6.6989999999999,4.999,10.));
#11722=CARTESIAN_POINT('Origin',(-4.9989999999999,4.999,10.));
#11723=CARTESIAN_POINT('Origin',(107.8005,-102.2505,10.));
#11724=CARTESIAN_POINT('',(107.8005,-89.2505,10.));
#11725=CARTESIAN_POINT('',(107.8005,-102.2505,10.));
#11726=CARTESIAN_POINT('',(107.8005,-84.118,10.));
#11727=CARTESIAN_POINT('',(107.8005,-89.2505,11.5));
#11728=CARTESIAN_POINT('',(107.8005,-89.2505,10.));
#11729=CARTESIAN_POINT('',(107.8005,-102.2505,11.5));
#11730=CARTESIAN_POINT('',(107.8005,-84.118,11.5));
#11731=CARTESIAN_POINT('',(107.8005,-102.2505,10.));
#11732=CARTESIAN_POINT('Origin',(108.3005,-89.2505,10.));
#11733=CARTESIAN_POINT('',(108.3005,-88.7505,10.));
#11734=CARTESIAN_POINT('Origin',(108.3005,-89.2505,10.));
#11735=CARTESIAN_POINT('',(108.3005,-88.7505,11.5));
#11736=CARTESIAN_POINT('',(108.3005,-88.7505,10.));
#11737=CARTESIAN_POINT('Origin',(108.3005,-89.2505,11.5));
#11738=CARTESIAN_POINT('Origin',(108.3005,-88.7505,10.));
#11739=CARTESIAN_POINT('',(121.3005,-88.7505,10.));
#11740=CARTESIAN_POINT('',(135.36325,-88.7505,10.));
#11741=CARTESIAN_POINT('',(121.3005,-88.7505,11.5));
#11742=CARTESIAN_POINT('',(121.3005,-88.7505,10.));
#11743=CARTESIAN_POINT('',(135.36325,-88.7505,11.5));
#11744=CARTESIAN_POINT('Origin',(121.3005,-89.2505,10.));
#11745=CARTESIAN_POINT('',(121.8005,-89.2505,10.));
#11746=CARTESIAN_POINT('Origin',(121.3005,-89.2505,10.));
#11747=CARTESIAN_POINT('',(121.8005,-89.2505,11.5));
#11748=CARTESIAN_POINT('',(121.8005,-89.2505,10.));
#11749=CARTESIAN_POINT('Origin',(121.3005,-89.2505,11.5));
#11750=CARTESIAN_POINT('Origin',(121.8005,-89.2505,10.));
#11751=CARTESIAN_POINT('',(121.8005,-102.2505,10.));
#11752=CARTESIAN_POINT('',(121.8005,-77.618,10.));
#11753=CARTESIAN_POINT('',(121.8005,-102.2505,11.5));
#11754=CARTESIAN_POINT('',(121.8005,-102.2505,10.));
#11755=CARTESIAN_POINT('',(121.8005,-77.618,11.5));
#11756=CARTESIAN_POINT('Origin',(121.3005,-102.2505,10.));
#11757=CARTESIAN_POINT('',(121.3005,-102.7505,10.));
#11758=CARTESIAN_POINT('Origin',(121.3005,-102.2505,10.));
#11759=CARTESIAN_POINT('',(121.3005,-102.7505,11.5));
#11760=CARTESIAN_POINT('',(121.3005,-102.7505,10.));
#11761=CARTESIAN_POINT('Origin',(121.3005,-102.2505,11.5));
#11762=CARTESIAN_POINT('Origin',(121.3005,-102.7505,10.));
#11763=CARTESIAN_POINT('',(108.3005,-102.7505,10.));
#11764=CARTESIAN_POINT('',(141.86325,-102.7505,10.));
#11765=CARTESIAN_POINT('',(108.3005,-102.7505,11.5));
#11766=CARTESIAN_POINT('',(108.3005,-102.7505,10.));
#11767=CARTESIAN_POINT('',(141.86325,-102.7505,11.5));
#11768=CARTESIAN_POINT('Origin',(108.3005,-102.2505,10.));
#11769=CARTESIAN_POINT('Origin',(108.3005,-102.2505,10.));
#11770=CARTESIAN_POINT('Origin',(108.3005,-102.2505,11.5));
#11771=CARTESIAN_POINT('Origin',(69.7005,-102.2505,10.));
#11772=CARTESIAN_POINT('',(69.7005,-89.2505,10.));
#11773=CARTESIAN_POINT('',(69.7005,-102.2505,10.));
#11774=CARTESIAN_POINT('',(69.7005,-84.118,10.));
#11775=CARTESIAN_POINT('',(69.7005,-89.2505,11.5));
#11776=CARTESIAN_POINT('',(69.7005,-89.2505,10.));
#11777=CARTESIAN_POINT('',(69.7005,-102.2505,11.5));
#11778=CARTESIAN_POINT('',(69.7005,-84.118,11.5));
#11779=CARTESIAN_POINT('',(69.7005,-102.2505,10.));
#11780=CARTESIAN_POINT('Origin',(70.2005,-89.2505,10.));
#11781=CARTESIAN_POINT('',(70.2005,-88.7505,10.));
#11782=CARTESIAN_POINT('Origin',(70.2005,-89.2505,10.));
#11783=CARTESIAN_POINT('',(70.2005,-88.7505,11.5));
#11784=CARTESIAN_POINT('',(70.2005,-88.7505,10.));
#11785=CARTESIAN_POINT('Origin',(70.2005,-89.2505,11.5));
#11786=CARTESIAN_POINT('Origin',(70.2005,-88.7505,10.));
#11787=CARTESIAN_POINT('',(83.2005,-88.7505,10.));
#11788=CARTESIAN_POINT('',(116.31325,-88.7505,10.));
#11789=CARTESIAN_POINT('',(83.2005,-88.7505,11.5));
#11790=CARTESIAN_POINT('',(83.2005,-88.7505,10.));
#11791=CARTESIAN_POINT('',(116.31325,-88.7505,11.5));
#11792=CARTESIAN_POINT('Origin',(83.2005,-89.2505,10.));
#11793=CARTESIAN_POINT('',(83.7005,-89.2505,10.));
#11794=CARTESIAN_POINT('Origin',(83.2005,-89.2505,10.));
#11795=CARTESIAN_POINT('',(83.7005,-89.2505,11.5));
#11796=CARTESIAN_POINT('',(83.7005,-89.2505,10.));
#11797=CARTESIAN_POINT('Origin',(83.2005,-89.2505,11.5));
#11798=CARTESIAN_POINT('Origin',(83.7005,-89.2505,10.));
#11799=CARTESIAN_POINT('',(83.7005,-102.2505,10.));
#11800=CARTESIAN_POINT('',(83.7005,-77.618,10.));
#11801=CARTESIAN_POINT('',(83.7005,-102.2505,11.5));
#11802=CARTESIAN_POINT('',(83.7005,-102.2505,10.));
#11803=CARTESIAN_POINT('',(83.7005,-77.618,11.5));
#11804=CARTESIAN_POINT('Origin',(83.2005,-102.2505,10.));
#11805=CARTESIAN_POINT('',(83.2005,-102.7505,10.));
#11806=CARTESIAN_POINT('Origin',(83.2005,-102.2505,10.));
#11807=CARTESIAN_POINT('',(83.2005,-102.7505,11.5));
#11808=CARTESIAN_POINT('',(83.2005,-102.7505,10.));
#11809=CARTESIAN_POINT('Origin',(83.2005,-102.2505,11.5));
#11810=CARTESIAN_POINT('Origin',(83.2005,-102.7505,10.));
#11811=CARTESIAN_POINT('',(70.2005,-102.7505,10.));
#11812=CARTESIAN_POINT('',(122.81325,-102.7505,10.));
#11813=CARTESIAN_POINT('',(70.2005,-102.7505,11.5));
#11814=CARTESIAN_POINT('',(70.2005,-102.7505,10.));
#11815=CARTESIAN_POINT('',(122.81325,-102.7505,11.5));
#11816=CARTESIAN_POINT('Origin',(70.2005,-102.2505,10.));
#11817=CARTESIAN_POINT('Origin',(70.2005,-102.2505,10.));
#11818=CARTESIAN_POINT('Origin',(70.2005,-102.2505,11.5));
#11819=CARTESIAN_POINT('Origin',(35.13225,-104.2505,10.));
#11820=CARTESIAN_POINT('',(35.13225,-90.2505,10.));
#11821=CARTESIAN_POINT('',(35.13225,-104.2505,10.));
#11822=CARTESIAN_POINT('',(35.13225,-85.118,10.));
#11823=CARTESIAN_POINT('',(35.13225,-90.2505,11.5));
#11824=CARTESIAN_POINT('',(35.13225,-90.2505,10.));
#11825=CARTESIAN_POINT('',(35.13225,-104.2505,11.5));
#11826=CARTESIAN_POINT('',(35.13225,-85.118,11.5));
#11827=CARTESIAN_POINT('',(35.13225,-104.2505,10.));
#11828=CARTESIAN_POINT('Origin',(35.63225,-90.2505,10.));
#11829=CARTESIAN_POINT('',(35.63225,-89.7505,10.));
#11830=CARTESIAN_POINT('Origin',(35.63225,-90.2505,10.));
#11831=CARTESIAN_POINT('',(35.63225,-89.7505,11.5));
#11832=CARTESIAN_POINT('',(35.63225,-89.7505,10.));
#11833=CARTESIAN_POINT('Origin',(35.63225,-90.2505,11.5));
#11834=CARTESIAN_POINT('Origin',(35.63225,-89.7505,10.));
#11835=CARTESIAN_POINT('',(41.63225,-89.7505,10.));
#11836=CARTESIAN_POINT('',(99.029125,-89.7505,10.));
#11837=CARTESIAN_POINT('',(41.63225,-89.7505,11.5));
#11838=CARTESIAN_POINT('',(41.63225,-89.7505,10.));
#11839=CARTESIAN_POINT('',(99.029125,-89.7505,11.5));
#11840=CARTESIAN_POINT('Origin',(41.63225,-90.2505,10.));
#11841=CARTESIAN_POINT('',(42.13225,-90.2505,10.));
#11842=CARTESIAN_POINT('Origin',(41.63225,-90.2505,10.));
#11843=CARTESIAN_POINT('',(42.13225,-90.2505,11.5));
#11844=CARTESIAN_POINT('',(42.13225,-90.2505,10.));
#11845=CARTESIAN_POINT('Origin',(41.63225,-90.2505,11.5));
#11846=CARTESIAN_POINT('Origin',(42.13225,-90.2505,10.));
#11847=CARTESIAN_POINT('',(42.13225,-104.2505,10.));
#11848=CARTESIAN_POINT('',(42.13225,-78.118,10.));
#11849=CARTESIAN_POINT('',(42.13225,-104.2505,11.5));
#11850=CARTESIAN_POINT('',(42.13225,-104.2505,10.));
#11851=CARTESIAN_POINT('',(42.13225,-78.118,11.5));
#11852=CARTESIAN_POINT('Origin',(41.63225,-104.2505,10.));
#11853=CARTESIAN_POINT('',(41.63225,-104.7505,10.));
#11854=CARTESIAN_POINT('Origin',(41.63225,-104.2505,10.));
#11855=CARTESIAN_POINT('',(41.63225,-104.7505,11.5));
#11856=CARTESIAN_POINT('',(41.63225,-104.7505,10.));
#11857=CARTESIAN_POINT('Origin',(41.63225,-104.2505,11.5));
#11858=CARTESIAN_POINT('Origin',(41.63225,-104.7505,10.));
#11859=CARTESIAN_POINT('',(35.63225,-104.7505,10.));
#11860=CARTESIAN_POINT('',(102.029125,-104.7505,10.));
#11861=CARTESIAN_POINT('',(35.63225,-104.7505,11.5));
#11862=CARTESIAN_POINT('',(35.63225,-104.7505,10.));
#11863=CARTESIAN_POINT('',(102.029125,-104.7505,11.5));
#11864=CARTESIAN_POINT('Origin',(35.63225,-104.2505,10.));
#11865=CARTESIAN_POINT('Origin',(35.63225,-104.2505,10.));
#11866=CARTESIAN_POINT('Origin',(35.63225,-104.2505,11.5));
#11867=CARTESIAN_POINT('Origin',(136.3755,-83.2005,10.));
#11868=CARTESIAN_POINT('',(136.3755,-70.2005,10.));
#11869=CARTESIAN_POINT('',(136.3755,-83.2005,10.));
#11870=CARTESIAN_POINT('',(136.3755,-74.593,10.));
#11871=CARTESIAN_POINT('',(136.3755,-70.2005,11.5));
#11872=CARTESIAN_POINT('',(136.3755,-70.2005,10.));
#11873=CARTESIAN_POINT('',(136.3755,-83.2005,11.5));
#11874=CARTESIAN_POINT('',(136.3755,-74.593,11.5));
#11875=CARTESIAN_POINT('',(136.3755,-83.2005,10.));
#11876=CARTESIAN_POINT('Origin',(136.8755,-70.2005,10.));
#11877=CARTESIAN_POINT('',(136.8755,-69.7005,10.));
#11878=CARTESIAN_POINT('Origin',(136.8755,-70.2005,10.));
#11879=CARTESIAN_POINT('',(136.8755,-69.7005,11.5));
#11880=CARTESIAN_POINT('',(136.8755,-69.7005,10.));
#11881=CARTESIAN_POINT('Origin',(136.8755,-70.2005,11.5));
#11882=CARTESIAN_POINT('Origin',(136.8755,-69.7005,10.));
#11883=CARTESIAN_POINT('',(149.8755,-69.7005,10.));
#11884=CARTESIAN_POINT('',(149.65075,-69.7005,10.));
#11885=CARTESIAN_POINT('',(149.8755,-69.7005,11.5));
#11886=CARTESIAN_POINT('',(149.8755,-69.7005,10.));
#11887=CARTESIAN_POINT('',(149.65075,-69.7005,11.5));
#11888=CARTESIAN_POINT('Origin',(149.8755,-70.2005,10.));
#11889=CARTESIAN_POINT('',(150.3755,-70.2005,10.));
#11890=CARTESIAN_POINT('Origin',(149.8755,-70.2005,10.));
#11891=CARTESIAN_POINT('',(150.3755,-70.2005,11.5));
#11892=CARTESIAN_POINT('',(150.3755,-70.2005,10.));
#11893=CARTESIAN_POINT('Origin',(149.8755,-70.2005,11.5));
#11894=CARTESIAN_POINT('Origin',(150.3755,-70.2005,10.));
#11895=CARTESIAN_POINT('',(150.3755,-83.2005,10.));
#11896=CARTESIAN_POINT('',(150.3755,-68.093,10.));
#11897=CARTESIAN_POINT('',(150.3755,-83.2005,11.5));
#11898=CARTESIAN_POINT('',(150.3755,-83.2005,10.));
#11899=CARTESIAN_POINT('',(150.3755,-68.093,11.5));
#11900=CARTESIAN_POINT('Origin',(149.8755,-83.2005,10.));
#11901=CARTESIAN_POINT('',(149.8755,-83.7005,10.));
#11902=CARTESIAN_POINT('Origin',(149.8755,-83.2005,10.));
#11903=CARTESIAN_POINT('',(149.8755,-83.7005,11.5));
#11904=CARTESIAN_POINT('',(149.8755,-83.7005,10.));
#11905=CARTESIAN_POINT('Origin',(149.8755,-83.2005,11.5));
#11906=CARTESIAN_POINT('Origin',(149.8755,-83.7005,10.));
#11907=CARTESIAN_POINT('',(136.8755,-83.7005,10.));
#11908=CARTESIAN_POINT('',(156.15075,-83.7005,10.));
#11909=CARTESIAN_POINT('',(136.8755,-83.7005,11.5));
#11910=CARTESIAN_POINT('',(136.8755,-83.7005,10.));
#11911=CARTESIAN_POINT('',(156.15075,-83.7005,11.5));
#11912=CARTESIAN_POINT('Origin',(136.8755,-83.2005,10.));
#11913=CARTESIAN_POINT('Origin',(136.8755,-83.2005,10.));
#11914=CARTESIAN_POINT('Origin',(136.8755,-83.2005,11.5));
#11915=CARTESIAN_POINT('Origin',(98.2755,-83.2005,10.));
#11916=CARTESIAN_POINT('',(98.2755,-70.2005,10.));
#11917=CARTESIAN_POINT('',(98.2755,-83.2005,10.));
#11918=CARTESIAN_POINT('',(98.2755,-74.593,10.));
#11919=CARTESIAN_POINT('',(98.2755,-70.2005,11.5));
#11920=CARTESIAN_POINT('',(98.2755,-70.2005,10.));
#11921=CARTESIAN_POINT('',(98.2755,-83.2005,11.5));
#11922=CARTESIAN_POINT('',(98.2755,-74.593,11.5));
#11923=CARTESIAN_POINT('',(98.2755,-83.2005,10.));
#11924=CARTESIAN_POINT('Origin',(98.7755,-70.2005,10.));
#11925=CARTESIAN_POINT('',(98.7755,-69.7005,10.));
#11926=CARTESIAN_POINT('Origin',(98.7755,-70.2005,10.));
#11927=CARTESIAN_POINT('',(98.7755,-69.7005,11.5));
#11928=CARTESIAN_POINT('',(98.7755,-69.7005,10.));
#11929=CARTESIAN_POINT('Origin',(98.7755,-70.2005,11.5));
#11930=CARTESIAN_POINT('Origin',(98.7755,-69.7005,10.));
#11931=CARTESIAN_POINT('',(111.7755,-69.7005,10.));
#11932=CARTESIAN_POINT('',(130.60075,-69.7005,10.));
#11933=CARTESIAN_POINT('',(111.7755,-69.7005,11.5));
#11934=CARTESIAN_POINT('',(111.7755,-69.7005,10.));
#11935=CARTESIAN_POINT('',(130.60075,-69.7005,11.5));
#11936=CARTESIAN_POINT('Origin',(111.7755,-70.2005,10.));
#11937=CARTESIAN_POINT('',(112.2755,-70.2005,10.));
#11938=CARTESIAN_POINT('Origin',(111.7755,-70.2005,10.));
#11939=CARTESIAN_POINT('',(112.2755,-70.2005,11.5));
#11940=CARTESIAN_POINT('',(112.2755,-70.2005,10.));
#11941=CARTESIAN_POINT('Origin',(111.7755,-70.2005,11.5));
#11942=CARTESIAN_POINT('Origin',(112.2755,-70.2005,10.));
#11943=CARTESIAN_POINT('',(112.2755,-83.2005,10.));
#11944=CARTESIAN_POINT('',(112.2755,-68.093,10.));
#11945=CARTESIAN_POINT('',(112.2755,-83.2005,11.5));
#11946=CARTESIAN_POINT('',(112.2755,-83.2005,10.));
#11947=CARTESIAN_POINT('',(112.2755,-68.093,11.5));
#11948=CARTESIAN_POINT('Origin',(111.7755,-83.2005,10.));
#11949=CARTESIAN_POINT('',(111.7755,-83.7005,10.));
#11950=CARTESIAN_POINT('Origin',(111.7755,-83.2005,10.));
#11951=CARTESIAN_POINT('',(111.7755,-83.7005,11.5));
#11952=CARTESIAN_POINT('',(111.7755,-83.7005,10.));
#11953=CARTESIAN_POINT('Origin',(111.7755,-83.2005,11.5));
#11954=CARTESIAN_POINT('Origin',(111.7755,-83.7005,10.));
#11955=CARTESIAN_POINT('',(98.7755,-83.7005,10.));
#11956=CARTESIAN_POINT('',(137.10075,-83.7005,10.));
#11957=CARTESIAN_POINT('',(98.7755,-83.7005,11.5));
#11958=CARTESIAN_POINT('',(98.7755,-83.7005,10.));
#11959=CARTESIAN_POINT('',(137.10075,-83.7005,11.5));
#11960=CARTESIAN_POINT('Origin',(98.7755,-83.2005,10.));
#11961=CARTESIAN_POINT('Origin',(98.7755,-83.2005,10.));
#11962=CARTESIAN_POINT('Origin',(98.7755,-83.2005,11.5));
#11963=CARTESIAN_POINT('Origin',(7.788,-45.1005,10.));
#11964=CARTESIAN_POINT('',(7.78800000000001,-32.1005,10.));
#11965=CARTESIAN_POINT('',(7.78800000000001,-45.1005,10.));
#11966=CARTESIAN_POINT('',(7.788,-55.543,10.));
#11967=CARTESIAN_POINT('',(7.788,-32.1005,11.5));
#11968=CARTESIAN_POINT('',(7.78800000000001,-32.1005,10.));
#11969=CARTESIAN_POINT('',(7.788,-45.1005,11.5));
#11970=CARTESIAN_POINT('',(7.788,-55.543,11.5));
#11971=CARTESIAN_POINT('',(7.78800000000001,-45.1005,10.));
#11972=CARTESIAN_POINT('Origin',(8.28800000000001,-32.1005,10.));
#11973=CARTESIAN_POINT('',(8.28800000000001,-31.6005,10.));
#11974=CARTESIAN_POINT('Origin',(8.28800000000001,-32.1005,10.));
#11975=CARTESIAN_POINT('',(8.28800000000001,-31.6005,11.5));
#11976=CARTESIAN_POINT('',(8.28800000000001,-31.6005,10.));
#11977=CARTESIAN_POINT('Origin',(8.28800000000001,-32.1005,11.5));
#11978=CARTESIAN_POINT('Origin',(8.28800000000001,-31.6005,10.));
#11979=CARTESIAN_POINT('',(21.288,-31.6005,10.));
#11980=CARTESIAN_POINT('',(85.357,-31.6005,10.));
#11981=CARTESIAN_POINT('',(21.288,-31.6005,11.5));
#11982=CARTESIAN_POINT('',(21.288,-31.6005,10.));
#11983=CARTESIAN_POINT('',(85.357,-31.6005,11.5));
#11984=CARTESIAN_POINT('Origin',(21.288,-32.1005,10.));
#11985=CARTESIAN_POINT('',(21.788,-32.1005,10.));
#11986=CARTESIAN_POINT('Origin',(21.288,-32.1005,10.));
#11987=CARTESIAN_POINT('',(21.788,-32.1005,11.5));
#11988=CARTESIAN_POINT('',(21.788,-32.1005,10.));
#11989=CARTESIAN_POINT('Origin',(21.288,-32.1005,11.5));
#11990=CARTESIAN_POINT('Origin',(21.788,-32.1005,10.));
#11991=CARTESIAN_POINT('',(21.788,-45.1005,10.));
#11992=CARTESIAN_POINT('',(21.788,-49.043,10.));
#11993=CARTESIAN_POINT('',(21.788,-45.1005,11.5));
#11994=CARTESIAN_POINT('',(21.788,-45.1005,10.));
#11995=CARTESIAN_POINT('',(21.788,-49.043,11.5));
#11996=CARTESIAN_POINT('Origin',(21.288,-45.1005,10.));
#11997=CARTESIAN_POINT('',(21.288,-45.6005,10.));
#11998=CARTESIAN_POINT('Origin',(21.288,-45.1005,10.));
#11999=CARTESIAN_POINT('',(21.288,-45.6005,11.5));
#12000=CARTESIAN_POINT('',(21.288,-45.6005,10.));
#12001=CARTESIAN_POINT('Origin',(21.288,-45.1005,11.5));
#12002=CARTESIAN_POINT('Origin',(21.288,-45.6005,10.));
#12003=CARTESIAN_POINT('',(8.28800000000001,-45.6005,10.));
#12004=CARTESIAN_POINT('',(91.857,-45.6005,10.));
#12005=CARTESIAN_POINT('',(8.28800000000001,-45.6005,11.5));
#12006=CARTESIAN_POINT('',(8.28800000000001,-45.6005,10.));
#12007=CARTESIAN_POINT('',(91.857,-45.6005,11.5));
#12008=CARTESIAN_POINT('Origin',(8.28800000000001,-45.1005,10.));
#12009=CARTESIAN_POINT('Origin',(8.28800000000001,-45.1005,10.));
#12010=CARTESIAN_POINT('Origin',(8.28800000000001,-45.1005,11.5));
#12011=CARTESIAN_POINT('Origin',(19.69425,-102.2505,10.));
#12012=CARTESIAN_POINT('',(19.69425,-89.2505,10.));
#12013=CARTESIAN_POINT('',(19.69425,-102.2505,10.));
#12014=CARTESIAN_POINT('',(19.69425,-84.118,10.));
#12015=CARTESIAN_POINT('',(19.69425,-89.2505,11.5));
#12016=CARTESIAN_POINT('',(19.69425,-89.2505,10.));
#12017=CARTESIAN_POINT('',(19.69425,-102.2505,11.5));
#12018=CARTESIAN_POINT('',(19.69425,-84.118,11.5));
#12019=CARTESIAN_POINT('',(19.69425,-102.2505,10.));
#12020=CARTESIAN_POINT('Origin',(20.19425,-89.2505,10.));
#12021=CARTESIAN_POINT('',(20.19425,-88.7505,10.));
#12022=CARTESIAN_POINT('Origin',(20.19425,-89.2505,10.));
#12023=CARTESIAN_POINT('',(20.19425,-88.7505,11.5));
#12024=CARTESIAN_POINT('',(20.19425,-88.7505,10.));
#12025=CARTESIAN_POINT('Origin',(20.19425,-89.2505,11.5));
#12026=CARTESIAN_POINT('Origin',(20.19425,-88.7505,10.));
#12027=CARTESIAN_POINT('',(33.19425,-88.7505,10.));
#12028=CARTESIAN_POINT('',(91.310125,-88.7505,10.));
#12029=CARTESIAN_POINT('',(33.19425,-88.7505,11.5));
#12030=CARTESIAN_POINT('',(33.19425,-88.7505,10.));
#12031=CARTESIAN_POINT('',(91.310125,-88.7505,11.5));
#12032=CARTESIAN_POINT('Origin',(33.19425,-89.2505,10.));
#12033=CARTESIAN_POINT('',(33.69425,-89.2505,10.));
#12034=CARTESIAN_POINT('Origin',(33.19425,-89.2505,10.));
#12035=CARTESIAN_POINT('',(33.69425,-89.2505,11.5));
#12036=CARTESIAN_POINT('',(33.69425,-89.2505,10.));
#12037=CARTESIAN_POINT('Origin',(33.19425,-89.2505,11.5));
#12038=CARTESIAN_POINT('Origin',(33.69425,-89.2505,10.));
#12039=CARTESIAN_POINT('',(33.69425,-102.2505,10.));
#12040=CARTESIAN_POINT('',(33.69425,-77.618,10.));
#12041=CARTESIAN_POINT('',(33.69425,-102.2505,11.5));
#12042=CARTESIAN_POINT('',(33.69425,-102.2505,10.));
#12043=CARTESIAN_POINT('',(33.69425,-77.618,11.5));
#12044=CARTESIAN_POINT('Origin',(33.19425,-102.2505,10.));
#12045=CARTESIAN_POINT('',(33.19425,-102.7505,10.));
#12046=CARTESIAN_POINT('Origin',(33.19425,-102.2505,10.));
#12047=CARTESIAN_POINT('',(33.19425,-102.7505,11.5));
#12048=CARTESIAN_POINT('',(33.19425,-102.7505,10.));
#12049=CARTESIAN_POINT('Origin',(33.19425,-102.2505,11.5));
#12050=CARTESIAN_POINT('Origin',(33.19425,-102.7505,10.));
#12051=CARTESIAN_POINT('',(20.19425,-102.7505,10.));
#12052=CARTESIAN_POINT('',(97.810125,-102.7505,10.));
#12053=CARTESIAN_POINT('',(20.19425,-102.7505,11.5));
#12054=CARTESIAN_POINT('',(20.19425,-102.7505,10.));
#12055=CARTESIAN_POINT('',(97.810125,-102.7505,11.5));
#12056=CARTESIAN_POINT('Origin',(20.19425,-102.2505,10.));
#12057=CARTESIAN_POINT('Origin',(20.19425,-102.2505,10.));
#12058=CARTESIAN_POINT('Origin',(20.19425,-102.2505,11.5));
#12059=CARTESIAN_POINT('Origin',(41.1255,-83.2005,10.));
#12060=CARTESIAN_POINT('',(41.1255,-70.2005,10.));
#12061=CARTESIAN_POINT('',(41.1255,-83.2005,10.));
#12062=CARTESIAN_POINT('',(41.1255,-74.593,10.));
#12063=CARTESIAN_POINT('',(41.1255,-70.2005,11.5));
#12064=CARTESIAN_POINT('',(41.1255,-70.2005,10.));
#12065=CARTESIAN_POINT('',(41.1255,-83.2005,11.5));
#12066=CARTESIAN_POINT('',(41.1255,-74.593,11.5));
#12067=CARTESIAN_POINT('',(41.1255,-83.2005,10.));
#12068=CARTESIAN_POINT('Origin',(41.6255,-70.2005,10.));
#12069=CARTESIAN_POINT('',(41.6255,-69.7005,10.));
#12070=CARTESIAN_POINT('Origin',(41.6255,-70.2005,10.));
#12071=CARTESIAN_POINT('',(41.6255,-69.7005,11.5));
#12072=CARTESIAN_POINT('',(41.6255,-69.7005,10.));
#12073=CARTESIAN_POINT('Origin',(41.6255,-70.2005,11.5));
#12074=CARTESIAN_POINT('Origin',(41.6255,-69.7005,10.));
#12075=CARTESIAN_POINT('',(54.6255,-69.7005,10.));
#12076=CARTESIAN_POINT('',(102.02575,-69.7005,10.));
#12077=CARTESIAN_POINT('',(54.6255,-69.7005,11.5));
#12078=CARTESIAN_POINT('',(54.6255,-69.7005,10.));
#12079=CARTESIAN_POINT('',(102.02575,-69.7005,11.5));
#12080=CARTESIAN_POINT('Origin',(54.6255,-70.2005,10.));
#12081=CARTESIAN_POINT('',(55.1255,-70.2005,10.));
#12082=CARTESIAN_POINT('Origin',(54.6255,-70.2005,10.));
#12083=CARTESIAN_POINT('',(55.1255,-70.2005,11.5));
#12084=CARTESIAN_POINT('',(55.1255,-70.2005,10.));
#12085=CARTESIAN_POINT('Origin',(54.6255,-70.2005,11.5));
#12086=CARTESIAN_POINT('Origin',(55.1255,-70.2005,10.));
#12087=CARTESIAN_POINT('',(55.1255,-83.2005,10.));
#12088=CARTESIAN_POINT('',(55.1255,-68.093,10.));
#12089=CARTESIAN_POINT('',(55.1255,-83.2005,11.5));
#12090=CARTESIAN_POINT('',(55.1255,-83.2005,10.));
#12091=CARTESIAN_POINT('',(55.1255,-68.093,11.5));
#12092=CARTESIAN_POINT('Origin',(54.6255,-83.2005,10.));
#12093=CARTESIAN_POINT('',(54.6255,-83.7005,10.));
#12094=CARTESIAN_POINT('Origin',(54.6255,-83.2005,10.));
#12095=CARTESIAN_POINT('',(54.6255,-83.7005,11.5));
#12096=CARTESIAN_POINT('',(54.6255,-83.7005,10.));
#12097=CARTESIAN_POINT('Origin',(54.6255,-83.2005,11.5));
#12098=CARTESIAN_POINT('Origin',(54.6255,-83.7005,10.));
#12099=CARTESIAN_POINT('',(41.6255,-83.7005,10.));
#12100=CARTESIAN_POINT('',(108.52575,-83.7005,10.));
#12101=CARTESIAN_POINT('',(41.6255,-83.7005,11.5));
#12102=CARTESIAN_POINT('',(41.6255,-83.7005,10.));
#12103=CARTESIAN_POINT('',(108.52575,-83.7005,11.5));
#12104=CARTESIAN_POINT('Origin',(41.6255,-83.2005,10.));
#12105=CARTESIAN_POINT('Origin',(41.6255,-83.2005,10.));
#12106=CARTESIAN_POINT('Origin',(41.6255,-83.2005,11.5));
#12107=CARTESIAN_POINT('Origin',(83.988,-45.1005,10.));
#12108=CARTESIAN_POINT('',(83.988,-32.1005,10.));
#12109=CARTESIAN_POINT('',(83.988,-45.1005,10.));
#12110=CARTESIAN_POINT('',(83.988,-55.543,10.));
#12111=CARTESIAN_POINT('',(83.988,-32.1005,11.5));
#12112=CARTESIAN_POINT('',(83.988,-32.1005,10.));
#12113=CARTESIAN_POINT('',(83.988,-45.1005,11.5));
#12114=CARTESIAN_POINT('',(83.988,-55.543,11.5));
#12115=CARTESIAN_POINT('',(83.988,-45.1005,10.));
#12116=CARTESIAN_POINT('Origin',(84.488,-32.1005,10.));
#12117=CARTESIAN_POINT('',(84.488,-31.6005,10.));
#12118=CARTESIAN_POINT('Origin',(84.488,-32.1005,10.));
#12119=CARTESIAN_POINT('',(84.488,-31.6005,11.5));
#12120=CARTESIAN_POINT('',(84.488,-31.6005,10.));
#12121=CARTESIAN_POINT('Origin',(84.488,-32.1005,11.5));
#12122=CARTESIAN_POINT('Origin',(84.488,-31.6005,10.));
#12123=CARTESIAN_POINT('',(97.488,-31.6005,10.));
#12124=CARTESIAN_POINT('',(123.457,-31.6005,10.));
#12125=CARTESIAN_POINT('',(97.488,-31.6005,11.5));
#12126=CARTESIAN_POINT('',(97.488,-31.6005,10.));
#12127=CARTESIAN_POINT('',(123.457,-31.6005,11.5));
#12128=CARTESIAN_POINT('Origin',(97.488,-32.1005,10.));
#12129=CARTESIAN_POINT('',(97.988,-32.1005,10.));
#12130=CARTESIAN_POINT('Origin',(97.488,-32.1005,10.));
#12131=CARTESIAN_POINT('',(97.988,-32.1005,11.5));
#12132=CARTESIAN_POINT('',(97.988,-32.1005,10.));
#12133=CARTESIAN_POINT('Origin',(97.488,-32.1005,11.5));
#12134=CARTESIAN_POINT('Origin',(97.988,-32.1005,10.));
#12135=CARTESIAN_POINT('',(97.988,-45.1005,10.));
#12136=CARTESIAN_POINT('',(97.988,-49.043,10.));
#12137=CARTESIAN_POINT('',(97.988,-45.1005,11.5));
#12138=CARTESIAN_POINT('',(97.988,-45.1005,10.));
#12139=CARTESIAN_POINT('',(97.988,-49.043,11.5));
#12140=CARTESIAN_POINT('Origin',(97.488,-45.1005,10.));
#12141=CARTESIAN_POINT('',(97.488,-45.6005,10.));
#12142=CARTESIAN_POINT('Origin',(97.488,-45.1005,10.));
#12143=CARTESIAN_POINT('',(97.488,-45.6005,11.5));
#12144=CARTESIAN_POINT('',(97.488,-45.6005,10.));
#12145=CARTESIAN_POINT('Origin',(97.488,-45.1005,11.5));
#12146=CARTESIAN_POINT('Origin',(97.488,-45.6005,10.));
#12147=CARTESIAN_POINT('',(84.488,-45.6005,10.));
#12148=CARTESIAN_POINT('',(129.957,-45.6005,10.));
#12149=CARTESIAN_POINT('',(84.488,-45.6005,11.5));
#12150=CARTESIAN_POINT('',(84.488,-45.6005,10.));
#12151=CARTESIAN_POINT('',(129.957,-45.6005,11.5));
#12152=CARTESIAN_POINT('Origin',(84.488,-45.1005,10.));
#12153=CARTESIAN_POINT('Origin',(84.488,-45.1005,10.));
#12154=CARTESIAN_POINT('Origin',(84.488,-45.1005,11.5));
#12155=CARTESIAN_POINT('Origin',(10.16925,-121.3005,10.));
#12156=CARTESIAN_POINT('',(10.16925,-108.3005,10.));
#12157=CARTESIAN_POINT('',(10.16925,-121.3005,10.));
#12158=CARTESIAN_POINT('',(10.16925,-93.643,10.));
#12159=CARTESIAN_POINT('',(10.16925,-108.3005,11.5));
#12160=CARTESIAN_POINT('',(10.16925,-108.3005,10.));
#12161=CARTESIAN_POINT('',(10.16925,-121.3005,11.5));
#12162=CARTESIAN_POINT('',(10.16925,-93.643,11.5));
#12163=CARTESIAN_POINT('',(10.16925,-121.3005,10.));
#12164=CARTESIAN_POINT('Origin',(10.66925,-108.3005,10.));
#12165=CARTESIAN_POINT('',(10.66925,-107.8005,10.));
#12166=CARTESIAN_POINT('Origin',(10.66925,-108.3005,10.));
#12167=CARTESIAN_POINT('',(10.66925,-107.8005,11.5));
#12168=CARTESIAN_POINT('',(10.66925,-107.8005,10.));
#12169=CARTESIAN_POINT('Origin',(10.66925,-108.3005,11.5));
#12170=CARTESIAN_POINT('Origin',(10.66925,-107.8005,10.));
#12171=CARTESIAN_POINT('',(23.66925,-107.8005,10.));
#12172=CARTESIAN_POINT('',(86.547625,-107.8005,10.));
#12173=CARTESIAN_POINT('',(23.66925,-107.8005,11.5));
#12174=CARTESIAN_POINT('',(23.66925,-107.8005,10.));
#12175=CARTESIAN_POINT('',(86.547625,-107.8005,11.5));
#12176=CARTESIAN_POINT('Origin',(23.66925,-108.3005,10.));
#12177=CARTESIAN_POINT('',(24.16925,-108.3005,10.));
#12178=CARTESIAN_POINT('Origin',(23.66925,-108.3005,10.));
#12179=CARTESIAN_POINT('',(24.16925,-108.3005,11.5));
#12180=CARTESIAN_POINT('',(24.16925,-108.3005,10.));
#12181=CARTESIAN_POINT('Origin',(23.66925,-108.3005,11.5));
#12182=CARTESIAN_POINT('Origin',(24.16925,-108.3005,10.));
#12183=CARTESIAN_POINT('',(24.16925,-121.3005,10.));
#12184=CARTESIAN_POINT('',(24.16925,-87.143,10.));
#12185=CARTESIAN_POINT('',(24.16925,-121.3005,11.5));
#12186=CARTESIAN_POINT('',(24.16925,-121.3005,10.));
#12187=CARTESIAN_POINT('',(24.16925,-87.143,11.5));
#12188=CARTESIAN_POINT('Origin',(23.66925,-121.3005,10.));
#12189=CARTESIAN_POINT('',(23.66925,-121.8005,10.));
#12190=CARTESIAN_POINT('Origin',(23.66925,-121.3005,10.));
#12191=CARTESIAN_POINT('',(23.66925,-121.8005,11.5));
#12192=CARTESIAN_POINT('',(23.66925,-121.8005,10.));
#12193=CARTESIAN_POINT('Origin',(23.66925,-121.3005,11.5));
#12194=CARTESIAN_POINT('Origin',(23.66925,-121.8005,10.));
#12195=CARTESIAN_POINT('',(10.66925,-121.8005,10.));
#12196=CARTESIAN_POINT('',(93.047625,-121.8005,10.));
#12197=CARTESIAN_POINT('',(10.66925,-121.8005,11.5));
#12198=CARTESIAN_POINT('',(10.66925,-121.8005,10.));
#12199=CARTESIAN_POINT('',(93.047625,-121.8005,11.5));
#12200=CARTESIAN_POINT('Origin',(10.66925,-121.3005,10.));
#12201=CARTESIAN_POINT('Origin',(10.66925,-121.3005,10.));
#12202=CARTESIAN_POINT('Origin',(10.66925,-121.3005,11.5));
#12203=CARTESIAN_POINT('Origin',(162.426,4.999,10.));
#12204=CARTESIAN_POINT('',(160.726,4.999,11.5));
#12205=CARTESIAN_POINT('Origin',(162.426,4.999,11.5));
#12206=CARTESIAN_POINT('',(160.726,4.999,10.));
#12207=CARTESIAN_POINT('',(160.726,4.999,10.));
#12208=CARTESIAN_POINT('Origin',(162.426,4.999,10.));
#12209=CARTESIAN_POINT('Origin',(79.2255,-83.2005,10.));
#12210=CARTESIAN_POINT('',(79.2255,-70.2005,10.));
#12211=CARTESIAN_POINT('',(79.2255,-83.2005,10.));
#12212=CARTESIAN_POINT('',(79.2255,-74.593,10.));
#12213=CARTESIAN_POINT('',(79.2255,-70.2005,11.5));
#12214=CARTESIAN_POINT('',(79.2255,-70.2005,10.));
#12215=CARTESIAN_POINT('',(79.2255,-83.2005,11.5));
#12216=CARTESIAN_POINT('',(79.2255,-74.593,11.5));
#12217=CARTESIAN_POINT('',(79.2255,-83.2005,10.));
#12218=CARTESIAN_POINT('Origin',(79.7255,-70.2005,10.));
#12219=CARTESIAN_POINT('',(79.7255,-69.7005,10.));
#12220=CARTESIAN_POINT('Origin',(79.7255,-70.2005,10.));
#12221=CARTESIAN_POINT('',(79.7255,-69.7005,11.5));
#12222=CARTESIAN_POINT('',(79.7255,-69.7005,10.));
#12223=CARTESIAN_POINT('Origin',(79.7255,-70.2005,11.5));
#12224=CARTESIAN_POINT('Origin',(79.7255,-69.7005,10.));
#12225=CARTESIAN_POINT('',(92.7255,-69.7005,10.));
#12226=CARTESIAN_POINT('',(121.07575,-69.7005,10.));
#12227=CARTESIAN_POINT('',(92.7255,-69.7005,11.5));
#12228=CARTESIAN_POINT('',(92.7255,-69.7005,10.));
#12229=CARTESIAN_POINT('',(121.07575,-69.7005,11.5));
#12230=CARTESIAN_POINT('Origin',(92.7255,-70.2005,10.));
#12231=CARTESIAN_POINT('',(93.2255,-70.2005,10.));
#12232=CARTESIAN_POINT('Origin',(92.7255,-70.2005,10.));
#12233=CARTESIAN_POINT('',(93.2255,-70.2005,11.5));
#12234=CARTESIAN_POINT('',(93.2255,-70.2005,10.));
#12235=CARTESIAN_POINT('Origin',(92.7255,-70.2005,11.5));
#12236=CARTESIAN_POINT('Origin',(93.2255,-70.2005,10.));
#12237=CARTESIAN_POINT('',(93.2255,-83.2005,10.));
#12238=CARTESIAN_POINT('',(93.2255,-68.093,10.));
#12239=CARTESIAN_POINT('',(93.2255,-83.2005,11.5));
#12240=CARTESIAN_POINT('',(93.2255,-83.2005,10.));
#12241=CARTESIAN_POINT('',(93.2255,-68.093,11.5));
#12242=CARTESIAN_POINT('Origin',(92.7255,-83.2005,10.));
#12243=CARTESIAN_POINT('',(92.7255,-83.7005,10.));
#12244=CARTESIAN_POINT('Origin',(92.7255,-83.2005,10.));
#12245=CARTESIAN_POINT('',(92.7255,-83.7005,11.5));
#12246=CARTESIAN_POINT('',(92.7255,-83.7005,10.));
#12247=CARTESIAN_POINT('Origin',(92.7255,-83.2005,11.5));
#12248=CARTESIAN_POINT('Origin',(92.7255,-83.7005,10.));
#12249=CARTESIAN_POINT('',(79.7255,-83.7005,10.));
#12250=CARTESIAN_POINT('',(127.57575,-83.7005,10.));
#12251=CARTESIAN_POINT('',(79.7255,-83.7005,11.5));
#12252=CARTESIAN_POINT('',(79.7255,-83.7005,10.));
#12253=CARTESIAN_POINT('',(127.57575,-83.7005,11.5));
#12254=CARTESIAN_POINT('Origin',(79.7255,-83.2005,10.));
#12255=CARTESIAN_POINT('Origin',(79.7255,-83.2005,10.));
#12256=CARTESIAN_POINT('Origin',(79.7255,-83.2005,11.5));
#12257=CARTESIAN_POINT('Origin',(88.7505,-21.288,10.));
#12258=CARTESIAN_POINT('',(88.7505,-8.288,10.));
#12259=CARTESIAN_POINT('',(88.7505,-21.288,10.));
#12260=CARTESIAN_POINT('',(88.7505,-43.63675,10.));
#12261=CARTESIAN_POINT('',(88.7505,-8.28799999999999,11.5));
#12262=CARTESIAN_POINT('',(88.7505,-8.288,10.));
#12263=CARTESIAN_POINT('',(88.7505,-21.288,11.5));
#12264=CARTESIAN_POINT('',(88.7505,-43.63675,11.5));
#12265=CARTESIAN_POINT('',(88.7505,-21.288,10.));
#12266=CARTESIAN_POINT('Origin',(89.2505,-8.288,10.));
#12267=CARTESIAN_POINT('',(89.2505,-7.788,10.));
#12268=CARTESIAN_POINT('Origin',(89.2505,-8.288,10.));
#12269=CARTESIAN_POINT('',(89.2505,-7.78799999999999,11.5));
#12270=CARTESIAN_POINT('',(89.2505,-7.788,10.));
#12271=CARTESIAN_POINT('Origin',(89.2505,-8.288,11.5));
#12272=CARTESIAN_POINT('Origin',(89.2505,-7.78799999999999,10.));
#12273=CARTESIAN_POINT('',(102.2505,-7.788,10.));
#12274=CARTESIAN_POINT('',(125.83825,-7.78799999999999,10.));
#12275=CARTESIAN_POINT('',(102.2505,-7.78799999999999,11.5));
#12276=CARTESIAN_POINT('',(102.2505,-7.788,10.));
#12277=CARTESIAN_POINT('',(125.83825,-7.78799999999999,11.5));
#12278=CARTESIAN_POINT('Origin',(102.2505,-8.28800000000001,10.));
#12279=CARTESIAN_POINT('',(102.7505,-8.28800000000001,10.));
#12280=CARTESIAN_POINT('Origin',(102.2505,-8.28800000000001,10.));
#12281=CARTESIAN_POINT('',(102.7505,-8.288,11.5));
#12282=CARTESIAN_POINT('',(102.7505,-8.28800000000001,10.));
#12283=CARTESIAN_POINT('Origin',(102.2505,-8.28800000000001,11.5));
#12284=CARTESIAN_POINT('Origin',(102.7505,-8.28800000000001,10.));
#12285=CARTESIAN_POINT('',(102.7505,-21.288,10.));
#12286=CARTESIAN_POINT('',(102.7505,-37.13675,10.));
#12287=CARTESIAN_POINT('',(102.7505,-21.288,11.5));
#12288=CARTESIAN_POINT('',(102.7505,-21.288,10.));
#12289=CARTESIAN_POINT('',(102.7505,-37.13675,11.5));
#12290=CARTESIAN_POINT('Origin',(102.2505,-21.288,10.));
#12291=CARTESIAN_POINT('',(102.2505,-21.788,10.));
#12292=CARTESIAN_POINT('Origin',(102.2505,-21.288,10.));
#12293=CARTESIAN_POINT('',(102.2505,-21.788,11.5));
#12294=CARTESIAN_POINT('',(102.2505,-21.788,10.));
#12295=CARTESIAN_POINT('Origin',(102.2505,-21.288,11.5));
#12296=CARTESIAN_POINT('Origin',(102.2505,-21.788,10.));
#12297=CARTESIAN_POINT('',(89.2505,-21.788,10.));
#12298=CARTESIAN_POINT('',(132.33825,-21.788,10.));
#12299=CARTESIAN_POINT('',(89.2505,-21.788,11.5));
#12300=CARTESIAN_POINT('',(89.2505,-21.788,10.));
#12301=CARTESIAN_POINT('',(132.33825,-21.788,11.5));
#12302=CARTESIAN_POINT('Origin',(89.2505,-21.288,10.));
#12303=CARTESIAN_POINT('Origin',(89.2505,-21.288,10.));
#12304=CARTESIAN_POINT('Origin',(89.2505,-21.288,11.5));
#12305=CARTESIAN_POINT('Origin',(103.038,-45.1005,10.));
#12306=CARTESIAN_POINT('',(103.038,-32.1005,10.));
#12307=CARTESIAN_POINT('',(103.038,-45.1005,10.));
#12308=CARTESIAN_POINT('',(103.038,-55.543,10.));
#12309=CARTESIAN_POINT('',(103.038,-32.1005,11.5));
#12310=CARTESIAN_POINT('',(103.038,-32.1005,10.));
#12311=CARTESIAN_POINT('',(103.038,-45.1005,11.5));
#12312=CARTESIAN_POINT('',(103.038,-55.543,11.5));
#12313=CARTESIAN_POINT('',(103.038,-45.1005,10.));
#12314=CARTESIAN_POINT('Origin',(103.538,-32.1005,10.));
#12315=CARTESIAN_POINT('',(103.538,-31.6005,10.));
#12316=CARTESIAN_POINT('Origin',(103.538,-32.1005,10.));
#12317=CARTESIAN_POINT('',(103.538,-31.6005,11.5));
#12318=CARTESIAN_POINT('',(103.538,-31.6005,10.));
#12319=CARTESIAN_POINT('Origin',(103.538,-32.1005,11.5));
#12320=CARTESIAN_POINT('Origin',(103.538,-31.6005,10.));
#12321=CARTESIAN_POINT('',(116.538,-31.6005,10.));
#12322=CARTESIAN_POINT('',(132.982,-31.6005,10.));
#12323=CARTESIAN_POINT('',(116.538,-31.6005,11.5));
#12324=CARTESIAN_POINT('',(116.538,-31.6005,10.));
#12325=CARTESIAN_POINT('',(132.982,-31.6005,11.5));
#12326=CARTESIAN_POINT('Origin',(116.538,-32.1005,10.));
#12327=CARTESIAN_POINT('',(117.038,-32.1005,10.));
#12328=CARTESIAN_POINT('Origin',(116.538,-32.1005,10.));
#12329=CARTESIAN_POINT('',(117.038,-32.1005,11.5));
#12330=CARTESIAN_POINT('',(117.038,-32.1005,10.));
#12331=CARTESIAN_POINT('Origin',(116.538,-32.1005,11.5));
#12332=CARTESIAN_POINT('Origin',(117.038,-32.1005,10.));
#12333=CARTESIAN_POINT('',(117.038,-45.1005,10.));
#12334=CARTESIAN_POINT('',(117.038,-49.043,10.));
#12335=CARTESIAN_POINT('',(117.038,-45.1005,11.5));
#12336=CARTESIAN_POINT('',(117.038,-45.1005,10.));
#12337=CARTESIAN_POINT('',(117.038,-49.043,11.5));
#12338=CARTESIAN_POINT('Origin',(116.538,-45.1005,10.));
#12339=CARTESIAN_POINT('',(116.538,-45.6005,10.));
#12340=CARTESIAN_POINT('Origin',(116.538,-45.1005,10.));
#12341=CARTESIAN_POINT('',(116.538,-45.6005,11.5));
#12342=CARTESIAN_POINT('',(116.538,-45.6005,10.));
#12343=CARTESIAN_POINT('Origin',(116.538,-45.1005,11.5));
#12344=CARTESIAN_POINT('Origin',(116.538,-45.6005,10.));
#12345=CARTESIAN_POINT('',(103.538,-45.6005,10.));
#12346=CARTESIAN_POINT('',(139.482,-45.6005,10.));
#12347=CARTESIAN_POINT('',(103.538,-45.6005,11.5));
#12348=CARTESIAN_POINT('',(103.538,-45.6005,10.));
#12349=CARTESIAN_POINT('',(139.482,-45.6005,11.5));
#12350=CARTESIAN_POINT('Origin',(103.538,-45.1005,10.));
#12351=CARTESIAN_POINT('Origin',(103.538,-45.1005,10.));
#12352=CARTESIAN_POINT('Origin',(103.538,-45.1005,11.5));
#12353=CARTESIAN_POINT('Origin',(131.613,-21.288,10.));
#12354=CARTESIAN_POINT('',(131.613,-8.288,10.));
#12355=CARTESIAN_POINT('',(131.613,-21.288,10.));
#12356=CARTESIAN_POINT('',(131.613,-43.63675,10.));
#12357=CARTESIAN_POINT('',(131.613,-8.28799999999999,11.5));
#12358=CARTESIAN_POINT('',(131.613,-8.288,10.));
#12359=CARTESIAN_POINT('',(131.613,-21.288,11.5));
#12360=CARTESIAN_POINT('',(131.613,-43.63675,11.5));
#12361=CARTESIAN_POINT('',(131.613,-21.288,10.));
#12362=CARTESIAN_POINT('Origin',(132.113,-8.288,10.));
#12363=CARTESIAN_POINT('',(132.113,-7.788,10.));
#12364=CARTESIAN_POINT('Origin',(132.113,-8.288,10.));
#12365=CARTESIAN_POINT('',(132.113,-7.78799999999999,11.5));
#12366=CARTESIAN_POINT('',(132.113,-7.788,10.));
#12367=CARTESIAN_POINT('Origin',(132.113,-8.288,11.5));
#12368=CARTESIAN_POINT('Origin',(132.113,-7.78799999999999,10.));
#12369=CARTESIAN_POINT('',(145.113,-7.788,10.));
#12370=CARTESIAN_POINT('',(147.2695,-7.78799999999999,10.));
#12371=CARTESIAN_POINT('',(145.113,-7.78799999999999,11.5));
#12372=CARTESIAN_POINT('',(145.113,-7.788,10.));
#12373=CARTESIAN_POINT('',(147.2695,-7.78799999999999,11.5));
#12374=CARTESIAN_POINT('Origin',(145.113,-8.28800000000001,10.));
#12375=CARTESIAN_POINT('',(145.613,-8.28800000000001,10.));
#12376=CARTESIAN_POINT('Origin',(145.113,-8.28800000000001,10.));
#12377=CARTESIAN_POINT('',(145.613,-8.288,11.5));
#12378=CARTESIAN_POINT('',(145.613,-8.28800000000001,10.));
#12379=CARTESIAN_POINT('Origin',(145.113,-8.28800000000001,11.5));
#12380=CARTESIAN_POINT('Origin',(145.613,-8.28800000000001,10.));
#12381=CARTESIAN_POINT('',(145.613,-21.288,10.));
#12382=CARTESIAN_POINT('',(145.613,-37.13675,10.));
#12383=CARTESIAN_POINT('',(145.613,-21.288,11.5));
#12384=CARTESIAN_POINT('',(145.613,-21.288,10.));
#12385=CARTESIAN_POINT('',(145.613,-37.13675,11.5));
#12386=CARTESIAN_POINT('Origin',(145.113,-21.288,10.));
#12387=CARTESIAN_POINT('',(145.113,-21.788,10.));
#12388=CARTESIAN_POINT('Origin',(145.113,-21.288,10.));
#12389=CARTESIAN_POINT('',(145.113,-21.788,11.5));
#12390=CARTESIAN_POINT('',(145.113,-21.788,10.));
#12391=CARTESIAN_POINT('Origin',(145.113,-21.288,11.5));
#12392=CARTESIAN_POINT('Origin',(145.113,-21.788,10.));
#12393=CARTESIAN_POINT('',(132.113,-21.788,10.));
#12394=CARTESIAN_POINT('',(153.7695,-21.788,10.));
#12395=CARTESIAN_POINT('',(132.113,-21.788,11.5));
#12396=CARTESIAN_POINT('',(132.113,-21.788,10.));
#12397=CARTESIAN_POINT('',(153.7695,-21.788,11.5));
#12398=CARTESIAN_POINT('Origin',(132.113,-21.288,10.));
#12399=CARTESIAN_POINT('Origin',(132.113,-21.288,10.));
#12400=CARTESIAN_POINT('Origin',(132.113,-21.288,11.5));
#12401=CARTESIAN_POINT('Origin',(145.9005,-102.2505,10.));
#12402=CARTESIAN_POINT('',(145.9005,-89.2505,10.));
#12403=CARTESIAN_POINT('',(145.9005,-102.2505,10.));
#12404=CARTESIAN_POINT('',(145.9005,-84.118,10.));
#12405=CARTESIAN_POINT('',(145.9005,-89.2505,11.5));
#12406=CARTESIAN_POINT('',(145.9005,-89.2505,10.));
#12407=CARTESIAN_POINT('',(145.9005,-102.2505,11.5));
#12408=CARTESIAN_POINT('',(145.9005,-84.118,11.5));
#12409=CARTESIAN_POINT('',(145.9005,-102.2505,10.));
#12410=CARTESIAN_POINT('Origin',(146.4005,-89.2505,10.));
#12411=CARTESIAN_POINT('',(146.4005,-88.7505,10.));
#12412=CARTESIAN_POINT('Origin',(146.4005,-89.2505,10.));
#12413=CARTESIAN_POINT('',(146.4005,-88.7505,11.5));
#12414=CARTESIAN_POINT('',(146.4005,-88.7505,10.));
#12415=CARTESIAN_POINT('Origin',(146.4005,-89.2505,11.5));
#12416=CARTESIAN_POINT('Origin',(146.4005,-88.7505,10.));
#12417=CARTESIAN_POINT('',(159.4005,-88.7505,10.));
#12418=CARTESIAN_POINT('',(154.41325,-88.7505,10.));
#12419=CARTESIAN_POINT('',(159.4005,-88.7505,11.5));
#12420=CARTESIAN_POINT('',(159.4005,-88.7505,10.));
#12421=CARTESIAN_POINT('',(154.41325,-88.7505,11.5));
#12422=CARTESIAN_POINT('Origin',(159.4005,-89.2505,10.));
#12423=CARTESIAN_POINT('',(159.9005,-89.2505,10.));
#12424=CARTESIAN_POINT('Origin',(159.4005,-89.2505,10.));
#12425=CARTESIAN_POINT('',(159.9005,-89.2505,11.5));
#12426=CARTESIAN_POINT('',(159.9005,-89.2505,10.));
#12427=CARTESIAN_POINT('Origin',(159.4005,-89.2505,11.5));
#12428=CARTESIAN_POINT('Origin',(159.9005,-89.2505,10.));
#12429=CARTESIAN_POINT('',(159.9005,-102.2505,10.));
#12430=CARTESIAN_POINT('',(159.9005,-77.618,10.));
#12431=CARTESIAN_POINT('',(159.9005,-102.2505,11.5));
#12432=CARTESIAN_POINT('',(159.9005,-102.2505,10.));
#12433=CARTESIAN_POINT('',(159.9005,-77.618,11.5));
#12434=CARTESIAN_POINT('Origin',(159.4005,-102.2505,10.));
#12435=CARTESIAN_POINT('',(159.4005,-102.7505,10.));
#12436=CARTESIAN_POINT('Origin',(159.4005,-102.2505,10.));
#12437=CARTESIAN_POINT('',(159.4005,-102.7505,11.5));
#12438=CARTESIAN_POINT('',(159.4005,-102.7505,10.));
#12439=CARTESIAN_POINT('Origin',(159.4005,-102.2505,11.5));
#12440=CARTESIAN_POINT('Origin',(159.4005,-102.7505,10.));
#12441=CARTESIAN_POINT('',(146.4005,-102.7505,10.));
#12442=CARTESIAN_POINT('',(160.91325,-102.7505,10.));
#12443=CARTESIAN_POINT('',(146.4005,-102.7505,11.5));
#12444=CARTESIAN_POINT('',(146.4005,-102.7505,10.));
#12445=CARTESIAN_POINT('',(160.91325,-102.7505,11.5));
#12446=CARTESIAN_POINT('Origin',(146.4005,-102.2505,10.));
#12447=CARTESIAN_POINT('Origin',(146.4005,-102.2505,10.));
#12448=CARTESIAN_POINT('Origin',(146.4005,-102.2505,11.5));
#12449=CARTESIAN_POINT('Origin',(7.788,-21.288,10.));
#12450=CARTESIAN_POINT('',(7.78800000000001,-8.288,10.));
#12451=CARTESIAN_POINT('',(7.78800000000001,-21.288,10.));
#12452=CARTESIAN_POINT('',(7.788,-43.63675,10.));
#12453=CARTESIAN_POINT('',(7.788,-8.28799999999999,11.5));
#12454=CARTESIAN_POINT('',(7.78800000000001,-8.288,10.));
#12455=CARTESIAN_POINT('',(7.788,-21.288,11.5));
#12456=CARTESIAN_POINT('',(7.788,-43.63675,11.5));
#12457=CARTESIAN_POINT('',(7.78800000000001,-21.288,10.));
#12458=CARTESIAN_POINT('Origin',(8.28800000000001,-8.288,10.));
#12459=CARTESIAN_POINT('',(8.28800000000001,-7.788,10.));
#12460=CARTESIAN_POINT('Origin',(8.28800000000001,-8.288,10.));
#12461=CARTESIAN_POINT('',(8.28800000000001,-7.78799999999999,11.5));
#12462=CARTESIAN_POINT('',(8.28800000000001,-7.788,10.));
#12463=CARTESIAN_POINT('Origin',(8.28800000000001,-8.288,11.5));
#12464=CARTESIAN_POINT('Origin',(8.28800000000001,-7.78799999999999,10.));
#12465=CARTESIAN_POINT('',(21.288,-7.788,10.));
#12466=CARTESIAN_POINT('',(85.357,-7.78799999999999,10.));
#12467=CARTESIAN_POINT('',(21.288,-7.78799999999999,11.5));
#12468=CARTESIAN_POINT('',(21.288,-7.788,10.));
#12469=CARTESIAN_POINT('',(85.357,-7.78799999999999,11.5));
#12470=CARTESIAN_POINT('Origin',(21.288,-8.288,10.));
#12471=CARTESIAN_POINT('',(21.788,-8.288,10.));
#12472=CARTESIAN_POINT('Origin',(21.288,-8.288,10.));
#12473=CARTESIAN_POINT('',(21.788,-8.28799999999999,11.5));
#12474=CARTESIAN_POINT('',(21.788,-8.288,10.));
#12475=CARTESIAN_POINT('Origin',(21.288,-8.288,11.5));
#12476=CARTESIAN_POINT('Origin',(21.788,-8.288,10.));
#12477=CARTESIAN_POINT('',(21.788,-21.288,10.));
#12478=CARTESIAN_POINT('',(21.788,-37.13675,10.));
#12479=CARTESIAN_POINT('',(21.788,-21.288,11.5));
#12480=CARTESIAN_POINT('',(21.788,-21.288,10.));
#12481=CARTESIAN_POINT('',(21.788,-37.13675,11.5));
#12482=CARTESIAN_POINT('Origin',(21.288,-21.288,10.));
#12483=CARTESIAN_POINT('',(21.288,-21.788,10.));
#12484=CARTESIAN_POINT('Origin',(21.288,-21.288,10.));
#12485=CARTESIAN_POINT('',(21.288,-21.788,11.5));
#12486=CARTESIAN_POINT('',(21.288,-21.788,10.));
#12487=CARTESIAN_POINT('Origin',(21.288,-21.288,11.5));
#12488=CARTESIAN_POINT('Origin',(21.288,-21.788,10.));
#12489=CARTESIAN_POINT('',(8.28800000000001,-21.788,10.));
#12490=CARTESIAN_POINT('',(91.857,-21.788,10.));
#12491=CARTESIAN_POINT('',(8.28800000000001,-21.788,11.5));
#12492=CARTESIAN_POINT('',(8.28800000000001,-21.788,10.));
#12493=CARTESIAN_POINT('',(91.857,-21.788,11.5));
#12494=CARTESIAN_POINT('Origin',(8.28800000000001,-21.288,10.));
#12495=CARTESIAN_POINT('Origin',(8.28800000000001,-21.288,10.));
#12496=CARTESIAN_POINT('Origin',(8.28800000000001,-21.288,11.5));
#12497=CARTESIAN_POINT('Origin',(64.938,-45.1005,10.));
#12498=CARTESIAN_POINT('',(64.938,-32.1005,10.));
#12499=CARTESIAN_POINT('',(64.938,-45.1005,10.));
#12500=CARTESIAN_POINT('',(64.938,-55.543,10.));
#12501=CARTESIAN_POINT('',(64.938,-32.1005,11.5));
#12502=CARTESIAN_POINT('',(64.938,-32.1005,10.));
#12503=CARTESIAN_POINT('',(64.938,-45.1005,11.5));
#12504=CARTESIAN_POINT('',(64.938,-55.543,11.5));
#12505=CARTESIAN_POINT('',(64.938,-45.1005,10.));
#12506=CARTESIAN_POINT('Origin',(65.438,-32.1005,10.));
#12507=CARTESIAN_POINT('',(65.438,-31.6005,10.));
#12508=CARTESIAN_POINT('Origin',(65.438,-32.1005,10.));
#12509=CARTESIAN_POINT('',(65.438,-31.6005,11.5));
#12510=CARTESIAN_POINT('',(65.438,-31.6005,10.));
#12511=CARTESIAN_POINT('Origin',(65.438,-32.1005,11.5));
#12512=CARTESIAN_POINT('Origin',(65.438,-31.6005,10.));
#12513=CARTESIAN_POINT('',(78.438,-31.6005,10.));
#12514=CARTESIAN_POINT('',(113.932,-31.6005,10.));
#12515=CARTESIAN_POINT('',(78.438,-31.6005,11.5));
#12516=CARTESIAN_POINT('',(78.438,-31.6005,10.));
#12517=CARTESIAN_POINT('',(113.932,-31.6005,11.5));
#12518=CARTESIAN_POINT('Origin',(78.438,-32.1005,10.));
#12519=CARTESIAN_POINT('',(78.938,-32.1005,10.));
#12520=CARTESIAN_POINT('Origin',(78.438,-32.1005,10.));
#12521=CARTESIAN_POINT('',(78.938,-32.1005,11.5));
#12522=CARTESIAN_POINT('',(78.938,-32.1005,10.));
#12523=CARTESIAN_POINT('Origin',(78.438,-32.1005,11.5));
#12524=CARTESIAN_POINT('Origin',(78.938,-32.1005,10.));
#12525=CARTESIAN_POINT('',(78.938,-45.1005,10.));
#12526=CARTESIAN_POINT('',(78.938,-49.043,10.));
#12527=CARTESIAN_POINT('',(78.938,-45.1005,11.5));
#12528=CARTESIAN_POINT('',(78.938,-45.1005,10.));
#12529=CARTESIAN_POINT('',(78.938,-49.043,11.5));
#12530=CARTESIAN_POINT('Origin',(78.438,-45.1005,10.));
#12531=CARTESIAN_POINT('',(78.438,-45.6005,10.));
#12532=CARTESIAN_POINT('Origin',(78.438,-45.1005,10.));
#12533=CARTESIAN_POINT('',(78.438,-45.6005,11.5));
#12534=CARTESIAN_POINT('',(78.438,-45.6005,10.));
#12535=CARTESIAN_POINT('Origin',(78.438,-45.1005,11.5));
#12536=CARTESIAN_POINT('Origin',(78.438,-45.6005,10.));
#12537=CARTESIAN_POINT('',(65.438,-45.6005,10.));
#12538=CARTESIAN_POINT('',(120.432,-45.6005,10.));
#12539=CARTESIAN_POINT('',(65.438,-45.6005,11.5));
#12540=CARTESIAN_POINT('',(65.438,-45.6005,10.));
#12541=CARTESIAN_POINT('',(120.432,-45.6005,11.5));
#12542=CARTESIAN_POINT('Origin',(65.438,-45.1005,10.));
#12543=CARTESIAN_POINT('Origin',(65.438,-45.1005,10.));
#12544=CARTESIAN_POINT('Origin',(65.438,-45.1005,11.5));
#12545=CARTESIAN_POINT('Origin',(45.888,-45.1005,10.));
#12546=CARTESIAN_POINT('',(45.888,-32.1005,10.));
#12547=CARTESIAN_POINT('',(45.888,-45.1005,10.));
#12548=CARTESIAN_POINT('',(45.888,-55.543,10.));
#12549=CARTESIAN_POINT('',(45.888,-32.1005,11.5));
#12550=CARTESIAN_POINT('',(45.888,-32.1005,10.));
#12551=CARTESIAN_POINT('',(45.888,-45.1005,11.5));
#12552=CARTESIAN_POINT('',(45.888,-55.543,11.5));
#12553=CARTESIAN_POINT('',(45.888,-45.1005,10.));
#12554=CARTESIAN_POINT('Origin',(46.388,-32.1005,10.));
#12555=CARTESIAN_POINT('',(46.388,-31.6005,10.));
#12556=CARTESIAN_POINT('Origin',(46.388,-32.1005,10.));
#12557=CARTESIAN_POINT('',(46.388,-31.6005,11.5));
#12558=CARTESIAN_POINT('',(46.388,-31.6005,10.));
#12559=CARTESIAN_POINT('Origin',(46.388,-32.1005,11.5));
#12560=CARTESIAN_POINT('Origin',(46.388,-31.6005,10.));
#12561=CARTESIAN_POINT('',(59.388,-31.6005,10.));
#12562=CARTESIAN_POINT('',(104.407,-31.6005,10.));
#12563=CARTESIAN_POINT('',(59.388,-31.6005,11.5));
#12564=CARTESIAN_POINT('',(59.388,-31.6005,10.));
#12565=CARTESIAN_POINT('',(104.407,-31.6005,11.5));
#12566=CARTESIAN_POINT('Origin',(59.388,-32.1005,10.));
#12567=CARTESIAN_POINT('',(59.888,-32.1005,10.));
#12568=CARTESIAN_POINT('Origin',(59.388,-32.1005,10.));
#12569=CARTESIAN_POINT('',(59.888,-32.1005,11.5));
#12570=CARTESIAN_POINT('',(59.888,-32.1005,10.));
#12571=CARTESIAN_POINT('Origin',(59.388,-32.1005,11.5));
#12572=CARTESIAN_POINT('Origin',(59.888,-32.1005,10.));
#12573=CARTESIAN_POINT('',(59.888,-45.1005,10.));
#12574=CARTESIAN_POINT('',(59.888,-49.043,10.));
#12575=CARTESIAN_POINT('',(59.888,-45.1005,11.5));
#12576=CARTESIAN_POINT('',(59.888,-45.1005,10.));
#12577=CARTESIAN_POINT('',(59.888,-49.043,11.5));
#12578=CARTESIAN_POINT('Origin',(59.388,-45.1005,10.));
#12579=CARTESIAN_POINT('',(59.388,-45.6005,10.));
#12580=CARTESIAN_POINT('Origin',(59.388,-45.1005,10.));
#12581=CARTESIAN_POINT('',(59.388,-45.6005,11.5));
#12582=CARTESIAN_POINT('',(59.388,-45.6005,10.));
#12583=CARTESIAN_POINT('Origin',(59.388,-45.1005,11.5));
#12584=CARTESIAN_POINT('Origin',(59.388,-45.6005,10.));
#12585=CARTESIAN_POINT('',(46.388,-45.6005,10.));
#12586=CARTESIAN_POINT('',(110.907,-45.6005,10.));
#12587=CARTESIAN_POINT('',(46.388,-45.6005,11.5));
#12588=CARTESIAN_POINT('',(46.388,-45.6005,10.));
#12589=CARTESIAN_POINT('',(110.907,-45.6005,11.5));
#12590=CARTESIAN_POINT('Origin',(46.388,-45.1005,10.));
#12591=CARTESIAN_POINT('Origin',(46.388,-45.1005,10.));
#12592=CARTESIAN_POINT('Origin',(46.388,-45.1005,11.5));
#12593=CARTESIAN_POINT('Origin',(93.513,-64.1505,10.));
#12594=CARTESIAN_POINT('',(93.513,-51.1505,10.));
#12595=CARTESIAN_POINT('',(93.513,-64.1505,10.));
#12596=CARTESIAN_POINT('',(93.513,-65.068,10.));
#12597=CARTESIAN_POINT('',(93.513,-51.1505,11.5));
#12598=CARTESIAN_POINT('',(93.513,-51.1505,10.));
#12599=CARTESIAN_POINT('',(93.513,-64.1505,11.5));
#12600=CARTESIAN_POINT('',(93.513,-65.068,11.5));
#12601=CARTESIAN_POINT('',(93.513,-64.1505,10.));
#12602=CARTESIAN_POINT('Origin',(94.013,-51.1505,10.));
#12603=CARTESIAN_POINT('',(94.013,-50.6505,10.));
#12604=CARTESIAN_POINT('Origin',(94.013,-51.1505,10.));
#12605=CARTESIAN_POINT('',(94.013,-50.6505,11.5));
#12606=CARTESIAN_POINT('',(94.013,-50.6505,10.));
#12607=CARTESIAN_POINT('Origin',(94.013,-51.1505,11.5));
#12608=CARTESIAN_POINT('Origin',(94.013,-50.6505,10.));
#12609=CARTESIAN_POINT('',(107.013,-50.6505,10.));
#12610=CARTESIAN_POINT('',(128.2195,-50.6505,10.));
#12611=CARTESIAN_POINT('',(107.013,-50.6505,11.5));
#12612=CARTESIAN_POINT('',(107.013,-50.6505,10.));
#12613=CARTESIAN_POINT('',(128.2195,-50.6505,11.5));
#12614=CARTESIAN_POINT('Origin',(107.013,-51.1505,10.));
#12615=CARTESIAN_POINT('',(107.513,-51.1505,10.));
#12616=CARTESIAN_POINT('Origin',(107.013,-51.1505,10.));
#12617=CARTESIAN_POINT('',(107.513,-51.1505,11.5));
#12618=CARTESIAN_POINT('',(107.513,-51.1505,10.));
#12619=CARTESIAN_POINT('Origin',(107.013,-51.1505,11.5));
#12620=CARTESIAN_POINT('Origin',(107.513,-51.1505,10.));
#12621=CARTESIAN_POINT('',(107.513,-64.1505,10.));
#12622=CARTESIAN_POINT('',(107.513,-58.568,10.));
#12623=CARTESIAN_POINT('',(107.513,-64.1505,11.5));
#12624=CARTESIAN_POINT('',(107.513,-64.1505,10.));
#12625=CARTESIAN_POINT('',(107.513,-58.568,11.5));
#12626=CARTESIAN_POINT('Origin',(107.013,-64.1505,10.));
#12627=CARTESIAN_POINT('',(107.013,-64.6505,10.));
#12628=CARTESIAN_POINT('Origin',(107.013,-64.1505,10.));
#12629=CARTESIAN_POINT('',(107.013,-64.6505,11.5));
#12630=CARTESIAN_POINT('',(107.013,-64.6505,10.));
#12631=CARTESIAN_POINT('Origin',(107.013,-64.1505,11.5));
#12632=CARTESIAN_POINT('Origin',(107.013,-64.6505,10.));
#12633=CARTESIAN_POINT('',(94.013,-64.6505,10.));
#12634=CARTESIAN_POINT('',(134.7195,-64.6505,10.));
#12635=CARTESIAN_POINT('',(94.013,-64.6505,11.5));
#12636=CARTESIAN_POINT('',(94.013,-64.6505,10.));
#12637=CARTESIAN_POINT('',(134.7195,-64.6505,11.5));
#12638=CARTESIAN_POINT('Origin',(94.013,-64.1505,10.));
#12639=CARTESIAN_POINT('Origin',(94.013,-64.1505,10.));
#12640=CARTESIAN_POINT('Origin',(94.013,-64.1505,11.5));
#12641=CARTESIAN_POINT('Origin',(55.413,-64.1505,10.));
#12642=CARTESIAN_POINT('',(55.413,-51.1505,10.));
#12643=CARTESIAN_POINT('',(55.413,-64.1505,10.));
#12644=CARTESIAN_POINT('',(55.413,-65.068,10.));
#12645=CARTESIAN_POINT('',(55.413,-51.1505,11.5));
#12646=CARTESIAN_POINT('',(55.413,-51.1505,10.));
#12647=CARTESIAN_POINT('',(55.413,-64.1505,11.5));
#12648=CARTESIAN_POINT('',(55.413,-65.068,11.5));
#12649=CARTESIAN_POINT('',(55.413,-64.1505,10.));
#12650=CARTESIAN_POINT('Origin',(55.913,-51.1505,10.));
#12651=CARTESIAN_POINT('',(55.913,-50.6505,10.));
#12652=CARTESIAN_POINT('Origin',(55.913,-51.1505,10.));
#12653=CARTESIAN_POINT('',(55.913,-50.6505,11.5));
#12654=CARTESIAN_POINT('',(55.913,-50.6505,10.));
#12655=CARTESIAN_POINT('Origin',(55.913,-51.1505,11.5));
#12656=CARTESIAN_POINT('Origin',(55.913,-50.6505,10.));
#12657=CARTESIAN_POINT('',(68.913,-50.6505,10.));
#12658=CARTESIAN_POINT('',(109.1695,-50.6505,10.));
#12659=CARTESIAN_POINT('',(68.913,-50.6505,11.5));
#12660=CARTESIAN_POINT('',(68.913,-50.6505,10.));
#12661=CARTESIAN_POINT('',(109.1695,-50.6505,11.5));
#12662=CARTESIAN_POINT('Origin',(68.913,-51.1505,10.));
#12663=CARTESIAN_POINT('',(69.413,-51.1505,10.));
#12664=CARTESIAN_POINT('Origin',(68.913,-51.1505,10.));
#12665=CARTESIAN_POINT('',(69.413,-51.1505,11.5));
#12666=CARTESIAN_POINT('',(69.413,-51.1505,10.));
#12667=CARTESIAN_POINT('Origin',(68.913,-51.1505,11.5));
#12668=CARTESIAN_POINT('Origin',(69.413,-51.1505,10.));
#12669=CARTESIAN_POINT('',(69.413,-64.1505,10.));
#12670=CARTESIAN_POINT('',(69.413,-58.568,10.));
#12671=CARTESIAN_POINT('',(69.413,-64.1505,11.5));
#12672=CARTESIAN_POINT('',(69.413,-64.1505,10.));
#12673=CARTESIAN_POINT('',(69.413,-58.568,11.5));
#12674=CARTESIAN_POINT('Origin',(68.913,-64.1505,10.));
#12675=CARTESIAN_POINT('',(68.913,-64.6505,10.));
#12676=CARTESIAN_POINT('Origin',(68.913,-64.1505,10.));
#12677=CARTESIAN_POINT('',(68.913,-64.6505,11.5));
#12678=CARTESIAN_POINT('',(68.913,-64.6505,10.));
#12679=CARTESIAN_POINT('Origin',(68.913,-64.1505,11.5));
#12680=CARTESIAN_POINT('Origin',(68.913,-64.6505,10.));
#12681=CARTESIAN_POINT('',(55.913,-64.6505,10.));
#12682=CARTESIAN_POINT('',(115.6695,-64.6505,10.));
#12683=CARTESIAN_POINT('',(55.913,-64.6505,11.5));
#12684=CARTESIAN_POINT('',(55.913,-64.6505,10.));
#12685=CARTESIAN_POINT('',(115.6695,-64.6505,11.5));
#12686=CARTESIAN_POINT('Origin',(55.913,-64.1505,10.));
#12687=CARTESIAN_POINT('Origin',(55.913,-64.1505,10.));
#12688=CARTESIAN_POINT('Origin',(55.913,-64.1505,11.5));
#12689=CARTESIAN_POINT('Origin',(12.5505,-64.1505,10.));
#12690=CARTESIAN_POINT('',(12.5505,-51.1505,10.));
#12691=CARTESIAN_POINT('',(12.5505,-64.1505,10.));
#12692=CARTESIAN_POINT('',(12.5505,-65.068,10.));
#12693=CARTESIAN_POINT('',(12.5505,-51.1505,11.5));
#12694=CARTESIAN_POINT('',(12.5505,-51.1505,10.));
#12695=CARTESIAN_POINT('',(12.5505,-64.1505,11.5));
#12696=CARTESIAN_POINT('',(12.5505,-65.068,11.5));
#12697=CARTESIAN_POINT('',(12.5505,-64.1505,10.));
#12698=CARTESIAN_POINT('Origin',(13.0505,-51.1505,10.));
#12699=CARTESIAN_POINT('',(13.0505,-50.6505,10.));
#12700=CARTESIAN_POINT('Origin',(13.0505,-51.1505,10.));
#12701=CARTESIAN_POINT('',(13.0505,-50.6505,11.5));
#12702=CARTESIAN_POINT('',(13.0505,-50.6505,10.));
#12703=CARTESIAN_POINT('Origin',(13.0505,-51.1505,11.5));
#12704=CARTESIAN_POINT('Origin',(13.0505,-50.6505,10.));
#12705=CARTESIAN_POINT('',(26.0505,-50.6505,10.));
#12706=CARTESIAN_POINT('',(87.73825,-50.6505,10.));
#12707=CARTESIAN_POINT('',(26.0505,-50.6505,11.5));
#12708=CARTESIAN_POINT('',(26.0505,-50.6505,10.));
#12709=CARTESIAN_POINT('',(87.73825,-50.6505,11.5));
#12710=CARTESIAN_POINT('Origin',(26.0505,-51.1505,10.));
#12711=CARTESIAN_POINT('',(26.5505,-51.1505,10.));
#12712=CARTESIAN_POINT('Origin',(26.0505,-51.1505,10.));
#12713=CARTESIAN_POINT('',(26.5505,-51.1505,11.5));
#12714=CARTESIAN_POINT('',(26.5505,-51.1505,10.));
#12715=CARTESIAN_POINT('Origin',(26.0505,-51.1505,11.5));
#12716=CARTESIAN_POINT('Origin',(26.5505,-51.1505,10.));
#12717=CARTESIAN_POINT('',(26.5505,-64.1505,10.));
#12718=CARTESIAN_POINT('',(26.5505,-58.568,10.));
#12719=CARTESIAN_POINT('',(26.5505,-64.1505,11.5));
#12720=CARTESIAN_POINT('',(26.5505,-64.1505,10.));
#12721=CARTESIAN_POINT('',(26.5505,-58.568,11.5));
#12722=CARTESIAN_POINT('Origin',(26.0505,-64.1505,10.));
#12723=CARTESIAN_POINT('',(26.0505,-64.6505,10.));
#12724=CARTESIAN_POINT('Origin',(26.0505,-64.1505,10.));
#12725=CARTESIAN_POINT('',(26.0505,-64.6505,11.5));
#12726=CARTESIAN_POINT('',(26.0505,-64.6505,10.));
#12727=CARTESIAN_POINT('Origin',(26.0505,-64.1505,11.5));
#12728=CARTESIAN_POINT('Origin',(26.0505,-64.6505,10.));
#12729=CARTESIAN_POINT('',(13.0505,-64.6505,10.));
#12730=CARTESIAN_POINT('',(94.2382500000001,-64.6505,10.));
#12731=CARTESIAN_POINT('',(13.0505,-64.6505,11.5));
#12732=CARTESIAN_POINT('',(13.0505,-64.6505,10.));
#12733=CARTESIAN_POINT('',(94.2382500000001,-64.6505,11.5));
#12734=CARTESIAN_POINT('Origin',(13.0505,-64.1505,10.));
#12735=CARTESIAN_POINT('Origin',(13.0505,-64.1505,10.));
#12736=CARTESIAN_POINT('Origin',(13.0505,-64.1505,11.5));
#12737=CARTESIAN_POINT('Origin',(141.138,-45.1005,10.));
#12738=CARTESIAN_POINT('',(141.138,-32.1005,10.));
#12739=CARTESIAN_POINT('',(141.138,-45.1005,10.));
#12740=CARTESIAN_POINT('',(141.138,-55.543,10.));
#12741=CARTESIAN_POINT('',(141.138,-32.1005,11.5));
#12742=CARTESIAN_POINT('',(141.138,-32.1005,10.));
#12743=CARTESIAN_POINT('',(141.138,-45.1005,11.5));
#12744=CARTESIAN_POINT('',(141.138,-55.543,11.5));
#12745=CARTESIAN_POINT('',(141.138,-45.1005,10.));
#12746=CARTESIAN_POINT('Origin',(141.638,-32.1005,10.));
#12747=CARTESIAN_POINT('',(141.638,-31.6005,10.));
#12748=CARTESIAN_POINT('Origin',(141.638,-32.1005,10.));
#12749=CARTESIAN_POINT('',(141.638,-31.6005,11.5));
#12750=CARTESIAN_POINT('',(141.638,-31.6005,10.));
#12751=CARTESIAN_POINT('Origin',(141.638,-32.1005,11.5));
#12752=CARTESIAN_POINT('Origin',(141.638,-31.6005,10.));
#12753=CARTESIAN_POINT('',(154.638,-31.6005,10.));
#12754=CARTESIAN_POINT('',(152.032,-31.6005,10.));
#12755=CARTESIAN_POINT('',(154.638,-31.6005,11.5));
#12756=CARTESIAN_POINT('',(154.638,-31.6005,10.));
#12757=CARTESIAN_POINT('',(152.032,-31.6005,11.5));
#12758=CARTESIAN_POINT('Origin',(154.638,-32.1005,10.));
#12759=CARTESIAN_POINT('',(155.138,-32.1005,10.));
#12760=CARTESIAN_POINT('Origin',(154.638,-32.1005,10.));
#12761=CARTESIAN_POINT('',(155.138,-32.1005,11.5));
#12762=CARTESIAN_POINT('',(155.138,-32.1005,10.));
#12763=CARTESIAN_POINT('Origin',(154.638,-32.1005,11.5));
#12764=CARTESIAN_POINT('Origin',(155.138,-32.1005,10.));
#12765=CARTESIAN_POINT('',(155.138,-45.1005,10.));
#12766=CARTESIAN_POINT('',(155.138,-49.043,10.));
#12767=CARTESIAN_POINT('',(155.138,-45.1005,11.5));
#12768=CARTESIAN_POINT('',(155.138,-45.1005,10.));
#12769=CARTESIAN_POINT('',(155.138,-49.043,11.5));
#12770=CARTESIAN_POINT('Origin',(154.638,-45.1005,10.));
#12771=CARTESIAN_POINT('',(154.638,-45.6005,10.));
#12772=CARTESIAN_POINT('Origin',(154.638,-45.1005,10.));
#12773=CARTESIAN_POINT('',(154.638,-45.6005,11.5));
#12774=CARTESIAN_POINT('',(154.638,-45.6005,10.));
#12775=CARTESIAN_POINT('Origin',(154.638,-45.1005,11.5));
#12776=CARTESIAN_POINT('Origin',(154.638,-45.6005,10.));
#12777=CARTESIAN_POINT('',(141.638,-45.6005,10.));
#12778=CARTESIAN_POINT('',(158.532,-45.6005,10.));
#12779=CARTESIAN_POINT('',(141.638,-45.6005,11.5));
#12780=CARTESIAN_POINT('',(141.638,-45.6005,10.));
#12781=CARTESIAN_POINT('',(158.532,-45.6005,11.5));
#12782=CARTESIAN_POINT('Origin',(141.638,-45.1005,10.));
#12783=CARTESIAN_POINT('Origin',(141.638,-45.1005,10.));
#12784=CARTESIAN_POINT('Origin',(141.638,-45.1005,11.5));
#12785=CARTESIAN_POINT('Origin',(69.7005,-21.288,10.));
#12786=CARTESIAN_POINT('',(69.7005,-8.288,10.));
#12787=CARTESIAN_POINT('',(69.7005,-21.288,10.));
#12788=CARTESIAN_POINT('',(69.7005,-43.63675,10.));
#12789=CARTESIAN_POINT('',(69.7005,-8.28799999999999,11.5));
#12790=CARTESIAN_POINT('',(69.7005,-8.288,10.));
#12791=CARTESIAN_POINT('',(69.7005,-21.288,11.5));
#12792=CARTESIAN_POINT('',(69.7005,-43.63675,11.5));
#12793=CARTESIAN_POINT('',(69.7005,-21.288,10.));
#12794=CARTESIAN_POINT('Origin',(70.2005,-8.288,10.));
#12795=CARTESIAN_POINT('',(70.2005,-7.788,10.));
#12796=CARTESIAN_POINT('Origin',(70.2005,-8.288,10.));
#12797=CARTESIAN_POINT('',(70.2005,-7.78799999999999,11.5));
#12798=CARTESIAN_POINT('',(70.2005,-7.788,10.));
#12799=CARTESIAN_POINT('Origin',(70.2005,-8.288,11.5));
#12800=CARTESIAN_POINT('Origin',(70.2005,-7.78799999999999,10.));
#12801=CARTESIAN_POINT('',(83.2005,-7.788,10.));
#12802=CARTESIAN_POINT('',(116.31325,-7.78799999999999,10.));
#12803=CARTESIAN_POINT('',(83.2005,-7.78799999999999,11.5));
#12804=CARTESIAN_POINT('',(83.2005,-7.788,10.));
#12805=CARTESIAN_POINT('',(116.31325,-7.78799999999999,11.5));
#12806=CARTESIAN_POINT('Origin',(83.2005,-8.28800000000001,10.));
#12807=CARTESIAN_POINT('',(83.7005,-8.28800000000001,10.));
#12808=CARTESIAN_POINT('Origin',(83.2005,-8.28800000000001,10.));
#12809=CARTESIAN_POINT('',(83.7005,-8.288,11.5));
#12810=CARTESIAN_POINT('',(83.7005,-8.28800000000001,10.));
#12811=CARTESIAN_POINT('Origin',(83.2005,-8.28800000000001,11.5));
#12812=CARTESIAN_POINT('Origin',(83.7005,-8.28800000000001,10.));
#12813=CARTESIAN_POINT('',(83.7005,-21.288,10.));
#12814=CARTESIAN_POINT('',(83.7005,-37.13675,10.));
#12815=CARTESIAN_POINT('',(83.7005,-21.288,11.5));
#12816=CARTESIAN_POINT('',(83.7005,-21.288,10.));
#12817=CARTESIAN_POINT('',(83.7005,-37.13675,11.5));
#12818=CARTESIAN_POINT('Origin',(83.2005,-21.288,10.));
#12819=CARTESIAN_POINT('',(83.2005,-21.788,10.));
#12820=CARTESIAN_POINT('Origin',(83.2005,-21.288,10.));
#12821=CARTESIAN_POINT('',(83.2005,-21.788,11.5));
#12822=CARTESIAN_POINT('',(83.2005,-21.788,10.));
#12823=CARTESIAN_POINT('Origin',(83.2005,-21.288,11.5));
#12824=CARTESIAN_POINT('Origin',(83.2005,-21.788,10.));
#12825=CARTESIAN_POINT('',(70.2005,-21.788,10.));
#12826=CARTESIAN_POINT('',(122.81325,-21.788,10.));
#12827=CARTESIAN_POINT('',(70.2005,-21.788,11.5));
#12828=CARTESIAN_POINT('',(70.2005,-21.788,10.));
#12829=CARTESIAN_POINT('',(122.81325,-21.788,11.5));
#12830=CARTESIAN_POINT('Origin',(70.2005,-21.288,10.));
#12831=CARTESIAN_POINT('Origin',(70.2005,-21.288,10.));
#12832=CARTESIAN_POINT('Origin',(70.2005,-21.288,11.5));
#12833=CARTESIAN_POINT('Origin',(150.663,-21.288,10.));
#12834=CARTESIAN_POINT('',(150.663,-8.288,10.));
#12835=CARTESIAN_POINT('',(150.663,-21.288,10.));
#12836=CARTESIAN_POINT('',(150.663,-43.63675,10.));
#12837=CARTESIAN_POINT('',(150.663,-8.28799999999999,11.5));
#12838=CARTESIAN_POINT('',(150.663,-8.288,10.));
#12839=CARTESIAN_POINT('',(150.663,-21.288,11.5));
#12840=CARTESIAN_POINT('',(150.663,-43.63675,11.5));
#12841=CARTESIAN_POINT('',(150.663,-21.288,10.));
#12842=CARTESIAN_POINT('Origin',(151.163,-8.288,10.));
#12843=CARTESIAN_POINT('',(151.163,-7.788,10.));
#12844=CARTESIAN_POINT('Origin',(151.163,-8.288,10.));
#12845=CARTESIAN_POINT('',(151.163,-7.78799999999999,11.5));
#12846=CARTESIAN_POINT('',(151.163,-7.788,10.));
#12847=CARTESIAN_POINT('Origin',(151.163,-8.288,11.5));
#12848=CARTESIAN_POINT('Origin',(151.163,-7.78799999999999,10.));
#12849=CARTESIAN_POINT('',(164.163,-7.788,10.));
#12850=CARTESIAN_POINT('',(156.7945,-7.78799999999999,10.));
#12851=CARTESIAN_POINT('',(164.163,-7.78799999999999,11.5));
#12852=CARTESIAN_POINT('',(164.163,-7.788,10.));
#12853=CARTESIAN_POINT('',(156.7945,-7.78799999999999,11.5));
#12854=CARTESIAN_POINT('Origin',(164.163,-8.28800000000001,10.));
#12855=CARTESIAN_POINT('',(164.663,-8.28800000000001,10.));
#12856=CARTESIAN_POINT('Origin',(164.163,-8.28800000000001,10.));
#12857=CARTESIAN_POINT('',(164.663,-8.288,11.5));
#12858=CARTESIAN_POINT('',(164.663,-8.28800000000001,10.));
#12859=CARTESIAN_POINT('Origin',(164.163,-8.28800000000001,11.5));
#12860=CARTESIAN_POINT('Origin',(164.663,-8.28800000000001,10.));
#12861=CARTESIAN_POINT('',(164.663,-21.288,10.));
#12862=CARTESIAN_POINT('',(164.663,-37.13675,10.));
#12863=CARTESIAN_POINT('',(164.663,-21.288,11.5));
#12864=CARTESIAN_POINT('',(164.663,-21.288,10.));
#12865=CARTESIAN_POINT('',(164.663,-37.13675,11.5));
#12866=CARTESIAN_POINT('Origin',(164.163,-21.288,10.));
#12867=CARTESIAN_POINT('',(164.163,-21.788,10.));
#12868=CARTESIAN_POINT('Origin',(164.163,-21.288,10.));
#12869=CARTESIAN_POINT('',(164.163,-21.788,11.5));
#12870=CARTESIAN_POINT('',(164.163,-21.788,10.));
#12871=CARTESIAN_POINT('Origin',(164.163,-21.288,11.5));
#12872=CARTESIAN_POINT('Origin',(164.163,-21.788,10.));
#12873=CARTESIAN_POINT('',(151.163,-21.788,10.));
#12874=CARTESIAN_POINT('',(163.2945,-21.788,10.));
#12875=CARTESIAN_POINT('',(151.163,-21.788,11.5));
#12876=CARTESIAN_POINT('',(151.163,-21.788,10.));
#12877=CARTESIAN_POINT('',(163.2945,-21.788,11.5));
#12878=CARTESIAN_POINT('Origin',(151.163,-21.288,10.));
#12879=CARTESIAN_POINT('Origin',(151.163,-21.288,10.));
#12880=CARTESIAN_POINT('Origin',(151.163,-21.288,11.5));
#12881=CARTESIAN_POINT('Origin',(82.73175,-123.3005,10.));
#12882=CARTESIAN_POINT('',(82.73175,-109.3005,10.));
#12883=CARTESIAN_POINT('',(82.73175,-123.3005,10.));
#12884=CARTESIAN_POINT('',(82.73175,-94.643,10.));
#12885=CARTESIAN_POINT('',(82.73175,-109.3005,11.5));
#12886=CARTESIAN_POINT('',(82.73175,-109.3005,10.));
#12887=CARTESIAN_POINT('',(82.73175,-123.3005,11.5));
#12888=CARTESIAN_POINT('',(82.73175,-94.643,11.5));
#12889=CARTESIAN_POINT('',(82.73175,-123.3005,10.));
#12890=CARTESIAN_POINT('Origin',(83.23175,-109.3005,10.));
#12891=CARTESIAN_POINT('',(83.23175,-108.8005,10.));
#12892=CARTESIAN_POINT('Origin',(83.23175,-109.3005,10.));
#12893=CARTESIAN_POINT('',(83.23175,-108.8005,11.5));
#12894=CARTESIAN_POINT('',(83.23175,-108.8005,10.));
#12895=CARTESIAN_POINT('Origin',(83.23175,-109.3005,11.5));
#12896=CARTESIAN_POINT('Origin',(83.23175,-108.8005,10.));
#12897=CARTESIAN_POINT('',(89.23175,-108.8005,10.));
#12898=CARTESIAN_POINT('',(122.828875,-108.8005,10.));
#12899=CARTESIAN_POINT('',(89.23175,-108.8005,11.5));
#12900=CARTESIAN_POINT('',(89.23175,-108.8005,10.));
#12901=CARTESIAN_POINT('',(122.828875,-108.8005,11.5));
#12902=CARTESIAN_POINT('Origin',(89.23175,-109.3005,10.));
#12903=CARTESIAN_POINT('',(89.73175,-109.3005,10.));
#12904=CARTESIAN_POINT('Origin',(89.23175,-109.3005,10.));
#12905=CARTESIAN_POINT('',(89.73175,-109.3005,11.5));
#12906=CARTESIAN_POINT('',(89.73175,-109.3005,10.));
#12907=CARTESIAN_POINT('Origin',(89.23175,-109.3005,11.5));
#12908=CARTESIAN_POINT('Origin',(89.73175,-109.3005,10.));
#12909=CARTESIAN_POINT('',(89.73175,-123.3005,10.));
#12910=CARTESIAN_POINT('',(89.73175,-87.643,10.));
#12911=CARTESIAN_POINT('',(89.73175,-123.3005,11.5));
#12912=CARTESIAN_POINT('',(89.73175,-123.3005,10.));
#12913=CARTESIAN_POINT('',(89.73175,-87.643,11.5));
#12914=CARTESIAN_POINT('Origin',(89.23175,-123.3005,10.));
#12915=CARTESIAN_POINT('',(89.23175,-123.8005,10.));
#12916=CARTESIAN_POINT('Origin',(89.23175,-123.3005,10.));
#12917=CARTESIAN_POINT('',(89.23175,-123.8005,11.5));
#12918=CARTESIAN_POINT('',(89.23175,-123.8005,10.));
#12919=CARTESIAN_POINT('Origin',(89.23175,-123.3005,11.5));
#12920=CARTESIAN_POINT('Origin',(89.23175,-123.8005,10.));
#12921=CARTESIAN_POINT('',(83.23175,-123.8005,10.));
#12922=CARTESIAN_POINT('',(125.828875,-123.8005,10.));
#12923=CARTESIAN_POINT('',(83.23175,-123.8005,11.5));
#12924=CARTESIAN_POINT('',(83.23175,-123.8005,10.));
#12925=CARTESIAN_POINT('',(125.828875,-123.8005,11.5));
#12926=CARTESIAN_POINT('Origin',(83.23175,-123.3005,10.));
#12927=CARTESIAN_POINT('Origin',(83.23175,-123.3005,10.));
#12928=CARTESIAN_POINT('Origin',(83.23175,-123.3005,11.5));
#12929=CARTESIAN_POINT('Origin',(112.563,-21.288,10.));
#12930=CARTESIAN_POINT('',(112.563,-8.288,10.));
#12931=CARTESIAN_POINT('',(112.563,-21.288,10.));
#12932=CARTESIAN_POINT('',(112.563,-43.63675,10.));
#12933=CARTESIAN_POINT('',(112.563,-8.28799999999999,11.5));
#12934=CARTESIAN_POINT('',(112.563,-8.288,10.));
#12935=CARTESIAN_POINT('',(112.563,-21.288,11.5));
#12936=CARTESIAN_POINT('',(112.563,-43.63675,11.5));
#12937=CARTESIAN_POINT('',(112.563,-21.288,10.));
#12938=CARTESIAN_POINT('Origin',(113.063,-8.288,10.));
#12939=CARTESIAN_POINT('',(113.063,-7.788,10.));
#12940=CARTESIAN_POINT('Origin',(113.063,-8.288,10.));
#12941=CARTESIAN_POINT('',(113.063,-7.78799999999999,11.5));
#12942=CARTESIAN_POINT('',(113.063,-7.788,10.));
#12943=CARTESIAN_POINT('Origin',(113.063,-8.288,11.5));
#12944=CARTESIAN_POINT('Origin',(113.063,-7.78799999999999,10.));
#12945=CARTESIAN_POINT('',(126.063,-7.788,10.));
#12946=CARTESIAN_POINT('',(137.7445,-7.78799999999999,10.));
#12947=CARTESIAN_POINT('',(126.063,-7.78799999999999,11.5));
#12948=CARTESIAN_POINT('',(126.063,-7.788,10.));
#12949=CARTESIAN_POINT('',(137.7445,-7.78799999999999,11.5));
#12950=CARTESIAN_POINT('Origin',(126.063,-8.28800000000001,10.));
#12951=CARTESIAN_POINT('',(126.563,-8.28800000000001,10.));
#12952=CARTESIAN_POINT('Origin',(126.063,-8.28800000000001,10.));
#12953=CARTESIAN_POINT('',(126.563,-8.288,11.5));
#12954=CARTESIAN_POINT('',(126.563,-8.28800000000001,10.));
#12955=CARTESIAN_POINT('Origin',(126.063,-8.28800000000001,11.5));
#12956=CARTESIAN_POINT('Origin',(126.563,-8.28800000000001,10.));
#12957=CARTESIAN_POINT('',(126.563,-21.288,10.));
#12958=CARTESIAN_POINT('',(126.563,-37.13675,10.));
#12959=CARTESIAN_POINT('',(126.563,-21.288,11.5));
#12960=CARTESIAN_POINT('',(126.563,-21.288,10.));
#12961=CARTESIAN_POINT('',(126.563,-37.13675,11.5));
#12962=CARTESIAN_POINT('Origin',(126.063,-21.288,10.));
#12963=CARTESIAN_POINT('',(126.063,-21.788,10.));
#12964=CARTESIAN_POINT('Origin',(126.063,-21.288,10.));
#12965=CARTESIAN_POINT('',(126.063,-21.788,11.5));
#12966=CARTESIAN_POINT('',(126.063,-21.788,10.));
#12967=CARTESIAN_POINT('Origin',(126.063,-21.288,11.5));
#12968=CARTESIAN_POINT('Origin',(126.063,-21.788,10.));
#12969=CARTESIAN_POINT('',(113.063,-21.788,10.));
#12970=CARTESIAN_POINT('',(144.2445,-21.788,10.));
#12971=CARTESIAN_POINT('',(113.063,-21.788,11.5));
#12972=CARTESIAN_POINT('',(113.063,-21.788,10.));
#12973=CARTESIAN_POINT('',(144.2445,-21.788,11.5));
#12974=CARTESIAN_POINT('Origin',(113.063,-21.288,10.));
#12975=CARTESIAN_POINT('Origin',(113.063,-21.288,10.));
#12976=CARTESIAN_POINT('Origin',(113.063,-21.288,11.5));
#12977=CARTESIAN_POINT('Origin',(88.7505,-102.2505,10.));
#12978=CARTESIAN_POINT('',(88.7505,-89.2505,10.));
#12979=CARTESIAN_POINT('',(88.7505,-102.2505,10.));
#12980=CARTESIAN_POINT('',(88.7505,-84.118,10.));
#12981=CARTESIAN_POINT('',(88.7505,-89.2505,11.5));
#12982=CARTESIAN_POINT('',(88.7505,-89.2505,10.));
#12983=CARTESIAN_POINT('',(88.7505,-102.2505,11.5));
#12984=CARTESIAN_POINT('',(88.7505,-84.118,11.5));
#12985=CARTESIAN_POINT('',(88.7505,-102.2505,10.));
#12986=CARTESIAN_POINT('Origin',(89.2505,-89.2505,10.));
#12987=CARTESIAN_POINT('',(89.2505,-88.7505,10.));
#12988=CARTESIAN_POINT('Origin',(89.2505,-89.2505,10.));
#12989=CARTESIAN_POINT('',(89.2505,-88.7505,11.5));
#12990=CARTESIAN_POINT('',(89.2505,-88.7505,10.));
#12991=CARTESIAN_POINT('Origin',(89.2505,-89.2505,11.5));
#12992=CARTESIAN_POINT('Origin',(89.2505,-88.7505,10.));
#12993=CARTESIAN_POINT('',(102.2505,-88.7505,10.));
#12994=CARTESIAN_POINT('',(125.83825,-88.7505,10.));
#12995=CARTESIAN_POINT('',(102.2505,-88.7505,11.5));
#12996=CARTESIAN_POINT('',(102.2505,-88.7505,10.));
#12997=CARTESIAN_POINT('',(125.83825,-88.7505,11.5));
#12998=CARTESIAN_POINT('Origin',(102.2505,-89.2505,10.));
#12999=CARTESIAN_POINT('',(102.7505,-89.2505,10.));
#13000=CARTESIAN_POINT('Origin',(102.2505,-89.2505,10.));
#13001=CARTESIAN_POINT('',(102.7505,-89.2505,11.5));
#13002=CARTESIAN_POINT('',(102.7505,-89.2505,10.));
#13003=CARTESIAN_POINT('Origin',(102.2505,-89.2505,11.5));
#13004=CARTESIAN_POINT('Origin',(102.7505,-89.2505,10.));
#13005=CARTESIAN_POINT('',(102.7505,-102.2505,10.));
#13006=CARTESIAN_POINT('',(102.7505,-77.618,10.));
#13007=CARTESIAN_POINT('',(102.7505,-102.2505,11.5));
#13008=CARTESIAN_POINT('',(102.7505,-102.2505,10.));
#13009=CARTESIAN_POINT('',(102.7505,-77.618,11.5));
#13010=CARTESIAN_POINT('Origin',(102.2505,-102.2505,10.));
#13011=CARTESIAN_POINT('',(102.2505,-102.7505,10.));
#13012=CARTESIAN_POINT('Origin',(102.2505,-102.2505,10.));
#13013=CARTESIAN_POINT('',(102.2505,-102.7505,11.5));
#13014=CARTESIAN_POINT('',(102.2505,-102.7505,10.));
#13015=CARTESIAN_POINT('Origin',(102.2505,-102.2505,11.5));
#13016=CARTESIAN_POINT('Origin',(102.2505,-102.7505,10.));
#13017=CARTESIAN_POINT('',(89.2505,-102.7505,10.));
#13018=CARTESIAN_POINT('',(132.33825,-102.7505,10.));
#13019=CARTESIAN_POINT('',(89.2505,-102.7505,11.5));
#13020=CARTESIAN_POINT('',(89.2505,-102.7505,10.));
#13021=CARTESIAN_POINT('',(132.33825,-102.7505,11.5));
#13022=CARTESIAN_POINT('Origin',(89.2505,-102.2505,10.));
#13023=CARTESIAN_POINT('Origin',(89.2505,-102.2505,10.));
#13024=CARTESIAN_POINT('Origin',(89.2505,-102.2505,11.5));
#13025=CARTESIAN_POINT('Origin',(74.463,-64.1505,10.));
#13026=CARTESIAN_POINT('',(74.463,-51.1505,10.));
#13027=CARTESIAN_POINT('',(74.463,-64.1505,10.));
#13028=CARTESIAN_POINT('',(74.463,-65.068,10.));
#13029=CARTESIAN_POINT('',(74.463,-51.1505,11.5));
#13030=CARTESIAN_POINT('',(74.463,-51.1505,10.));
#13031=CARTESIAN_POINT('',(74.463,-64.1505,11.5));
#13032=CARTESIAN_POINT('',(74.463,-65.068,11.5));
#13033=CARTESIAN_POINT('',(74.463,-64.1505,10.));
#13034=CARTESIAN_POINT('Origin',(74.963,-51.1505,10.));
#13035=CARTESIAN_POINT('',(74.963,-50.6505,10.));
#13036=CARTESIAN_POINT('Origin',(74.963,-51.1505,10.));
#13037=CARTESIAN_POINT('',(74.963,-50.6505,11.5));
#13038=CARTESIAN_POINT('',(74.963,-50.6505,10.));
#13039=CARTESIAN_POINT('Origin',(74.963,-51.1505,11.5));
#13040=CARTESIAN_POINT('Origin',(74.963,-50.6505,10.));
#13041=CARTESIAN_POINT('',(87.963,-50.6505,10.));
#13042=CARTESIAN_POINT('',(118.6945,-50.6505,10.));
#13043=CARTESIAN_POINT('',(87.963,-50.6505,11.5));
#13044=CARTESIAN_POINT('',(87.963,-50.6505,10.));
#13045=CARTESIAN_POINT('',(118.6945,-50.6505,11.5));
#13046=CARTESIAN_POINT('Origin',(87.963,-51.1505,10.));
#13047=CARTESIAN_POINT('',(88.463,-51.1505,10.));
#13048=CARTESIAN_POINT('Origin',(87.963,-51.1505,10.));
#13049=CARTESIAN_POINT('',(88.463,-51.1505,11.5));
#13050=CARTESIAN_POINT('',(88.463,-51.1505,10.));
#13051=CARTESIAN_POINT('Origin',(87.963,-51.1505,11.5));
#13052=CARTESIAN_POINT('Origin',(88.463,-51.1505,10.));
#13053=CARTESIAN_POINT('',(88.463,-64.1505,10.));
#13054=CARTESIAN_POINT('',(88.463,-58.568,10.));
#13055=CARTESIAN_POINT('',(88.463,-64.1505,11.5));
#13056=CARTESIAN_POINT('',(88.463,-64.1505,10.));
#13057=CARTESIAN_POINT('',(88.463,-58.568,11.5));
#13058=CARTESIAN_POINT('Origin',(87.963,-64.1505,10.));
#13059=CARTESIAN_POINT('',(87.963,-64.6505,10.));
#13060=CARTESIAN_POINT('Origin',(87.963,-64.1505,10.));
#13061=CARTESIAN_POINT('',(87.963,-64.6505,11.5));
#13062=CARTESIAN_POINT('',(87.963,-64.6505,10.));
#13063=CARTESIAN_POINT('Origin',(87.963,-64.1505,11.5));
#13064=CARTESIAN_POINT('Origin',(87.963,-64.6505,10.));
#13065=CARTESIAN_POINT('',(74.963,-64.6505,10.));
#13066=CARTESIAN_POINT('',(125.1945,-64.6505,10.));
#13067=CARTESIAN_POINT('',(74.963,-64.6505,11.5));
#13068=CARTESIAN_POINT('',(74.963,-64.6505,10.));
#13069=CARTESIAN_POINT('',(125.1945,-64.6505,11.5));
#13070=CARTESIAN_POINT('Origin',(74.963,-64.1505,10.));
#13071=CARTESIAN_POINT('Origin',(74.963,-64.1505,10.));
#13072=CARTESIAN_POINT('Origin',(74.963,-64.1505,11.5));
#13073=CARTESIAN_POINT('Origin',(-5.999,-137.481281158302,21.2708424997241));
#13074=CARTESIAN_POINT('',(-5.99900000000001,-143.078691082272,11.5));
#13075=CARTESIAN_POINT('',(-9.999,-139.02883057912,11.5));
#13076=CARTESIAN_POINT('Origin',(-5.999,-139.02883057912,11.5));
#13077=CARTESIAN_POINT('',(-9.999,-139.266407239607,10.));
#13078=CARTESIAN_POINT('',(-9.999,-137.481281158302,21.2708424997241));
#13079=CARTESIAN_POINT('',(-5.99900000000001,-143.316267742759,10.));
#13080=CARTESIAN_POINT('Origin',(-5.999,-139.266407239607,10.));
#13081=CARTESIAN_POINT('',(-5.999,-141.432034520682,21.8965803598851));
#13082=CARTESIAN_POINT('Origin',(-9.999,9.999,10.));
#13083=CARTESIAN_POINT('',(-9.999,5.999,10.));
#13084=CARTESIAN_POINT('',(-9.999,5.999,11.5));
#13085=CARTESIAN_POINT('',(-9.999,5.999,10.));
#13086=CARTESIAN_POINT('',(-9.999,-27.99325,10.));
#13087=CARTESIAN_POINT('',(-9.999,-27.99325,11.5));
#13088=CARTESIAN_POINT('Origin',(-5.99900000000002,5.999,10.));
#13089=CARTESIAN_POINT('',(-5.99900000000002,9.999,11.5));
#13090=CARTESIAN_POINT('Origin',(-5.99900000000002,5.999,11.5));
#13091=CARTESIAN_POINT('',(-5.99900000000002,9.999,10.));
#13092=CARTESIAN_POINT('',(-5.99900000000002,9.999,10.));
#13093=CARTESIAN_POINT('Origin',(-5.99900000000002,5.999,10.));
#13094=CARTESIAN_POINT('Origin',(-9.99899999999998,-143.299692952842,10.1046491049413));
#13095=CARTESIAN_POINT('',(154.125999999997,-143.316267742759,10.));
#13096=CARTESIAN_POINT('',(154.125999999997,-143.078691082272,11.5));
#13097=CARTESIAN_POINT('',(154.125999999997,-142.842518423766,12.9911354803654));
#13098=CARTESIAN_POINT('',(76.2135,-143.078691082272,11.5));
#13099=CARTESIAN_POINT('',(76.2135,-143.316267742759,10.));
#13100=CARTESIAN_POINT('Origin',(162.426,-65.9855,10.));
#13101=CARTESIAN_POINT('',(174.126,9.999,10.));
#13102=CARTESIAN_POINT('',(174.126,-4.963,10.));
#13103=CARTESIAN_POINT('',(174.126,-27.9927499254942,10.));
#13104=CARTESIAN_POINT('',(166.888,-4.96300000000003,10.));
#13105=CARTESIAN_POINT('',(168.426,-4.96300000000002,10.));
#13106=CARTESIAN_POINT('',(166.888,-26.3945,10.));
#13107=CARTESIAN_POINT('',(166.888,-35.62425,10.));
#13108=CARTESIAN_POINT('',(157.363,-26.3945,10.));
#13109=CARTESIAN_POINT('',(164.807,-26.3945,10.));
#13110=CARTESIAN_POINT('',(157.363,-48.4255,10.));
#13111=CARTESIAN_POINT('',(157.363,-46.34,10.));
#13112=CARTESIAN_POINT('',(166.888,-48.4255,10.));
#13113=CARTESIAN_POINT('',(160.0445,-48.4255,10.));
#13114=CARTESIAN_POINT('',(166.888,-66.8755,10.));
#13115=CARTESIAN_POINT('',(166.888,-57.0555,10.));
#13116=CARTESIAN_POINT('',(152.6005,-66.8755,10.));
#13117=CARTESIAN_POINT('',(164.807,-66.8755,10.));
#13118=CARTESIAN_POINT('',(152.6005,-86.5255,10.));
#13119=CARTESIAN_POINT('',(152.6005,-66.5805,10.));
#13120=CARTESIAN_POINT('',(162.1255,-86.5255,10.));
#13121=CARTESIAN_POINT('',(157.66325,-86.5255,10.));
#13122=CARTESIAN_POINT('',(162.1255,-104.9755,10.));
#13123=CARTESIAN_POINT('',(162.1255,-76.1055,10.));
#13124=CARTESIAN_POINT('',(154.126,-104.9755,10.));
#13125=CARTESIAN_POINT('',(162.42575,-104.9755,10.));
#13126=CARTESIAN_POINT('',(154.126000000002,-85.6304999999997,10.));
#13127=CARTESIAN_POINT('',(248.6385,9.999,10.));
#13128=CARTESIAN_POINT('Origin',(334.851,9.999,10.));
#13129=CARTESIAN_POINT('',(174.126,9.999,11.5));
#13130=CARTESIAN_POINT('',(174.126,9.999,10.));
#13131=CARTESIAN_POINT('',(248.6385,9.999,11.5));
#13132=CARTESIAN_POINT('Origin',(162.426,-65.9855,11.5));
#13133=CARTESIAN_POINT('',(174.126,-4.963,11.5));
#13134=CARTESIAN_POINT('',(174.126,-27.9927499254942,11.5));
#13135=CARTESIAN_POINT('',(154.126,-104.9755,11.5));
#13136=CARTESIAN_POINT('',(154.126000000002,-85.6304999999997,11.5));
#13137=CARTESIAN_POINT('',(162.1255,-104.9755,11.5));
#13138=CARTESIAN_POINT('',(162.42575,-104.9755,11.5));
#13139=CARTESIAN_POINT('',(162.1255,-86.5255,11.5));
#13140=CARTESIAN_POINT('',(162.1255,-76.1055,11.5));
#13141=CARTESIAN_POINT('',(152.6005,-86.5255,11.5));
#13142=CARTESIAN_POINT('',(157.66325,-86.5255,11.5));
#13143=CARTESIAN_POINT('',(152.6005,-66.8755,11.5));
#13144=CARTESIAN_POINT('',(152.6005,-66.5805,11.5));
#13145=CARTESIAN_POINT('',(166.888,-66.8755,11.5));
#13146=CARTESIAN_POINT('',(164.807,-66.8755,11.5));
#13147=CARTESIAN_POINT('',(166.888,-48.4255,11.5));
#13148=CARTESIAN_POINT('',(166.888,-57.0555,11.5));
#13149=CARTESIAN_POINT('',(157.363,-48.4255,11.5));
#13150=CARTESIAN_POINT('',(160.0445,-48.4255,11.5));
#13151=CARTESIAN_POINT('',(157.363,-26.3945,11.5));
#13152=CARTESIAN_POINT('',(157.363,-46.34,11.5));
#13153=CARTESIAN_POINT('',(166.888,-26.3945,11.5));
#13154=CARTESIAN_POINT('',(164.807,-26.3945,11.5));
#13155=CARTESIAN_POINT('',(166.888,-4.96300000000003,11.5));
#13156=CARTESIAN_POINT('',(166.888,-35.62425,11.5));
#13157=CARTESIAN_POINT('',(168.426,-4.96300000000002,11.5));
#13158=CARTESIAN_POINT('Origin',(174.426,-4.963,10.));
#13159=CARTESIAN_POINT('',(166.888,-4.96300000000003,10.));
#13160=CARTESIAN_POINT('',(174.126,-4.963,10.));
#13161=CARTESIAN_POINT('Origin',(166.888,-5.26300000000003,10.));
#13162=CARTESIAN_POINT('',(166.888,-26.3945,10.));
#13163=CARTESIAN_POINT('Origin',(167.188,-26.3945,10.));
#13164=CARTESIAN_POINT('',(157.363,-26.3945,10.));
#13165=CARTESIAN_POINT('Origin',(157.363,-26.6945,10.));
#13166=CARTESIAN_POINT('',(157.363,-48.4255,10.));
#13167=CARTESIAN_POINT('Origin',(157.663,-48.4255,10.));
#13168=CARTESIAN_POINT('',(166.888,-48.4255,10.));
#13169=CARTESIAN_POINT('Origin',(166.888,-48.1255,10.));
#13170=CARTESIAN_POINT('',(166.888,-66.8755,10.));
#13171=CARTESIAN_POINT('Origin',(167.188,-66.8755,10.));
#13172=CARTESIAN_POINT('',(152.6005,-66.8755,10.));
#13173=CARTESIAN_POINT('Origin',(152.6005,-67.1755,10.));
#13174=CARTESIAN_POINT('',(152.6005,-86.5255,10.));
#13175=CARTESIAN_POINT('Origin',(152.9005,-86.5255,10.));
#13176=CARTESIAN_POINT('',(162.1255,-86.5255,10.));
#13177=CARTESIAN_POINT('Origin',(162.1255,-86.2255,10.));
#13178=CARTESIAN_POINT('',(162.1255,-104.9755,10.));
#13179=CARTESIAN_POINT('Origin',(162.4255,-104.9755,10.));
#13180=CARTESIAN_POINT('',(154.126,-104.9755,10.));
#13181=CARTESIAN_POINT('Origin',(154.126,-105.2755,10.));
#13182=CARTESIAN_POINT('Origin',(174.126,10.0000001490116,10.));
#13183=UNCERTAINTY_MEASURE_WITH_UNIT(LENGTH_MEASURE(0.01),#13187,
'DISTANCE_ACCURACY_VALUE',
'Maximum model space distance between geometric entities at asserted c
onnectivities');
#13184=UNCERTAINTY_MEASURE_WITH_UNIT(LENGTH_MEASURE(0.01),#13187,
'DISTANCE_ACCURACY_VALUE',
'Maximum model space distance between geometric entities at asserted c
onnectivities');
#13185=(
GEOMETRIC_REPRESENTATION_CONTEXT(3)
GLOBAL_UNCERTAINTY_ASSIGNED_CONTEXT((#13183))
GLOBAL_UNIT_ASSIGNED_CONTEXT((#13187,#13189,#13190))
REPRESENTATION_CONTEXT('','3D')
);
#13186=(
GEOMETRIC_REPRESENTATION_CONTEXT(3)
GLOBAL_UNCERTAINTY_ASSIGNED_CONTEXT((#13184))
GLOBAL_UNIT_ASSIGNED_CONTEXT((#13187,#13189,#13190))
REPRESENTATION_CONTEXT('','3D')
);
#13187=(
LENGTH_UNIT()
NAMED_UNIT(*)
SI_UNIT(.MILLI.,.METRE.)
);
#13188=(
LENGTH_UNIT()
NAMED_UNIT(*)
SI_UNIT($,.METRE.)
);
#13189=(
NAMED_UNIT(*)
PLANE_ANGLE_UNIT()
SI_UNIT($,.RADIAN.)
);
#13190=(
NAMED_UNIT(*)
SI_UNIT($,.STERADIAN.)
SOLID_ANGLE_UNIT()
);
#13191=SHAPE_DEFINITION_REPRESENTATION(#13192,#13193);
#13192=PRODUCT_DEFINITION_SHAPE('',$,#13195);
#13193=SHAPE_REPRESENTATION('',(#7859),#13185);
#13194=PRODUCT_DEFINITION_CONTEXT('part definition',#13199,'design');
#13195=PRODUCT_DEFINITION('Plate Right','Plate Right',#13196,#13194);
#13196=PRODUCT_DEFINITION_FORMATION('',$,#13201);
#13197=PRODUCT_RELATED_PRODUCT_CATEGORY('Plate Right','Plate Right',(#13201));
#13198=APPLICATION_PROTOCOL_DEFINITION('international standard',
'automotive_design',2009,#13199);
#13199=APPLICATION_CONTEXT(
'Core Data for Automotive Mechanical Design Process');
#13200=PRODUCT_CONTEXT('part definition',#13199,'mechanical');
#13201=PRODUCT('Plate Right','Plate Right',$,(#13200));
#13202=PRESENTATION_STYLE_ASSIGNMENT((#13204));
#13203=PRESENTATION_STYLE_ASSIGNMENT((#13205));
#13204=SURFACE_STYLE_USAGE(.BOTH.,#13206);
#13205=SURFACE_STYLE_USAGE(.BOTH.,#13207);
#13206=SURFACE_SIDE_STYLE('',(#13208));
#13207=SURFACE_SIDE_STYLE('',(#13209));
#13208=SURFACE_STYLE_FILL_AREA(#13210);
#13209=SURFACE_STYLE_FILL_AREA(#13211);
#13210=FILL_AREA_STYLE('Steel - Satin',(#13212));
#13211=FILL_AREA_STYLE('Plastic - Matte (White)',(#13213));
#13212=FILL_AREA_STYLE_COLOUR('Steel - Satin',#13214);
#13213=FILL_AREA_STYLE_COLOUR('Plastic - Matte (White)',#13215);
#13214=COLOUR_RGB('Steel - Satin',0.627450980392157,0.627450980392157,0.627450980392157);
#13215=COLOUR_RGB('Plastic - Matte (White)',0.964705882352941,0.964705882352941,
0.952941176470588);
ENDSEC;
END-ISO-10303-21;
