ISO-10303-21;
HEADER;
/* Generated by software containing ST-Developer
 * from STEP Tools, Inc. (www.steptools.com) 
 */

FILE_DESCRIPTION(
/* description */ (''),
/* implementation_level */ '2;1');

FILE_NAME(
/* name */ 'Plate_Left.step',
/* time_stamp */ '2026-07-31T15:21:33+05:30',
/* author */ (''),
/* organization */ (''),
/* preprocessor_version */ 'ST-DEVELOPER v20.1',
/* originating_system */ 'Autodesk Translation Framework v15.8.0.0',
/* authorisation */ '');

FILE_SCHEMA (('AUTOMOTIVE_DESIGN { 1 0 10303 214 3 1 1 }'));
ENDSEC;

DATA;
#10=MECHANICAL_DESIGN_GEOMETRIC_PRESENTATION_REPRESENTATION('',(#13),#13462);
#11=SHAPE_REPRESENTATION_RELATIONSHIP('SRR','None',#13469,#12);
#12=ADVANCED_BREP_SHAPE_REPRESENTATION('',(#14),#13461);
#13=STYLED_ITEM('',(#13479),#14);
#14=MANIFOLD_SOLID_BREP('Plate Left',#8010);
#15=CYLINDRICAL_SURFACE('',#8418,4.);
#16=CYLINDRICAL_SURFACE('',#8420,4.);
#17=CYLINDRICAL_SURFACE('',#8421,0.500000000000007);
#18=CYLINDRICAL_SURFACE('',#8423,0.499999999999998);
#19=CYLINDRICAL_SURFACE('',#8425,0.500000000000007);
#20=CYLINDRICAL_SURFACE('',#8427,0.499999999999998);
#21=CYLINDRICAL_SURFACE('',#8429,0.500000000000007);
#22=CYLINDRICAL_SURFACE('',#8431,0.500000000000007);
#23=CYLINDRICAL_SURFACE('',#8433,0.499999999999972);
#24=CYLINDRICAL_SURFACE('',#8435,0.499999999999998);
#25=CYLINDRICAL_SURFACE('',#8437,0.499999999999972);
#26=CYLINDRICAL_SURFACE('',#8439,0.500000000000007);
#27=CYLINDRICAL_SURFACE('',#8441,0.500000000000007);
#28=CYLINDRICAL_SURFACE('',#8443,0.499999999999998);
#29=CYLINDRICAL_SURFACE('',#8445,0.499999999999972);
#30=CYLINDRICAL_SURFACE('',#8447,0.500000000000007);
#31=CYLINDRICAL_SURFACE('',#8449,0.500000000000007);
#32=CYLINDRICAL_SURFACE('',#8451,0.499999999999972);
#33=CYLINDRICAL_SURFACE('',#8453,0.500000000000007);
#34=CYLINDRICAL_SURFACE('',#8455,0.500000000000007);
#35=CYLINDRICAL_SURFACE('',#8457,0.500000000000007);
#36=CYLINDRICAL_SURFACE('',#8459,0.499999999999998);
#37=CYLINDRICAL_SURFACE('',#8461,0.500000000000007);
#38=CYLINDRICAL_SURFACE('',#8463,0.499999999999998);
#39=CYLINDRICAL_SURFACE('',#8465,0.500000000000007);
#40=CYLINDRICAL_SURFACE('',#8467,0.499999999999999);
#41=CYLINDRICAL_SURFACE('',#8469,0.500000000000007);
#42=CYLINDRICAL_SURFACE('',#8471,0.500000000000007);
#43=CYLINDRICAL_SURFACE('',#8473,0.500000000000007);
#44=CYLINDRICAL_SURFACE('',#8475,0.499999999999972);
#45=CYLINDRICAL_SURFACE('',#8477,0.500000000000007);
#46=CYLINDRICAL_SURFACE('',#8479,0.500000000000007);
#47=CYLINDRICAL_SURFACE('',#8481,0.500000000000007);
#48=CYLINDRICAL_SURFACE('',#8483,0.500000000000007);
#49=CYLINDRICAL_SURFACE('',#8485,0.500000000000007);
#50=CYLINDRICAL_SURFACE('',#8487,0.499999999999998);
#51=CYLINDRICAL_SURFACE('',#8489,0.500000000000007);
#52=CYLINDRICAL_SURFACE('',#8491,0.499999999999999);
#53=CYLINDRICAL_SURFACE('',#8493,0.500000000000007);
#54=CYLINDRICAL_SURFACE('',#8495,0.499999999999998);
#55=CYLINDRICAL_SURFACE('',#8497,0.499999999999972);
#56=CYLINDRICAL_SURFACE('',#8499,0.499999999999998);
#57=CYLINDRICAL_SURFACE('',#8501,0.500000000000007);
#58=CYLINDRICAL_SURFACE('',#8503,0.499999999999998);
#59=CYLINDRICAL_SURFACE('',#8505,0.500000000000007);
#60=CYLINDRICAL_SURFACE('',#8507,0.499999999999998);
#61=CYLINDRICAL_SURFACE('',#8509,0.499999999999972);
#62=CYLINDRICAL_SURFACE('',#8511,0.500000000000007);
#63=CYLINDRICAL_SURFACE('',#8513,0.500000000000007);
#64=CYLINDRICAL_SURFACE('',#8515,0.499999999999998);
#65=CYLINDRICAL_SURFACE('',#8517,0.500000000000007);
#66=CYLINDRICAL_SURFACE('',#8519,0.499999999999998);
#67=CYLINDRICAL_SURFACE('',#8521,0.499999999999972);
#68=CYLINDRICAL_SURFACE('',#8523,0.499999999999998);
#69=CYLINDRICAL_SURFACE('',#8525,0.500000000000007);
#70=CYLINDRICAL_SURFACE('',#8527,0.500000000000007);
#71=CYLINDRICAL_SURFACE('',#8529,0.499999999999972);
#72=CYLINDRICAL_SURFACE('',#8531,0.500000000000007);
#73=CYLINDRICAL_SURFACE('',#8533,0.499999999999972);
#74=CYLINDRICAL_SURFACE('',#8535,0.499999999999998);
#75=CYLINDRICAL_SURFACE('',#8537,0.500000000000007);
#76=CYLINDRICAL_SURFACE('',#8539,0.499999999999999);
#77=CYLINDRICAL_SURFACE('',#8541,0.500000000000007);
#78=CYLINDRICAL_SURFACE('',#8543,0.500000000000007);
#79=CYLINDRICAL_SURFACE('',#8545,0.500000000000007);
#80=CYLINDRICAL_SURFACE('',#8547,0.500000000000007);
#81=CYLINDRICAL_SURFACE('',#8549,0.500000000000007);
#82=CYLINDRICAL_SURFACE('',#8551,0.499999999999998);
#83=CYLINDRICAL_SURFACE('',#8553,0.500000000000043);
#84=CYLINDRICAL_SURFACE('',#8555,0.5);
#85=CYLINDRICAL_SURFACE('',#8557,0.500000000000007);
#86=CYLINDRICAL_SURFACE('',#8559,0.500000000000007);
#87=CYLINDRICAL_SURFACE('',#8561,0.500000000000007);
#88=CYLINDRICAL_SURFACE('',#8563,0.500000000000007);
#89=CYLINDRICAL_SURFACE('',#8565,0.500000000000007);
#90=CYLINDRICAL_SURFACE('',#8567,0.500000000000007);
#91=CYLINDRICAL_SURFACE('',#8569,0.500000000000007);
#92=CYLINDRICAL_SURFACE('',#8571,0.500000000000007);
#93=CYLINDRICAL_SURFACE('',#8573,0.500000000000007);
#94=CYLINDRICAL_SURFACE('',#8575,0.500000000000007);
#95=CYLINDRICAL_SURFACE('',#8577,0.500000000000007);
#96=CYLINDRICAL_SURFACE('',#8579,0.499999999999998);
#97=CYLINDRICAL_SURFACE('',#8581,0.500000000000007);
#98=CYLINDRICAL_SURFACE('',#8583,0.499999999999998);
#99=CYLINDRICAL_SURFACE('',#8585,0.500000000000007);
#100=CYLINDRICAL_SURFACE('',#8587,0.499999999999998);
#101=CYLINDRICAL_SURFACE('',#8589,1.70000000000002);
#102=CYLINDRICAL_SURFACE('',#8590,0.500000000000007);
#103=CYLINDRICAL_SURFACE('',#8592,0.500000000000007);
#104=CYLINDRICAL_SURFACE('',#8594,0.500000000000007);
#105=CYLINDRICAL_SURFACE('',#8596,0.499999999999998);
#106=CYLINDRICAL_SURFACE('',#8598,0.500000000000007);
#107=CYLINDRICAL_SURFACE('',#8600,0.500000000000007);
#108=CYLINDRICAL_SURFACE('',#8602,0.500000000000007);
#109=CYLINDRICAL_SURFACE('',#8604,0.500000000000007);
#110=CYLINDRICAL_SURFACE('',#8606,0.500000000000007);
#111=CYLINDRICAL_SURFACE('',#8608,0.500000000000007);
#112=CYLINDRICAL_SURFACE('',#8610,0.500000000000007);
#113=CYLINDRICAL_SURFACE('',#8612,0.499999999999998);
#114=CYLINDRICAL_SURFACE('',#8614,1.70000000000002);
#115=CYLINDRICAL_SURFACE('',#8615,0.500000000000007);
#116=CYLINDRICAL_SURFACE('',#8617,0.500000000000007);
#117=CYLINDRICAL_SURFACE('',#8619,0.500000000000007);
#118=CYLINDRICAL_SURFACE('',#8621,0.499999999999998);
#119=CYLINDRICAL_SURFACE('',#8623,0.500000000000007);
#120=CYLINDRICAL_SURFACE('',#8625,0.500000000000007);
#121=CYLINDRICAL_SURFACE('',#8627,0.500000000000007);
#122=CYLINDRICAL_SURFACE('',#8629,0.499999999999972);
#123=CYLINDRICAL_SURFACE('',#8631,0.500000000000007);
#124=CYLINDRICAL_SURFACE('',#8633,0.500000000000007);
#125=CYLINDRICAL_SURFACE('',#8635,0.500000000000007);
#126=CYLINDRICAL_SURFACE('',#8637,0.499999999999998);
#127=CYLINDRICAL_SURFACE('',#8639,0.500000000000007);
#128=CYLINDRICAL_SURFACE('',#8641,0.500000000000007);
#129=CYLINDRICAL_SURFACE('',#8643,0.500000000000007);
#130=CYLINDRICAL_SURFACE('',#8645,0.499999999999998);
#131=CYLINDRICAL_SURFACE('',#8647,0.500000000000007);
#132=CYLINDRICAL_SURFACE('',#8649,0.500000000000007);
#133=CYLINDRICAL_SURFACE('',#8651,0.499999999999972);
#134=CYLINDRICAL_SURFACE('',#8653,0.499999999999972);
#135=CYLINDRICAL_SURFACE('',#8655,0.499999999999972);
#136=CYLINDRICAL_SURFACE('',#8657,0.500000000000007);
#137=CYLINDRICAL_SURFACE('',#8659,0.500000000000007);
#138=CYLINDRICAL_SURFACE('',#8661,0.499999999999972);
#139=CYLINDRICAL_SURFACE('',#8663,0.499999999999972);
#140=CYLINDRICAL_SURFACE('',#8665,0.499999999999998);
#141=CYLINDRICAL_SURFACE('',#8667,0.500000000000007);
#142=CYLINDRICAL_SURFACE('',#8669,0.499999999999999);
#143=CYLINDRICAL_SURFACE('',#8671,0.500000000000007);
#144=CYLINDRICAL_SURFACE('',#8673,0.499999999999998);
#145=CYLINDRICAL_SURFACE('',#8675,0.500000000000007);
#146=CYLINDRICAL_SURFACE('',#8677,0.499999999999999);
#147=CYLINDRICAL_SURFACE('',#8679,0.500000000000007);
#148=CYLINDRICAL_SURFACE('',#8681,0.500000000000007);
#149=CYLINDRICAL_SURFACE('',#8683,0.500000000000007);
#150=CYLINDRICAL_SURFACE('',#8685,0.500000000000007);
#151=CYLINDRICAL_SURFACE('',#8687,0.500000000000007);
#152=CYLINDRICAL_SURFACE('',#8689,0.500000000000007);
#153=CYLINDRICAL_SURFACE('',#8691,0.500000000000007);
#154=CYLINDRICAL_SURFACE('',#8693,0.499999999999998);
#155=CYLINDRICAL_SURFACE('',#8695,0.500000000000007);
#156=CYLINDRICAL_SURFACE('',#8697,0.500000000000007);
#157=CYLINDRICAL_SURFACE('',#8699,0.500000000000007);
#158=CYLINDRICAL_SURFACE('',#8701,0.499999999999972);
#159=CYLINDRICAL_SURFACE('',#8703,0.500000000000007);
#160=CYLINDRICAL_SURFACE('',#8705,0.500000000000007);
#161=CYLINDRICAL_SURFACE('',#8707,0.500000000000007);
#162=CYLINDRICAL_SURFACE('',#8709,0.499999999999972);
#163=CYLINDRICAL_SURFACE('',#8711,0.500000000000007);
#164=CYLINDRICAL_SURFACE('',#8713,0.499999999999998);
#165=CYLINDRICAL_SURFACE('',#8715,0.499999999999972);
#166=CYLINDRICAL_SURFACE('',#8717,0.499999999999998);
#167=CYLINDRICAL_SURFACE('',#8719,0.500000000000007);
#168=CYLINDRICAL_SURFACE('',#8721,0.500000000000007);
#169=CYLINDRICAL_SURFACE('',#8723,0.500000000000007);
#170=CYLINDRICAL_SURFACE('',#8725,0.499999999999998);
#171=CYLINDRICAL_SURFACE('',#8727,1.70000000000002);
#172=CYLINDRICAL_SURFACE('',#8728,0.500000000000007);
#173=CYLINDRICAL_SURFACE('',#8730,0.500000000000007);
#174=CYLINDRICAL_SURFACE('',#8732,0.500000000000007);
#175=CYLINDRICAL_SURFACE('',#8734,0.499999999999998);
#176=CYLINDRICAL_SURFACE('',#8736,0.500000000000007);
#177=CYLINDRICAL_SURFACE('',#8738,0.500000000000007);
#178=CYLINDRICAL_SURFACE('',#8740,0.500000000000007);
#179=CYLINDRICAL_SURFACE('',#8742,0.499999999999998);
#180=CYLINDRICAL_SURFACE('',#8744,0.500000000000007);
#181=CYLINDRICAL_SURFACE('',#8746,0.499999999999998);
#182=CYLINDRICAL_SURFACE('',#8748,0.500000000000007);
#183=CYLINDRICAL_SURFACE('',#8750,0.499999999999999);
#184=CYLINDRICAL_SURFACE('',#8752,0.500000000000007);
#185=CYLINDRICAL_SURFACE('',#8754,0.499999999999998);
#186=CYLINDRICAL_SURFACE('',#8756,0.500000000000007);
#187=CYLINDRICAL_SURFACE('',#8758,0.499999999999998);
#188=CYLINDRICAL_SURFACE('',#8760,0.500000000000007);
#189=CYLINDRICAL_SURFACE('',#8762,0.500000000000007);
#190=CYLINDRICAL_SURFACE('',#8764,0.500000000000007);
#191=CYLINDRICAL_SURFACE('',#8766,0.499999999999998);
#192=CYLINDRICAL_SURFACE('',#8768,0.500000000000007);
#193=CYLINDRICAL_SURFACE('',#8770,0.500000000000007);
#194=CYLINDRICAL_SURFACE('',#8772,0.500000000000007);
#195=CYLINDRICAL_SURFACE('',#8774,0.499999999999998);
#196=CYLINDRICAL_SURFACE('',#8776,0.500000000000007);
#197=CYLINDRICAL_SURFACE('',#8778,0.499999999999998);
#198=CYLINDRICAL_SURFACE('',#8780,0.500000000000007);
#199=CYLINDRICAL_SURFACE('',#8782,0.499999999999998);
#200=CYLINDRICAL_SURFACE('',#8784,0.500000000000007);
#201=CYLINDRICAL_SURFACE('',#8786,0.499999999999998);
#202=CYLINDRICAL_SURFACE('',#8788,0.499999999999972);
#203=CYLINDRICAL_SURFACE('',#8790,0.499999999999998);
#204=FACE_BOUND('',#1085,.T.);
#205=FACE_BOUND('',#1086,.T.);
#206=FACE_BOUND('',#1087,.T.);
#207=FACE_BOUND('',#1088,.T.);
#208=FACE_BOUND('',#1089,.T.);
#209=FACE_BOUND('',#1090,.T.);
#210=FACE_BOUND('',#1091,.T.);
#211=FACE_BOUND('',#1092,.T.);
#212=FACE_BOUND('',#1093,.T.);
#213=FACE_BOUND('',#1094,.T.);
#214=FACE_BOUND('',#1095,.T.);
#215=FACE_BOUND('',#1096,.T.);
#216=FACE_BOUND('',#1097,.T.);
#217=FACE_BOUND('',#1098,.T.);
#218=FACE_BOUND('',#1099,.T.);
#219=FACE_BOUND('',#1100,.T.);
#220=FACE_BOUND('',#1101,.T.);
#221=FACE_BOUND('',#1102,.T.);
#222=FACE_BOUND('',#1103,.T.);
#223=FACE_BOUND('',#1104,.T.);
#224=FACE_BOUND('',#1105,.T.);
#225=FACE_BOUND('',#1106,.T.);
#226=FACE_BOUND('',#1107,.T.);
#227=FACE_BOUND('',#1108,.T.);
#228=FACE_BOUND('',#1109,.T.);
#229=FACE_BOUND('',#1110,.T.);
#230=FACE_BOUND('',#1111,.T.);
#231=FACE_BOUND('',#1112,.T.);
#232=FACE_BOUND('',#1113,.T.);
#233=FACE_BOUND('',#1114,.T.);
#234=FACE_BOUND('',#1115,.T.);
#235=FACE_BOUND('',#1116,.T.);
#236=FACE_BOUND('',#1117,.T.);
#237=FACE_BOUND('',#1118,.T.);
#238=FACE_BOUND('',#1119,.T.);
#239=FACE_BOUND('',#1120,.T.);
#240=FACE_BOUND('',#1121,.T.);
#241=FACE_BOUND('',#1122,.T.);
#242=FACE_BOUND('',#1123,.T.);
#243=FACE_BOUND('',#1124,.T.);
#244=FACE_BOUND('',#1125,.T.);
#245=FACE_BOUND('',#1126,.T.);
#246=FACE_BOUND('',#1127,.T.);
#247=FACE_BOUND('',#1128,.T.);
#248=FACE_BOUND('',#1129,.T.);
#249=FACE_BOUND('',#1130,.T.);
#250=FACE_BOUND('',#1131,.T.);
#251=FACE_BOUND('',#1132,.T.);
#252=FACE_BOUND('',#1133,.T.);
#253=FACE_BOUND('',#1135,.T.);
#254=FACE_BOUND('',#1136,.T.);
#255=FACE_BOUND('',#1137,.T.);
#256=FACE_BOUND('',#1138,.T.);
#257=FACE_BOUND('',#1139,.T.);
#258=FACE_BOUND('',#1140,.T.);
#259=FACE_BOUND('',#1141,.T.);
#260=FACE_BOUND('',#1142,.T.);
#261=FACE_BOUND('',#1143,.T.);
#262=FACE_BOUND('',#1144,.T.);
#263=FACE_BOUND('',#1145,.T.);
#264=FACE_BOUND('',#1146,.T.);
#265=FACE_BOUND('',#1147,.T.);
#266=FACE_BOUND('',#1148,.T.);
#267=FACE_BOUND('',#1149,.T.);
#268=FACE_BOUND('',#1150,.T.);
#269=FACE_BOUND('',#1151,.T.);
#270=FACE_BOUND('',#1152,.T.);
#271=FACE_BOUND('',#1153,.T.);
#272=FACE_BOUND('',#1154,.T.);
#273=FACE_BOUND('',#1155,.T.);
#274=FACE_BOUND('',#1156,.T.);
#275=FACE_BOUND('',#1157,.T.);
#276=FACE_BOUND('',#1158,.T.);
#277=FACE_BOUND('',#1159,.T.);
#278=FACE_BOUND('',#1160,.T.);
#279=FACE_BOUND('',#1161,.T.);
#280=FACE_BOUND('',#1162,.T.);
#281=FACE_BOUND('',#1163,.T.);
#282=FACE_BOUND('',#1164,.T.);
#283=FACE_BOUND('',#1165,.T.);
#284=FACE_BOUND('',#1166,.T.);
#285=FACE_BOUND('',#1167,.T.);
#286=FACE_BOUND('',#1168,.T.);
#287=FACE_BOUND('',#1169,.T.);
#288=FACE_BOUND('',#1170,.T.);
#289=FACE_BOUND('',#1171,.T.);
#290=FACE_BOUND('',#1172,.T.);
#291=FACE_BOUND('',#1173,.T.);
#292=FACE_BOUND('',#1174,.T.);
#293=FACE_BOUND('',#1175,.T.);
#294=FACE_BOUND('',#1176,.T.);
#295=FACE_BOUND('',#1177,.T.);
#296=FACE_BOUND('',#1178,.T.);
#297=FACE_BOUND('',#1179,.T.);
#298=FACE_BOUND('',#1180,.T.);
#299=FACE_BOUND('',#1181,.T.);
#300=FACE_BOUND('',#1182,.T.);
#301=FACE_BOUND('',#1183,.T.);
#302=CIRCLE('',#8039,4.);
#303=CIRCLE('',#8040,0.499999999999998);
#304=CIRCLE('',#8041,0.500000000000007);
#305=CIRCLE('',#8042,0.499999999999998);
#306=CIRCLE('',#8043,0.500000000000007);
#307=CIRCLE('',#8044,0.499999999999998);
#308=CIRCLE('',#8045,0.499999999999972);
#309=CIRCLE('',#8046,0.500000000000007);
#310=CIRCLE('',#8047,0.500000000000007);
#311=CIRCLE('',#8048,0.499999999999998);
#312=CIRCLE('',#8049,0.500000000000007);
#313=CIRCLE('',#8050,0.500000000000007);
#314=CIRCLE('',#8051,0.499999999999972);
#315=CIRCLE('',#8052,0.499999999999972);
#316=CIRCLE('',#8053,0.500000000000007);
#317=CIRCLE('',#8054,0.500000000000007);
#318=CIRCLE('',#8055,0.499999999999972);
#319=CIRCLE('',#8056,0.499999999999998);
#320=CIRCLE('',#8057,0.500000000000007);
#321=CIRCLE('',#8058,0.500000000000007);
#322=CIRCLE('',#8059,0.500000000000007);
#323=CIRCLE('',#8060,0.499999999999999);
#324=CIRCLE('',#8061,0.500000000000007);
#325=CIRCLE('',#8062,0.499999999999998);
#326=CIRCLE('',#8063,0.500000000000007);
#327=CIRCLE('',#8064,0.499999999999972);
#328=CIRCLE('',#8065,0.500000000000007);
#329=CIRCLE('',#8066,0.500000000000007);
#330=CIRCLE('',#8067,0.500000000000007);
#331=CIRCLE('',#8068,0.500000000000007);
#332=CIRCLE('',#8069,0.500000000000007);
#333=CIRCLE('',#8070,0.500000000000007);
#334=CIRCLE('',#8071,0.500000000000007);
#335=CIRCLE('',#8072,0.499999999999999);
#336=CIRCLE('',#8073,0.500000000000007);
#337=CIRCLE('',#8074,0.499999999999998);
#338=CIRCLE('',#8075,0.500000000000007);
#339=CIRCLE('',#8076,0.499999999999998);
#340=CIRCLE('',#8077,0.499999999999972);
#341=CIRCLE('',#8078,0.499999999999998);
#342=CIRCLE('',#8079,0.500000000000007);
#343=CIRCLE('',#8080,0.499999999999998);
#344=CIRCLE('',#8081,0.500000000000007);
#345=CIRCLE('',#8082,0.499999999999998);
#346=CIRCLE('',#8083,0.500000000000007);
#347=CIRCLE('',#8084,0.499999999999998);
#348=CIRCLE('',#8085,0.500000000000007);
#349=CIRCLE('',#8086,0.500000000000007);
#350=CIRCLE('',#8087,0.499999999999972);
#351=CIRCLE('',#8088,0.499999999999998);
#352=CIRCLE('',#8089,0.499999999999972);
#353=CIRCLE('',#8090,0.499999999999998);
#354=CIRCLE('',#8091,0.500000000000007);
#355=CIRCLE('',#8092,0.500000000000007);
#356=CIRCLE('',#8093,0.499999999999972);
#357=CIRCLE('',#8094,0.500000000000007);
#358=CIRCLE('',#8095,0.500000000000007);
#359=CIRCLE('',#8096,0.499999999999999);
#360=CIRCLE('',#8097,0.500000000000007);
#361=CIRCLE('',#8098,0.499999999999998);
#362=CIRCLE('',#8099,0.499999999999972);
#363=CIRCLE('',#8100,0.500000000000007);
#364=CIRCLE('',#8101,0.500000000000007);
#365=CIRCLE('',#8102,0.500000000000007);
#366=CIRCLE('',#8103,0.500000000000007);
#367=CIRCLE('',#8104,0.5);
#368=CIRCLE('',#8105,0.500000000000043);
#369=CIRCLE('',#8106,0.499999999999998);
#370=CIRCLE('',#8107,0.500000000000007);
#371=CIRCLE('',#8108,0.500000000000007);
#372=CIRCLE('',#8109,0.500000000000007);
#373=CIRCLE('',#8110,0.500000000000007);
#374=CIRCLE('',#8111,0.500000000000007);
#375=CIRCLE('',#8112,0.500000000000007);
#376=CIRCLE('',#8113,0.500000000000007);
#377=CIRCLE('',#8114,0.500000000000007);
#378=CIRCLE('',#8115,0.500000000000007);
#379=CIRCLE('',#8116,0.499999999999998);
#380=CIRCLE('',#8117,0.500000000000007);
#381=CIRCLE('',#8118,0.500000000000007);
#382=CIRCLE('',#8119,0.500000000000007);
#383=CIRCLE('',#8120,0.499999999999998);
#384=CIRCLE('',#8121,0.500000000000007);
#385=CIRCLE('',#8122,0.499999999999998);
#386=CIRCLE('',#8123,0.500000000000007);
#387=CIRCLE('',#8124,1.70000000000002);
#388=CIRCLE('',#8125,0.499999999999998);
#389=CIRCLE('',#8126,0.500000000000007);
#390=CIRCLE('',#8127,0.500000000000007);
#391=CIRCLE('',#8128,0.500000000000007);
#392=CIRCLE('',#8129,0.500000000000007);
#393=CIRCLE('',#8130,0.500000000000007);
#394=CIRCLE('',#8131,0.500000000000007);
#395=CIRCLE('',#8132,0.500000000000007);
#396=CIRCLE('',#8133,0.499999999999998);
#397=CIRCLE('',#8134,0.500000000000007);
#398=CIRCLE('',#8135,0.500000000000007);
#399=CIRCLE('',#8136,0.500000000000007);
#400=CIRCLE('',#8137,1.70000000000002);
#401=CIRCLE('',#8138,0.499999999999998);
#402=CIRCLE('',#8139,0.500000000000007);
#403=CIRCLE('',#8140,0.500000000000007);
#404=CIRCLE('',#8141,0.500000000000007);
#405=CIRCLE('',#8142,0.499999999999972);
#406=CIRCLE('',#8143,0.500000000000007);
#407=CIRCLE('',#8144,0.500000000000007);
#408=CIRCLE('',#8145,0.500000000000007);
#409=CIRCLE('',#8146,0.499999999999998);
#410=CIRCLE('',#8147,0.500000000000007);
#411=CIRCLE('',#8148,0.500000000000007);
#412=CIRCLE('',#8149,0.500000000000007);
#413=CIRCLE('',#8150,0.499999999999998);
#414=CIRCLE('',#8151,0.500000000000007);
#415=CIRCLE('',#8152,0.500000000000007);
#416=CIRCLE('',#8153,0.500000000000007);
#417=CIRCLE('',#8154,0.499999999999972);
#418=CIRCLE('',#8155,0.499999999999972);
#419=CIRCLE('',#8156,0.500000000000007);
#420=CIRCLE('',#8157,0.500000000000007);
#421=CIRCLE('',#8158,0.499999999999972);
#422=CIRCLE('',#8159,0.500000000000007);
#423=CIRCLE('',#8160,0.500000000000007);
#424=CIRCLE('',#8161,0.499999999999972);
#425=CIRCLE('',#8162,0.499999999999999);
#426=CIRCLE('',#8163,0.500000000000007);
#427=CIRCLE('',#8164,0.499999999999998);
#428=CIRCLE('',#8165,0.499999999999972);
#429=CIRCLE('',#8166,0.499999999999999);
#430=CIRCLE('',#8167,0.500000000000007);
#431=CIRCLE('',#8168,0.499999999999998);
#432=CIRCLE('',#8169,0.500000000000007);
#433=CIRCLE('',#8170,0.500000000000007);
#434=CIRCLE('',#8171,0.500000000000007);
#435=CIRCLE('',#8172,0.500000000000007);
#436=CIRCLE('',#8173,0.500000000000007);
#437=CIRCLE('',#8174,0.499999999999998);
#438=CIRCLE('',#8175,0.500000000000007);
#439=CIRCLE('',#8176,0.500000000000007);
#440=CIRCLE('',#8177,0.500000000000007);
#441=CIRCLE('',#8178,0.499999999999972);
#442=CIRCLE('',#8179,0.500000000000007);
#443=CIRCLE('',#8180,0.500000000000007);
#444=CIRCLE('',#8181,0.500000000000007);
#445=CIRCLE('',#8182,0.499999999999972);
#446=CIRCLE('',#8183,0.500000000000007);
#447=CIRCLE('',#8184,0.500000000000007);
#448=CIRCLE('',#8185,0.500000000000007);
#449=CIRCLE('',#8186,0.499999999999998);
#450=CIRCLE('',#8187,0.499999999999972);
#451=CIRCLE('',#8188,0.499999999999998);
#452=CIRCLE('',#8189,0.500000000000007);
#453=CIRCLE('',#8190,0.499999999999998);
#454=CIRCLE('',#8191,0.500000000000007);
#455=CIRCLE('',#8192,0.500000000000007);
#456=CIRCLE('',#8193,0.500000000000007);
#457=CIRCLE('',#8194,1.70000000000002);
#458=CIRCLE('',#8195,0.499999999999998);
#459=CIRCLE('',#8196,0.500000000000007);
#460=CIRCLE('',#8197,0.500000000000007);
#461=CIRCLE('',#8198,0.500000000000007);
#462=CIRCLE('',#8199,0.499999999999998);
#463=CIRCLE('',#8200,0.500000000000007);
#464=CIRCLE('',#8201,0.500000000000007);
#465=CIRCLE('',#8202,0.500000000000007);
#466=CIRCLE('',#8203,0.499999999999999);
#467=CIRCLE('',#8204,0.500000000000007);
#468=CIRCLE('',#8205,0.499999999999998);
#469=CIRCLE('',#8206,0.500000000000007);
#470=CIRCLE('',#8207,0.499999999999998);
#471=CIRCLE('',#8208,0.500000000000007);
#472=CIRCLE('',#8209,0.499999999999998);
#473=CIRCLE('',#8210,0.500000000000007);
#474=CIRCLE('',#8211,0.499999999999998);
#475=CIRCLE('',#8212,0.500000000000007);
#476=CIRCLE('',#8213,0.500000000000007);
#477=CIRCLE('',#8214,0.500000000000007);
#478=CIRCLE('',#8215,0.499999999999998);
#479=CIRCLE('',#8216,0.500000000000007);
#480=CIRCLE('',#8217,0.500000000000007);
#481=CIRCLE('',#8218,0.500000000000007);
#482=CIRCLE('',#8219,0.499999999999998);
#483=CIRCLE('',#8220,0.500000000000007);
#484=CIRCLE('',#8221,0.499999999999998);
#485=CIRCLE('',#8222,0.500000000000007);
#486=CIRCLE('',#8223,0.499999999999998);
#487=CIRCLE('',#8224,0.499999999999972);
#488=CIRCLE('',#8225,0.499999999999998);
#489=CIRCLE('',#8226,0.500000000000007);
#490=CIRCLE('',#8228,4.);
#491=CIRCLE('',#8230,0.500000000000007);
#492=CIRCLE('',#8231,0.499999999999998);
#493=CIRCLE('',#8232,0.500000000000007);
#494=CIRCLE('',#8233,0.499999999999998);
#495=CIRCLE('',#8234,0.500000000000007);
#496=CIRCLE('',#8235,0.500000000000007);
#497=CIRCLE('',#8236,0.499999999999972);
#498=CIRCLE('',#8237,0.499999999999998);
#499=CIRCLE('',#8238,0.499999999999972);
#500=CIRCLE('',#8239,0.500000000000007);
#501=CIRCLE('',#8240,0.500000000000007);
#502=CIRCLE('',#8241,0.499999999999998);
#503=CIRCLE('',#8242,0.499999999999972);
#504=CIRCLE('',#8243,0.500000000000007);
#505=CIRCLE('',#8244,0.500000000000007);
#506=CIRCLE('',#8245,0.499999999999972);
#507=CIRCLE('',#8246,0.500000000000007);
#508=CIRCLE('',#8247,0.500000000000007);
#509=CIRCLE('',#8248,0.500000000000007);
#510=CIRCLE('',#8249,0.499999999999998);
#511=CIRCLE('',#8250,0.500000000000007);
#512=CIRCLE('',#8251,0.499999999999998);
#513=CIRCLE('',#8252,0.500000000000007);
#514=CIRCLE('',#8253,0.499999999999999);
#515=CIRCLE('',#8254,0.500000000000007);
#516=CIRCLE('',#8255,0.500000000000007);
#517=CIRCLE('',#8256,0.500000000000007);
#518=CIRCLE('',#8257,0.499999999999972);
#519=CIRCLE('',#8258,0.500000000000007);
#520=CIRCLE('',#8259,0.500000000000007);
#521=CIRCLE('',#8260,0.500000000000007);
#522=CIRCLE('',#8261,0.500000000000007);
#523=CIRCLE('',#8262,0.500000000000007);
#524=CIRCLE('',#8263,0.499999999999998);
#525=CIRCLE('',#8264,0.500000000000007);
#526=CIRCLE('',#8265,0.499999999999999);
#527=CIRCLE('',#8266,0.500000000000007);
#528=CIRCLE('',#8267,0.499999999999998);
#529=CIRCLE('',#8268,0.499999999999972);
#530=CIRCLE('',#8269,0.499999999999998);
#531=CIRCLE('',#8270,0.500000000000007);
#532=CIRCLE('',#8271,0.499999999999998);
#533=CIRCLE('',#8272,0.500000000000007);
#534=CIRCLE('',#8273,0.499999999999998);
#535=CIRCLE('',#8274,0.499999999999972);
#536=CIRCLE('',#8275,0.500000000000007);
#537=CIRCLE('',#8276,0.500000000000007);
#538=CIRCLE('',#8277,0.499999999999998);
#539=CIRCLE('',#8278,0.500000000000007);
#540=CIRCLE('',#8279,0.499999999999998);
#541=CIRCLE('',#8280,0.499999999999972);
#542=CIRCLE('',#8281,0.499999999999998);
#543=CIRCLE('',#8282,0.500000000000007);
#544=CIRCLE('',#8283,0.500000000000007);
#545=CIRCLE('',#8284,0.499999999999972);
#546=CIRCLE('',#8285,0.500000000000007);
#547=CIRCLE('',#8286,0.499999999999972);
#548=CIRCLE('',#8287,0.499999999999998);
#549=CIRCLE('',#8288,0.500000000000007);
#550=CIRCLE('',#8289,0.499999999999999);
#551=CIRCLE('',#8290,0.500000000000007);
#552=CIRCLE('',#8291,0.500000000000007);
#553=CIRCLE('',#8292,0.500000000000007);
#554=CIRCLE('',#8293,0.500000000000007);
#555=CIRCLE('',#8294,0.500000000000007);
#556=CIRCLE('',#8295,0.499999999999998);
#557=CIRCLE('',#8296,0.500000000000043);
#558=CIRCLE('',#8297,0.5);
#559=CIRCLE('',#8298,0.500000000000007);
#560=CIRCLE('',#8299,0.500000000000007);
#561=CIRCLE('',#8300,0.500000000000007);
#562=CIRCLE('',#8301,0.500000000000007);
#563=CIRCLE('',#8302,0.500000000000007);
#564=CIRCLE('',#8303,0.500000000000007);
#565=CIRCLE('',#8304,0.500000000000007);
#566=CIRCLE('',#8305,0.500000000000007);
#567=CIRCLE('',#8306,0.500000000000007);
#568=CIRCLE('',#8307,0.500000000000007);
#569=CIRCLE('',#8308,0.500000000000007);
#570=CIRCLE('',#8309,0.499999999999998);
#571=CIRCLE('',#8310,0.500000000000007);
#572=CIRCLE('',#8311,0.499999999999998);
#573=CIRCLE('',#8312,0.500000000000007);
#574=CIRCLE('',#8313,0.499999999999998);
#575=CIRCLE('',#8314,1.70000000000002);
#576=CIRCLE('',#8315,0.500000000000007);
#577=CIRCLE('',#8316,0.500000000000007);
#578=CIRCLE('',#8317,0.500000000000007);
#579=CIRCLE('',#8318,0.499999999999998);
#580=CIRCLE('',#8319,0.500000000000007);
#581=CIRCLE('',#8320,0.500000000000007);
#582=CIRCLE('',#8321,0.500000000000007);
#583=CIRCLE('',#8322,0.500000000000007);
#584=CIRCLE('',#8323,0.500000000000007);
#585=CIRCLE('',#8324,0.500000000000007);
#586=CIRCLE('',#8325,0.500000000000007);
#587=CIRCLE('',#8326,0.499999999999998);
#588=CIRCLE('',#8327,1.70000000000002);
#589=CIRCLE('',#8328,0.500000000000007);
#590=CIRCLE('',#8329,0.500000000000007);
#591=CIRCLE('',#8330,0.500000000000007);
#592=CIRCLE('',#8331,0.499999999999998);
#593=CIRCLE('',#8332,0.500000000000007);
#594=CIRCLE('',#8333,0.500000000000007);
#595=CIRCLE('',#8334,0.500000000000007);
#596=CIRCLE('',#8335,0.499999999999972);
#597=CIRCLE('',#8336,0.500000000000007);
#598=CIRCLE('',#8337,0.500000000000007);
#599=CIRCLE('',#8338,0.500000000000007);
#600=CIRCLE('',#8339,0.499999999999998);
#601=CIRCLE('',#8340,0.500000000000007);
#602=CIRCLE('',#8341,0.500000000000007);
#603=CIRCLE('',#8342,0.500000000000007);
#604=CIRCLE('',#8343,0.499999999999998);
#605=CIRCLE('',#8344,0.500000000000007);
#606=CIRCLE('',#8345,0.500000000000007);
#607=CIRCLE('',#8346,0.499999999999972);
#608=CIRCLE('',#8347,0.499999999999972);
#609=CIRCLE('',#8348,0.499999999999972);
#610=CIRCLE('',#8349,0.500000000000007);
#611=CIRCLE('',#8350,0.500000000000007);
#612=CIRCLE('',#8351,0.499999999999972);
#613=CIRCLE('',#8352,0.499999999999972);
#614=CIRCLE('',#8353,0.499999999999998);
#615=CIRCLE('',#8354,0.500000000000007);
#616=CIRCLE('',#8355,0.499999999999999);
#617=CIRCLE('',#8356,0.500000000000007);
#618=CIRCLE('',#8357,0.499999999999998);
#619=CIRCLE('',#8358,0.500000000000007);
#620=CIRCLE('',#8359,0.499999999999999);
#621=CIRCLE('',#8360,0.500000000000007);
#622=CIRCLE('',#8361,0.500000000000007);
#623=CIRCLE('',#8362,0.500000000000007);
#624=CIRCLE('',#8363,0.500000000000007);
#625=CIRCLE('',#8364,0.500000000000007);
#626=CIRCLE('',#8365,0.500000000000007);
#627=CIRCLE('',#8366,0.500000000000007);
#628=CIRCLE('',#8367,0.499999999999998);
#629=CIRCLE('',#8368,0.500000000000007);
#630=CIRCLE('',#8369,0.500000000000007);
#631=CIRCLE('',#8370,0.500000000000007);
#632=CIRCLE('',#8371,0.499999999999972);
#633=CIRCLE('',#8372,0.500000000000007);
#634=CIRCLE('',#8373,0.500000000000007);
#635=CIRCLE('',#8374,0.500000000000007);
#636=CIRCLE('',#8375,0.499999999999972);
#637=CIRCLE('',#8376,0.500000000000007);
#638=CIRCLE('',#8377,0.499999999999998);
#639=CIRCLE('',#8378,0.499999999999972);
#640=CIRCLE('',#8379,0.499999999999998);
#641=CIRCLE('',#8380,0.500000000000007);
#642=CIRCLE('',#8381,0.500000000000007);
#643=CIRCLE('',#8382,0.500000000000007);
#644=CIRCLE('',#8383,0.499999999999998);
#645=CIRCLE('',#8384,1.70000000000002);
#646=CIRCLE('',#8385,0.500000000000007);
#647=CIRCLE('',#8386,0.500000000000007);
#648=CIRCLE('',#8387,0.500000000000007);
#649=CIRCLE('',#8388,0.499999999999998);
#650=CIRCLE('',#8389,0.500000000000007);
#651=CIRCLE('',#8390,0.500000000000007);
#652=CIRCLE('',#8391,0.500000000000007);
#653=CIRCLE('',#8392,0.499999999999998);
#654=CIRCLE('',#8393,0.500000000000007);
#655=CIRCLE('',#8394,0.499999999999998);
#656=CIRCLE('',#8395,0.500000000000007);
#657=CIRCLE('',#8396,0.499999999999999);
#658=CIRCLE('',#8397,0.500000000000007);
#659=CIRCLE('',#8398,0.499999999999998);
#660=CIRCLE('',#8399,0.500000000000007);
#661=CIRCLE('',#8400,0.499999999999998);
#662=CIRCLE('',#8401,0.500000000000007);
#663=CIRCLE('',#8402,0.500000000000007);
#664=CIRCLE('',#8403,0.500000000000007);
#665=CIRCLE('',#8404,0.499999999999998);
#666=CIRCLE('',#8405,0.500000000000007);
#667=CIRCLE('',#8406,0.500000000000007);
#668=CIRCLE('',#8407,0.500000000000007);
#669=CIRCLE('',#8408,0.499999999999998);
#670=CIRCLE('',#8409,0.500000000000007);
#671=CIRCLE('',#8410,0.499999999999998);
#672=CIRCLE('',#8411,0.500000000000007);
#673=CIRCLE('',#8412,0.499999999999998);
#674=CIRCLE('',#8413,0.500000000000007);
#675=CIRCLE('',#8414,0.499999999999998);
#676=CIRCLE('',#8415,0.499999999999972);
#677=CIRCLE('',#8416,0.499999999999998);
#678=ELLIPSE('',#8038,4.04986050315201,4.);
#679=ELLIPSE('',#8229,4.04986050315201,4.);
#680=FACE_OUTER_BOUND('',#1071,.T.);
#681=FACE_OUTER_BOUND('',#1072,.T.);
#682=FACE_OUTER_BOUND('',#1073,.T.);
#683=FACE_OUTER_BOUND('',#1074,.T.);
#684=FACE_OUTER_BOUND('',#1075,.T.);
#685=FACE_OUTER_BOUND('',#1076,.T.);
#686=FACE_OUTER_BOUND('',#1077,.T.);
#687=FACE_OUTER_BOUND('',#1078,.T.);
#688=FACE_OUTER_BOUND('',#1079,.T.);
#689=FACE_OUTER_BOUND('',#1080,.T.);
#690=FACE_OUTER_BOUND('',#1081,.T.);
#691=FACE_OUTER_BOUND('',#1082,.T.);
#692=FACE_OUTER_BOUND('',#1083,.T.);
#693=FACE_OUTER_BOUND('',#1084,.T.);
#694=FACE_OUTER_BOUND('',#1134,.T.);
#695=FACE_OUTER_BOUND('',#1184,.T.);
#696=FACE_OUTER_BOUND('',#1185,.T.);
#697=FACE_OUTER_BOUND('',#1186,.T.);
#698=FACE_OUTER_BOUND('',#1187,.T.);
#699=FACE_OUTER_BOUND('',#1188,.T.);
#700=FACE_OUTER_BOUND('',#1189,.T.);
#701=FACE_OUTER_BOUND('',#1190,.T.);
#702=FACE_OUTER_BOUND('',#1191,.T.);
#703=FACE_OUTER_BOUND('',#1192,.T.);
#704=FACE_OUTER_BOUND('',#1193,.T.);
#705=FACE_OUTER_BOUND('',#1194,.T.);
#706=FACE_OUTER_BOUND('',#1195,.T.);
#707=FACE_OUTER_BOUND('',#1196,.T.);
#708=FACE_OUTER_BOUND('',#1197,.T.);
#709=FACE_OUTER_BOUND('',#1198,.T.);
#710=FACE_OUTER_BOUND('',#1199,.T.);
#711=FACE_OUTER_BOUND('',#1200,.T.);
#712=FACE_OUTER_BOUND('',#1201,.T.);
#713=FACE_OUTER_BOUND('',#1202,.T.);
#714=FACE_OUTER_BOUND('',#1203,.T.);
#715=FACE_OUTER_BOUND('',#1204,.T.);
#716=FACE_OUTER_BOUND('',#1205,.T.);
#717=FACE_OUTER_BOUND('',#1206,.T.);
#718=FACE_OUTER_BOUND('',#1207,.T.);
#719=FACE_OUTER_BOUND('',#1208,.T.);
#720=FACE_OUTER_BOUND('',#1209,.T.);
#721=FACE_OUTER_BOUND('',#1210,.T.);
#722=FACE_OUTER_BOUND('',#1211,.T.);
#723=FACE_OUTER_BOUND('',#1212,.T.);
#724=FACE_OUTER_BOUND('',#1213,.T.);
#725=FACE_OUTER_BOUND('',#1214,.T.);
#726=FACE_OUTER_BOUND('',#1215,.T.);
#727=FACE_OUTER_BOUND('',#1216,.T.);
#728=FACE_OUTER_BOUND('',#1217,.T.);
#729=FACE_OUTER_BOUND('',#1218,.T.);
#730=FACE_OUTER_BOUND('',#1219,.T.);
#731=FACE_OUTER_BOUND('',#1220,.T.);
#732=FACE_OUTER_BOUND('',#1221,.T.);
#733=FACE_OUTER_BOUND('',#1222,.T.);
#734=FACE_OUTER_BOUND('',#1223,.T.);
#735=FACE_OUTER_BOUND('',#1224,.T.);
#736=FACE_OUTER_BOUND('',#1225,.T.);
#737=FACE_OUTER_BOUND('',#1226,.T.);
#738=FACE_OUTER_BOUND('',#1227,.T.);
#739=FACE_OUTER_BOUND('',#1228,.T.);
#740=FACE_OUTER_BOUND('',#1229,.T.);
#741=FACE_OUTER_BOUND('',#1230,.T.);
#742=FACE_OUTER_BOUND('',#1231,.T.);
#743=FACE_OUTER_BOUND('',#1232,.T.);
#744=FACE_OUTER_BOUND('',#1233,.T.);
#745=FACE_OUTER_BOUND('',#1234,.T.);
#746=FACE_OUTER_BOUND('',#1235,.T.);
#747=FACE_OUTER_BOUND('',#1236,.T.);
#748=FACE_OUTER_BOUND('',#1237,.T.);
#749=FACE_OUTER_BOUND('',#1238,.T.);
#750=FACE_OUTER_BOUND('',#1239,.T.);
#751=FACE_OUTER_BOUND('',#1240,.T.);
#752=FACE_OUTER_BOUND('',#1241,.T.);
#753=FACE_OUTER_BOUND('',#1242,.T.);
#754=FACE_OUTER_BOUND('',#1243,.T.);
#755=FACE_OUTER_BOUND('',#1244,.T.);
#756=FACE_OUTER_BOUND('',#1245,.T.);
#757=FACE_OUTER_BOUND('',#1246,.T.);
#758=FACE_OUTER_BOUND('',#1247,.T.);
#759=FACE_OUTER_BOUND('',#1248,.T.);
#760=FACE_OUTER_BOUND('',#1249,.T.);
#761=FACE_OUTER_BOUND('',#1250,.T.);
#762=FACE_OUTER_BOUND('',#1251,.T.);
#763=FACE_OUTER_BOUND('',#1252,.T.);
#764=FACE_OUTER_BOUND('',#1253,.T.);
#765=FACE_OUTER_BOUND('',#1254,.T.);
#766=FACE_OUTER_BOUND('',#1255,.T.);
#767=FACE_OUTER_BOUND('',#1256,.T.);
#768=FACE_OUTER_BOUND('',#1257,.T.);
#769=FACE_OUTER_BOUND('',#1258,.T.);
#770=FACE_OUTER_BOUND('',#1259,.T.);
#771=FACE_OUTER_BOUND('',#1260,.T.);
#772=FACE_OUTER_BOUND('',#1261,.T.);
#773=FACE_OUTER_BOUND('',#1262,.T.);
#774=FACE_OUTER_BOUND('',#1263,.T.);
#775=FACE_OUTER_BOUND('',#1264,.T.);
#776=FACE_OUTER_BOUND('',#1265,.T.);
#777=FACE_OUTER_BOUND('',#1266,.T.);
#778=FACE_OUTER_BOUND('',#1267,.T.);
#779=FACE_OUTER_BOUND('',#1268,.T.);
#780=FACE_OUTER_BOUND('',#1269,.T.);
#781=FACE_OUTER_BOUND('',#1270,.T.);
#782=FACE_OUTER_BOUND('',#1271,.T.);
#783=FACE_OUTER_BOUND('',#1272,.T.);
#784=FACE_OUTER_BOUND('',#1273,.T.);
#785=FACE_OUTER_BOUND('',#1274,.T.);
#786=FACE_OUTER_BOUND('',#1275,.T.);
#787=FACE_OUTER_BOUND('',#1276,.T.);
#788=FACE_OUTER_BOUND('',#1277,.T.);
#789=FACE_OUTER_BOUND('',#1278,.T.);
#790=FACE_OUTER_BOUND('',#1279,.T.);
#791=FACE_OUTER_BOUND('',#1280,.T.);
#792=FACE_OUTER_BOUND('',#1281,.T.);
#793=FACE_OUTER_BOUND('',#1282,.T.);
#794=FACE_OUTER_BOUND('',#1283,.T.);
#795=FACE_OUTER_BOUND('',#1284,.T.);
#796=FACE_OUTER_BOUND('',#1285,.T.);
#797=FACE_OUTER_BOUND('',#1286,.T.);
#798=FACE_OUTER_BOUND('',#1287,.T.);
#799=FACE_OUTER_BOUND('',#1288,.T.);
#800=FACE_OUTER_BOUND('',#1289,.T.);
#801=FACE_OUTER_BOUND('',#1290,.T.);
#802=FACE_OUTER_BOUND('',#1291,.T.);
#803=FACE_OUTER_BOUND('',#1292,.T.);
#804=FACE_OUTER_BOUND('',#1293,.T.);
#805=FACE_OUTER_BOUND('',#1294,.T.);
#806=FACE_OUTER_BOUND('',#1295,.T.);
#807=FACE_OUTER_BOUND('',#1296,.T.);
#808=FACE_OUTER_BOUND('',#1297,.T.);
#809=FACE_OUTER_BOUND('',#1298,.T.);
#810=FACE_OUTER_BOUND('',#1299,.T.);
#811=FACE_OUTER_BOUND('',#1300,.T.);
#812=FACE_OUTER_BOUND('',#1301,.T.);
#813=FACE_OUTER_BOUND('',#1302,.T.);
#814=FACE_OUTER_BOUND('',#1303,.T.);
#815=FACE_OUTER_BOUND('',#1304,.T.);
#816=FACE_OUTER_BOUND('',#1305,.T.);
#817=FACE_OUTER_BOUND('',#1306,.T.);
#818=FACE_OUTER_BOUND('',#1307,.T.);
#819=FACE_OUTER_BOUND('',#1308,.T.);
#820=FACE_OUTER_BOUND('',#1309,.T.);
#821=FACE_OUTER_BOUND('',#1310,.T.);
#822=FACE_OUTER_BOUND('',#1311,.T.);
#823=FACE_OUTER_BOUND('',#1312,.T.);
#824=FACE_OUTER_BOUND('',#1313,.T.);
#825=FACE_OUTER_BOUND('',#1314,.T.);
#826=FACE_OUTER_BOUND('',#1315,.T.);
#827=FACE_OUTER_BOUND('',#1316,.T.);
#828=FACE_OUTER_BOUND('',#1317,.T.);
#829=FACE_OUTER_BOUND('',#1318,.T.);
#830=FACE_OUTER_BOUND('',#1319,.T.);
#831=FACE_OUTER_BOUND('',#1320,.T.);
#832=FACE_OUTER_BOUND('',#1321,.T.);
#833=FACE_OUTER_BOUND('',#1322,.T.);
#834=FACE_OUTER_BOUND('',#1323,.T.);
#835=FACE_OUTER_BOUND('',#1324,.T.);
#836=FACE_OUTER_BOUND('',#1325,.T.);
#837=FACE_OUTER_BOUND('',#1326,.T.);
#838=FACE_OUTER_BOUND('',#1327,.T.);
#839=FACE_OUTER_BOUND('',#1328,.T.);
#840=FACE_OUTER_BOUND('',#1329,.T.);
#841=FACE_OUTER_BOUND('',#1330,.T.);
#842=FACE_OUTER_BOUND('',#1331,.T.);
#843=FACE_OUTER_BOUND('',#1332,.T.);
#844=FACE_OUTER_BOUND('',#1333,.T.);
#845=FACE_OUTER_BOUND('',#1334,.T.);
#846=FACE_OUTER_BOUND('',#1335,.T.);
#847=FACE_OUTER_BOUND('',#1336,.T.);
#848=FACE_OUTER_BOUND('',#1337,.T.);
#849=FACE_OUTER_BOUND('',#1338,.T.);
#850=FACE_OUTER_BOUND('',#1339,.T.);
#851=FACE_OUTER_BOUND('',#1340,.T.);
#852=FACE_OUTER_BOUND('',#1341,.T.);
#853=FACE_OUTER_BOUND('',#1342,.T.);
#854=FACE_OUTER_BOUND('',#1343,.T.);
#855=FACE_OUTER_BOUND('',#1344,.T.);
#856=FACE_OUTER_BOUND('',#1345,.T.);
#857=FACE_OUTER_BOUND('',#1346,.T.);
#858=FACE_OUTER_BOUND('',#1347,.T.);
#859=FACE_OUTER_BOUND('',#1348,.T.);
#860=FACE_OUTER_BOUND('',#1349,.T.);
#861=FACE_OUTER_BOUND('',#1350,.T.);
#862=FACE_OUTER_BOUND('',#1351,.T.);
#863=FACE_OUTER_BOUND('',#1352,.T.);
#864=FACE_OUTER_BOUND('',#1353,.T.);
#865=FACE_OUTER_BOUND('',#1354,.T.);
#866=FACE_OUTER_BOUND('',#1355,.T.);
#867=FACE_OUTER_BOUND('',#1356,.T.);
#868=FACE_OUTER_BOUND('',#1357,.T.);
#869=FACE_OUTER_BOUND('',#1358,.T.);
#870=FACE_OUTER_BOUND('',#1359,.T.);
#871=FACE_OUTER_BOUND('',#1360,.T.);
#872=FACE_OUTER_BOUND('',#1361,.T.);
#873=FACE_OUTER_BOUND('',#1362,.T.);
#874=FACE_OUTER_BOUND('',#1363,.T.);
#875=FACE_OUTER_BOUND('',#1364,.T.);
#876=FACE_OUTER_BOUND('',#1365,.T.);
#877=FACE_OUTER_BOUND('',#1366,.T.);
#878=FACE_OUTER_BOUND('',#1367,.T.);
#879=FACE_OUTER_BOUND('',#1368,.T.);
#880=FACE_OUTER_BOUND('',#1369,.T.);
#881=FACE_OUTER_BOUND('',#1370,.T.);
#882=FACE_OUTER_BOUND('',#1371,.T.);
#883=FACE_OUTER_BOUND('',#1372,.T.);
#884=FACE_OUTER_BOUND('',#1373,.T.);
#885=FACE_OUTER_BOUND('',#1374,.T.);
#886=FACE_OUTER_BOUND('',#1375,.T.);
#887=FACE_OUTER_BOUND('',#1376,.T.);
#888=FACE_OUTER_BOUND('',#1377,.T.);
#889=FACE_OUTER_BOUND('',#1378,.T.);
#890=FACE_OUTER_BOUND('',#1379,.T.);
#891=FACE_OUTER_BOUND('',#1380,.T.);
#892=FACE_OUTER_BOUND('',#1381,.T.);
#893=FACE_OUTER_BOUND('',#1382,.T.);
#894=FACE_OUTER_BOUND('',#1383,.T.);
#895=FACE_OUTER_BOUND('',#1384,.T.);
#896=FACE_OUTER_BOUND('',#1385,.T.);
#897=FACE_OUTER_BOUND('',#1386,.T.);
#898=FACE_OUTER_BOUND('',#1387,.T.);
#899=FACE_OUTER_BOUND('',#1388,.T.);
#900=FACE_OUTER_BOUND('',#1389,.T.);
#901=FACE_OUTER_BOUND('',#1390,.T.);
#902=FACE_OUTER_BOUND('',#1391,.T.);
#903=FACE_OUTER_BOUND('',#1392,.T.);
#904=FACE_OUTER_BOUND('',#1393,.T.);
#905=FACE_OUTER_BOUND('',#1394,.T.);
#906=FACE_OUTER_BOUND('',#1395,.T.);
#907=FACE_OUTER_BOUND('',#1396,.T.);
#908=FACE_OUTER_BOUND('',#1397,.T.);
#909=FACE_OUTER_BOUND('',#1398,.T.);
#910=FACE_OUTER_BOUND('',#1399,.T.);
#911=FACE_OUTER_BOUND('',#1400,.T.);
#912=FACE_OUTER_BOUND('',#1401,.T.);
#913=FACE_OUTER_BOUND('',#1402,.T.);
#914=FACE_OUTER_BOUND('',#1403,.T.);
#915=FACE_OUTER_BOUND('',#1404,.T.);
#916=FACE_OUTER_BOUND('',#1405,.T.);
#917=FACE_OUTER_BOUND('',#1406,.T.);
#918=FACE_OUTER_BOUND('',#1407,.T.);
#919=FACE_OUTER_BOUND('',#1408,.T.);
#920=FACE_OUTER_BOUND('',#1409,.T.);
#921=FACE_OUTER_BOUND('',#1410,.T.);
#922=FACE_OUTER_BOUND('',#1411,.T.);
#923=FACE_OUTER_BOUND('',#1412,.T.);
#924=FACE_OUTER_BOUND('',#1413,.T.);
#925=FACE_OUTER_BOUND('',#1414,.T.);
#926=FACE_OUTER_BOUND('',#1415,.T.);
#927=FACE_OUTER_BOUND('',#1416,.T.);
#928=FACE_OUTER_BOUND('',#1417,.T.);
#929=FACE_OUTER_BOUND('',#1418,.T.);
#930=FACE_OUTER_BOUND('',#1419,.T.);
#931=FACE_OUTER_BOUND('',#1420,.T.);
#932=FACE_OUTER_BOUND('',#1421,.T.);
#933=FACE_OUTER_BOUND('',#1422,.T.);
#934=FACE_OUTER_BOUND('',#1423,.T.);
#935=FACE_OUTER_BOUND('',#1424,.T.);
#936=FACE_OUTER_BOUND('',#1425,.T.);
#937=FACE_OUTER_BOUND('',#1426,.T.);
#938=FACE_OUTER_BOUND('',#1427,.T.);
#939=FACE_OUTER_BOUND('',#1428,.T.);
#940=FACE_OUTER_BOUND('',#1429,.T.);
#941=FACE_OUTER_BOUND('',#1430,.T.);
#942=FACE_OUTER_BOUND('',#1431,.T.);
#943=FACE_OUTER_BOUND('',#1432,.T.);
#944=FACE_OUTER_BOUND('',#1433,.T.);
#945=FACE_OUTER_BOUND('',#1434,.T.);
#946=FACE_OUTER_BOUND('',#1435,.T.);
#947=FACE_OUTER_BOUND('',#1436,.T.);
#948=FACE_OUTER_BOUND('',#1437,.T.);
#949=FACE_OUTER_BOUND('',#1438,.T.);
#950=FACE_OUTER_BOUND('',#1439,.T.);
#951=FACE_OUTER_BOUND('',#1440,.T.);
#952=FACE_OUTER_BOUND('',#1441,.T.);
#953=FACE_OUTER_BOUND('',#1442,.T.);
#954=FACE_OUTER_BOUND('',#1443,.T.);
#955=FACE_OUTER_BOUND('',#1444,.T.);
#956=FACE_OUTER_BOUND('',#1445,.T.);
#957=FACE_OUTER_BOUND('',#1446,.T.);
#958=FACE_OUTER_BOUND('',#1447,.T.);
#959=FACE_OUTER_BOUND('',#1448,.T.);
#960=FACE_OUTER_BOUND('',#1449,.T.);
#961=FACE_OUTER_BOUND('',#1450,.T.);
#962=FACE_OUTER_BOUND('',#1451,.T.);
#963=FACE_OUTER_BOUND('',#1452,.T.);
#964=FACE_OUTER_BOUND('',#1453,.T.);
#965=FACE_OUTER_BOUND('',#1454,.T.);
#966=FACE_OUTER_BOUND('',#1455,.T.);
#967=FACE_OUTER_BOUND('',#1456,.T.);
#968=FACE_OUTER_BOUND('',#1457,.T.);
#969=FACE_OUTER_BOUND('',#1458,.T.);
#970=FACE_OUTER_BOUND('',#1459,.T.);
#971=FACE_OUTER_BOUND('',#1460,.T.);
#972=FACE_OUTER_BOUND('',#1461,.T.);
#973=FACE_OUTER_BOUND('',#1462,.T.);
#974=FACE_OUTER_BOUND('',#1463,.T.);
#975=FACE_OUTER_BOUND('',#1464,.T.);
#976=FACE_OUTER_BOUND('',#1465,.T.);
#977=FACE_OUTER_BOUND('',#1466,.T.);
#978=FACE_OUTER_BOUND('',#1467,.T.);
#979=FACE_OUTER_BOUND('',#1468,.T.);
#980=FACE_OUTER_BOUND('',#1469,.T.);
#981=FACE_OUTER_BOUND('',#1470,.T.);
#982=FACE_OUTER_BOUND('',#1471,.T.);
#983=FACE_OUTER_BOUND('',#1472,.T.);
#984=FACE_OUTER_BOUND('',#1473,.T.);
#985=FACE_OUTER_BOUND('',#1474,.T.);
#986=FACE_OUTER_BOUND('',#1475,.T.);
#987=FACE_OUTER_BOUND('',#1476,.T.);
#988=FACE_OUTER_BOUND('',#1477,.T.);
#989=FACE_OUTER_BOUND('',#1478,.T.);
#990=FACE_OUTER_BOUND('',#1479,.T.);
#991=FACE_OUTER_BOUND('',#1480,.T.);
#992=FACE_OUTER_BOUND('',#1481,.T.);
#993=FACE_OUTER_BOUND('',#1482,.T.);
#994=FACE_OUTER_BOUND('',#1483,.T.);
#995=FACE_OUTER_BOUND('',#1484,.T.);
#996=FACE_OUTER_BOUND('',#1485,.T.);
#997=FACE_OUTER_BOUND('',#1486,.T.);
#998=FACE_OUTER_BOUND('',#1487,.T.);
#999=FACE_OUTER_BOUND('',#1488,.T.);
#1000=FACE_OUTER_BOUND('',#1489,.T.);
#1001=FACE_OUTER_BOUND('',#1490,.T.);
#1002=FACE_OUTER_BOUND('',#1491,.T.);
#1003=FACE_OUTER_BOUND('',#1492,.T.);
#1004=FACE_OUTER_BOUND('',#1493,.T.);
#1005=FACE_OUTER_BOUND('',#1494,.T.);
#1006=FACE_OUTER_BOUND('',#1495,.T.);
#1007=FACE_OUTER_BOUND('',#1496,.T.);
#1008=FACE_OUTER_BOUND('',#1497,.T.);
#1009=FACE_OUTER_BOUND('',#1498,.T.);
#1010=FACE_OUTER_BOUND('',#1499,.T.);
#1011=FACE_OUTER_BOUND('',#1500,.T.);
#1012=FACE_OUTER_BOUND('',#1501,.T.);
#1013=FACE_OUTER_BOUND('',#1502,.T.);
#1014=FACE_OUTER_BOUND('',#1503,.T.);
#1015=FACE_OUTER_BOUND('',#1504,.T.);
#1016=FACE_OUTER_BOUND('',#1505,.T.);
#1017=FACE_OUTER_BOUND('',#1506,.T.);
#1018=FACE_OUTER_BOUND('',#1507,.T.);
#1019=FACE_OUTER_BOUND('',#1508,.T.);
#1020=FACE_OUTER_BOUND('',#1509,.T.);
#1021=FACE_OUTER_BOUND('',#1510,.T.);
#1022=FACE_OUTER_BOUND('',#1511,.T.);
#1023=FACE_OUTER_BOUND('',#1512,.T.);
#1024=FACE_OUTER_BOUND('',#1513,.T.);
#1025=FACE_OUTER_BOUND('',#1514,.T.);
#1026=FACE_OUTER_BOUND('',#1515,.T.);
#1027=FACE_OUTER_BOUND('',#1516,.T.);
#1028=FACE_OUTER_BOUND('',#1517,.T.);
#1029=FACE_OUTER_BOUND('',#1518,.T.);
#1030=FACE_OUTER_BOUND('',#1519,.T.);
#1031=FACE_OUTER_BOUND('',#1520,.T.);
#1032=FACE_OUTER_BOUND('',#1521,.T.);
#1033=FACE_OUTER_BOUND('',#1522,.T.);
#1034=FACE_OUTER_BOUND('',#1523,.T.);
#1035=FACE_OUTER_BOUND('',#1524,.T.);
#1036=FACE_OUTER_BOUND('',#1525,.T.);
#1037=FACE_OUTER_BOUND('',#1526,.T.);
#1038=FACE_OUTER_BOUND('',#1527,.T.);
#1039=FACE_OUTER_BOUND('',#1528,.T.);
#1040=FACE_OUTER_BOUND('',#1529,.T.);
#1041=FACE_OUTER_BOUND('',#1530,.T.);
#1042=FACE_OUTER_BOUND('',#1531,.T.);
#1043=FACE_OUTER_BOUND('',#1532,.T.);
#1044=FACE_OUTER_BOUND('',#1533,.T.);
#1045=FACE_OUTER_BOUND('',#1534,.T.);
#1046=FACE_OUTER_BOUND('',#1535,.T.);
#1047=FACE_OUTER_BOUND('',#1536,.T.);
#1048=FACE_OUTER_BOUND('',#1537,.T.);
#1049=FACE_OUTER_BOUND('',#1538,.T.);
#1050=FACE_OUTER_BOUND('',#1539,.T.);
#1051=FACE_OUTER_BOUND('',#1540,.T.);
#1052=FACE_OUTER_BOUND('',#1541,.T.);
#1053=FACE_OUTER_BOUND('',#1542,.T.);
#1054=FACE_OUTER_BOUND('',#1543,.T.);
#1055=FACE_OUTER_BOUND('',#1544,.T.);
#1056=FACE_OUTER_BOUND('',#1545,.T.);
#1057=FACE_OUTER_BOUND('',#1546,.T.);
#1058=FACE_OUTER_BOUND('',#1547,.T.);
#1059=FACE_OUTER_BOUND('',#1548,.T.);
#1060=FACE_OUTER_BOUND('',#1549,.T.);
#1061=FACE_OUTER_BOUND('',#1550,.T.);
#1062=FACE_OUTER_BOUND('',#1551,.T.);
#1063=FACE_OUTER_BOUND('',#1552,.T.);
#1064=FACE_OUTER_BOUND('',#1553,.T.);
#1065=FACE_OUTER_BOUND('',#1554,.T.);
#1066=FACE_OUTER_BOUND('',#1555,.T.);
#1067=FACE_OUTER_BOUND('',#1556,.T.);
#1068=FACE_OUTER_BOUND('',#1557,.T.);
#1069=FACE_OUTER_BOUND('',#1558,.T.);
#1070=FACE_OUTER_BOUND('',#1559,.T.);
#1071=EDGE_LOOP('',(#5083,#5084,#5085,#5086));
#1072=EDGE_LOOP('',(#5087,#5088,#5089,#5090));
#1073=EDGE_LOOP('',(#5091,#5092,#5093,#5094));
#1074=EDGE_LOOP('',(#5095,#5096,#5097,#5098));
#1075=EDGE_LOOP('',(#5099,#5100,#5101,#5102));
#1076=EDGE_LOOP('',(#5103,#5104,#5105,#5106));
#1077=EDGE_LOOP('',(#5107,#5108,#5109,#5110));
#1078=EDGE_LOOP('',(#5111,#5112,#5113,#5114));
#1079=EDGE_LOOP('',(#5115,#5116,#5117,#5118));
#1080=EDGE_LOOP('',(#5119,#5120,#5121,#5122));
#1081=EDGE_LOOP('',(#5123,#5124,#5125,#5126));
#1082=EDGE_LOOP('',(#5127,#5128,#5129,#5130));
#1083=EDGE_LOOP('',(#5131,#5132,#5133,#5134));
#1084=EDGE_LOOP('',(#5135,#5136,#5137,#5138,#5139,#5140,#5141,#5142,#5143,
#5144,#5145,#5146,#5147,#5148,#5149,#5150,#5151,#5152));
#1085=EDGE_LOOP('',(#5153,#5154,#5155,#5156,#5157,#5158,#5159,#5160));
#1086=EDGE_LOOP('',(#5161,#5162,#5163,#5164,#5165,#5166,#5167,#5168));
#1087=EDGE_LOOP('',(#5169,#5170,#5171,#5172,#5173,#5174,#5175,#5176));
#1088=EDGE_LOOP('',(#5177,#5178,#5179,#5180,#5181,#5182,#5183,#5184));
#1089=EDGE_LOOP('',(#5185,#5186,#5187,#5188,#5189,#5190,#5191,#5192));
#1090=EDGE_LOOP('',(#5193,#5194,#5195,#5196,#5197,#5198,#5199,#5200));
#1091=EDGE_LOOP('',(#5201,#5202,#5203,#5204,#5205,#5206,#5207,#5208));
#1092=EDGE_LOOP('',(#5209,#5210,#5211,#5212,#5213,#5214,#5215,#5216));
#1093=EDGE_LOOP('',(#5217,#5218,#5219,#5220,#5221,#5222,#5223,#5224));
#1094=EDGE_LOOP('',(#5225,#5226,#5227,#5228,#5229,#5230,#5231,#5232));
#1095=EDGE_LOOP('',(#5233,#5234,#5235,#5236,#5237,#5238,#5239,#5240));
#1096=EDGE_LOOP('',(#5241,#5242,#5243,#5244,#5245,#5246,#5247,#5248));
#1097=EDGE_LOOP('',(#5249,#5250,#5251,#5252,#5253,#5254,#5255,#5256));
#1098=EDGE_LOOP('',(#5257,#5258,#5259,#5260,#5261,#5262,#5263,#5264));
#1099=EDGE_LOOP('',(#5265,#5266,#5267,#5268,#5269,#5270,#5271,#5272));
#1100=EDGE_LOOP('',(#5273,#5274,#5275,#5276,#5277,#5278,#5279,#5280));
#1101=EDGE_LOOP('',(#5281,#5282,#5283,#5284,#5285,#5286,#5287,#5288));
#1102=EDGE_LOOP('',(#5289,#5290,#5291,#5292,#5293,#5294,#5295,#5296));
#1103=EDGE_LOOP('',(#5297,#5298,#5299,#5300,#5301,#5302,#5303,#5304));
#1104=EDGE_LOOP('',(#5305,#5306,#5307,#5308,#5309,#5310,#5311,#5312));
#1105=EDGE_LOOP('',(#5313,#5314,#5315,#5316,#5317,#5318,#5319,#5320));
#1106=EDGE_LOOP('',(#5321));
#1107=EDGE_LOOP('',(#5322,#5323,#5324,#5325,#5326,#5327,#5328,#5329));
#1108=EDGE_LOOP('',(#5330,#5331,#5332,#5333,#5334,#5335,#5336,#5337));
#1109=EDGE_LOOP('',(#5338,#5339,#5340,#5341,#5342,#5343,#5344,#5345));
#1110=EDGE_LOOP('',(#5346));
#1111=EDGE_LOOP('',(#5347,#5348,#5349,#5350,#5351,#5352,#5353,#5354));
#1112=EDGE_LOOP('',(#5355,#5356,#5357,#5358,#5359,#5360,#5361,#5362));
#1113=EDGE_LOOP('',(#5363,#5364,#5365,#5366,#5367,#5368,#5369,#5370));
#1114=EDGE_LOOP('',(#5371,#5372,#5373,#5374,#5375,#5376,#5377,#5378));
#1115=EDGE_LOOP('',(#5379,#5380,#5381,#5382,#5383,#5384,#5385,#5386));
#1116=EDGE_LOOP('',(#5387,#5388,#5389,#5390,#5391,#5392,#5393,#5394));
#1117=EDGE_LOOP('',(#5395,#5396,#5397,#5398,#5399,#5400,#5401,#5402));
#1118=EDGE_LOOP('',(#5403,#5404,#5405,#5406,#5407,#5408,#5409,#5410));
#1119=EDGE_LOOP('',(#5411,#5412,#5413,#5414,#5415,#5416,#5417,#5418));
#1120=EDGE_LOOP('',(#5419,#5420,#5421,#5422,#5423,#5424,#5425,#5426));
#1121=EDGE_LOOP('',(#5427,#5428,#5429,#5430,#5431,#5432,#5433,#5434));
#1122=EDGE_LOOP('',(#5435,#5436,#5437,#5438,#5439,#5440,#5441,#5442));
#1123=EDGE_LOOP('',(#5443,#5444,#5445,#5446,#5447,#5448,#5449,#5450));
#1124=EDGE_LOOP('',(#5451,#5452,#5453,#5454,#5455,#5456,#5457,#5458));
#1125=EDGE_LOOP('',(#5459));
#1126=EDGE_LOOP('',(#5460,#5461,#5462,#5463,#5464,#5465,#5466,#5467));
#1127=EDGE_LOOP('',(#5468,#5469,#5470,#5471,#5472,#5473,#5474,#5475));
#1128=EDGE_LOOP('',(#5476,#5477,#5478,#5479,#5480,#5481,#5482,#5483));
#1129=EDGE_LOOP('',(#5484,#5485,#5486,#5487,#5488,#5489,#5490,#5491));
#1130=EDGE_LOOP('',(#5492,#5493,#5494,#5495,#5496,#5497,#5498,#5499));
#1131=EDGE_LOOP('',(#5500,#5501,#5502,#5503,#5504,#5505,#5506,#5507));
#1132=EDGE_LOOP('',(#5508,#5509,#5510,#5511,#5512,#5513,#5514,#5515));
#1133=EDGE_LOOP('',(#5516,#5517,#5518,#5519,#5520,#5521,#5522,#5523));
#1134=EDGE_LOOP('',(#5524,#5525,#5526,#5527,#5528,#5529,#5530,#5531,#5532,
#5533,#5534,#5535,#5536,#5537,#5538,#5539,#5540,#5541));
#1135=EDGE_LOOP('',(#5542,#5543,#5544,#5545,#5546,#5547,#5548,#5549));
#1136=EDGE_LOOP('',(#5550,#5551,#5552,#5553,#5554,#5555,#5556,#5557));
#1137=EDGE_LOOP('',(#5558,#5559,#5560,#5561,#5562,#5563,#5564,#5565));
#1138=EDGE_LOOP('',(#5566,#5567,#5568,#5569,#5570,#5571,#5572,#5573));
#1139=EDGE_LOOP('',(#5574,#5575,#5576,#5577,#5578,#5579,#5580,#5581));
#1140=EDGE_LOOP('',(#5582,#5583,#5584,#5585,#5586,#5587,#5588,#5589));
#1141=EDGE_LOOP('',(#5590,#5591,#5592,#5593,#5594,#5595,#5596,#5597));
#1142=EDGE_LOOP('',(#5598,#5599,#5600,#5601,#5602,#5603,#5604,#5605));
#1143=EDGE_LOOP('',(#5606,#5607,#5608,#5609,#5610,#5611,#5612,#5613));
#1144=EDGE_LOOP('',(#5614,#5615,#5616,#5617,#5618,#5619,#5620,#5621));
#1145=EDGE_LOOP('',(#5622,#5623,#5624,#5625,#5626,#5627,#5628,#5629));
#1146=EDGE_LOOP('',(#5630,#5631,#5632,#5633,#5634,#5635,#5636,#5637));
#1147=EDGE_LOOP('',(#5638,#5639,#5640,#5641,#5642,#5643,#5644,#5645));
#1148=EDGE_LOOP('',(#5646,#5647,#5648,#5649,#5650,#5651,#5652,#5653));
#1149=EDGE_LOOP('',(#5654,#5655,#5656,#5657,#5658,#5659,#5660,#5661));
#1150=EDGE_LOOP('',(#5662,#5663,#5664,#5665,#5666,#5667,#5668,#5669));
#1151=EDGE_LOOP('',(#5670,#5671,#5672,#5673,#5674,#5675,#5676,#5677));
#1152=EDGE_LOOP('',(#5678,#5679,#5680,#5681,#5682,#5683,#5684,#5685));
#1153=EDGE_LOOP('',(#5686,#5687,#5688,#5689,#5690,#5691,#5692,#5693));
#1154=EDGE_LOOP('',(#5694,#5695,#5696,#5697,#5698,#5699,#5700,#5701));
#1155=EDGE_LOOP('',(#5702,#5703,#5704,#5705,#5706,#5707,#5708,#5709));
#1156=EDGE_LOOP('',(#5710));
#1157=EDGE_LOOP('',(#5711,#5712,#5713,#5714,#5715,#5716,#5717,#5718));
#1158=EDGE_LOOP('',(#5719,#5720,#5721,#5722,#5723,#5724,#5725,#5726));
#1159=EDGE_LOOP('',(#5727,#5728,#5729,#5730,#5731,#5732,#5733,#5734));
#1160=EDGE_LOOP('',(#5735));
#1161=EDGE_LOOP('',(#5736,#5737,#5738,#5739,#5740,#5741,#5742,#5743));
#1162=EDGE_LOOP('',(#5744,#5745,#5746,#5747,#5748,#5749,#5750,#5751));
#1163=EDGE_LOOP('',(#5752,#5753,#5754,#5755,#5756,#5757,#5758,#5759));
#1164=EDGE_LOOP('',(#5760,#5761,#5762,#5763,#5764,#5765,#5766,#5767));
#1165=EDGE_LOOP('',(#5768,#5769,#5770,#5771,#5772,#5773,#5774,#5775));
#1166=EDGE_LOOP('',(#5776,#5777,#5778,#5779,#5780,#5781,#5782,#5783));
#1167=EDGE_LOOP('',(#5784,#5785,#5786,#5787,#5788,#5789,#5790,#5791));
#1168=EDGE_LOOP('',(#5792,#5793,#5794,#5795,#5796,#5797,#5798,#5799));
#1169=EDGE_LOOP('',(#5800,#5801,#5802,#5803,#5804,#5805,#5806,#5807));
#1170=EDGE_LOOP('',(#5808,#5809,#5810,#5811,#5812,#5813,#5814,#5815));
#1171=EDGE_LOOP('',(#5816,#5817,#5818,#5819,#5820,#5821,#5822,#5823));
#1172=EDGE_LOOP('',(#5824,#5825,#5826,#5827,#5828,#5829,#5830,#5831));
#1173=EDGE_LOOP('',(#5832,#5833,#5834,#5835,#5836,#5837,#5838,#5839));
#1174=EDGE_LOOP('',(#5840,#5841,#5842,#5843,#5844,#5845,#5846,#5847));
#1175=EDGE_LOOP('',(#5848));
#1176=EDGE_LOOP('',(#5849,#5850,#5851,#5852,#5853,#5854,#5855,#5856));
#1177=EDGE_LOOP('',(#5857,#5858,#5859,#5860,#5861,#5862,#5863,#5864));
#1178=EDGE_LOOP('',(#5865,#5866,#5867,#5868,#5869,#5870,#5871,#5872));
#1179=EDGE_LOOP('',(#5873,#5874,#5875,#5876,#5877,#5878,#5879,#5880));
#1180=EDGE_LOOP('',(#5881,#5882,#5883,#5884,#5885,#5886,#5887,#5888));
#1181=EDGE_LOOP('',(#5889,#5890,#5891,#5892,#5893,#5894,#5895,#5896));
#1182=EDGE_LOOP('',(#5897,#5898,#5899,#5900,#5901,#5902,#5903,#5904));
#1183=EDGE_LOOP('',(#5905,#5906,#5907,#5908,#5909,#5910,#5911,#5912));
#1184=EDGE_LOOP('',(#5913,#5914,#5915,#5916));
#1185=EDGE_LOOP('',(#5917,#5918,#5919,#5920));
#1186=EDGE_LOOP('',(#5921,#5922,#5923,#5924));
#1187=EDGE_LOOP('',(#5925,#5926,#5927,#5928));
#1188=EDGE_LOOP('',(#5929,#5930,#5931,#5932));
#1189=EDGE_LOOP('',(#5933,#5934,#5935,#5936));
#1190=EDGE_LOOP('',(#5937,#5938,#5939,#5940));
#1191=EDGE_LOOP('',(#5941,#5942,#5943,#5944));
#1192=EDGE_LOOP('',(#5945,#5946,#5947,#5948));
#1193=EDGE_LOOP('',(#5949,#5950,#5951,#5952));
#1194=EDGE_LOOP('',(#5953,#5954,#5955,#5956));
#1195=EDGE_LOOP('',(#5957,#5958,#5959,#5960));
#1196=EDGE_LOOP('',(#5961,#5962,#5963,#5964));
#1197=EDGE_LOOP('',(#5965,#5966,#5967,#5968));
#1198=EDGE_LOOP('',(#5969,#5970,#5971,#5972));
#1199=EDGE_LOOP('',(#5973,#5974,#5975,#5976));
#1200=EDGE_LOOP('',(#5977,#5978,#5979,#5980));
#1201=EDGE_LOOP('',(#5981,#5982,#5983,#5984));
#1202=EDGE_LOOP('',(#5985,#5986,#5987,#5988));
#1203=EDGE_LOOP('',(#5989,#5990,#5991,#5992));
#1204=EDGE_LOOP('',(#5993,#5994,#5995,#5996));
#1205=EDGE_LOOP('',(#5997,#5998,#5999,#6000));
#1206=EDGE_LOOP('',(#6001,#6002,#6003,#6004));
#1207=EDGE_LOOP('',(#6005,#6006,#6007,#6008));
#1208=EDGE_LOOP('',(#6009,#6010,#6011,#6012));
#1209=EDGE_LOOP('',(#6013,#6014,#6015,#6016));
#1210=EDGE_LOOP('',(#6017,#6018,#6019,#6020));
#1211=EDGE_LOOP('',(#6021,#6022,#6023,#6024));
#1212=EDGE_LOOP('',(#6025,#6026,#6027,#6028));
#1213=EDGE_LOOP('',(#6029,#6030,#6031,#6032));
#1214=EDGE_LOOP('',(#6033,#6034,#6035,#6036));
#1215=EDGE_LOOP('',(#6037,#6038,#6039,#6040));
#1216=EDGE_LOOP('',(#6041,#6042,#6043,#6044));
#1217=EDGE_LOOP('',(#6045,#6046,#6047,#6048));
#1218=EDGE_LOOP('',(#6049,#6050,#6051,#6052));
#1219=EDGE_LOOP('',(#6053,#6054,#6055,#6056));
#1220=EDGE_LOOP('',(#6057,#6058,#6059,#6060));
#1221=EDGE_LOOP('',(#6061,#6062,#6063,#6064));
#1222=EDGE_LOOP('',(#6065,#6066,#6067,#6068));
#1223=EDGE_LOOP('',(#6069,#6070,#6071,#6072));
#1224=EDGE_LOOP('',(#6073,#6074,#6075,#6076));
#1225=EDGE_LOOP('',(#6077,#6078,#6079,#6080));
#1226=EDGE_LOOP('',(#6081,#6082,#6083,#6084));
#1227=EDGE_LOOP('',(#6085,#6086,#6087,#6088));
#1228=EDGE_LOOP('',(#6089,#6090,#6091,#6092));
#1229=EDGE_LOOP('',(#6093,#6094,#6095,#6096));
#1230=EDGE_LOOP('',(#6097,#6098,#6099,#6100));
#1231=EDGE_LOOP('',(#6101,#6102,#6103,#6104));
#1232=EDGE_LOOP('',(#6105,#6106,#6107,#6108));
#1233=EDGE_LOOP('',(#6109,#6110,#6111,#6112));
#1234=EDGE_LOOP('',(#6113,#6114,#6115,#6116));
#1235=EDGE_LOOP('',(#6117,#6118,#6119,#6120));
#1236=EDGE_LOOP('',(#6121,#6122,#6123,#6124));
#1237=EDGE_LOOP('',(#6125,#6126,#6127,#6128));
#1238=EDGE_LOOP('',(#6129,#6130,#6131,#6132));
#1239=EDGE_LOOP('',(#6133,#6134,#6135,#6136));
#1240=EDGE_LOOP('',(#6137,#6138,#6139,#6140));
#1241=EDGE_LOOP('',(#6141,#6142,#6143,#6144));
#1242=EDGE_LOOP('',(#6145,#6146,#6147,#6148));
#1243=EDGE_LOOP('',(#6149,#6150,#6151,#6152));
#1244=EDGE_LOOP('',(#6153,#6154,#6155,#6156));
#1245=EDGE_LOOP('',(#6157,#6158,#6159,#6160));
#1246=EDGE_LOOP('',(#6161,#6162,#6163,#6164));
#1247=EDGE_LOOP('',(#6165,#6166,#6167,#6168));
#1248=EDGE_LOOP('',(#6169,#6170,#6171,#6172));
#1249=EDGE_LOOP('',(#6173,#6174,#6175,#6176));
#1250=EDGE_LOOP('',(#6177,#6178,#6179,#6180));
#1251=EDGE_LOOP('',(#6181,#6182,#6183,#6184));
#1252=EDGE_LOOP('',(#6185,#6186,#6187,#6188));
#1253=EDGE_LOOP('',(#6189,#6190,#6191,#6192));
#1254=EDGE_LOOP('',(#6193,#6194,#6195,#6196));
#1255=EDGE_LOOP('',(#6197,#6198,#6199,#6200));
#1256=EDGE_LOOP('',(#6201,#6202,#6203,#6204));
#1257=EDGE_LOOP('',(#6205,#6206,#6207,#6208));
#1258=EDGE_LOOP('',(#6209,#6210,#6211,#6212));
#1259=EDGE_LOOP('',(#6213,#6214,#6215,#6216));
#1260=EDGE_LOOP('',(#6217,#6218,#6219,#6220));
#1261=EDGE_LOOP('',(#6221,#6222,#6223,#6224));
#1262=EDGE_LOOP('',(#6225,#6226,#6227,#6228));
#1263=EDGE_LOOP('',(#6229,#6230,#6231,#6232));
#1264=EDGE_LOOP('',(#6233,#6234,#6235,#6236));
#1265=EDGE_LOOP('',(#6237,#6238,#6239,#6240));
#1266=EDGE_LOOP('',(#6241,#6242,#6243,#6244));
#1267=EDGE_LOOP('',(#6245,#6246,#6247,#6248));
#1268=EDGE_LOOP('',(#6249,#6250,#6251,#6252));
#1269=EDGE_LOOP('',(#6253,#6254,#6255,#6256));
#1270=EDGE_LOOP('',(#6257,#6258,#6259,#6260));
#1271=EDGE_LOOP('',(#6261,#6262,#6263,#6264));
#1272=EDGE_LOOP('',(#6265,#6266,#6267,#6268));
#1273=EDGE_LOOP('',(#6269,#6270,#6271,#6272));
#1274=EDGE_LOOP('',(#6273,#6274,#6275,#6276));
#1275=EDGE_LOOP('',(#6277,#6278,#6279,#6280));
#1276=EDGE_LOOP('',(#6281,#6282,#6283,#6284));
#1277=EDGE_LOOP('',(#6285,#6286,#6287,#6288));
#1278=EDGE_LOOP('',(#6289,#6290,#6291,#6292));
#1279=EDGE_LOOP('',(#6293,#6294,#6295,#6296));
#1280=EDGE_LOOP('',(#6297,#6298,#6299,#6300));
#1281=EDGE_LOOP('',(#6301,#6302,#6303,#6304));
#1282=EDGE_LOOP('',(#6305,#6306,#6307,#6308));
#1283=EDGE_LOOP('',(#6309,#6310,#6311,#6312));
#1284=EDGE_LOOP('',(#6313,#6314,#6315,#6316));
#1285=EDGE_LOOP('',(#6317,#6318,#6319,#6320));
#1286=EDGE_LOOP('',(#6321,#6322,#6323,#6324));
#1287=EDGE_LOOP('',(#6325,#6326,#6327,#6328));
#1288=EDGE_LOOP('',(#6329,#6330,#6331,#6332));
#1289=EDGE_LOOP('',(#6333,#6334,#6335,#6336));
#1290=EDGE_LOOP('',(#6337,#6338,#6339,#6340));
#1291=EDGE_LOOP('',(#6341,#6342,#6343,#6344));
#1292=EDGE_LOOP('',(#6345,#6346,#6347,#6348));
#1293=EDGE_LOOP('',(#6349,#6350,#6351,#6352));
#1294=EDGE_LOOP('',(#6353,#6354,#6355,#6356));
#1295=EDGE_LOOP('',(#6357,#6358,#6359,#6360));
#1296=EDGE_LOOP('',(#6361,#6362,#6363,#6364));
#1297=EDGE_LOOP('',(#6365,#6366,#6367,#6368));
#1298=EDGE_LOOP('',(#6369,#6370,#6371,#6372));
#1299=EDGE_LOOP('',(#6373,#6374,#6375,#6376));
#1300=EDGE_LOOP('',(#6377,#6378,#6379,#6380));
#1301=EDGE_LOOP('',(#6381,#6382,#6383,#6384));
#1302=EDGE_LOOP('',(#6385,#6386,#6387,#6388));
#1303=EDGE_LOOP('',(#6389,#6390,#6391,#6392));
#1304=EDGE_LOOP('',(#6393,#6394,#6395,#6396));
#1305=EDGE_LOOP('',(#6397,#6398,#6399,#6400));
#1306=EDGE_LOOP('',(#6401,#6402,#6403,#6404));
#1307=EDGE_LOOP('',(#6405,#6406,#6407,#6408));
#1308=EDGE_LOOP('',(#6409,#6410,#6411,#6412));
#1309=EDGE_LOOP('',(#6413,#6414,#6415,#6416));
#1310=EDGE_LOOP('',(#6417,#6418,#6419,#6420));
#1311=EDGE_LOOP('',(#6421,#6422,#6423,#6424));
#1312=EDGE_LOOP('',(#6425,#6426,#6427,#6428));
#1313=EDGE_LOOP('',(#6429,#6430,#6431,#6432));
#1314=EDGE_LOOP('',(#6433,#6434,#6435,#6436));
#1315=EDGE_LOOP('',(#6437,#6438,#6439,#6440));
#1316=EDGE_LOOP('',(#6441,#6442,#6443,#6444));
#1317=EDGE_LOOP('',(#6445,#6446,#6447,#6448));
#1318=EDGE_LOOP('',(#6449,#6450,#6451,#6452));
#1319=EDGE_LOOP('',(#6453,#6454,#6455,#6456));
#1320=EDGE_LOOP('',(#6457,#6458,#6459,#6460));
#1321=EDGE_LOOP('',(#6461,#6462,#6463,#6464));
#1322=EDGE_LOOP('',(#6465,#6466,#6467,#6468));
#1323=EDGE_LOOP('',(#6469,#6470,#6471,#6472));
#1324=EDGE_LOOP('',(#6473,#6474,#6475,#6476));
#1325=EDGE_LOOP('',(#6477,#6478,#6479,#6480));
#1326=EDGE_LOOP('',(#6481,#6482,#6483,#6484));
#1327=EDGE_LOOP('',(#6485,#6486,#6487,#6488));
#1328=EDGE_LOOP('',(#6489,#6490,#6491,#6492));
#1329=EDGE_LOOP('',(#6493,#6494,#6495,#6496));
#1330=EDGE_LOOP('',(#6497,#6498,#6499,#6500));
#1331=EDGE_LOOP('',(#6501,#6502,#6503,#6504));
#1332=EDGE_LOOP('',(#6505,#6506,#6507,#6508));
#1333=EDGE_LOOP('',(#6509,#6510,#6511,#6512));
#1334=EDGE_LOOP('',(#6513,#6514,#6515,#6516));
#1335=EDGE_LOOP('',(#6517,#6518,#6519,#6520));
#1336=EDGE_LOOP('',(#6521,#6522,#6523,#6524));
#1337=EDGE_LOOP('',(#6525,#6526,#6527,#6528));
#1338=EDGE_LOOP('',(#6529,#6530,#6531,#6532));
#1339=EDGE_LOOP('',(#6533,#6534,#6535,#6536));
#1340=EDGE_LOOP('',(#6537,#6538,#6539,#6540));
#1341=EDGE_LOOP('',(#6541,#6542,#6543,#6544));
#1342=EDGE_LOOP('',(#6545,#6546,#6547,#6548));
#1343=EDGE_LOOP('',(#6549,#6550,#6551,#6552));
#1344=EDGE_LOOP('',(#6553,#6554,#6555,#6556));
#1345=EDGE_LOOP('',(#6557,#6558,#6559,#6560));
#1346=EDGE_LOOP('',(#6561,#6562,#6563,#6564));
#1347=EDGE_LOOP('',(#6565,#6566,#6567,#6568));
#1348=EDGE_LOOP('',(#6569,#6570,#6571,#6572));
#1349=EDGE_LOOP('',(#6573,#6574,#6575,#6576));
#1350=EDGE_LOOP('',(#6577,#6578,#6579,#6580));
#1351=EDGE_LOOP('',(#6581,#6582,#6583,#6584));
#1352=EDGE_LOOP('',(#6585,#6586,#6587,#6588));
#1353=EDGE_LOOP('',(#6589,#6590,#6591,#6592));
#1354=EDGE_LOOP('',(#6593,#6594,#6595,#6596));
#1355=EDGE_LOOP('',(#6597,#6598,#6599,#6600));
#1356=EDGE_LOOP('',(#6601,#6602,#6603,#6604));
#1357=EDGE_LOOP('',(#6605,#6606,#6607,#6608));
#1358=EDGE_LOOP('',(#6609,#6610,#6611,#6612));
#1359=EDGE_LOOP('',(#6613,#6614,#6615,#6616));
#1360=EDGE_LOOP('',(#6617,#6618,#6619,#6620));
#1361=EDGE_LOOP('',(#6621,#6622,#6623,#6624));
#1362=EDGE_LOOP('',(#6625,#6626,#6627,#6628));
#1363=EDGE_LOOP('',(#6629,#6630,#6631,#6632));
#1364=EDGE_LOOP('',(#6633,#6634,#6635,#6636));
#1365=EDGE_LOOP('',(#6637,#6638,#6639,#6640));
#1366=EDGE_LOOP('',(#6641,#6642,#6643,#6644));
#1367=EDGE_LOOP('',(#6645,#6646,#6647,#6648));
#1368=EDGE_LOOP('',(#6649,#6650,#6651,#6652));
#1369=EDGE_LOOP('',(#6653,#6654,#6655,#6656));
#1370=EDGE_LOOP('',(#6657,#6658,#6659,#6660));
#1371=EDGE_LOOP('',(#6661,#6662,#6663,#6664));
#1372=EDGE_LOOP('',(#6665,#6666,#6667,#6668));
#1373=EDGE_LOOP('',(#6669,#6670,#6671,#6672));
#1374=EDGE_LOOP('',(#6673,#6674,#6675,#6676));
#1375=EDGE_LOOP('',(#6677,#6678,#6679,#6680));
#1376=EDGE_LOOP('',(#6681,#6682,#6683,#6684));
#1377=EDGE_LOOP('',(#6685,#6686,#6687,#6688));
#1378=EDGE_LOOP('',(#6689,#6690,#6691,#6692));
#1379=EDGE_LOOP('',(#6693,#6694,#6695,#6696));
#1380=EDGE_LOOP('',(#6697,#6698,#6699,#6700));
#1381=EDGE_LOOP('',(#6701,#6702,#6703,#6704));
#1382=EDGE_LOOP('',(#6705,#6706,#6707,#6708));
#1383=EDGE_LOOP('',(#6709,#6710,#6711,#6712));
#1384=EDGE_LOOP('',(#6713,#6714,#6715,#6716));
#1385=EDGE_LOOP('',(#6717,#6718,#6719,#6720));
#1386=EDGE_LOOP('',(#6721,#6722,#6723,#6724));
#1387=EDGE_LOOP('',(#6725,#6726,#6727,#6728));
#1388=EDGE_LOOP('',(#6729,#6730,#6731,#6732));
#1389=EDGE_LOOP('',(#6733,#6734,#6735,#6736));
#1390=EDGE_LOOP('',(#6737,#6738,#6739,#6740));
#1391=EDGE_LOOP('',(#6741,#6742,#6743,#6744));
#1392=EDGE_LOOP('',(#6745,#6746,#6747,#6748));
#1393=EDGE_LOOP('',(#6749,#6750,#6751,#6752));
#1394=EDGE_LOOP('',(#6753,#6754,#6755,#6756));
#1395=EDGE_LOOP('',(#6757,#6758,#6759,#6760));
#1396=EDGE_LOOP('',(#6761,#6762,#6763,#6764));
#1397=EDGE_LOOP('',(#6765,#6766,#6767,#6768));
#1398=EDGE_LOOP('',(#6769,#6770,#6771,#6772));
#1399=EDGE_LOOP('',(#6773,#6774,#6775,#6776));
#1400=EDGE_LOOP('',(#6777,#6778,#6779,#6780));
#1401=EDGE_LOOP('',(#6781,#6782,#6783,#6784));
#1402=EDGE_LOOP('',(#6785,#6786,#6787,#6788));
#1403=EDGE_LOOP('',(#6789,#6790,#6791,#6792));
#1404=EDGE_LOOP('',(#6793,#6794,#6795,#6796));
#1405=EDGE_LOOP('',(#6797,#6798,#6799,#6800));
#1406=EDGE_LOOP('',(#6801,#6802,#6803,#6804));
#1407=EDGE_LOOP('',(#6805,#6806,#6807,#6808));
#1408=EDGE_LOOP('',(#6809,#6810,#6811,#6812));
#1409=EDGE_LOOP('',(#6813,#6814,#6815,#6816));
#1410=EDGE_LOOP('',(#6817,#6818,#6819,#6820));
#1411=EDGE_LOOP('',(#6821,#6822,#6823,#6824));
#1412=EDGE_LOOP('',(#6825,#6826,#6827,#6828));
#1413=EDGE_LOOP('',(#6829,#6830,#6831,#6832));
#1414=EDGE_LOOP('',(#6833,#6834,#6835,#6836));
#1415=EDGE_LOOP('',(#6837,#6838,#6839,#6840));
#1416=EDGE_LOOP('',(#6841,#6842,#6843,#6844));
#1417=EDGE_LOOP('',(#6845,#6846,#6847,#6848));
#1418=EDGE_LOOP('',(#6849,#6850,#6851,#6852));
#1419=EDGE_LOOP('',(#6853,#6854,#6855,#6856));
#1420=EDGE_LOOP('',(#6857,#6858,#6859,#6860));
#1421=EDGE_LOOP('',(#6861,#6862,#6863,#6864));
#1422=EDGE_LOOP('',(#6865,#6866,#6867,#6868));
#1423=EDGE_LOOP('',(#6869,#6870,#6871,#6872));
#1424=EDGE_LOOP('',(#6873,#6874,#6875,#6876));
#1425=EDGE_LOOP('',(#6877,#6878,#6879,#6880));
#1426=EDGE_LOOP('',(#6881,#6882,#6883,#6884));
#1427=EDGE_LOOP('',(#6885,#6886,#6887,#6888));
#1428=EDGE_LOOP('',(#6889,#6890,#6891,#6892));
#1429=EDGE_LOOP('',(#6893,#6894,#6895,#6896));
#1430=EDGE_LOOP('',(#6897,#6898,#6899,#6900));
#1431=EDGE_LOOP('',(#6901,#6902,#6903,#6904));
#1432=EDGE_LOOP('',(#6905,#6906,#6907,#6908));
#1433=EDGE_LOOP('',(#6909,#6910,#6911,#6912));
#1434=EDGE_LOOP('',(#6913,#6914,#6915,#6916));
#1435=EDGE_LOOP('',(#6917,#6918,#6919,#6920));
#1436=EDGE_LOOP('',(#6921,#6922,#6923,#6924));
#1437=EDGE_LOOP('',(#6925,#6926,#6927,#6928));
#1438=EDGE_LOOP('',(#6929,#6930,#6931,#6932));
#1439=EDGE_LOOP('',(#6933,#6934,#6935,#6936));
#1440=EDGE_LOOP('',(#6937,#6938,#6939,#6940));
#1441=EDGE_LOOP('',(#6941,#6942,#6943,#6944));
#1442=EDGE_LOOP('',(#6945,#6946,#6947,#6948));
#1443=EDGE_LOOP('',(#6949,#6950,#6951,#6952));
#1444=EDGE_LOOP('',(#6953,#6954,#6955,#6956));
#1445=EDGE_LOOP('',(#6957,#6958,#6959,#6960));
#1446=EDGE_LOOP('',(#6961,#6962,#6963,#6964));
#1447=EDGE_LOOP('',(#6965,#6966,#6967,#6968));
#1448=EDGE_LOOP('',(#6969,#6970,#6971,#6972));
#1449=EDGE_LOOP('',(#6973,#6974,#6975,#6976));
#1450=EDGE_LOOP('',(#6977,#6978,#6979,#6980));
#1451=EDGE_LOOP('',(#6981,#6982,#6983,#6984));
#1452=EDGE_LOOP('',(#6985,#6986,#6987,#6988));
#1453=EDGE_LOOP('',(#6989,#6990,#6991,#6992));
#1454=EDGE_LOOP('',(#6993,#6994,#6995,#6996));
#1455=EDGE_LOOP('',(#6997,#6998,#6999,#7000));
#1456=EDGE_LOOP('',(#7001,#7002,#7003,#7004));
#1457=EDGE_LOOP('',(#7005,#7006,#7007,#7008));
#1458=EDGE_LOOP('',(#7009,#7010,#7011,#7012));
#1459=EDGE_LOOP('',(#7013,#7014,#7015,#7016));
#1460=EDGE_LOOP('',(#7017,#7018,#7019,#7020));
#1461=EDGE_LOOP('',(#7021,#7022,#7023,#7024));
#1462=EDGE_LOOP('',(#7025,#7026,#7027,#7028));
#1463=EDGE_LOOP('',(#7029,#7030,#7031,#7032));
#1464=EDGE_LOOP('',(#7033,#7034,#7035,#7036));
#1465=EDGE_LOOP('',(#7037,#7038,#7039,#7040));
#1466=EDGE_LOOP('',(#7041,#7042,#7043,#7044));
#1467=EDGE_LOOP('',(#7045,#7046,#7047,#7048));
#1468=EDGE_LOOP('',(#7049,#7050,#7051,#7052));
#1469=EDGE_LOOP('',(#7053,#7054,#7055,#7056));
#1470=EDGE_LOOP('',(#7057,#7058,#7059,#7060));
#1471=EDGE_LOOP('',(#7061,#7062,#7063,#7064));
#1472=EDGE_LOOP('',(#7065,#7066,#7067,#7068));
#1473=EDGE_LOOP('',(#7069,#7070,#7071,#7072));
#1474=EDGE_LOOP('',(#7073,#7074,#7075,#7076));
#1475=EDGE_LOOP('',(#7077,#7078,#7079,#7080));
#1476=EDGE_LOOP('',(#7081,#7082,#7083,#7084));
#1477=EDGE_LOOP('',(#7085,#7086,#7087,#7088));
#1478=EDGE_LOOP('',(#7089,#7090,#7091,#7092));
#1479=EDGE_LOOP('',(#7093,#7094,#7095,#7096));
#1480=EDGE_LOOP('',(#7097,#7098,#7099,#7100));
#1481=EDGE_LOOP('',(#7101,#7102,#7103,#7104));
#1482=EDGE_LOOP('',(#7105,#7106,#7107,#7108));
#1483=EDGE_LOOP('',(#7109,#7110,#7111,#7112));
#1484=EDGE_LOOP('',(#7113,#7114,#7115,#7116));
#1485=EDGE_LOOP('',(#7117,#7118,#7119,#7120));
#1486=EDGE_LOOP('',(#7121,#7122,#7123,#7124));
#1487=EDGE_LOOP('',(#7125,#7126,#7127,#7128));
#1488=EDGE_LOOP('',(#7129,#7130,#7131,#7132));
#1489=EDGE_LOOP('',(#7133,#7134,#7135,#7136));
#1490=EDGE_LOOP('',(#7137,#7138,#7139,#7140));
#1491=EDGE_LOOP('',(#7141,#7142,#7143,#7144));
#1492=EDGE_LOOP('',(#7145,#7146,#7147,#7148));
#1493=EDGE_LOOP('',(#7149,#7150,#7151,#7152));
#1494=EDGE_LOOP('',(#7153,#7154,#7155,#7156));
#1495=EDGE_LOOP('',(#7157,#7158,#7159,#7160));
#1496=EDGE_LOOP('',(#7161,#7162,#7163,#7164));
#1497=EDGE_LOOP('',(#7165,#7166,#7167,#7168));
#1498=EDGE_LOOP('',(#7169,#7170,#7171,#7172));
#1499=EDGE_LOOP('',(#7173,#7174,#7175,#7176));
#1500=EDGE_LOOP('',(#7177,#7178,#7179,#7180));
#1501=EDGE_LOOP('',(#7181,#7182,#7183,#7184));
#1502=EDGE_LOOP('',(#7185,#7186,#7187,#7188));
#1503=EDGE_LOOP('',(#7189,#7190,#7191,#7192));
#1504=EDGE_LOOP('',(#7193,#7194,#7195,#7196));
#1505=EDGE_LOOP('',(#7197,#7198,#7199,#7200));
#1506=EDGE_LOOP('',(#7201,#7202,#7203,#7204));
#1507=EDGE_LOOP('',(#7205,#7206,#7207,#7208));
#1508=EDGE_LOOP('',(#7209,#7210,#7211,#7212));
#1509=EDGE_LOOP('',(#7213,#7214,#7215,#7216));
#1510=EDGE_LOOP('',(#7217,#7218,#7219,#7220));
#1511=EDGE_LOOP('',(#7221,#7222,#7223,#7224));
#1512=EDGE_LOOP('',(#7225,#7226,#7227,#7228));
#1513=EDGE_LOOP('',(#7229,#7230,#7231,#7232));
#1514=EDGE_LOOP('',(#7233,#7234,#7235,#7236));
#1515=EDGE_LOOP('',(#7237,#7238,#7239,#7240));
#1516=EDGE_LOOP('',(#7241,#7242,#7243,#7244));
#1517=EDGE_LOOP('',(#7245,#7246,#7247,#7248));
#1518=EDGE_LOOP('',(#7249,#7250,#7251,#7252));
#1519=EDGE_LOOP('',(#7253,#7254,#7255,#7256));
#1520=EDGE_LOOP('',(#7257,#7258,#7259,#7260));
#1521=EDGE_LOOP('',(#7261,#7262,#7263,#7264));
#1522=EDGE_LOOP('',(#7265,#7266,#7267,#7268));
#1523=EDGE_LOOP('',(#7269,#7270,#7271,#7272));
#1524=EDGE_LOOP('',(#7273,#7274,#7275,#7276));
#1525=EDGE_LOOP('',(#7277,#7278,#7279,#7280));
#1526=EDGE_LOOP('',(#7281,#7282,#7283,#7284));
#1527=EDGE_LOOP('',(#7285,#7286,#7287,#7288));
#1528=EDGE_LOOP('',(#7289,#7290,#7291,#7292));
#1529=EDGE_LOOP('',(#7293,#7294,#7295,#7296));
#1530=EDGE_LOOP('',(#7297,#7298,#7299,#7300));
#1531=EDGE_LOOP('',(#7301,#7302,#7303,#7304));
#1532=EDGE_LOOP('',(#7305,#7306,#7307,#7308));
#1533=EDGE_LOOP('',(#7309,#7310,#7311,#7312));
#1534=EDGE_LOOP('',(#7313,#7314,#7315,#7316));
#1535=EDGE_LOOP('',(#7317,#7318,#7319,#7320));
#1536=EDGE_LOOP('',(#7321,#7322,#7323,#7324));
#1537=EDGE_LOOP('',(#7325,#7326,#7327,#7328));
#1538=EDGE_LOOP('',(#7329,#7330,#7331,#7332));
#1539=EDGE_LOOP('',(#7333,#7334,#7335,#7336));
#1540=EDGE_LOOP('',(#7337,#7338,#7339,#7340));
#1541=EDGE_LOOP('',(#7341,#7342,#7343,#7344));
#1542=EDGE_LOOP('',(#7345,#7346,#7347,#7348));
#1543=EDGE_LOOP('',(#7349,#7350,#7351,#7352));
#1544=EDGE_LOOP('',(#7353,#7354,#7355,#7356));
#1545=EDGE_LOOP('',(#7357,#7358,#7359,#7360));
#1546=EDGE_LOOP('',(#7361,#7362,#7363,#7364));
#1547=EDGE_LOOP('',(#7365,#7366,#7367,#7368));
#1548=EDGE_LOOP('',(#7369,#7370,#7371,#7372));
#1549=EDGE_LOOP('',(#7373,#7374,#7375,#7376));
#1550=EDGE_LOOP('',(#7377,#7378,#7379,#7380));
#1551=EDGE_LOOP('',(#7381,#7382,#7383,#7384));
#1552=EDGE_LOOP('',(#7385,#7386,#7387,#7388));
#1553=EDGE_LOOP('',(#7389,#7390,#7391,#7392));
#1554=EDGE_LOOP('',(#7393,#7394,#7395,#7396));
#1555=EDGE_LOOP('',(#7397,#7398,#7399,#7400));
#1556=EDGE_LOOP('',(#7401,#7402,#7403,#7404));
#1557=EDGE_LOOP('',(#7405,#7406,#7407,#7408));
#1558=EDGE_LOOP('',(#7409,#7410,#7411,#7412));
#1559=EDGE_LOOP('',(#7413,#7414,#7415,#7416));
#1560=LINE('',#11126,#2349);
#1561=LINE('',#11128,#2350);
#1562=LINE('',#11130,#2351);
#1563=LINE('',#11131,#2352);
#1564=LINE('',#11134,#2353);
#1565=LINE('',#11136,#2354);
#1566=LINE('',#11137,#2355);
#1567=LINE('',#11140,#2356);
#1568=LINE('',#11142,#2357);
#1569=LINE('',#11143,#2358);
#1570=LINE('',#11146,#2359);
#1571=LINE('',#11148,#2360);
#1572=LINE('',#11149,#2361);
#1573=LINE('',#11152,#2362);
#1574=LINE('',#11154,#2363);
#1575=LINE('',#11155,#2364);
#1576=LINE('',#11158,#2365);
#1577=LINE('',#11160,#2366);
#1578=LINE('',#11161,#2367);
#1579=LINE('',#11164,#2368);
#1580=LINE('',#11166,#2369);
#1581=LINE('',#11167,#2370);
#1582=LINE('',#11170,#2371);
#1583=LINE('',#11172,#2372);
#1584=LINE('',#11173,#2373);
#1585=LINE('',#11176,#2374);
#1586=LINE('',#11178,#2375);
#1587=LINE('',#11179,#2376);
#1588=LINE('',#11182,#2377);
#1589=LINE('',#11184,#2378);
#1590=LINE('',#11185,#2379);
#1591=LINE('',#11189,#2380);
#1592=LINE('',#11191,#2381);
#1593=LINE('',#11193,#2382);
#1594=LINE('',#11194,#2383);
#1595=LINE('',#11196,#2384);
#1596=LINE('',#11197,#2385);
#1597=LINE('',#11200,#2386);
#1598=LINE('',#11202,#2387);
#1599=LINE('',#11203,#2388);
#1600=LINE('',#11206,#2389);
#1601=LINE('',#11210,#2390);
#1602=LINE('',#11213,#2391);
#1603=LINE('',#11216,#2392);
#1604=LINE('',#11220,#2393);
#1605=LINE('',#11224,#2394);
#1606=LINE('',#11228,#2395);
#1607=LINE('',#11232,#2396);
#1608=LINE('',#11236,#2397);
#1609=LINE('',#11240,#2398);
#1610=LINE('',#11244,#2399);
#1611=LINE('',#11248,#2400);
#1612=LINE('',#11252,#2401);
#1613=LINE('',#11256,#2402);
#1614=LINE('',#11260,#2403);
#1615=LINE('',#11264,#2404);
#1616=LINE('',#11268,#2405);
#1617=LINE('',#11272,#2406);
#1618=LINE('',#11276,#2407);
#1619=LINE('',#11280,#2408);
#1620=LINE('',#11284,#2409);
#1621=LINE('',#11288,#2410);
#1622=LINE('',#11292,#2411);
#1623=LINE('',#11296,#2412);
#1624=LINE('',#11300,#2413);
#1625=LINE('',#11304,#2414);
#1626=LINE('',#11308,#2415);
#1627=LINE('',#11312,#2416);
#1628=LINE('',#11316,#2417);
#1629=LINE('',#11320,#2418);
#1630=LINE('',#11324,#2419);
#1631=LINE('',#11328,#2420);
#1632=LINE('',#11332,#2421);
#1633=LINE('',#11336,#2422);
#1634=LINE('',#11340,#2423);
#1635=LINE('',#11344,#2424);
#1636=LINE('',#11348,#2425);
#1637=LINE('',#11352,#2426);
#1638=LINE('',#11356,#2427);
#1639=LINE('',#11360,#2428);
#1640=LINE('',#11364,#2429);
#1641=LINE('',#11368,#2430);
#1642=LINE('',#11372,#2431);
#1643=LINE('',#11376,#2432);
#1644=LINE('',#11380,#2433);
#1645=LINE('',#11384,#2434);
#1646=LINE('',#11388,#2435);
#1647=LINE('',#11392,#2436);
#1648=LINE('',#11396,#2437);
#1649=LINE('',#11400,#2438);
#1650=LINE('',#11404,#2439);
#1651=LINE('',#11408,#2440);
#1652=LINE('',#11412,#2441);
#1653=LINE('',#11416,#2442);
#1654=LINE('',#11420,#2443);
#1655=LINE('',#11424,#2444);
#1656=LINE('',#11428,#2445);
#1657=LINE('',#11432,#2446);
#1658=LINE('',#11436,#2447);
#1659=LINE('',#11440,#2448);
#1660=LINE('',#11444,#2449);
#1661=LINE('',#11448,#2450);
#1662=LINE('',#11452,#2451);
#1663=LINE('',#11456,#2452);
#1664=LINE('',#11460,#2453);
#1665=LINE('',#11464,#2454);
#1666=LINE('',#11468,#2455);
#1667=LINE('',#11472,#2456);
#1668=LINE('',#11476,#2457);
#1669=LINE('',#11480,#2458);
#1670=LINE('',#11484,#2459);
#1671=LINE('',#11488,#2460);
#1672=LINE('',#11492,#2461);
#1673=LINE('',#11496,#2462);
#1674=LINE('',#11500,#2463);
#1675=LINE('',#11504,#2464);
#1676=LINE('',#11508,#2465);
#1677=LINE('',#11512,#2466);
#1678=LINE('',#11516,#2467);
#1679=LINE('',#11520,#2468);
#1680=LINE('',#11524,#2469);
#1681=LINE('',#11528,#2470);
#1682=LINE('',#11532,#2471);
#1683=LINE('',#11536,#2472);
#1684=LINE('',#11540,#2473);
#1685=LINE('',#11544,#2474);
#1686=LINE('',#11548,#2475);
#1687=LINE('',#11554,#2476);
#1688=LINE('',#11558,#2477);
#1689=LINE('',#11562,#2478);
#1690=LINE('',#11566,#2479);
#1691=LINE('',#11570,#2480);
#1692=LINE('',#11574,#2481);
#1693=LINE('',#11578,#2482);
#1694=LINE('',#11582,#2483);
#1695=LINE('',#11586,#2484);
#1696=LINE('',#11590,#2485);
#1697=LINE('',#11594,#2486);
#1698=LINE('',#11598,#2487);
#1699=LINE('',#11604,#2488);
#1700=LINE('',#11608,#2489);
#1701=LINE('',#11612,#2490);
#1702=LINE('',#11616,#2491);
#1703=LINE('',#11620,#2492);
#1704=LINE('',#11624,#2493);
#1705=LINE('',#11628,#2494);
#1706=LINE('',#11632,#2495);
#1707=LINE('',#11636,#2496);
#1708=LINE('',#11640,#2497);
#1709=LINE('',#11644,#2498);
#1710=LINE('',#11648,#2499);
#1711=LINE('',#11652,#2500);
#1712=LINE('',#11656,#2501);
#1713=LINE('',#11660,#2502);
#1714=LINE('',#11664,#2503);
#1715=LINE('',#11668,#2504);
#1716=LINE('',#11672,#2505);
#1717=LINE('',#11676,#2506);
#1718=LINE('',#11680,#2507);
#1719=LINE('',#11684,#2508);
#1720=LINE('',#11688,#2509);
#1721=LINE('',#11692,#2510);
#1722=LINE('',#11696,#2511);
#1723=LINE('',#11700,#2512);
#1724=LINE('',#11704,#2513);
#1725=LINE('',#11708,#2514);
#1726=LINE('',#11712,#2515);
#1727=LINE('',#11716,#2516);
#1728=LINE('',#11720,#2517);
#1729=LINE('',#11724,#2518);
#1730=LINE('',#11728,#2519);
#1731=LINE('',#11732,#2520);
#1732=LINE('',#11736,#2521);
#1733=LINE('',#11740,#2522);
#1734=LINE('',#11744,#2523);
#1735=LINE('',#11748,#2524);
#1736=LINE('',#11752,#2525);
#1737=LINE('',#11756,#2526);
#1738=LINE('',#11760,#2527);
#1739=LINE('',#11764,#2528);
#1740=LINE('',#11768,#2529);
#1741=LINE('',#11772,#2530);
#1742=LINE('',#11776,#2531);
#1743=LINE('',#11780,#2532);
#1744=LINE('',#11784,#2533);
#1745=LINE('',#11788,#2534);
#1746=LINE('',#11792,#2535);
#1747=LINE('',#11796,#2536);
#1748=LINE('',#11800,#2537);
#1749=LINE('',#11804,#2538);
#1750=LINE('',#11808,#2539);
#1751=LINE('',#11812,#2540);
#1752=LINE('',#11816,#2541);
#1753=LINE('',#11820,#2542);
#1754=LINE('',#11824,#2543);
#1755=LINE('',#11830,#2544);
#1756=LINE('',#11834,#2545);
#1757=LINE('',#11838,#2546);
#1758=LINE('',#11842,#2547);
#1759=LINE('',#11846,#2548);
#1760=LINE('',#11850,#2549);
#1761=LINE('',#11854,#2550);
#1762=LINE('',#11858,#2551);
#1763=LINE('',#11862,#2552);
#1764=LINE('',#11866,#2553);
#1765=LINE('',#11870,#2554);
#1766=LINE('',#11874,#2555);
#1767=LINE('',#11878,#2556);
#1768=LINE('',#11882,#2557);
#1769=LINE('',#11886,#2558);
#1770=LINE('',#11890,#2559);
#1771=LINE('',#11894,#2560);
#1772=LINE('',#11898,#2561);
#1773=LINE('',#11902,#2562);
#1774=LINE('',#11906,#2563);
#1775=LINE('',#11910,#2564);
#1776=LINE('',#11914,#2565);
#1777=LINE('',#11918,#2566);
#1778=LINE('',#11922,#2567);
#1779=LINE('',#11926,#2568);
#1780=LINE('',#11930,#2569);
#1781=LINE('',#11934,#2570);
#1782=LINE('',#11938,#2571);
#1783=LINE('',#11942,#2572);
#1784=LINE('',#11946,#2573);
#1785=LINE('',#11950,#2574);
#1786=LINE('',#11954,#2575);
#1787=LINE('',#11958,#2576);
#1788=LINE('',#11962,#2577);
#1789=LINE('',#11965,#2578);
#1790=LINE('',#11968,#2579);
#1791=LINE('',#11972,#2580);
#1792=LINE('',#11976,#2581);
#1793=LINE('',#11980,#2582);
#1794=LINE('',#11984,#2583);
#1795=LINE('',#11988,#2584);
#1796=LINE('',#11992,#2585);
#1797=LINE('',#11996,#2586);
#1798=LINE('',#12000,#2587);
#1799=LINE('',#12004,#2588);
#1800=LINE('',#12008,#2589);
#1801=LINE('',#12012,#2590);
#1802=LINE('',#12016,#2591);
#1803=LINE('',#12020,#2592);
#1804=LINE('',#12024,#2593);
#1805=LINE('',#12028,#2594);
#1806=LINE('',#12032,#2595);
#1807=LINE('',#12036,#2596);
#1808=LINE('',#12040,#2597);
#1809=LINE('',#12044,#2598);
#1810=LINE('',#12048,#2599);
#1811=LINE('',#12052,#2600);
#1812=LINE('',#12056,#2601);
#1813=LINE('',#12060,#2602);
#1814=LINE('',#12064,#2603);
#1815=LINE('',#12068,#2604);
#1816=LINE('',#12072,#2605);
#1817=LINE('',#12076,#2606);
#1818=LINE('',#12080,#2607);
#1819=LINE('',#12084,#2608);
#1820=LINE('',#12088,#2609);
#1821=LINE('',#12092,#2610);
#1822=LINE('',#12096,#2611);
#1823=LINE('',#12100,#2612);
#1824=LINE('',#12104,#2613);
#1825=LINE('',#12108,#2614);
#1826=LINE('',#12112,#2615);
#1827=LINE('',#12116,#2616);
#1828=LINE('',#12120,#2617);
#1829=LINE('',#12124,#2618);
#1830=LINE('',#12128,#2619);
#1831=LINE('',#12132,#2620);
#1832=LINE('',#12136,#2621);
#1833=LINE('',#12140,#2622);
#1834=LINE('',#12144,#2623);
#1835=LINE('',#12148,#2624);
#1836=LINE('',#12152,#2625);
#1837=LINE('',#12156,#2626);
#1838=LINE('',#12160,#2627);
#1839=LINE('',#12164,#2628);
#1840=LINE('',#12168,#2629);
#1841=LINE('',#12172,#2630);
#1842=LINE('',#12176,#2631);
#1843=LINE('',#12180,#2632);
#1844=LINE('',#12184,#2633);
#1845=LINE('',#12188,#2634);
#1846=LINE('',#12192,#2635);
#1847=LINE('',#12196,#2636);
#1848=LINE('',#12200,#2637);
#1849=LINE('',#12204,#2638);
#1850=LINE('',#12208,#2639);
#1851=LINE('',#12212,#2640);
#1852=LINE('',#12216,#2641);
#1853=LINE('',#12220,#2642);
#1854=LINE('',#12224,#2643);
#1855=LINE('',#12228,#2644);
#1856=LINE('',#12232,#2645);
#1857=LINE('',#12236,#2646);
#1858=LINE('',#12240,#2647);
#1859=LINE('',#12244,#2648);
#1860=LINE('',#12248,#2649);
#1861=LINE('',#12252,#2650);
#1862=LINE('',#12256,#2651);
#1863=LINE('',#12260,#2652);
#1864=LINE('',#12264,#2653);
#1865=LINE('',#12268,#2654);
#1866=LINE('',#12272,#2655);
#1867=LINE('',#12276,#2656);
#1868=LINE('',#12280,#2657);
#1869=LINE('',#12284,#2658);
#1870=LINE('',#12288,#2659);
#1871=LINE('',#12292,#2660);
#1872=LINE('',#12296,#2661);
#1873=LINE('',#12300,#2662);
#1874=LINE('',#12306,#2663);
#1875=LINE('',#12310,#2664);
#1876=LINE('',#12314,#2665);
#1877=LINE('',#12318,#2666);
#1878=LINE('',#12322,#2667);
#1879=LINE('',#12326,#2668);
#1880=LINE('',#12330,#2669);
#1881=LINE('',#12334,#2670);
#1882=LINE('',#12338,#2671);
#1883=LINE('',#12342,#2672);
#1884=LINE('',#12346,#2673);
#1885=LINE('',#12350,#2674);
#1886=LINE('',#12356,#2675);
#1887=LINE('',#12360,#2676);
#1888=LINE('',#12364,#2677);
#1889=LINE('',#12368,#2678);
#1890=LINE('',#12372,#2679);
#1891=LINE('',#12376,#2680);
#1892=LINE('',#12380,#2681);
#1893=LINE('',#12384,#2682);
#1894=LINE('',#12388,#2683);
#1895=LINE('',#12392,#2684);
#1896=LINE('',#12396,#2685);
#1897=LINE('',#12400,#2686);
#1898=LINE('',#12404,#2687);
#1899=LINE('',#12408,#2688);
#1900=LINE('',#12412,#2689);
#1901=LINE('',#12416,#2690);
#1902=LINE('',#12420,#2691);
#1903=LINE('',#12424,#2692);
#1904=LINE('',#12428,#2693);
#1905=LINE('',#12432,#2694);
#1906=LINE('',#12436,#2695);
#1907=LINE('',#12440,#2696);
#1908=LINE('',#12444,#2697);
#1909=LINE('',#12448,#2698);
#1910=LINE('',#12452,#2699);
#1911=LINE('',#12456,#2700);
#1912=LINE('',#12460,#2701);
#1913=LINE('',#12464,#2702);
#1914=LINE('',#12468,#2703);
#1915=LINE('',#12472,#2704);
#1916=LINE('',#12476,#2705);
#1917=LINE('',#12480,#2706);
#1918=LINE('',#12484,#2707);
#1919=LINE('',#12488,#2708);
#1920=LINE('',#12492,#2709);
#1921=LINE('',#12496,#2710);
#1922=LINE('',#12500,#2711);
#1923=LINE('',#12504,#2712);
#1924=LINE('',#12508,#2713);
#1925=LINE('',#12512,#2714);
#1926=LINE('',#12516,#2715);
#1927=LINE('',#12520,#2716);
#1928=LINE('',#12524,#2717);
#1929=LINE('',#12528,#2718);
#1930=LINE('',#12532,#2719);
#1931=LINE('',#12536,#2720);
#1932=LINE('',#12540,#2721);
#1933=LINE('',#12544,#2722);
#1934=LINE('',#12548,#2723);
#1935=LINE('',#12552,#2724);
#1936=LINE('',#12556,#2725);
#1937=LINE('',#12560,#2726);
#1938=LINE('',#12564,#2727);
#1939=LINE('',#12568,#2728);
#1940=LINE('',#12572,#2729);
#1941=LINE('',#12576,#2730);
#1942=LINE('',#12582,#2731);
#1943=LINE('',#12586,#2732);
#1944=LINE('',#12590,#2733);
#1945=LINE('',#12594,#2734);
#1946=LINE('',#12598,#2735);
#1947=LINE('',#12602,#2736);
#1948=LINE('',#12606,#2737);
#1949=LINE('',#12610,#2738);
#1950=LINE('',#12614,#2739);
#1951=LINE('',#12618,#2740);
#1952=LINE('',#12622,#2741);
#1953=LINE('',#12626,#2742);
#1954=LINE('',#12630,#2743);
#1955=LINE('',#12634,#2744);
#1956=LINE('',#12638,#2745);
#1957=LINE('',#12642,#2746);
#1958=LINE('',#12646,#2747);
#1959=LINE('',#12650,#2748);
#1960=LINE('',#12654,#2749);
#1961=LINE('',#12658,#2750);
#1962=LINE('',#12662,#2751);
#1963=LINE('',#12666,#2752);
#1964=LINE('',#12670,#2753);
#1965=LINE('',#12674,#2754);
#1966=LINE('',#12678,#2755);
#1967=LINE('',#12682,#2756);
#1968=LINE('',#12686,#2757);
#1969=LINE('',#12690,#2758);
#1970=LINE('',#12694,#2759);
#1971=LINE('',#12698,#2760);
#1972=LINE('',#12702,#2761);
#1973=LINE('',#12706,#2762);
#1974=LINE('',#12709,#2763);
#1975=LINE('',#12711,#2764);
#1976=LINE('',#12712,#2765);
#1977=LINE('',#12714,#2766);
#1978=LINE('',#12717,#2767);
#1979=LINE('',#12718,#2768);
#1980=LINE('',#12720,#2769);
#1981=LINE('',#12722,#2770);
#1982=LINE('',#12724,#2771);
#1983=LINE('',#12726,#2772);
#1984=LINE('',#12728,#2773);
#1985=LINE('',#12730,#2774);
#1986=LINE('',#12733,#2775);
#1987=LINE('',#12734,#2776);
#1988=LINE('',#12736,#2777);
#1989=LINE('',#12738,#2778);
#1990=LINE('',#12740,#2779);
#1991=LINE('',#12742,#2780);
#1992=LINE('',#12744,#2781);
#1993=LINE('',#12746,#2782);
#1994=LINE('',#12749,#2783);
#1995=LINE('',#12750,#2784);
#1996=LINE('',#12752,#2785);
#1997=LINE('',#12754,#2786);
#1998=LINE('',#12756,#2787);
#1999=LINE('',#12758,#2788);
#2000=LINE('',#12760,#2789);
#2001=LINE('',#12762,#2790);
#2002=LINE('',#12765,#2791);
#2003=LINE('',#12766,#2792);
#2004=LINE('',#12768,#2793);
#2005=LINE('',#12770,#2794);
#2006=LINE('',#12772,#2795);
#2007=LINE('',#12774,#2796);
#2008=LINE('',#12776,#2797);
#2009=LINE('',#12778,#2798);
#2010=LINE('',#12781,#2799);
#2011=LINE('',#12782,#2800);
#2012=LINE('',#12784,#2801);
#2013=LINE('',#12786,#2802);
#2014=LINE('',#12788,#2803);
#2015=LINE('',#12790,#2804);
#2016=LINE('',#12792,#2805);
#2017=LINE('',#12794,#2806);
#2018=LINE('',#12797,#2807);
#2019=LINE('',#12798,#2808);
#2020=LINE('',#12800,#2809);
#2021=LINE('',#12802,#2810);
#2022=LINE('',#12804,#2811);
#2023=LINE('',#12806,#2812);
#2024=LINE('',#12808,#2813);
#2025=LINE('',#12810,#2814);
#2026=LINE('',#12813,#2815);
#2027=LINE('',#12814,#2816);
#2028=LINE('',#12816,#2817);
#2029=LINE('',#12818,#2818);
#2030=LINE('',#12820,#2819);
#2031=LINE('',#12822,#2820);
#2032=LINE('',#12824,#2821);
#2033=LINE('',#12826,#2822);
#2034=LINE('',#12829,#2823);
#2035=LINE('',#12830,#2824);
#2036=LINE('',#12832,#2825);
#2037=LINE('',#12834,#2826);
#2038=LINE('',#12836,#2827);
#2039=LINE('',#12838,#2828);
#2040=LINE('',#12840,#2829);
#2041=LINE('',#12842,#2830);
#2042=LINE('',#12845,#2831);
#2043=LINE('',#12846,#2832);
#2044=LINE('',#12848,#2833);
#2045=LINE('',#12850,#2834);
#2046=LINE('',#12852,#2835);
#2047=LINE('',#12854,#2836);
#2048=LINE('',#12856,#2837);
#2049=LINE('',#12858,#2838);
#2050=LINE('',#12861,#2839);
#2051=LINE('',#12862,#2840);
#2052=LINE('',#12864,#2841);
#2053=LINE('',#12866,#2842);
#2054=LINE('',#12868,#2843);
#2055=LINE('',#12870,#2844);
#2056=LINE('',#12872,#2845);
#2057=LINE('',#12874,#2846);
#2058=LINE('',#12877,#2847);
#2059=LINE('',#12878,#2848);
#2060=LINE('',#12880,#2849);
#2061=LINE('',#12882,#2850);
#2062=LINE('',#12884,#2851);
#2063=LINE('',#12886,#2852);
#2064=LINE('',#12888,#2853);
#2065=LINE('',#12890,#2854);
#2066=LINE('',#12893,#2855);
#2067=LINE('',#12894,#2856);
#2068=LINE('',#12896,#2857);
#2069=LINE('',#12898,#2858);
#2070=LINE('',#12900,#2859);
#2071=LINE('',#12902,#2860);
#2072=LINE('',#12904,#2861);
#2073=LINE('',#12906,#2862);
#2074=LINE('',#12909,#2863);
#2075=LINE('',#12910,#2864);
#2076=LINE('',#12912,#2865);
#2077=LINE('',#12914,#2866);
#2078=LINE('',#12916,#2867);
#2079=LINE('',#12918,#2868);
#2080=LINE('',#12920,#2869);
#2081=LINE('',#12922,#2870);
#2082=LINE('',#12925,#2871);
#2083=LINE('',#12926,#2872);
#2084=LINE('',#12928,#2873);
#2085=LINE('',#12930,#2874);
#2086=LINE('',#12932,#2875);
#2087=LINE('',#12934,#2876);
#2088=LINE('',#12936,#2877);
#2089=LINE('',#12938,#2878);
#2090=LINE('',#12941,#2879);
#2091=LINE('',#12942,#2880);
#2092=LINE('',#12944,#2881);
#2093=LINE('',#12946,#2882);
#2094=LINE('',#12948,#2883);
#2095=LINE('',#12950,#2884);
#2096=LINE('',#12952,#2885);
#2097=LINE('',#12954,#2886);
#2098=LINE('',#12957,#2887);
#2099=LINE('',#12958,#2888);
#2100=LINE('',#12960,#2889);
#2101=LINE('',#12962,#2890);
#2102=LINE('',#12964,#2891);
#2103=LINE('',#12966,#2892);
#2104=LINE('',#12968,#2893);
#2105=LINE('',#12970,#2894);
#2106=LINE('',#12973,#2895);
#2107=LINE('',#12974,#2896);
#2108=LINE('',#12976,#2897);
#2109=LINE('',#12978,#2898);
#2110=LINE('',#12980,#2899);
#2111=LINE('',#12982,#2900);
#2112=LINE('',#12984,#2901);
#2113=LINE('',#12986,#2902);
#2114=LINE('',#12989,#2903);
#2115=LINE('',#12990,#2904);
#2116=LINE('',#12992,#2905);
#2117=LINE('',#12994,#2906);
#2118=LINE('',#12996,#2907);
#2119=LINE('',#12998,#2908);
#2120=LINE('',#13000,#2909);
#2121=LINE('',#13002,#2910);
#2122=LINE('',#13005,#2911);
#2123=LINE('',#13006,#2912);
#2124=LINE('',#13008,#2913);
#2125=LINE('',#13010,#2914);
#2126=LINE('',#13012,#2915);
#2127=LINE('',#13014,#2916);
#2128=LINE('',#13016,#2917);
#2129=LINE('',#13018,#2918);
#2130=LINE('',#13021,#2919);
#2131=LINE('',#13022,#2920);
#2132=LINE('',#13024,#2921);
#2133=LINE('',#13026,#2922);
#2134=LINE('',#13028,#2923);
#2135=LINE('',#13030,#2924);
#2136=LINE('',#13032,#2925);
#2137=LINE('',#13034,#2926);
#2138=LINE('',#13037,#2927);
#2139=LINE('',#13038,#2928);
#2140=LINE('',#13040,#2929);
#2141=LINE('',#13042,#2930);
#2142=LINE('',#13044,#2931);
#2143=LINE('',#13046,#2932);
#2144=LINE('',#13048,#2933);
#2145=LINE('',#13050,#2934);
#2146=LINE('',#13053,#2935);
#2147=LINE('',#13055,#2936);
#2148=LINE('',#13056,#2937);
#2149=LINE('',#13058,#2938);
#2150=LINE('',#13060,#2939);
#2151=LINE('',#13062,#2940);
#2152=LINE('',#13064,#2941);
#2153=LINE('',#13066,#2942);
#2154=LINE('',#13068,#2943);
#2155=LINE('',#13071,#2944);
#2156=LINE('',#13072,#2945);
#2157=LINE('',#13074,#2946);
#2158=LINE('',#13076,#2947);
#2159=LINE('',#13078,#2948);
#2160=LINE('',#13080,#2949);
#2161=LINE('',#13082,#2950);
#2162=LINE('',#13084,#2951);
#2163=LINE('',#13087,#2952);
#2164=LINE('',#13088,#2953);
#2165=LINE('',#13090,#2954);
#2166=LINE('',#13092,#2955);
#2167=LINE('',#13094,#2956);
#2168=LINE('',#13096,#2957);
#2169=LINE('',#13098,#2958);
#2170=LINE('',#13100,#2959);
#2171=LINE('',#13103,#2960);
#2172=LINE('',#13105,#2961);
#2173=LINE('',#13106,#2962);
#2174=LINE('',#13108,#2963);
#2175=LINE('',#13110,#2964);
#2176=LINE('',#13112,#2965);
#2177=LINE('',#13114,#2966);
#2178=LINE('',#13116,#2967);
#2179=LINE('',#13118,#2968);
#2180=LINE('',#13121,#2969);
#2181=LINE('',#13122,#2970);
#2182=LINE('',#13124,#2971);
#2183=LINE('',#13126,#2972);
#2184=LINE('',#13128,#2973);
#2185=LINE('',#13130,#2974);
#2186=LINE('',#13132,#2975);
#2187=LINE('',#13134,#2976);
#2188=LINE('',#13137,#2977);
#2189=LINE('',#13138,#2978);
#2190=LINE('',#13140,#2979);
#2191=LINE('',#13142,#2980);
#2192=LINE('',#13144,#2981);
#2193=LINE('',#13146,#2982);
#2194=LINE('',#13148,#2983);
#2195=LINE('',#13150,#2984);
#2196=LINE('',#13153,#2985);
#2197=LINE('',#13154,#2986);
#2198=LINE('',#13156,#2987);
#2199=LINE('',#13158,#2988);
#2200=LINE('',#13160,#2989);
#2201=LINE('',#13162,#2990);
#2202=LINE('',#13164,#2991);
#2203=LINE('',#13166,#2992);
#2204=LINE('',#13169,#2993);
#2205=LINE('',#13170,#2994);
#2206=LINE('',#13172,#2995);
#2207=LINE('',#13174,#2996);
#2208=LINE('',#13176,#2997);
#2209=LINE('',#13178,#2998);
#2210=LINE('',#13180,#2999);
#2211=LINE('',#13182,#3000);
#2212=LINE('',#13185,#3001);
#2213=LINE('',#13186,#3002);
#2214=LINE('',#13188,#3003);
#2215=LINE('',#13190,#3004);
#2216=LINE('',#13192,#3005);
#2217=LINE('',#13194,#3006);
#2218=LINE('',#13196,#3007);
#2219=LINE('',#13198,#3008);
#2220=LINE('',#13201,#3009);
#2221=LINE('',#13202,#3010);
#2222=LINE('',#13204,#3011);
#2223=LINE('',#13206,#3012);
#2224=LINE('',#13208,#3013);
#2225=LINE('',#13210,#3014);
#2226=LINE('',#13212,#3015);
#2227=LINE('',#13214,#3016);
#2228=LINE('',#13217,#3017);
#2229=LINE('',#13218,#3018);
#2230=LINE('',#13220,#3019);
#2231=LINE('',#13222,#3020);
#2232=LINE('',#13224,#3021);
#2233=LINE('',#13226,#3022);
#2234=LINE('',#13228,#3023);
#2235=LINE('',#13230,#3024);
#2236=LINE('',#13233,#3025);
#2237=LINE('',#13234,#3026);
#2238=LINE('',#13236,#3027);
#2239=LINE('',#13238,#3028);
#2240=LINE('',#13240,#3029);
#2241=LINE('',#13242,#3030);
#2242=LINE('',#13244,#3031);
#2243=LINE('',#13246,#3032);
#2244=LINE('',#13249,#3033);
#2245=LINE('',#13250,#3034);
#2246=LINE('',#13252,#3035);
#2247=LINE('',#13254,#3036);
#2248=LINE('',#13256,#3037);
#2249=LINE('',#13258,#3038);
#2250=LINE('',#13260,#3039);
#2251=LINE('',#13262,#3040);
#2252=LINE('',#13265,#3041);
#2253=LINE('',#13266,#3042);
#2254=LINE('',#13268,#3043);
#2255=LINE('',#13270,#3044);
#2256=LINE('',#13272,#3045);
#2257=LINE('',#13274,#3046);
#2258=LINE('',#13276,#3047);
#2259=LINE('',#13278,#3048);
#2260=LINE('',#13281,#3049);
#2261=LINE('',#13282,#3050);
#2262=LINE('',#13284,#3051);
#2263=LINE('',#13286,#3052);
#2264=LINE('',#13288,#3053);
#2265=LINE('',#13290,#3054);
#2266=LINE('',#13292,#3055);
#2267=LINE('',#13294,#3056);
#2268=LINE('',#13297,#3057);
#2269=LINE('',#13298,#3058);
#2270=LINE('',#13300,#3059);
#2271=LINE('',#13302,#3060);
#2272=LINE('',#13304,#3061);
#2273=LINE('',#13306,#3062);
#2274=LINE('',#13308,#3063);
#2275=LINE('',#13310,#3064);
#2276=LINE('',#13313,#3065);
#2277=LINE('',#13314,#3066);
#2278=LINE('',#13316,#3067);
#2279=LINE('',#13318,#3068);
#2280=LINE('',#13320,#3069);
#2281=LINE('',#13322,#3070);
#2282=LINE('',#13324,#3071);
#2283=LINE('',#13326,#3072);
#2284=LINE('',#13329,#3073);
#2285=LINE('',#13331,#3074);
#2286=LINE('',#13332,#3075);
#2287=LINE('',#13334,#3076);
#2288=LINE('',#13336,#3077);
#2289=LINE('',#13338,#3078);
#2290=LINE('',#13340,#3079);
#2291=LINE('',#13342,#3080);
#2292=LINE('',#13344,#3081);
#2293=LINE('',#13347,#3082);
#2294=LINE('',#13348,#3083);
#2295=LINE('',#13350,#3084);
#2296=LINE('',#13352,#3085);
#2297=LINE('',#13354,#3086);
#2298=LINE('',#13356,#3087);
#2299=LINE('',#13358,#3088);
#2300=LINE('',#13360,#3089);
#2301=LINE('',#13363,#3090);
#2302=LINE('',#13364,#3091);
#2303=LINE('',#13366,#3092);
#2304=LINE('',#13368,#3093);
#2305=LINE('',#13370,#3094);
#2306=LINE('',#13372,#3095);
#2307=LINE('',#13374,#3096);
#2308=LINE('',#13376,#3097);
#2309=LINE('',#13379,#3098);
#2310=LINE('',#13380,#3099);
#2311=LINE('',#13382,#3100);
#2312=LINE('',#13384,#3101);
#2313=LINE('',#13386,#3102);
#2314=LINE('',#13388,#3103);
#2315=LINE('',#13390,#3104);
#2316=LINE('',#13392,#3105);
#2317=LINE('',#13395,#3106);
#2318=LINE('',#13396,#3107);
#2319=LINE('',#13398,#3108);
#2320=LINE('',#13400,#3109);
#2321=LINE('',#13402,#3110);
#2322=LINE('',#13404,#3111);
#2323=LINE('',#13406,#3112);
#2324=LINE('',#13408,#3113);
#2325=LINE('',#13411,#3114);
#2326=LINE('',#13412,#3115);
#2327=LINE('',#13414,#3116);
#2328=LINE('',#13416,#3117);
#2329=LINE('',#13418,#3118);
#2330=LINE('',#13420,#3119);
#2331=LINE('',#13422,#3120);
#2332=LINE('',#13424,#3121);
#2333=LINE('',#13427,#3122);
#2334=LINE('',#13428,#3123);
#2335=LINE('',#13430,#3124);
#2336=LINE('',#13432,#3125);
#2337=LINE('',#13434,#3126);
#2338=LINE('',#13436,#3127);
#2339=LINE('',#13438,#3128);
#2340=LINE('',#13440,#3129);
#2341=LINE('',#13443,#3130);
#2342=LINE('',#13444,#3131);
#2343=LINE('',#13446,#3132);
#2344=LINE('',#13448,#3133);
#2345=LINE('',#13450,#3134);
#2346=LINE('',#13452,#3135);
#2347=LINE('',#13454,#3136);
#2348=LINE('',#13456,#3137);
#2349=VECTOR('',#8797,10.);
#2350=VECTOR('',#8798,10.);
#2351=VECTOR('',#8799,10.);
#2352=VECTOR('',#8800,10.);
#2353=VECTOR('',#8803,10.);
#2354=VECTOR('',#8804,10.);
#2355=VECTOR('',#8805,10.);
#2356=VECTOR('',#8808,10.);
#2357=VECTOR('',#8809,10.);
#2358=VECTOR('',#8810,10.);
#2359=VECTOR('',#8813,10.);
#2360=VECTOR('',#8814,10.);
#2361=VECTOR('',#8815,10.);
#2362=VECTOR('',#8818,10.);
#2363=VECTOR('',#8819,10.);
#2364=VECTOR('',#8820,10.);
#2365=VECTOR('',#8823,10.);
#2366=VECTOR('',#8824,10.);
#2367=VECTOR('',#8825,10.);
#2368=VECTOR('',#8828,10.);
#2369=VECTOR('',#8829,10.);
#2370=VECTOR('',#8830,10.);
#2371=VECTOR('',#8833,10.);
#2372=VECTOR('',#8834,10.);
#2373=VECTOR('',#8835,10.);
#2374=VECTOR('',#8838,10.);
#2375=VECTOR('',#8839,10.);
#2376=VECTOR('',#8840,10.);
#2377=VECTOR('',#8843,10.);
#2378=VECTOR('',#8844,10.);
#2379=VECTOR('',#8845,10.);
#2380=VECTOR('',#8848,10.);
#2381=VECTOR('',#8849,10.);
#2382=VECTOR('',#8850,10.);
#2383=VECTOR('',#8851,10.);
#2384=VECTOR('',#8854,10.);
#2385=VECTOR('',#8855,10.);
#2386=VECTOR('',#8858,10.);
#2387=VECTOR('',#8859,10.);
#2388=VECTOR('',#8860,10.);
#2389=VECTOR('',#8863,10.);
#2390=VECTOR('',#8866,10.);
#2391=VECTOR('',#8869,10.);
#2392=VECTOR('',#8870,10.);
#2393=VECTOR('',#8873,10.);
#2394=VECTOR('',#8876,10.);
#2395=VECTOR('',#8879,10.);
#2396=VECTOR('',#8882,10.);
#2397=VECTOR('',#8885,10.);
#2398=VECTOR('',#8888,10.);
#2399=VECTOR('',#8891,10.);
#2400=VECTOR('',#8894,10.);
#2401=VECTOR('',#8897,10.);
#2402=VECTOR('',#8900,10.);
#2403=VECTOR('',#8903,10.);
#2404=VECTOR('',#8906,10.);
#2405=VECTOR('',#8909,10.);
#2406=VECTOR('',#8912,10.);
#2407=VECTOR('',#8915,10.);
#2408=VECTOR('',#8918,10.);
#2409=VECTOR('',#8921,10.);
#2410=VECTOR('',#8924,10.);
#2411=VECTOR('',#8927,10.);
#2412=VECTOR('',#8930,10.);
#2413=VECTOR('',#8933,10.);
#2414=VECTOR('',#8936,10.);
#2415=VECTOR('',#8939,10.);
#2416=VECTOR('',#8942,10.);
#2417=VECTOR('',#8945,10.);
#2418=VECTOR('',#8948,10.);
#2419=VECTOR('',#8951,10.);
#2420=VECTOR('',#8954,10.);
#2421=VECTOR('',#8957,10.);
#2422=VECTOR('',#8960,10.);
#2423=VECTOR('',#8963,10.);
#2424=VECTOR('',#8966,10.);
#2425=VECTOR('',#8969,10.);
#2426=VECTOR('',#8972,10.);
#2427=VECTOR('',#8975,10.);
#2428=VECTOR('',#8978,10.);
#2429=VECTOR('',#8981,10.);
#2430=VECTOR('',#8984,10.);
#2431=VECTOR('',#8987,10.);
#2432=VECTOR('',#8990,10.);
#2433=VECTOR('',#8993,10.);
#2434=VECTOR('',#8996,10.);
#2435=VECTOR('',#8999,10.);
#2436=VECTOR('',#9002,10.);
#2437=VECTOR('',#9005,10.);
#2438=VECTOR('',#9008,10.);
#2439=VECTOR('',#9011,10.);
#2440=VECTOR('',#9014,10.);
#2441=VECTOR('',#9017,10.);
#2442=VECTOR('',#9020,10.);
#2443=VECTOR('',#9023,10.);
#2444=VECTOR('',#9026,10.);
#2445=VECTOR('',#9029,10.);
#2446=VECTOR('',#9032,10.);
#2447=VECTOR('',#9035,10.);
#2448=VECTOR('',#9038,10.);
#2449=VECTOR('',#9041,10.);
#2450=VECTOR('',#9044,10.);
#2451=VECTOR('',#9047,10.);
#2452=VECTOR('',#9050,10.);
#2453=VECTOR('',#9053,10.);
#2454=VECTOR('',#9056,10.);
#2455=VECTOR('',#9059,10.);
#2456=VECTOR('',#9062,10.);
#2457=VECTOR('',#9065,10.);
#2458=VECTOR('',#9068,10.);
#2459=VECTOR('',#9071,10.);
#2460=VECTOR('',#9074,10.);
#2461=VECTOR('',#9077,10.);
#2462=VECTOR('',#9080,10.);
#2463=VECTOR('',#9083,10.);
#2464=VECTOR('',#9086,10.);
#2465=VECTOR('',#9089,10.);
#2466=VECTOR('',#9092,10.);
#2467=VECTOR('',#9095,10.);
#2468=VECTOR('',#9098,10.);
#2469=VECTOR('',#9101,10.);
#2470=VECTOR('',#9104,10.);
#2471=VECTOR('',#9107,10.);
#2472=VECTOR('',#9110,10.);
#2473=VECTOR('',#9113,10.);
#2474=VECTOR('',#9116,10.);
#2475=VECTOR('',#9119,10.);
#2476=VECTOR('',#9124,10.);
#2477=VECTOR('',#9127,10.);
#2478=VECTOR('',#9130,10.);
#2479=VECTOR('',#9133,10.);
#2480=VECTOR('',#9136,10.);
#2481=VECTOR('',#9139,10.);
#2482=VECTOR('',#9142,10.);
#2483=VECTOR('',#9145,10.);
#2484=VECTOR('',#9148,10.);
#2485=VECTOR('',#9151,10.);
#2486=VECTOR('',#9154,10.);
#2487=VECTOR('',#9157,10.);
#2488=VECTOR('',#9162,10.);
#2489=VECTOR('',#9165,10.);
#2490=VECTOR('',#9168,10.);
#2491=VECTOR('',#9171,10.);
#2492=VECTOR('',#9174,10.);
#2493=VECTOR('',#9177,10.);
#2494=VECTOR('',#9180,10.);
#2495=VECTOR('',#9183,10.);
#2496=VECTOR('',#9186,10.);
#2497=VECTOR('',#9189,10.);
#2498=VECTOR('',#9192,10.);
#2499=VECTOR('',#9195,10.);
#2500=VECTOR('',#9198,10.);
#2501=VECTOR('',#9201,10.);
#2502=VECTOR('',#9204,10.);
#2503=VECTOR('',#9207,10.);
#2504=VECTOR('',#9210,10.);
#2505=VECTOR('',#9213,10.);
#2506=VECTOR('',#9216,10.);
#2507=VECTOR('',#9219,10.);
#2508=VECTOR('',#9222,10.);
#2509=VECTOR('',#9225,10.);
#2510=VECTOR('',#9228,10.);
#2511=VECTOR('',#9231,10.);
#2512=VECTOR('',#9234,10.);
#2513=VECTOR('',#9237,10.);
#2514=VECTOR('',#9240,10.);
#2515=VECTOR('',#9243,10.);
#2516=VECTOR('',#9246,10.);
#2517=VECTOR('',#9249,10.);
#2518=VECTOR('',#9252,10.);
#2519=VECTOR('',#9255,10.);
#2520=VECTOR('',#9258,10.);
#2521=VECTOR('',#9261,10.);
#2522=VECTOR('',#9264,10.);
#2523=VECTOR('',#9267,10.);
#2524=VECTOR('',#9270,10.);
#2525=VECTOR('',#9273,10.);
#2526=VECTOR('',#9276,10.);
#2527=VECTOR('',#9279,10.);
#2528=VECTOR('',#9282,10.);
#2529=VECTOR('',#9285,10.);
#2530=VECTOR('',#9288,10.);
#2531=VECTOR('',#9291,10.);
#2532=VECTOR('',#9294,10.);
#2533=VECTOR('',#9297,10.);
#2534=VECTOR('',#9300,10.);
#2535=VECTOR('',#9303,10.);
#2536=VECTOR('',#9306,10.);
#2537=VECTOR('',#9309,10.);
#2538=VECTOR('',#9312,10.);
#2539=VECTOR('',#9315,10.);
#2540=VECTOR('',#9318,10.);
#2541=VECTOR('',#9321,10.);
#2542=VECTOR('',#9324,10.);
#2543=VECTOR('',#9327,10.);
#2544=VECTOR('',#9332,10.);
#2545=VECTOR('',#9335,10.);
#2546=VECTOR('',#9338,10.);
#2547=VECTOR('',#9341,10.);
#2548=VECTOR('',#9344,10.);
#2549=VECTOR('',#9347,10.);
#2550=VECTOR('',#9350,10.);
#2551=VECTOR('',#9353,10.);
#2552=VECTOR('',#9356,10.);
#2553=VECTOR('',#9359,10.);
#2554=VECTOR('',#9362,10.);
#2555=VECTOR('',#9365,10.);
#2556=VECTOR('',#9368,10.);
#2557=VECTOR('',#9371,10.);
#2558=VECTOR('',#9374,10.);
#2559=VECTOR('',#9377,10.);
#2560=VECTOR('',#9380,10.);
#2561=VECTOR('',#9383,10.);
#2562=VECTOR('',#9386,10.);
#2563=VECTOR('',#9389,10.);
#2564=VECTOR('',#9392,10.);
#2565=VECTOR('',#9395,10.);
#2566=VECTOR('',#9398,10.);
#2567=VECTOR('',#9401,10.);
#2568=VECTOR('',#9404,10.);
#2569=VECTOR('',#9407,10.);
#2570=VECTOR('',#9410,10.);
#2571=VECTOR('',#9413,10.);
#2572=VECTOR('',#9416,10.);
#2573=VECTOR('',#9419,10.);
#2574=VECTOR('',#9422,10.);
#2575=VECTOR('',#9425,10.);
#2576=VECTOR('',#9430,10.);
#2577=VECTOR('',#9433,10.);
#2578=VECTOR('',#9436,10.);
#2579=VECTOR('',#9437,10.);
#2580=VECTOR('',#9440,10.);
#2581=VECTOR('',#9443,10.);
#2582=VECTOR('',#9446,10.);
#2583=VECTOR('',#9449,10.);
#2584=VECTOR('',#9452,10.);
#2585=VECTOR('',#9455,10.);
#2586=VECTOR('',#9458,10.);
#2587=VECTOR('',#9461,10.);
#2588=VECTOR('',#9464,10.);
#2589=VECTOR('',#9467,10.);
#2590=VECTOR('',#9470,10.);
#2591=VECTOR('',#9473,10.);
#2592=VECTOR('',#9476,10.);
#2593=VECTOR('',#9479,10.);
#2594=VECTOR('',#9482,10.);
#2595=VECTOR('',#9485,10.);
#2596=VECTOR('',#9488,10.);
#2597=VECTOR('',#9491,10.);
#2598=VECTOR('',#9494,10.);
#2599=VECTOR('',#9497,10.);
#2600=VECTOR('',#9500,10.);
#2601=VECTOR('',#9503,10.);
#2602=VECTOR('',#9506,10.);
#2603=VECTOR('',#9509,10.);
#2604=VECTOR('',#9512,10.);
#2605=VECTOR('',#9515,10.);
#2606=VECTOR('',#9518,10.);
#2607=VECTOR('',#9521,10.);
#2608=VECTOR('',#9524,10.);
#2609=VECTOR('',#9527,10.);
#2610=VECTOR('',#9530,10.);
#2611=VECTOR('',#9533,10.);
#2612=VECTOR('',#9536,10.);
#2613=VECTOR('',#9539,10.);
#2614=VECTOR('',#9542,10.);
#2615=VECTOR('',#9545,10.);
#2616=VECTOR('',#9548,10.);
#2617=VECTOR('',#9551,10.);
#2618=VECTOR('',#9554,10.);
#2619=VECTOR('',#9557,10.);
#2620=VECTOR('',#9560,10.);
#2621=VECTOR('',#9563,10.);
#2622=VECTOR('',#9566,10.);
#2623=VECTOR('',#9569,10.);
#2624=VECTOR('',#9572,10.);
#2625=VECTOR('',#9575,10.);
#2626=VECTOR('',#9578,10.);
#2627=VECTOR('',#9581,10.);
#2628=VECTOR('',#9584,10.);
#2629=VECTOR('',#9587,10.);
#2630=VECTOR('',#9590,10.);
#2631=VECTOR('',#9593,10.);
#2632=VECTOR('',#9596,10.);
#2633=VECTOR('',#9599,10.);
#2634=VECTOR('',#9602,10.);
#2635=VECTOR('',#9605,10.);
#2636=VECTOR('',#9608,10.);
#2637=VECTOR('',#9611,10.);
#2638=VECTOR('',#9614,10.);
#2639=VECTOR('',#9617,10.);
#2640=VECTOR('',#9620,10.);
#2641=VECTOR('',#9623,10.);
#2642=VECTOR('',#9626,10.);
#2643=VECTOR('',#9629,10.);
#2644=VECTOR('',#9632,10.);
#2645=VECTOR('',#9635,10.);
#2646=VECTOR('',#9638,10.);
#2647=VECTOR('',#9641,10.);
#2648=VECTOR('',#9644,10.);
#2649=VECTOR('',#9647,10.);
#2650=VECTOR('',#9650,10.);
#2651=VECTOR('',#9653,10.);
#2652=VECTOR('',#9656,10.);
#2653=VECTOR('',#9659,10.);
#2654=VECTOR('',#9662,10.);
#2655=VECTOR('',#9665,10.);
#2656=VECTOR('',#9668,10.);
#2657=VECTOR('',#9671,10.);
#2658=VECTOR('',#9674,10.);
#2659=VECTOR('',#9677,10.);
#2660=VECTOR('',#9680,10.);
#2661=VECTOR('',#9683,10.);
#2662=VECTOR('',#9686,10.);
#2663=VECTOR('',#9691,10.);
#2664=VECTOR('',#9694,10.);
#2665=VECTOR('',#9697,10.);
#2666=VECTOR('',#9700,10.);
#2667=VECTOR('',#9703,10.);
#2668=VECTOR('',#9706,10.);
#2669=VECTOR('',#9709,10.);
#2670=VECTOR('',#9712,10.);
#2671=VECTOR('',#9715,10.);
#2672=VECTOR('',#9718,10.);
#2673=VECTOR('',#9721,10.);
#2674=VECTOR('',#9724,10.);
#2675=VECTOR('',#9729,10.);
#2676=VECTOR('',#9732,10.);
#2677=VECTOR('',#9735,10.);
#2678=VECTOR('',#9738,10.);
#2679=VECTOR('',#9741,10.);
#2680=VECTOR('',#9744,10.);
#2681=VECTOR('',#9747,10.);
#2682=VECTOR('',#9750,10.);
#2683=VECTOR('',#9753,10.);
#2684=VECTOR('',#9756,10.);
#2685=VECTOR('',#9759,10.);
#2686=VECTOR('',#9762,10.);
#2687=VECTOR('',#9765,10.);
#2688=VECTOR('',#9768,10.);
#2689=VECTOR('',#9771,10.);
#2690=VECTOR('',#9774,10.);
#2691=VECTOR('',#9777,10.);
#2692=VECTOR('',#9780,10.);
#2693=VECTOR('',#9783,10.);
#2694=VECTOR('',#9786,10.);
#2695=VECTOR('',#9789,10.);
#2696=VECTOR('',#9792,10.);
#2697=VECTOR('',#9795,10.);
#2698=VECTOR('',#9798,10.);
#2699=VECTOR('',#9801,10.);
#2700=VECTOR('',#9804,10.);
#2701=VECTOR('',#9807,10.);
#2702=VECTOR('',#9810,10.);
#2703=VECTOR('',#9813,10.);
#2704=VECTOR('',#9816,10.);
#2705=VECTOR('',#9819,10.);
#2706=VECTOR('',#9822,10.);
#2707=VECTOR('',#9825,10.);
#2708=VECTOR('',#9828,10.);
#2709=VECTOR('',#9831,10.);
#2710=VECTOR('',#9834,10.);
#2711=VECTOR('',#9837,10.);
#2712=VECTOR('',#9840,10.);
#2713=VECTOR('',#9843,10.);
#2714=VECTOR('',#9846,10.);
#2715=VECTOR('',#9849,10.);
#2716=VECTOR('',#9852,10.);
#2717=VECTOR('',#9855,10.);
#2718=VECTOR('',#9858,10.);
#2719=VECTOR('',#9861,10.);
#2720=VECTOR('',#9864,10.);
#2721=VECTOR('',#9867,10.);
#2722=VECTOR('',#9870,10.);
#2723=VECTOR('',#9873,10.);
#2724=VECTOR('',#9876,10.);
#2725=VECTOR('',#9879,10.);
#2726=VECTOR('',#9882,10.);
#2727=VECTOR('',#9885,10.);
#2728=VECTOR('',#9888,10.);
#2729=VECTOR('',#9891,10.);
#2730=VECTOR('',#9894,10.);
#2731=VECTOR('',#9899,10.);
#2732=VECTOR('',#9902,10.);
#2733=VECTOR('',#9905,10.);
#2734=VECTOR('',#9908,10.);
#2735=VECTOR('',#9911,10.);
#2736=VECTOR('',#9914,10.);
#2737=VECTOR('',#9917,10.);
#2738=VECTOR('',#9920,10.);
#2739=VECTOR('',#9923,10.);
#2740=VECTOR('',#9926,10.);
#2741=VECTOR('',#9929,10.);
#2742=VECTOR('',#9932,10.);
#2743=VECTOR('',#9935,10.);
#2744=VECTOR('',#9938,10.);
#2745=VECTOR('',#9941,10.);
#2746=VECTOR('',#9944,10.);
#2747=VECTOR('',#9947,10.);
#2748=VECTOR('',#9950,10.);
#2749=VECTOR('',#9953,10.);
#2750=VECTOR('',#9956,10.);
#2751=VECTOR('',#9959,10.);
#2752=VECTOR('',#9962,10.);
#2753=VECTOR('',#9965,10.);
#2754=VECTOR('',#9968,10.);
#2755=VECTOR('',#9971,10.);
#2756=VECTOR('',#9974,10.);
#2757=VECTOR('',#9977,10.);
#2758=VECTOR('',#9980,10.);
#2759=VECTOR('',#9983,10.);
#2760=VECTOR('',#9986,10.);
#2761=VECTOR('',#9989,10.);
#2762=VECTOR('',#9992,10.);
#2763=VECTOR('',#9997,10.);
#2764=VECTOR('',#10000,10.);
#2765=VECTOR('',#10001,10.);
#2766=VECTOR('',#10004,10.);
#2767=VECTOR('',#10009,10.);
#2768=VECTOR('',#10010,10.);
#2769=VECTOR('',#10013,10.);
#2770=VECTOR('',#10016,10.);
#2771=VECTOR('',#10019,10.);
#2772=VECTOR('',#10022,10.);
#2773=VECTOR('',#10025,10.);
#2774=VECTOR('',#10028,10.);
#2775=VECTOR('',#10033,10.);
#2776=VECTOR('',#10034,10.);
#2777=VECTOR('',#10037,10.);
#2778=VECTOR('',#10040,10.);
#2779=VECTOR('',#10043,10.);
#2780=VECTOR('',#10046,10.);
#2781=VECTOR('',#10049,10.);
#2782=VECTOR('',#10052,10.);
#2783=VECTOR('',#10057,10.);
#2784=VECTOR('',#10058,10.);
#2785=VECTOR('',#10061,10.);
#2786=VECTOR('',#10064,10.);
#2787=VECTOR('',#10067,10.);
#2788=VECTOR('',#10070,10.);
#2789=VECTOR('',#10073,10.);
#2790=VECTOR('',#10076,10.);
#2791=VECTOR('',#10081,10.);
#2792=VECTOR('',#10082,10.);
#2793=VECTOR('',#10085,10.);
#2794=VECTOR('',#10088,10.);
#2795=VECTOR('',#10091,10.);
#2796=VECTOR('',#10094,10.);
#2797=VECTOR('',#10097,10.);
#2798=VECTOR('',#10100,10.);
#2799=VECTOR('',#10105,10.);
#2800=VECTOR('',#10106,10.);
#2801=VECTOR('',#10109,10.);
#2802=VECTOR('',#10112,10.);
#2803=VECTOR('',#10115,10.);
#2804=VECTOR('',#10118,10.);
#2805=VECTOR('',#10121,10.);
#2806=VECTOR('',#10124,10.);
#2807=VECTOR('',#10129,10.);
#2808=VECTOR('',#10130,10.);
#2809=VECTOR('',#10133,10.);
#2810=VECTOR('',#10136,10.);
#2811=VECTOR('',#10139,10.);
#2812=VECTOR('',#10142,10.);
#2813=VECTOR('',#10145,10.);
#2814=VECTOR('',#10148,10.);
#2815=VECTOR('',#10153,10.);
#2816=VECTOR('',#10154,10.);
#2817=VECTOR('',#10157,10.);
#2818=VECTOR('',#10160,10.);
#2819=VECTOR('',#10163,10.);
#2820=VECTOR('',#10166,10.);
#2821=VECTOR('',#10169,10.);
#2822=VECTOR('',#10172,10.);
#2823=VECTOR('',#10177,10.);
#2824=VECTOR('',#10178,10.);
#2825=VECTOR('',#10181,10.);
#2826=VECTOR('',#10184,10.);
#2827=VECTOR('',#10187,10.);
#2828=VECTOR('',#10190,10.);
#2829=VECTOR('',#10193,10.);
#2830=VECTOR('',#10196,10.);
#2831=VECTOR('',#10201,10.);
#2832=VECTOR('',#10202,10.);
#2833=VECTOR('',#10205,10.);
#2834=VECTOR('',#10208,10.);
#2835=VECTOR('',#10211,10.);
#2836=VECTOR('',#10214,10.);
#2837=VECTOR('',#10217,10.);
#2838=VECTOR('',#10220,10.);
#2839=VECTOR('',#10225,10.);
#2840=VECTOR('',#10226,10.);
#2841=VECTOR('',#10229,10.);
#2842=VECTOR('',#10232,10.);
#2843=VECTOR('',#10235,10.);
#2844=VECTOR('',#10238,10.);
#2845=VECTOR('',#10241,10.);
#2846=VECTOR('',#10244,10.);
#2847=VECTOR('',#10249,10.);
#2848=VECTOR('',#10250,10.);
#2849=VECTOR('',#10253,10.);
#2850=VECTOR('',#10256,10.);
#2851=VECTOR('',#10259,10.);
#2852=VECTOR('',#10262,10.);
#2853=VECTOR('',#10265,10.);
#2854=VECTOR('',#10268,10.);
#2855=VECTOR('',#10273,10.);
#2856=VECTOR('',#10274,10.);
#2857=VECTOR('',#10277,10.);
#2858=VECTOR('',#10280,10.);
#2859=VECTOR('',#10283,10.);
#2860=VECTOR('',#10286,10.);
#2861=VECTOR('',#10289,10.);
#2862=VECTOR('',#10292,10.);
#2863=VECTOR('',#10297,10.);
#2864=VECTOR('',#10298,10.);
#2865=VECTOR('',#10301,10.);
#2866=VECTOR('',#10304,10.);
#2867=VECTOR('',#10307,10.);
#2868=VECTOR('',#10310,10.);
#2869=VECTOR('',#10313,10.);
#2870=VECTOR('',#10316,10.);
#2871=VECTOR('',#10321,10.);
#2872=VECTOR('',#10322,10.);
#2873=VECTOR('',#10325,10.);
#2874=VECTOR('',#10328,10.);
#2875=VECTOR('',#10331,10.);
#2876=VECTOR('',#10334,10.);
#2877=VECTOR('',#10337,10.);
#2878=VECTOR('',#10340,10.);
#2879=VECTOR('',#10345,10.);
#2880=VECTOR('',#10346,10.);
#2881=VECTOR('',#10349,10.);
#2882=VECTOR('',#10352,10.);
#2883=VECTOR('',#10355,10.);
#2884=VECTOR('',#10358,10.);
#2885=VECTOR('',#10361,10.);
#2886=VECTOR('',#10364,10.);
#2887=VECTOR('',#10369,10.);
#2888=VECTOR('',#10370,10.);
#2889=VECTOR('',#10373,10.);
#2890=VECTOR('',#10376,10.);
#2891=VECTOR('',#10379,10.);
#2892=VECTOR('',#10382,10.);
#2893=VECTOR('',#10385,10.);
#2894=VECTOR('',#10388,10.);
#2895=VECTOR('',#10393,10.);
#2896=VECTOR('',#10394,10.);
#2897=VECTOR('',#10397,10.);
#2898=VECTOR('',#10400,10.);
#2899=VECTOR('',#10403,10.);
#2900=VECTOR('',#10406,10.);
#2901=VECTOR('',#10409,10.);
#2902=VECTOR('',#10412,10.);
#2903=VECTOR('',#10417,10.);
#2904=VECTOR('',#10418,10.);
#2905=VECTOR('',#10421,10.);
#2906=VECTOR('',#10424,10.);
#2907=VECTOR('',#10427,10.);
#2908=VECTOR('',#10430,10.);
#2909=VECTOR('',#10433,10.);
#2910=VECTOR('',#10436,10.);
#2911=VECTOR('',#10441,10.);
#2912=VECTOR('',#10442,10.);
#2913=VECTOR('',#10445,10.);
#2914=VECTOR('',#10448,10.);
#2915=VECTOR('',#10451,10.);
#2916=VECTOR('',#10454,10.);
#2917=VECTOR('',#10457,10.);
#2918=VECTOR('',#10460,10.);
#2919=VECTOR('',#10465,10.);
#2920=VECTOR('',#10466,10.);
#2921=VECTOR('',#10469,10.);
#2922=VECTOR('',#10472,10.);
#2923=VECTOR('',#10475,10.);
#2924=VECTOR('',#10478,10.);
#2925=VECTOR('',#10481,10.);
#2926=VECTOR('',#10484,10.);
#2927=VECTOR('',#10489,10.);
#2928=VECTOR('',#10490,10.);
#2929=VECTOR('',#10493,10.);
#2930=VECTOR('',#10496,10.);
#2931=VECTOR('',#10499,10.);
#2932=VECTOR('',#10502,10.);
#2933=VECTOR('',#10505,10.);
#2934=VECTOR('',#10508,10.);
#2935=VECTOR('',#10513,1.70000000000002);
#2936=VECTOR('',#10516,10.);
#2937=VECTOR('',#10517,10.);
#2938=VECTOR('',#10520,10.);
#2939=VECTOR('',#10523,10.);
#2940=VECTOR('',#10526,10.);
#2941=VECTOR('',#10529,10.);
#2942=VECTOR('',#10532,10.);
#2943=VECTOR('',#10535,10.);
#2944=VECTOR('',#10540,10.);
#2945=VECTOR('',#10541,10.);
#2946=VECTOR('',#10544,10.);
#2947=VECTOR('',#10547,10.);
#2948=VECTOR('',#10550,10.);
#2949=VECTOR('',#10553,10.);
#2950=VECTOR('',#10556,10.);
#2951=VECTOR('',#10559,10.);
#2952=VECTOR('',#10564,10.);
#2953=VECTOR('',#10565,10.);
#2954=VECTOR('',#10568,10.);
#2955=VECTOR('',#10571,10.);
#2956=VECTOR('',#10574,10.);
#2957=VECTOR('',#10577,10.);
#2958=VECTOR('',#10580,10.);
#2959=VECTOR('',#10583,10.);
#2960=VECTOR('',#10588,1.70000000000002);
#2961=VECTOR('',#10591,10.);
#2962=VECTOR('',#10592,10.);
#2963=VECTOR('',#10595,10.);
#2964=VECTOR('',#10598,10.);
#2965=VECTOR('',#10601,10.);
#2966=VECTOR('',#10604,10.);
#2967=VECTOR('',#10607,10.);
#2968=VECTOR('',#10610,10.);
#2969=VECTOR('',#10615,10.);
#2970=VECTOR('',#10616,10.);
#2971=VECTOR('',#10619,10.);
#2972=VECTOR('',#10622,10.);
#2973=VECTOR('',#10625,10.);
#2974=VECTOR('',#10628,10.);
#2975=VECTOR('',#10631,10.);
#2976=VECTOR('',#10634,10.);
#2977=VECTOR('',#10639,10.);
#2978=VECTOR('',#10640,10.);
#2979=VECTOR('',#10643,10.);
#2980=VECTOR('',#10646,10.);
#2981=VECTOR('',#10649,10.);
#2982=VECTOR('',#10652,10.);
#2983=VECTOR('',#10655,10.);
#2984=VECTOR('',#10658,10.);
#2985=VECTOR('',#10663,10.);
#2986=VECTOR('',#10664,10.);
#2987=VECTOR('',#10667,10.);
#2988=VECTOR('',#10670,10.);
#2989=VECTOR('',#10673,10.);
#2990=VECTOR('',#10676,10.);
#2991=VECTOR('',#10679,10.);
#2992=VECTOR('',#10682,10.);
#2993=VECTOR('',#10687,10.);
#2994=VECTOR('',#10688,10.);
#2995=VECTOR('',#10691,10.);
#2996=VECTOR('',#10694,10.);
#2997=VECTOR('',#10697,10.);
#2998=VECTOR('',#10700,10.);
#2999=VECTOR('',#10703,10.);
#3000=VECTOR('',#10706,10.);
#3001=VECTOR('',#10711,10.);
#3002=VECTOR('',#10712,10.);
#3003=VECTOR('',#10715,10.);
#3004=VECTOR('',#10718,10.);
#3005=VECTOR('',#10721,10.);
#3006=VECTOR('',#10724,10.);
#3007=VECTOR('',#10727,10.);
#3008=VECTOR('',#10730,10.);
#3009=VECTOR('',#10735,10.);
#3010=VECTOR('',#10736,10.);
#3011=VECTOR('',#10739,10.);
#3012=VECTOR('',#10742,10.);
#3013=VECTOR('',#10745,10.);
#3014=VECTOR('',#10748,10.);
#3015=VECTOR('',#10751,10.);
#3016=VECTOR('',#10754,10.);
#3017=VECTOR('',#10759,10.);
#3018=VECTOR('',#10760,10.);
#3019=VECTOR('',#10763,10.);
#3020=VECTOR('',#10766,10.);
#3021=VECTOR('',#10769,10.);
#3022=VECTOR('',#10772,10.);
#3023=VECTOR('',#10775,10.);
#3024=VECTOR('',#10778,10.);
#3025=VECTOR('',#10783,10.);
#3026=VECTOR('',#10784,10.);
#3027=VECTOR('',#10787,10.);
#3028=VECTOR('',#10790,10.);
#3029=VECTOR('',#10793,10.);
#3030=VECTOR('',#10796,10.);
#3031=VECTOR('',#10799,10.);
#3032=VECTOR('',#10802,10.);
#3033=VECTOR('',#10807,10.);
#3034=VECTOR('',#10808,10.);
#3035=VECTOR('',#10811,10.);
#3036=VECTOR('',#10814,10.);
#3037=VECTOR('',#10817,10.);
#3038=VECTOR('',#10820,10.);
#3039=VECTOR('',#10823,10.);
#3040=VECTOR('',#10826,10.);
#3041=VECTOR('',#10831,10.);
#3042=VECTOR('',#10832,10.);
#3043=VECTOR('',#10835,10.);
#3044=VECTOR('',#10838,10.);
#3045=VECTOR('',#10841,10.);
#3046=VECTOR('',#10844,10.);
#3047=VECTOR('',#10847,10.);
#3048=VECTOR('',#10850,10.);
#3049=VECTOR('',#10855,10.);
#3050=VECTOR('',#10856,10.);
#3051=VECTOR('',#10859,10.);
#3052=VECTOR('',#10862,10.);
#3053=VECTOR('',#10865,10.);
#3054=VECTOR('',#10868,10.);
#3055=VECTOR('',#10871,10.);
#3056=VECTOR('',#10874,10.);
#3057=VECTOR('',#10879,10.);
#3058=VECTOR('',#10880,10.);
#3059=VECTOR('',#10883,10.);
#3060=VECTOR('',#10886,10.);
#3061=VECTOR('',#10889,10.);
#3062=VECTOR('',#10892,10.);
#3063=VECTOR('',#10895,10.);
#3064=VECTOR('',#10898,10.);
#3065=VECTOR('',#10903,10.);
#3066=VECTOR('',#10904,10.);
#3067=VECTOR('',#10907,10.);
#3068=VECTOR('',#10910,10.);
#3069=VECTOR('',#10913,10.);
#3070=VECTOR('',#10916,10.);
#3071=VECTOR('',#10919,10.);
#3072=VECTOR('',#10922,10.);
#3073=VECTOR('',#10927,1.70000000000002);
#3074=VECTOR('',#10930,10.);
#3075=VECTOR('',#10931,10.);
#3076=VECTOR('',#10934,10.);
#3077=VECTOR('',#10937,10.);
#3078=VECTOR('',#10940,10.);
#3079=VECTOR('',#10943,10.);
#3080=VECTOR('',#10946,10.);
#3081=VECTOR('',#10949,10.);
#3082=VECTOR('',#10954,10.);
#3083=VECTOR('',#10955,10.);
#3084=VECTOR('',#10958,10.);
#3085=VECTOR('',#10961,10.);
#3086=VECTOR('',#10964,10.);
#3087=VECTOR('',#10967,10.);
#3088=VECTOR('',#10970,10.);
#3089=VECTOR('',#10973,10.);
#3090=VECTOR('',#10978,10.);
#3091=VECTOR('',#10979,10.);
#3092=VECTOR('',#10982,10.);
#3093=VECTOR('',#10985,10.);
#3094=VECTOR('',#10988,10.);
#3095=VECTOR('',#10991,10.);
#3096=VECTOR('',#10994,10.);
#3097=VECTOR('',#10997,10.);
#3098=VECTOR('',#11002,10.);
#3099=VECTOR('',#11003,10.);
#3100=VECTOR('',#11006,10.);
#3101=VECTOR('',#11009,10.);
#3102=VECTOR('',#11012,10.);
#3103=VECTOR('',#11015,10.);
#3104=VECTOR('',#11018,10.);
#3105=VECTOR('',#11021,10.);
#3106=VECTOR('',#11026,10.);
#3107=VECTOR('',#11027,10.);
#3108=VECTOR('',#11030,10.);
#3109=VECTOR('',#11033,10.);
#3110=VECTOR('',#11036,10.);
#3111=VECTOR('',#11039,10.);
#3112=VECTOR('',#11042,10.);
#3113=VECTOR('',#11045,10.);
#3114=VECTOR('',#11050,10.);
#3115=VECTOR('',#11051,10.);
#3116=VECTOR('',#11054,10.);
#3117=VECTOR('',#11057,10.);
#3118=VECTOR('',#11060,10.);
#3119=VECTOR('',#11063,10.);
#3120=VECTOR('',#11066,10.);
#3121=VECTOR('',#11069,10.);
#3122=VECTOR('',#11074,10.);
#3123=VECTOR('',#11075,10.);
#3124=VECTOR('',#11078,10.);
#3125=VECTOR('',#11081,10.);
#3126=VECTOR('',#11084,10.);
#3127=VECTOR('',#11087,10.);
#3128=VECTOR('',#11090,10.);
#3129=VECTOR('',#11093,10.);
#3130=VECTOR('',#11098,10.);
#3131=VECTOR('',#11099,10.);
#3132=VECTOR('',#11102,10.);
#3133=VECTOR('',#11105,10.);
#3134=VECTOR('',#11108,10.);
#3135=VECTOR('',#11111,10.);
#3136=VECTOR('',#11114,10.);
#3137=VECTOR('',#11117,10.);
#3138=VERTEX_POINT('',#11124);
#3139=VERTEX_POINT('',#11125);
#3140=VERTEX_POINT('',#11127);
#3141=VERTEX_POINT('',#11129);
#3142=VERTEX_POINT('',#11133);
#3143=VERTEX_POINT('',#11135);
#3144=VERTEX_POINT('',#11139);
#3145=VERTEX_POINT('',#11141);
#3146=VERTEX_POINT('',#11145);
#3147=VERTEX_POINT('',#11147);
#3148=VERTEX_POINT('',#11151);
#3149=VERTEX_POINT('',#11153);
#3150=VERTEX_POINT('',#11157);
#3151=VERTEX_POINT('',#11159);
#3152=VERTEX_POINT('',#11163);
#3153=VERTEX_POINT('',#11165);
#3154=VERTEX_POINT('',#11169);
#3155=VERTEX_POINT('',#11171);
#3156=VERTEX_POINT('',#11175);
#3157=VERTEX_POINT('',#11177);
#3158=VERTEX_POINT('',#11181);
#3159=VERTEX_POINT('',#11183);
#3160=VERTEX_POINT('',#11187);
#3161=VERTEX_POINT('',#11188);
#3162=VERTEX_POINT('',#11190);
#3163=VERTEX_POINT('',#11192);
#3164=VERTEX_POINT('',#11199);
#3165=VERTEX_POINT('',#11201);
#3166=VERTEX_POINT('',#11205);
#3167=VERTEX_POINT('',#11207);
#3168=VERTEX_POINT('',#11209);
#3169=VERTEX_POINT('',#11211);
#3170=VERTEX_POINT('',#11214);
#3171=VERTEX_POINT('',#11215);
#3172=VERTEX_POINT('',#11217);
#3173=VERTEX_POINT('',#11219);
#3174=VERTEX_POINT('',#11221);
#3175=VERTEX_POINT('',#11223);
#3176=VERTEX_POINT('',#11225);
#3177=VERTEX_POINT('',#11227);
#3178=VERTEX_POINT('',#11230);
#3179=VERTEX_POINT('',#11231);
#3180=VERTEX_POINT('',#11233);
#3181=VERTEX_POINT('',#11235);
#3182=VERTEX_POINT('',#11237);
#3183=VERTEX_POINT('',#11239);
#3184=VERTEX_POINT('',#11241);
#3185=VERTEX_POINT('',#11243);
#3186=VERTEX_POINT('',#11246);
#3187=VERTEX_POINT('',#11247);
#3188=VERTEX_POINT('',#11249);
#3189=VERTEX_POINT('',#11251);
#3190=VERTEX_POINT('',#11253);
#3191=VERTEX_POINT('',#11255);
#3192=VERTEX_POINT('',#11257);
#3193=VERTEX_POINT('',#11259);
#3194=VERTEX_POINT('',#11262);
#3195=VERTEX_POINT('',#11263);
#3196=VERTEX_POINT('',#11265);
#3197=VERTEX_POINT('',#11267);
#3198=VERTEX_POINT('',#11269);
#3199=VERTEX_POINT('',#11271);
#3200=VERTEX_POINT('',#11273);
#3201=VERTEX_POINT('',#11275);
#3202=VERTEX_POINT('',#11278);
#3203=VERTEX_POINT('',#11279);
#3204=VERTEX_POINT('',#11281);
#3205=VERTEX_POINT('',#11283);
#3206=VERTEX_POINT('',#11285);
#3207=VERTEX_POINT('',#11287);
#3208=VERTEX_POINT('',#11289);
#3209=VERTEX_POINT('',#11291);
#3210=VERTEX_POINT('',#11294);
#3211=VERTEX_POINT('',#11295);
#3212=VERTEX_POINT('',#11297);
#3213=VERTEX_POINT('',#11299);
#3214=VERTEX_POINT('',#11301);
#3215=VERTEX_POINT('',#11303);
#3216=VERTEX_POINT('',#11305);
#3217=VERTEX_POINT('',#11307);
#3218=VERTEX_POINT('',#11310);
#3219=VERTEX_POINT('',#11311);
#3220=VERTEX_POINT('',#11313);
#3221=VERTEX_POINT('',#11315);
#3222=VERTEX_POINT('',#11317);
#3223=VERTEX_POINT('',#11319);
#3224=VERTEX_POINT('',#11321);
#3225=VERTEX_POINT('',#11323);
#3226=VERTEX_POINT('',#11326);
#3227=VERTEX_POINT('',#11327);
#3228=VERTEX_POINT('',#11329);
#3229=VERTEX_POINT('',#11331);
#3230=VERTEX_POINT('',#11333);
#3231=VERTEX_POINT('',#11335);
#3232=VERTEX_POINT('',#11337);
#3233=VERTEX_POINT('',#11339);
#3234=VERTEX_POINT('',#11342);
#3235=VERTEX_POINT('',#11343);
#3236=VERTEX_POINT('',#11345);
#3237=VERTEX_POINT('',#11347);
#3238=VERTEX_POINT('',#11349);
#3239=VERTEX_POINT('',#11351);
#3240=VERTEX_POINT('',#11353);
#3241=VERTEX_POINT('',#11355);
#3242=VERTEX_POINT('',#11358);
#3243=VERTEX_POINT('',#11359);
#3244=VERTEX_POINT('',#11361);
#3245=VERTEX_POINT('',#11363);
#3246=VERTEX_POINT('',#11365);
#3247=VERTEX_POINT('',#11367);
#3248=VERTEX_POINT('',#11369);
#3249=VERTEX_POINT('',#11371);
#3250=VERTEX_POINT('',#11374);
#3251=VERTEX_POINT('',#11375);
#3252=VERTEX_POINT('',#11377);
#3253=VERTEX_POINT('',#11379);
#3254=VERTEX_POINT('',#11381);
#3255=VERTEX_POINT('',#11383);
#3256=VERTEX_POINT('',#11385);
#3257=VERTEX_POINT('',#11387);
#3258=VERTEX_POINT('',#11390);
#3259=VERTEX_POINT('',#11391);
#3260=VERTEX_POINT('',#11393);
#3261=VERTEX_POINT('',#11395);
#3262=VERTEX_POINT('',#11397);
#3263=VERTEX_POINT('',#11399);
#3264=VERTEX_POINT('',#11401);
#3265=VERTEX_POINT('',#11403);
#3266=VERTEX_POINT('',#11406);
#3267=VERTEX_POINT('',#11407);
#3268=VERTEX_POINT('',#11409);
#3269=VERTEX_POINT('',#11411);
#3270=VERTEX_POINT('',#11413);
#3271=VERTEX_POINT('',#11415);
#3272=VERTEX_POINT('',#11417);
#3273=VERTEX_POINT('',#11419);
#3274=VERTEX_POINT('',#11422);
#3275=VERTEX_POINT('',#11423);
#3276=VERTEX_POINT('',#11425);
#3277=VERTEX_POINT('',#11427);
#3278=VERTEX_POINT('',#11429);
#3279=VERTEX_POINT('',#11431);
#3280=VERTEX_POINT('',#11433);
#3281=VERTEX_POINT('',#11435);
#3282=VERTEX_POINT('',#11438);
#3283=VERTEX_POINT('',#11439);
#3284=VERTEX_POINT('',#11441);
#3285=VERTEX_POINT('',#11443);
#3286=VERTEX_POINT('',#11445);
#3287=VERTEX_POINT('',#11447);
#3288=VERTEX_POINT('',#11449);
#3289=VERTEX_POINT('',#11451);
#3290=VERTEX_POINT('',#11454);
#3291=VERTEX_POINT('',#11455);
#3292=VERTEX_POINT('',#11457);
#3293=VERTEX_POINT('',#11459);
#3294=VERTEX_POINT('',#11461);
#3295=VERTEX_POINT('',#11463);
#3296=VERTEX_POINT('',#11465);
#3297=VERTEX_POINT('',#11467);
#3298=VERTEX_POINT('',#11470);
#3299=VERTEX_POINT('',#11471);
#3300=VERTEX_POINT('',#11473);
#3301=VERTEX_POINT('',#11475);
#3302=VERTEX_POINT('',#11477);
#3303=VERTEX_POINT('',#11479);
#3304=VERTEX_POINT('',#11481);
#3305=VERTEX_POINT('',#11483);
#3306=VERTEX_POINT('',#11486);
#3307=VERTEX_POINT('',#11487);
#3308=VERTEX_POINT('',#11489);
#3309=VERTEX_POINT('',#11491);
#3310=VERTEX_POINT('',#11493);
#3311=VERTEX_POINT('',#11495);
#3312=VERTEX_POINT('',#11497);
#3313=VERTEX_POINT('',#11499);
#3314=VERTEX_POINT('',#11502);
#3315=VERTEX_POINT('',#11503);
#3316=VERTEX_POINT('',#11505);
#3317=VERTEX_POINT('',#11507);
#3318=VERTEX_POINT('',#11509);
#3319=VERTEX_POINT('',#11511);
#3320=VERTEX_POINT('',#11513);
#3321=VERTEX_POINT('',#11515);
#3322=VERTEX_POINT('',#11518);
#3323=VERTEX_POINT('',#11519);
#3324=VERTEX_POINT('',#11521);
#3325=VERTEX_POINT('',#11523);
#3326=VERTEX_POINT('',#11525);
#3327=VERTEX_POINT('',#11527);
#3328=VERTEX_POINT('',#11529);
#3329=VERTEX_POINT('',#11531);
#3330=VERTEX_POINT('',#11534);
#3331=VERTEX_POINT('',#11535);
#3332=VERTEX_POINT('',#11537);
#3333=VERTEX_POINT('',#11539);
#3334=VERTEX_POINT('',#11541);
#3335=VERTEX_POINT('',#11543);
#3336=VERTEX_POINT('',#11545);
#3337=VERTEX_POINT('',#11547);
#3338=VERTEX_POINT('',#11550);
#3339=VERTEX_POINT('',#11552);
#3340=VERTEX_POINT('',#11553);
#3341=VERTEX_POINT('',#11555);
#3342=VERTEX_POINT('',#11557);
#3343=VERTEX_POINT('',#11559);
#3344=VERTEX_POINT('',#11561);
#3345=VERTEX_POINT('',#11563);
#3346=VERTEX_POINT('',#11565);
#3347=VERTEX_POINT('',#11568);
#3348=VERTEX_POINT('',#11569);
#3349=VERTEX_POINT('',#11571);
#3350=VERTEX_POINT('',#11573);
#3351=VERTEX_POINT('',#11575);
#3352=VERTEX_POINT('',#11577);
#3353=VERTEX_POINT('',#11579);
#3354=VERTEX_POINT('',#11581);
#3355=VERTEX_POINT('',#11584);
#3356=VERTEX_POINT('',#11585);
#3357=VERTEX_POINT('',#11587);
#3358=VERTEX_POINT('',#11589);
#3359=VERTEX_POINT('',#11591);
#3360=VERTEX_POINT('',#11593);
#3361=VERTEX_POINT('',#11595);
#3362=VERTEX_POINT('',#11597);
#3363=VERTEX_POINT('',#11600);
#3364=VERTEX_POINT('',#11602);
#3365=VERTEX_POINT('',#11603);
#3366=VERTEX_POINT('',#11605);
#3367=VERTEX_POINT('',#11607);
#3368=VERTEX_POINT('',#11609);
#3369=VERTEX_POINT('',#11611);
#3370=VERTEX_POINT('',#11613);
#3371=VERTEX_POINT('',#11615);
#3372=VERTEX_POINT('',#11618);
#3373=VERTEX_POINT('',#11619);
#3374=VERTEX_POINT('',#11621);
#3375=VERTEX_POINT('',#11623);
#3376=VERTEX_POINT('',#11625);
#3377=VERTEX_POINT('',#11627);
#3378=VERTEX_POINT('',#11629);
#3379=VERTEX_POINT('',#11631);
#3380=VERTEX_POINT('',#11634);
#3381=VERTEX_POINT('',#11635);
#3382=VERTEX_POINT('',#11637);
#3383=VERTEX_POINT('',#11639);
#3384=VERTEX_POINT('',#11641);
#3385=VERTEX_POINT('',#11643);
#3386=VERTEX_POINT('',#11645);
#3387=VERTEX_POINT('',#11647);
#3388=VERTEX_POINT('',#11650);
#3389=VERTEX_POINT('',#11651);
#3390=VERTEX_POINT('',#11653);
#3391=VERTEX_POINT('',#11655);
#3392=VERTEX_POINT('',#11657);
#3393=VERTEX_POINT('',#11659);
#3394=VERTEX_POINT('',#11661);
#3395=VERTEX_POINT('',#11663);
#3396=VERTEX_POINT('',#11666);
#3397=VERTEX_POINT('',#11667);
#3398=VERTEX_POINT('',#11669);
#3399=VERTEX_POINT('',#11671);
#3400=VERTEX_POINT('',#11673);
#3401=VERTEX_POINT('',#11675);
#3402=VERTEX_POINT('',#11677);
#3403=VERTEX_POINT('',#11679);
#3404=VERTEX_POINT('',#11682);
#3405=VERTEX_POINT('',#11683);
#3406=VERTEX_POINT('',#11685);
#3407=VERTEX_POINT('',#11687);
#3408=VERTEX_POINT('',#11689);
#3409=VERTEX_POINT('',#11691);
#3410=VERTEX_POINT('',#11693);
#3411=VERTEX_POINT('',#11695);
#3412=VERTEX_POINT('',#11698);
#3413=VERTEX_POINT('',#11699);
#3414=VERTEX_POINT('',#11701);
#3415=VERTEX_POINT('',#11703);
#3416=VERTEX_POINT('',#11705);
#3417=VERTEX_POINT('',#11707);
#3418=VERTEX_POINT('',#11709);
#3419=VERTEX_POINT('',#11711);
#3420=VERTEX_POINT('',#11714);
#3421=VERTEX_POINT('',#11715);
#3422=VERTEX_POINT('',#11717);
#3423=VERTEX_POINT('',#11719);
#3424=VERTEX_POINT('',#11721);
#3425=VERTEX_POINT('',#11723);
#3426=VERTEX_POINT('',#11725);
#3427=VERTEX_POINT('',#11727);
#3428=VERTEX_POINT('',#11730);
#3429=VERTEX_POINT('',#11731);
#3430=VERTEX_POINT('',#11733);
#3431=VERTEX_POINT('',#11735);
#3432=VERTEX_POINT('',#11737);
#3433=VERTEX_POINT('',#11739);
#3434=VERTEX_POINT('',#11741);
#3435=VERTEX_POINT('',#11743);
#3436=VERTEX_POINT('',#11746);
#3437=VERTEX_POINT('',#11747);
#3438=VERTEX_POINT('',#11749);
#3439=VERTEX_POINT('',#11751);
#3440=VERTEX_POINT('',#11753);
#3441=VERTEX_POINT('',#11755);
#3442=VERTEX_POINT('',#11757);
#3443=VERTEX_POINT('',#11759);
#3444=VERTEX_POINT('',#11762);
#3445=VERTEX_POINT('',#11763);
#3446=VERTEX_POINT('',#11765);
#3447=VERTEX_POINT('',#11767);
#3448=VERTEX_POINT('',#11769);
#3449=VERTEX_POINT('',#11771);
#3450=VERTEX_POINT('',#11773);
#3451=VERTEX_POINT('',#11775);
#3452=VERTEX_POINT('',#11778);
#3453=VERTEX_POINT('',#11779);
#3454=VERTEX_POINT('',#11781);
#3455=VERTEX_POINT('',#11783);
#3456=VERTEX_POINT('',#11785);
#3457=VERTEX_POINT('',#11787);
#3458=VERTEX_POINT('',#11789);
#3459=VERTEX_POINT('',#11791);
#3460=VERTEX_POINT('',#11794);
#3461=VERTEX_POINT('',#11795);
#3462=VERTEX_POINT('',#11797);
#3463=VERTEX_POINT('',#11799);
#3464=VERTEX_POINT('',#11801);
#3465=VERTEX_POINT('',#11803);
#3466=VERTEX_POINT('',#11805);
#3467=VERTEX_POINT('',#11807);
#3468=VERTEX_POINT('',#11810);
#3469=VERTEX_POINT('',#11811);
#3470=VERTEX_POINT('',#11813);
#3471=VERTEX_POINT('',#11815);
#3472=VERTEX_POINT('',#11817);
#3473=VERTEX_POINT('',#11819);
#3474=VERTEX_POINT('',#11821);
#3475=VERTEX_POINT('',#11823);
#3476=VERTEX_POINT('',#11826);
#3477=VERTEX_POINT('',#11828);
#3478=VERTEX_POINT('',#11829);
#3479=VERTEX_POINT('',#11831);
#3480=VERTEX_POINT('',#11833);
#3481=VERTEX_POINT('',#11835);
#3482=VERTEX_POINT('',#11837);
#3483=VERTEX_POINT('',#11839);
#3484=VERTEX_POINT('',#11841);
#3485=VERTEX_POINT('',#11844);
#3486=VERTEX_POINT('',#11845);
#3487=VERTEX_POINT('',#11847);
#3488=VERTEX_POINT('',#11849);
#3489=VERTEX_POINT('',#11851);
#3490=VERTEX_POINT('',#11853);
#3491=VERTEX_POINT('',#11855);
#3492=VERTEX_POINT('',#11857);
#3493=VERTEX_POINT('',#11860);
#3494=VERTEX_POINT('',#11861);
#3495=VERTEX_POINT('',#11863);
#3496=VERTEX_POINT('',#11865);
#3497=VERTEX_POINT('',#11867);
#3498=VERTEX_POINT('',#11869);
#3499=VERTEX_POINT('',#11871);
#3500=VERTEX_POINT('',#11873);
#3501=VERTEX_POINT('',#11876);
#3502=VERTEX_POINT('',#11877);
#3503=VERTEX_POINT('',#11879);
#3504=VERTEX_POINT('',#11881);
#3505=VERTEX_POINT('',#11883);
#3506=VERTEX_POINT('',#11885);
#3507=VERTEX_POINT('',#11887);
#3508=VERTEX_POINT('',#11889);
#3509=VERTEX_POINT('',#11892);
#3510=VERTEX_POINT('',#11893);
#3511=VERTEX_POINT('',#11895);
#3512=VERTEX_POINT('',#11897);
#3513=VERTEX_POINT('',#11899);
#3514=VERTEX_POINT('',#11901);
#3515=VERTEX_POINT('',#11903);
#3516=VERTEX_POINT('',#11905);
#3517=VERTEX_POINT('',#11908);
#3518=VERTEX_POINT('',#11909);
#3519=VERTEX_POINT('',#11911);
#3520=VERTEX_POINT('',#11913);
#3521=VERTEX_POINT('',#11915);
#3522=VERTEX_POINT('',#11917);
#3523=VERTEX_POINT('',#11919);
#3524=VERTEX_POINT('',#11921);
#3525=VERTEX_POINT('',#11924);
#3526=VERTEX_POINT('',#11925);
#3527=VERTEX_POINT('',#11927);
#3528=VERTEX_POINT('',#11929);
#3529=VERTEX_POINT('',#11931);
#3530=VERTEX_POINT('',#11933);
#3531=VERTEX_POINT('',#11935);
#3532=VERTEX_POINT('',#11937);
#3533=VERTEX_POINT('',#11940);
#3534=VERTEX_POINT('',#11941);
#3535=VERTEX_POINT('',#11943);
#3536=VERTEX_POINT('',#11945);
#3537=VERTEX_POINT('',#11947);
#3538=VERTEX_POINT('',#11949);
#3539=VERTEX_POINT('',#11951);
#3540=VERTEX_POINT('',#11953);
#3541=VERTEX_POINT('',#11957);
#3542=VERTEX_POINT('',#11959);
#3543=VERTEX_POINT('',#11961);
#3544=VERTEX_POINT('',#11963);
#3545=VERTEX_POINT('',#11966);
#3546=VERTEX_POINT('',#11967);
#3547=VERTEX_POINT('',#11969);
#3548=VERTEX_POINT('',#11971);
#3549=VERTEX_POINT('',#11973);
#3550=VERTEX_POINT('',#11975);
#3551=VERTEX_POINT('',#11977);
#3552=VERTEX_POINT('',#11979);
#3553=VERTEX_POINT('',#11982);
#3554=VERTEX_POINT('',#11983);
#3555=VERTEX_POINT('',#11985);
#3556=VERTEX_POINT('',#11987);
#3557=VERTEX_POINT('',#11989);
#3558=VERTEX_POINT('',#11991);
#3559=VERTEX_POINT('',#11993);
#3560=VERTEX_POINT('',#11995);
#3561=VERTEX_POINT('',#11998);
#3562=VERTEX_POINT('',#11999);
#3563=VERTEX_POINT('',#12001);
#3564=VERTEX_POINT('',#12003);
#3565=VERTEX_POINT('',#12005);
#3566=VERTEX_POINT('',#12007);
#3567=VERTEX_POINT('',#12009);
#3568=VERTEX_POINT('',#12011);
#3569=VERTEX_POINT('',#12014);
#3570=VERTEX_POINT('',#12015);
#3571=VERTEX_POINT('',#12017);
#3572=VERTEX_POINT('',#12019);
#3573=VERTEX_POINT('',#12021);
#3574=VERTEX_POINT('',#12023);
#3575=VERTEX_POINT('',#12025);
#3576=VERTEX_POINT('',#12027);
#3577=VERTEX_POINT('',#12030);
#3578=VERTEX_POINT('',#12031);
#3579=VERTEX_POINT('',#12033);
#3580=VERTEX_POINT('',#12035);
#3581=VERTEX_POINT('',#12037);
#3582=VERTEX_POINT('',#12039);
#3583=VERTEX_POINT('',#12041);
#3584=VERTEX_POINT('',#12043);
#3585=VERTEX_POINT('',#12046);
#3586=VERTEX_POINT('',#12047);
#3587=VERTEX_POINT('',#12049);
#3588=VERTEX_POINT('',#12051);
#3589=VERTEX_POINT('',#12053);
#3590=VERTEX_POINT('',#12055);
#3591=VERTEX_POINT('',#12057);
#3592=VERTEX_POINT('',#12059);
#3593=VERTEX_POINT('',#12062);
#3594=VERTEX_POINT('',#12063);
#3595=VERTEX_POINT('',#12065);
#3596=VERTEX_POINT('',#12067);
#3597=VERTEX_POINT('',#12069);
#3598=VERTEX_POINT('',#12071);
#3599=VERTEX_POINT('',#12073);
#3600=VERTEX_POINT('',#12075);
#3601=VERTEX_POINT('',#12078);
#3602=VERTEX_POINT('',#12079);
#3603=VERTEX_POINT('',#12081);
#3604=VERTEX_POINT('',#12083);
#3605=VERTEX_POINT('',#12085);
#3606=VERTEX_POINT('',#12087);
#3607=VERTEX_POINT('',#12089);
#3608=VERTEX_POINT('',#12091);
#3609=VERTEX_POINT('',#12094);
#3610=VERTEX_POINT('',#12095);
#3611=VERTEX_POINT('',#12097);
#3612=VERTEX_POINT('',#12099);
#3613=VERTEX_POINT('',#12101);
#3614=VERTEX_POINT('',#12103);
#3615=VERTEX_POINT('',#12105);
#3616=VERTEX_POINT('',#12107);
#3617=VERTEX_POINT('',#12110);
#3618=VERTEX_POINT('',#12111);
#3619=VERTEX_POINT('',#12113);
#3620=VERTEX_POINT('',#12115);
#3621=VERTEX_POINT('',#12117);
#3622=VERTEX_POINT('',#12119);
#3623=VERTEX_POINT('',#12121);
#3624=VERTEX_POINT('',#12123);
#3625=VERTEX_POINT('',#12126);
#3626=VERTEX_POINT('',#12127);
#3627=VERTEX_POINT('',#12129);
#3628=VERTEX_POINT('',#12131);
#3629=VERTEX_POINT('',#12133);
#3630=VERTEX_POINT('',#12135);
#3631=VERTEX_POINT('',#12137);
#3632=VERTEX_POINT('',#12139);
#3633=VERTEX_POINT('',#12142);
#3634=VERTEX_POINT('',#12143);
#3635=VERTEX_POINT('',#12145);
#3636=VERTEX_POINT('',#12147);
#3637=VERTEX_POINT('',#12149);
#3638=VERTEX_POINT('',#12151);
#3639=VERTEX_POINT('',#12153);
#3640=VERTEX_POINT('',#12155);
#3641=VERTEX_POINT('',#12158);
#3642=VERTEX_POINT('',#12159);
#3643=VERTEX_POINT('',#12161);
#3644=VERTEX_POINT('',#12163);
#3645=VERTEX_POINT('',#12165);
#3646=VERTEX_POINT('',#12167);
#3647=VERTEX_POINT('',#12169);
#3648=VERTEX_POINT('',#12171);
#3649=VERTEX_POINT('',#12174);
#3650=VERTEX_POINT('',#12175);
#3651=VERTEX_POINT('',#12177);
#3652=VERTEX_POINT('',#12179);
#3653=VERTEX_POINT('',#12181);
#3654=VERTEX_POINT('',#12183);
#3655=VERTEX_POINT('',#12185);
#3656=VERTEX_POINT('',#12187);
#3657=VERTEX_POINT('',#12190);
#3658=VERTEX_POINT('',#12191);
#3659=VERTEX_POINT('',#12193);
#3660=VERTEX_POINT('',#12195);
#3661=VERTEX_POINT('',#12197);
#3662=VERTEX_POINT('',#12199);
#3663=VERTEX_POINT('',#12201);
#3664=VERTEX_POINT('',#12203);
#3665=VERTEX_POINT('',#12206);
#3666=VERTEX_POINT('',#12207);
#3667=VERTEX_POINT('',#12209);
#3668=VERTEX_POINT('',#12211);
#3669=VERTEX_POINT('',#12213);
#3670=VERTEX_POINT('',#12215);
#3671=VERTEX_POINT('',#12217);
#3672=VERTEX_POINT('',#12219);
#3673=VERTEX_POINT('',#12222);
#3674=VERTEX_POINT('',#12223);
#3675=VERTEX_POINT('',#12225);
#3676=VERTEX_POINT('',#12227);
#3677=VERTEX_POINT('',#12229);
#3678=VERTEX_POINT('',#12231);
#3679=VERTEX_POINT('',#12233);
#3680=VERTEX_POINT('',#12235);
#3681=VERTEX_POINT('',#12238);
#3682=VERTEX_POINT('',#12239);
#3683=VERTEX_POINT('',#12241);
#3684=VERTEX_POINT('',#12243);
#3685=VERTEX_POINT('',#12245);
#3686=VERTEX_POINT('',#12247);
#3687=VERTEX_POINT('',#12249);
#3688=VERTEX_POINT('',#12251);
#3689=VERTEX_POINT('',#12254);
#3690=VERTEX_POINT('',#12255);
#3691=VERTEX_POINT('',#12257);
#3692=VERTEX_POINT('',#12259);
#3693=VERTEX_POINT('',#12261);
#3694=VERTEX_POINT('',#12263);
#3695=VERTEX_POINT('',#12265);
#3696=VERTEX_POINT('',#12267);
#3697=VERTEX_POINT('',#12270);
#3698=VERTEX_POINT('',#12271);
#3699=VERTEX_POINT('',#12273);
#3700=VERTEX_POINT('',#12275);
#3701=VERTEX_POINT('',#12277);
#3702=VERTEX_POINT('',#12279);
#3703=VERTEX_POINT('',#12281);
#3704=VERTEX_POINT('',#12283);
#3705=VERTEX_POINT('',#12286);
#3706=VERTEX_POINT('',#12287);
#3707=VERTEX_POINT('',#12289);
#3708=VERTEX_POINT('',#12291);
#3709=VERTEX_POINT('',#12293);
#3710=VERTEX_POINT('',#12295);
#3711=VERTEX_POINT('',#12297);
#3712=VERTEX_POINT('',#12299);
#3713=VERTEX_POINT('',#12302);
#3714=VERTEX_POINT('',#12304);
#3715=VERTEX_POINT('',#12305);
#3716=VERTEX_POINT('',#12307);
#3717=VERTEX_POINT('',#12309);
#3718=VERTEX_POINT('',#12311);
#3719=VERTEX_POINT('',#12313);
#3720=VERTEX_POINT('',#12315);
#3721=VERTEX_POINT('',#12317);
#3722=VERTEX_POINT('',#12320);
#3723=VERTEX_POINT('',#12321);
#3724=VERTEX_POINT('',#12323);
#3725=VERTEX_POINT('',#12325);
#3726=VERTEX_POINT('',#12327);
#3727=VERTEX_POINT('',#12329);
#3728=VERTEX_POINT('',#12331);
#3729=VERTEX_POINT('',#12333);
#3730=VERTEX_POINT('',#12336);
#3731=VERTEX_POINT('',#12337);
#3732=VERTEX_POINT('',#12339);
#3733=VERTEX_POINT('',#12341);
#3734=VERTEX_POINT('',#12343);
#3735=VERTEX_POINT('',#12345);
#3736=VERTEX_POINT('',#12347);
#3737=VERTEX_POINT('',#12349);
#3738=VERTEX_POINT('',#12352);
#3739=VERTEX_POINT('',#12354);
#3740=VERTEX_POINT('',#12355);
#3741=VERTEX_POINT('',#12357);
#3742=VERTEX_POINT('',#12359);
#3743=VERTEX_POINT('',#12361);
#3744=VERTEX_POINT('',#12363);
#3745=VERTEX_POINT('',#12365);
#3746=VERTEX_POINT('',#12367);
#3747=VERTEX_POINT('',#12370);
#3748=VERTEX_POINT('',#12371);
#3749=VERTEX_POINT('',#12373);
#3750=VERTEX_POINT('',#12375);
#3751=VERTEX_POINT('',#12377);
#3752=VERTEX_POINT('',#12379);
#3753=VERTEX_POINT('',#12381);
#3754=VERTEX_POINT('',#12383);
#3755=VERTEX_POINT('',#12386);
#3756=VERTEX_POINT('',#12387);
#3757=VERTEX_POINT('',#12389);
#3758=VERTEX_POINT('',#12391);
#3759=VERTEX_POINT('',#12393);
#3760=VERTEX_POINT('',#12395);
#3761=VERTEX_POINT('',#12397);
#3762=VERTEX_POINT('',#12399);
#3763=VERTEX_POINT('',#12402);
#3764=VERTEX_POINT('',#12403);
#3765=VERTEX_POINT('',#12405);
#3766=VERTEX_POINT('',#12407);
#3767=VERTEX_POINT('',#12409);
#3768=VERTEX_POINT('',#12411);
#3769=VERTEX_POINT('',#12413);
#3770=VERTEX_POINT('',#12415);
#3771=VERTEX_POINT('',#12418);
#3772=VERTEX_POINT('',#12419);
#3773=VERTEX_POINT('',#12421);
#3774=VERTEX_POINT('',#12423);
#3775=VERTEX_POINT('',#12425);
#3776=VERTEX_POINT('',#12427);
#3777=VERTEX_POINT('',#12429);
#3778=VERTEX_POINT('',#12431);
#3779=VERTEX_POINT('',#12434);
#3780=VERTEX_POINT('',#12435);
#3781=VERTEX_POINT('',#12437);
#3782=VERTEX_POINT('',#12439);
#3783=VERTEX_POINT('',#12441);
#3784=VERTEX_POINT('',#12443);
#3785=VERTEX_POINT('',#12445);
#3786=VERTEX_POINT('',#12447);
#3787=VERTEX_POINT('',#12450);
#3788=VERTEX_POINT('',#12451);
#3789=VERTEX_POINT('',#12453);
#3790=VERTEX_POINT('',#12455);
#3791=VERTEX_POINT('',#12457);
#3792=VERTEX_POINT('',#12459);
#3793=VERTEX_POINT('',#12461);
#3794=VERTEX_POINT('',#12463);
#3795=VERTEX_POINT('',#12466);
#3796=VERTEX_POINT('',#12467);
#3797=VERTEX_POINT('',#12469);
#3798=VERTEX_POINT('',#12471);
#3799=VERTEX_POINT('',#12473);
#3800=VERTEX_POINT('',#12475);
#3801=VERTEX_POINT('',#12477);
#3802=VERTEX_POINT('',#12479);
#3803=VERTEX_POINT('',#12482);
#3804=VERTEX_POINT('',#12483);
#3805=VERTEX_POINT('',#12485);
#3806=VERTEX_POINT('',#12487);
#3807=VERTEX_POINT('',#12489);
#3808=VERTEX_POINT('',#12491);
#3809=VERTEX_POINT('',#12493);
#3810=VERTEX_POINT('',#12495);
#3811=VERTEX_POINT('',#12498);
#3812=VERTEX_POINT('',#12499);
#3813=VERTEX_POINT('',#12501);
#3814=VERTEX_POINT('',#12503);
#3815=VERTEX_POINT('',#12505);
#3816=VERTEX_POINT('',#12507);
#3817=VERTEX_POINT('',#12509);
#3818=VERTEX_POINT('',#12511);
#3819=VERTEX_POINT('',#12514);
#3820=VERTEX_POINT('',#12515);
#3821=VERTEX_POINT('',#12517);
#3822=VERTEX_POINT('',#12519);
#3823=VERTEX_POINT('',#12521);
#3824=VERTEX_POINT('',#12523);
#3825=VERTEX_POINT('',#12525);
#3826=VERTEX_POINT('',#12527);
#3827=VERTEX_POINT('',#12530);
#3828=VERTEX_POINT('',#12531);
#3829=VERTEX_POINT('',#12533);
#3830=VERTEX_POINT('',#12535);
#3831=VERTEX_POINT('',#12537);
#3832=VERTEX_POINT('',#12539);
#3833=VERTEX_POINT('',#12541);
#3834=VERTEX_POINT('',#12543);
#3835=VERTEX_POINT('',#12546);
#3836=VERTEX_POINT('',#12547);
#3837=VERTEX_POINT('',#12549);
#3838=VERTEX_POINT('',#12551);
#3839=VERTEX_POINT('',#12553);
#3840=VERTEX_POINT('',#12555);
#3841=VERTEX_POINT('',#12557);
#3842=VERTEX_POINT('',#12559);
#3843=VERTEX_POINT('',#12562);
#3844=VERTEX_POINT('',#12563);
#3845=VERTEX_POINT('',#12565);
#3846=VERTEX_POINT('',#12567);
#3847=VERTEX_POINT('',#12569);
#3848=VERTEX_POINT('',#12571);
#3849=VERTEX_POINT('',#12573);
#3850=VERTEX_POINT('',#12575);
#3851=VERTEX_POINT('',#12578);
#3852=VERTEX_POINT('',#12580);
#3853=VERTEX_POINT('',#12581);
#3854=VERTEX_POINT('',#12583);
#3855=VERTEX_POINT('',#12585);
#3856=VERTEX_POINT('',#12587);
#3857=VERTEX_POINT('',#12589);
#3858=VERTEX_POINT('',#12591);
#3859=VERTEX_POINT('',#12593);
#3860=VERTEX_POINT('',#12596);
#3861=VERTEX_POINT('',#12597);
#3862=VERTEX_POINT('',#12599);
#3863=VERTEX_POINT('',#12601);
#3864=VERTEX_POINT('',#12603);
#3865=VERTEX_POINT('',#12605);
#3866=VERTEX_POINT('',#12607);
#3867=VERTEX_POINT('',#12609);
#3868=VERTEX_POINT('',#12612);
#3869=VERTEX_POINT('',#12613);
#3870=VERTEX_POINT('',#12615);
#3871=VERTEX_POINT('',#12617);
#3872=VERTEX_POINT('',#12619);
#3873=VERTEX_POINT('',#12621);
#3874=VERTEX_POINT('',#12623);
#3875=VERTEX_POINT('',#12625);
#3876=VERTEX_POINT('',#12628);
#3877=VERTEX_POINT('',#12629);
#3878=VERTEX_POINT('',#12631);
#3879=VERTEX_POINT('',#12633);
#3880=VERTEX_POINT('',#12635);
#3881=VERTEX_POINT('',#12637);
#3882=VERTEX_POINT('',#12639);
#3883=VERTEX_POINT('',#12641);
#3884=VERTEX_POINT('',#12644);
#3885=VERTEX_POINT('',#12645);
#3886=VERTEX_POINT('',#12647);
#3887=VERTEX_POINT('',#12649);
#3888=VERTEX_POINT('',#12651);
#3889=VERTEX_POINT('',#12653);
#3890=VERTEX_POINT('',#12655);
#3891=VERTEX_POINT('',#12657);
#3892=VERTEX_POINT('',#12660);
#3893=VERTEX_POINT('',#12661);
#3894=VERTEX_POINT('',#12663);
#3895=VERTEX_POINT('',#12665);
#3896=VERTEX_POINT('',#12667);
#3897=VERTEX_POINT('',#12669);
#3898=VERTEX_POINT('',#12671);
#3899=VERTEX_POINT('',#12673);
#3900=VERTEX_POINT('',#12676);
#3901=VERTEX_POINT('',#12677);
#3902=VERTEX_POINT('',#12679);
#3903=VERTEX_POINT('',#12681);
#3904=VERTEX_POINT('',#12683);
#3905=VERTEX_POINT('',#12685);
#3906=VERTEX_POINT('',#12687);
#3907=VERTEX_POINT('',#12689);
#3908=VERTEX_POINT('',#12692);
#3909=VERTEX_POINT('',#12693);
#3910=VERTEX_POINT('',#12695);
#3911=VERTEX_POINT('',#12697);
#3912=VERTEX_POINT('',#12699);
#3913=VERTEX_POINT('',#12701);
#3914=VERTEX_POINT('',#12703);
#3915=VERTEX_POINT('',#12705);
#3916=EDGE_CURVE('',#3138,#3139,#1560,.T.);
#3917=EDGE_CURVE('',#3140,#3138,#1561,.T.);
#3918=EDGE_CURVE('',#3141,#3140,#1562,.T.);
#3919=EDGE_CURVE('',#3141,#3139,#1563,.T.);
#3920=EDGE_CURVE('',#3139,#3142,#1564,.T.);
#3921=EDGE_CURVE('',#3143,#3141,#1565,.T.);
#3922=EDGE_CURVE('',#3143,#3142,#1566,.T.);
#3923=EDGE_CURVE('',#3142,#3144,#1567,.T.);
#3924=EDGE_CURVE('',#3145,#3143,#1568,.T.);
#3925=EDGE_CURVE('',#3145,#3144,#1569,.T.);
#3926=EDGE_CURVE('',#3144,#3146,#1570,.T.);
#3927=EDGE_CURVE('',#3147,#3145,#1571,.T.);
#3928=EDGE_CURVE('',#3147,#3146,#1572,.T.);
#3929=EDGE_CURVE('',#3146,#3148,#1573,.T.);
#3930=EDGE_CURVE('',#3149,#3147,#1574,.T.);
#3931=EDGE_CURVE('',#3149,#3148,#1575,.T.);
#3932=EDGE_CURVE('',#3148,#3150,#1576,.T.);
#3933=EDGE_CURVE('',#3151,#3149,#1577,.T.);
#3934=EDGE_CURVE('',#3151,#3150,#1578,.T.);
#3935=EDGE_CURVE('',#3150,#3152,#1579,.T.);
#3936=EDGE_CURVE('',#3153,#3151,#1580,.T.);
#3937=EDGE_CURVE('',#3153,#3152,#1581,.T.);
#3938=EDGE_CURVE('',#3152,#3154,#1582,.T.);
#3939=EDGE_CURVE('',#3155,#3153,#1583,.T.);
#3940=EDGE_CURVE('',#3155,#3154,#1584,.T.);
#3941=EDGE_CURVE('',#3154,#3156,#1585,.T.);
#3942=EDGE_CURVE('',#3157,#3155,#1586,.T.);
#3943=EDGE_CURVE('',#3157,#3156,#1587,.T.);
#3944=EDGE_CURVE('',#3156,#3158,#1588,.T.);
#3945=EDGE_CURVE('',#3159,#3157,#1589,.T.);
#3946=EDGE_CURVE('',#3159,#3158,#1590,.T.);
#3947=EDGE_CURVE('',#3160,#3161,#1591,.T.);
#3948=EDGE_CURVE('',#3162,#3160,#1592,.T.);
#3949=EDGE_CURVE('',#3163,#3162,#1593,.T.);
#3950=EDGE_CURVE('',#3161,#3163,#1594,.T.);
#3951=EDGE_CURVE('',#3158,#3160,#1595,.T.);
#3952=EDGE_CURVE('',#3162,#3159,#1596,.T.);
#3953=EDGE_CURVE('',#3164,#3138,#1597,.T.);
#3954=EDGE_CURVE('',#3165,#3164,#1598,.T.);
#3955=EDGE_CURVE('',#3140,#3165,#1599,.T.);
#3956=EDGE_CURVE('',#3161,#3166,#1600,.F.);
#3957=EDGE_CURVE('',#3167,#3166,#678,.T.);
#3958=EDGE_CURVE('',#3167,#3168,#1601,.T.);
#3959=EDGE_CURVE('',#3169,#3168,#302,.T.);
#3960=EDGE_CURVE('',#3169,#3164,#1602,.T.);
#3961=EDGE_CURVE('',#3170,#3171,#1603,.T.);
#3962=EDGE_CURVE('',#3171,#3172,#303,.T.);
#3963=EDGE_CURVE('',#3172,#3173,#1604,.T.);
#3964=EDGE_CURVE('',#3173,#3174,#304,.T.);
#3965=EDGE_CURVE('',#3174,#3175,#1605,.T.);
#3966=EDGE_CURVE('',#3175,#3176,#305,.T.);
#3967=EDGE_CURVE('',#3176,#3177,#1606,.T.);
#3968=EDGE_CURVE('',#3177,#3170,#306,.T.);
#3969=EDGE_CURVE('',#3178,#3179,#1607,.T.);
#3970=EDGE_CURVE('',#3179,#3180,#307,.T.);
#3971=EDGE_CURVE('',#3180,#3181,#1608,.T.);
#3972=EDGE_CURVE('',#3181,#3182,#308,.T.);
#3973=EDGE_CURVE('',#3182,#3183,#1609,.T.);
#3974=EDGE_CURVE('',#3183,#3184,#309,.T.);
#3975=EDGE_CURVE('',#3184,#3185,#1610,.T.);
#3976=EDGE_CURVE('',#3185,#3178,#310,.T.);
#3977=EDGE_CURVE('',#3186,#3187,#1611,.T.);
#3978=EDGE_CURVE('',#3187,#3188,#311,.T.);
#3979=EDGE_CURVE('',#3188,#3189,#1612,.T.);
#3980=EDGE_CURVE('',#3189,#3190,#312,.T.);
#3981=EDGE_CURVE('',#3190,#3191,#1613,.T.);
#3982=EDGE_CURVE('',#3191,#3192,#313,.T.);
#3983=EDGE_CURVE('',#3192,#3193,#1614,.T.);
#3984=EDGE_CURVE('',#3193,#3186,#314,.T.);
#3985=EDGE_CURVE('',#3194,#3195,#1615,.T.);
#3986=EDGE_CURVE('',#3195,#3196,#315,.T.);
#3987=EDGE_CURVE('',#3196,#3197,#1616,.T.);
#3988=EDGE_CURVE('',#3197,#3198,#316,.T.);
#3989=EDGE_CURVE('',#3198,#3199,#1617,.T.);
#3990=EDGE_CURVE('',#3199,#3200,#317,.T.);
#3991=EDGE_CURVE('',#3200,#3201,#1618,.T.);
#3992=EDGE_CURVE('',#3201,#3194,#318,.T.);
#3993=EDGE_CURVE('',#3202,#3203,#1619,.T.);
#3994=EDGE_CURVE('',#3203,#3204,#319,.T.);
#3995=EDGE_CURVE('',#3204,#3205,#1620,.T.);
#3996=EDGE_CURVE('',#3205,#3206,#320,.T.);
#3997=EDGE_CURVE('',#3206,#3207,#1621,.T.);
#3998=EDGE_CURVE('',#3207,#3208,#321,.T.);
#3999=EDGE_CURVE('',#3208,#3209,#1622,.T.);
#4000=EDGE_CURVE('',#3209,#3202,#322,.T.);
#4001=EDGE_CURVE('',#3210,#3211,#1623,.T.);
#4002=EDGE_CURVE('',#3211,#3212,#323,.T.);
#4003=EDGE_CURVE('',#3212,#3213,#1624,.T.);
#4004=EDGE_CURVE('',#3213,#3214,#324,.T.);
#4005=EDGE_CURVE('',#3214,#3215,#1625,.T.);
#4006=EDGE_CURVE('',#3215,#3216,#325,.T.);
#4007=EDGE_CURVE('',#3216,#3217,#1626,.T.);
#4008=EDGE_CURVE('',#3217,#3210,#326,.T.);
#4009=EDGE_CURVE('',#3218,#3219,#1627,.T.);
#4010=EDGE_CURVE('',#3219,#3220,#327,.T.);
#4011=EDGE_CURVE('',#3220,#3221,#1628,.T.);
#4012=EDGE_CURVE('',#3221,#3222,#328,.T.);
#4013=EDGE_CURVE('',#3222,#3223,#1629,.T.);
#4014=EDGE_CURVE('',#3223,#3224,#329,.T.);
#4015=EDGE_CURVE('',#3224,#3225,#1630,.T.);
#4016=EDGE_CURVE('',#3225,#3218,#330,.T.);
#4017=EDGE_CURVE('',#3226,#3227,#1631,.T.);
#4018=EDGE_CURVE('',#3227,#3228,#331,.T.);
#4019=EDGE_CURVE('',#3228,#3229,#1632,.T.);
#4020=EDGE_CURVE('',#3229,#3230,#332,.T.);
#4021=EDGE_CURVE('',#3230,#3231,#1633,.T.);
#4022=EDGE_CURVE('',#3231,#3232,#333,.T.);
#4023=EDGE_CURVE('',#3232,#3233,#1634,.T.);
#4024=EDGE_CURVE('',#3233,#3226,#334,.T.);
#4025=EDGE_CURVE('',#3234,#3235,#1635,.T.);
#4026=EDGE_CURVE('',#3235,#3236,#335,.T.);
#4027=EDGE_CURVE('',#3236,#3237,#1636,.T.);
#4028=EDGE_CURVE('',#3237,#3238,#336,.T.);
#4029=EDGE_CURVE('',#3238,#3239,#1637,.T.);
#4030=EDGE_CURVE('',#3239,#3240,#337,.T.);
#4031=EDGE_CURVE('',#3240,#3241,#1638,.T.);
#4032=EDGE_CURVE('',#3241,#3234,#338,.T.);
#4033=EDGE_CURVE('',#3242,#3243,#1639,.T.);
#4034=EDGE_CURVE('',#3243,#3244,#339,.T.);
#4035=EDGE_CURVE('',#3244,#3245,#1640,.T.);
#4036=EDGE_CURVE('',#3245,#3246,#340,.T.);
#4037=EDGE_CURVE('',#3246,#3247,#1641,.T.);
#4038=EDGE_CURVE('',#3247,#3248,#341,.T.);
#4039=EDGE_CURVE('',#3248,#3249,#1642,.T.);
#4040=EDGE_CURVE('',#3249,#3242,#342,.T.);
#4041=EDGE_CURVE('',#3250,#3251,#1643,.T.);
#4042=EDGE_CURVE('',#3251,#3252,#343,.T.);
#4043=EDGE_CURVE('',#3252,#3253,#1644,.T.);
#4044=EDGE_CURVE('',#3253,#3254,#344,.T.);
#4045=EDGE_CURVE('',#3254,#3255,#1645,.T.);
#4046=EDGE_CURVE('',#3255,#3256,#345,.T.);
#4047=EDGE_CURVE('',#3256,#3257,#1646,.T.);
#4048=EDGE_CURVE('',#3257,#3250,#346,.T.);
#4049=EDGE_CURVE('',#3258,#3259,#1647,.T.);
#4050=EDGE_CURVE('',#3259,#3260,#347,.T.);
#4051=EDGE_CURVE('',#3260,#3261,#1648,.T.);
#4052=EDGE_CURVE('',#3261,#3262,#348,.T.);
#4053=EDGE_CURVE('',#3262,#3263,#1649,.T.);
#4054=EDGE_CURVE('',#3263,#3264,#349,.T.);
#4055=EDGE_CURVE('',#3264,#3265,#1650,.T.);
#4056=EDGE_CURVE('',#3265,#3258,#350,.T.);
#4057=EDGE_CURVE('',#3266,#3267,#1651,.T.);
#4058=EDGE_CURVE('',#3267,#3268,#351,.T.);
#4059=EDGE_CURVE('',#3268,#3269,#1652,.T.);
#4060=EDGE_CURVE('',#3269,#3270,#352,.T.);
#4061=EDGE_CURVE('',#3270,#3271,#1653,.T.);
#4062=EDGE_CURVE('',#3271,#3272,#353,.T.);
#4063=EDGE_CURVE('',#3272,#3273,#1654,.T.);
#4064=EDGE_CURVE('',#3273,#3266,#354,.T.);
#4065=EDGE_CURVE('',#3274,#3275,#1655,.T.);
#4066=EDGE_CURVE('',#3275,#3276,#355,.T.);
#4067=EDGE_CURVE('',#3276,#3277,#1656,.T.);
#4068=EDGE_CURVE('',#3277,#3278,#356,.T.);
#4069=EDGE_CURVE('',#3278,#3279,#1657,.T.);
#4070=EDGE_CURVE('',#3279,#3280,#357,.T.);
#4071=EDGE_CURVE('',#3280,#3281,#1658,.T.);
#4072=EDGE_CURVE('',#3281,#3274,#358,.T.);
#4073=EDGE_CURVE('',#3282,#3283,#1659,.T.);
#4074=EDGE_CURVE('',#3283,#3284,#359,.T.);
#4075=EDGE_CURVE('',#3284,#3285,#1660,.T.);
#4076=EDGE_CURVE('',#3285,#3286,#360,.T.);
#4077=EDGE_CURVE('',#3286,#3287,#1661,.T.);
#4078=EDGE_CURVE('',#3287,#3288,#361,.T.);
#4079=EDGE_CURVE('',#3288,#3289,#1662,.T.);
#4080=EDGE_CURVE('',#3289,#3282,#362,.T.);
#4081=EDGE_CURVE('',#3290,#3291,#1663,.T.);
#4082=EDGE_CURVE('',#3291,#3292,#363,.T.);
#4083=EDGE_CURVE('',#3292,#3293,#1664,.T.);
#4084=EDGE_CURVE('',#3293,#3294,#364,.T.);
#4085=EDGE_CURVE('',#3294,#3295,#1665,.T.);
#4086=EDGE_CURVE('',#3295,#3296,#365,.T.);
#4087=EDGE_CURVE('',#3296,#3297,#1666,.T.);
#4088=EDGE_CURVE('',#3297,#3290,#366,.T.);
#4089=EDGE_CURVE('',#3298,#3299,#1667,.T.);
#4090=EDGE_CURVE('',#3299,#3300,#367,.T.);
#4091=EDGE_CURVE('',#3300,#3301,#1668,.T.);
#4092=EDGE_CURVE('',#3301,#3302,#368,.T.);
#4093=EDGE_CURVE('',#3302,#3303,#1669,.T.);
#4094=EDGE_CURVE('',#3303,#3304,#369,.T.);
#4095=EDGE_CURVE('',#3304,#3305,#1670,.T.);
#4096=EDGE_CURVE('',#3305,#3298,#370,.T.);
#4097=EDGE_CURVE('',#3306,#3307,#1671,.T.);
#4098=EDGE_CURVE('',#3307,#3308,#371,.T.);
#4099=EDGE_CURVE('',#3308,#3309,#1672,.T.);
#4100=EDGE_CURVE('',#3309,#3310,#372,.T.);
#4101=EDGE_CURVE('',#3310,#3311,#1673,.T.);
#4102=EDGE_CURVE('',#3311,#3312,#373,.T.);
#4103=EDGE_CURVE('',#3312,#3313,#1674,.T.);
#4104=EDGE_CURVE('',#3313,#3306,#374,.T.);
#4105=EDGE_CURVE('',#3314,#3315,#1675,.T.);
#4106=EDGE_CURVE('',#3315,#3316,#375,.T.);
#4107=EDGE_CURVE('',#3316,#3317,#1676,.T.);
#4108=EDGE_CURVE('',#3317,#3318,#376,.T.);
#4109=EDGE_CURVE('',#3318,#3319,#1677,.T.);
#4110=EDGE_CURVE('',#3319,#3320,#377,.T.);
#4111=EDGE_CURVE('',#3320,#3321,#1678,.T.);
#4112=EDGE_CURVE('',#3321,#3314,#378,.T.);
#4113=EDGE_CURVE('',#3322,#3323,#1679,.T.);
#4114=EDGE_CURVE('',#3323,#3324,#379,.T.);
#4115=EDGE_CURVE('',#3324,#3325,#1680,.T.);
#4116=EDGE_CURVE('',#3325,#3326,#380,.T.);
#4117=EDGE_CURVE('',#3326,#3327,#1681,.T.);
#4118=EDGE_CURVE('',#3327,#3328,#381,.T.);
#4119=EDGE_CURVE('',#3328,#3329,#1682,.T.);
#4120=EDGE_CURVE('',#3329,#3322,#382,.T.);
#4121=EDGE_CURVE('',#3330,#3331,#1683,.T.);
#4122=EDGE_CURVE('',#3331,#3332,#383,.T.);
#4123=EDGE_CURVE('',#3332,#3333,#1684,.T.);
#4124=EDGE_CURVE('',#3333,#3334,#384,.T.);
#4125=EDGE_CURVE('',#3334,#3335,#1685,.T.);
#4126=EDGE_CURVE('',#3335,#3336,#385,.T.);
#4127=EDGE_CURVE('',#3336,#3337,#1686,.T.);
#4128=EDGE_CURVE('',#3337,#3330,#386,.T.);
#4129=EDGE_CURVE('',#3338,#3338,#387,.T.);
#4130=EDGE_CURVE('',#3339,#3340,#1687,.T.);
#4131=EDGE_CURVE('',#3340,#3341,#388,.T.);
#4132=EDGE_CURVE('',#3341,#3342,#1688,.T.);
#4133=EDGE_CURVE('',#3342,#3343,#389,.T.);
#4134=EDGE_CURVE('',#3343,#3344,#1689,.T.);
#4135=EDGE_CURVE('',#3344,#3345,#390,.T.);
#4136=EDGE_CURVE('',#3345,#3346,#1690,.T.);
#4137=EDGE_CURVE('',#3346,#3339,#391,.T.);
#4138=EDGE_CURVE('',#3347,#3348,#1691,.T.);
#4139=EDGE_CURVE('',#3348,#3349,#392,.T.);
#4140=EDGE_CURVE('',#3349,#3350,#1692,.T.);
#4141=EDGE_CURVE('',#3350,#3351,#393,.T.);
#4142=EDGE_CURVE('',#3351,#3352,#1693,.T.);
#4143=EDGE_CURVE('',#3352,#3353,#394,.T.);
#4144=EDGE_CURVE('',#3353,#3354,#1694,.T.);
#4145=EDGE_CURVE('',#3354,#3347,#395,.T.);
#4146=EDGE_CURVE('',#3355,#3356,#1695,.T.);
#4147=EDGE_CURVE('',#3356,#3357,#396,.T.);
#4148=EDGE_CURVE('',#3357,#3358,#1696,.T.);
#4149=EDGE_CURVE('',#3358,#3359,#397,.T.);
#4150=EDGE_CURVE('',#3359,#3360,#1697,.T.);
#4151=EDGE_CURVE('',#3360,#3361,#398,.T.);
#4152=EDGE_CURVE('',#3361,#3362,#1698,.T.);
#4153=EDGE_CURVE('',#3362,#3355,#399,.T.);
#4154=EDGE_CURVE('',#3363,#3363,#400,.T.);
#4155=EDGE_CURVE('',#3364,#3365,#1699,.T.);
#4156=EDGE_CURVE('',#3365,#3366,#401,.T.);
#4157=EDGE_CURVE('',#3366,#3367,#1700,.T.);
#4158=EDGE_CURVE('',#3367,#3368,#402,.T.);
#4159=EDGE_CURVE('',#3368,#3369,#1701,.T.);
#4160=EDGE_CURVE('',#3369,#3370,#403,.T.);
#4161=EDGE_CURVE('',#3370,#3371,#1702,.T.);
#4162=EDGE_CURVE('',#3371,#3364,#404,.T.);
#4163=EDGE_CURVE('',#3372,#3373,#1703,.T.);
#4164=EDGE_CURVE('',#3373,#3374,#405,.T.);
#4165=EDGE_CURVE('',#3374,#3375,#1704,.T.);
#4166=EDGE_CURVE('',#3375,#3376,#406,.T.);
#4167=EDGE_CURVE('',#3376,#3377,#1705,.T.);
#4168=EDGE_CURVE('',#3377,#3378,#407,.T.);
#4169=EDGE_CURVE('',#3378,#3379,#1706,.T.);
#4170=EDGE_CURVE('',#3379,#3372,#408,.T.);
#4171=EDGE_CURVE('',#3380,#3381,#1707,.T.);
#4172=EDGE_CURVE('',#3381,#3382,#409,.T.);
#4173=EDGE_CURVE('',#3382,#3383,#1708,.T.);
#4174=EDGE_CURVE('',#3383,#3384,#410,.T.);
#4175=EDGE_CURVE('',#3384,#3385,#1709,.T.);
#4176=EDGE_CURVE('',#3385,#3386,#411,.T.);
#4177=EDGE_CURVE('',#3386,#3387,#1710,.T.);
#4178=EDGE_CURVE('',#3387,#3380,#412,.T.);
#4179=EDGE_CURVE('',#3388,#3389,#1711,.T.);
#4180=EDGE_CURVE('',#3389,#3390,#413,.T.);
#4181=EDGE_CURVE('',#3390,#3391,#1712,.T.);
#4182=EDGE_CURVE('',#3391,#3392,#414,.T.);
#4183=EDGE_CURVE('',#3392,#3393,#1713,.T.);
#4184=EDGE_CURVE('',#3393,#3394,#415,.T.);
#4185=EDGE_CURVE('',#3394,#3395,#1714,.T.);
#4186=EDGE_CURVE('',#3395,#3388,#416,.T.);
#4187=EDGE_CURVE('',#3396,#3397,#1715,.T.);
#4188=EDGE_CURVE('',#3397,#3398,#417,.T.);
#4189=EDGE_CURVE('',#3398,#3399,#1716,.T.);
#4190=EDGE_CURVE('',#3399,#3400,#418,.T.);
#4191=EDGE_CURVE('',#3400,#3401,#1717,.T.);
#4192=EDGE_CURVE('',#3401,#3402,#419,.T.);
#4193=EDGE_CURVE('',#3402,#3403,#1718,.T.);
#4194=EDGE_CURVE('',#3403,#3396,#420,.T.);
#4195=EDGE_CURVE('',#3404,#3405,#1719,.T.);
#4196=EDGE_CURVE('',#3405,#3406,#421,.T.);
#4197=EDGE_CURVE('',#3406,#3407,#1720,.T.);
#4198=EDGE_CURVE('',#3407,#3408,#422,.T.);
#4199=EDGE_CURVE('',#3408,#3409,#1721,.T.);
#4200=EDGE_CURVE('',#3409,#3410,#423,.T.);
#4201=EDGE_CURVE('',#3410,#3411,#1722,.T.);
#4202=EDGE_CURVE('',#3411,#3404,#424,.T.);
#4203=EDGE_CURVE('',#3412,#3413,#1723,.T.);
#4204=EDGE_CURVE('',#3413,#3414,#425,.T.);
#4205=EDGE_CURVE('',#3414,#3415,#1724,.T.);
#4206=EDGE_CURVE('',#3415,#3416,#426,.T.);
#4207=EDGE_CURVE('',#3416,#3417,#1725,.T.);
#4208=EDGE_CURVE('',#3417,#3418,#427,.T.);
#4209=EDGE_CURVE('',#3418,#3419,#1726,.T.);
#4210=EDGE_CURVE('',#3419,#3412,#428,.T.);
#4211=EDGE_CURVE('',#3420,#3421,#1727,.T.);
#4212=EDGE_CURVE('',#3421,#3422,#429,.T.);
#4213=EDGE_CURVE('',#3422,#3423,#1728,.T.);
#4214=EDGE_CURVE('',#3423,#3424,#430,.T.);
#4215=EDGE_CURVE('',#3424,#3425,#1729,.T.);
#4216=EDGE_CURVE('',#3425,#3426,#431,.T.);
#4217=EDGE_CURVE('',#3426,#3427,#1730,.T.);
#4218=EDGE_CURVE('',#3427,#3420,#432,.T.);
#4219=EDGE_CURVE('',#3428,#3429,#1731,.T.);
#4220=EDGE_CURVE('',#3429,#3430,#433,.T.);
#4221=EDGE_CURVE('',#3430,#3431,#1732,.T.);
#4222=EDGE_CURVE('',#3431,#3432,#434,.T.);
#4223=EDGE_CURVE('',#3432,#3433,#1733,.T.);
#4224=EDGE_CURVE('',#3433,#3434,#435,.T.);
#4225=EDGE_CURVE('',#3434,#3435,#1734,.T.);
#4226=EDGE_CURVE('',#3435,#3428,#436,.T.);
#4227=EDGE_CURVE('',#3436,#3437,#1735,.T.);
#4228=EDGE_CURVE('',#3437,#3438,#437,.T.);
#4229=EDGE_CURVE('',#3438,#3439,#1736,.T.);
#4230=EDGE_CURVE('',#3439,#3440,#438,.T.);
#4231=EDGE_CURVE('',#3440,#3441,#1737,.T.);
#4232=EDGE_CURVE('',#3441,#3442,#439,.T.);
#4233=EDGE_CURVE('',#3442,#3443,#1738,.T.);
#4234=EDGE_CURVE('',#3443,#3436,#440,.T.);
#4235=EDGE_CURVE('',#3444,#3445,#1739,.T.);
#4236=EDGE_CURVE('',#3445,#3446,#441,.T.);
#4237=EDGE_CURVE('',#3446,#3447,#1740,.T.);
#4238=EDGE_CURVE('',#3447,#3448,#442,.T.);
#4239=EDGE_CURVE('',#3448,#3449,#1741,.T.);
#4240=EDGE_CURVE('',#3449,#3450,#443,.T.);
#4241=EDGE_CURVE('',#3450,#3451,#1742,.T.);
#4242=EDGE_CURVE('',#3451,#3444,#444,.T.);
#4243=EDGE_CURVE('',#3452,#3453,#1743,.T.);
#4244=EDGE_CURVE('',#3453,#3454,#445,.T.);
#4245=EDGE_CURVE('',#3454,#3455,#1744,.T.);
#4246=EDGE_CURVE('',#3455,#3456,#446,.T.);
#4247=EDGE_CURVE('',#3456,#3457,#1745,.T.);
#4248=EDGE_CURVE('',#3457,#3458,#447,.T.);
#4249=EDGE_CURVE('',#3458,#3459,#1746,.T.);
#4250=EDGE_CURVE('',#3459,#3452,#448,.T.);
#4251=EDGE_CURVE('',#3460,#3461,#1747,.T.);
#4252=EDGE_CURVE('',#3461,#3462,#449,.T.);
#4253=EDGE_CURVE('',#3462,#3463,#1748,.T.);
#4254=EDGE_CURVE('',#3463,#3464,#450,.T.);
#4255=EDGE_CURVE('',#3464,#3465,#1749,.T.);
#4256=EDGE_CURVE('',#3465,#3466,#451,.T.);
#4257=EDGE_CURVE('',#3466,#3467,#1750,.T.);
#4258=EDGE_CURVE('',#3467,#3460,#452,.T.);
#4259=EDGE_CURVE('',#3468,#3469,#1751,.T.);
#4260=EDGE_CURVE('',#3469,#3470,#453,.T.);
#4261=EDGE_CURVE('',#3470,#3471,#1752,.T.);
#4262=EDGE_CURVE('',#3471,#3472,#454,.T.);
#4263=EDGE_CURVE('',#3472,#3473,#1753,.T.);
#4264=EDGE_CURVE('',#3473,#3474,#455,.T.);
#4265=EDGE_CURVE('',#3474,#3475,#1754,.T.);
#4266=EDGE_CURVE('',#3475,#3468,#456,.T.);
#4267=EDGE_CURVE('',#3476,#3476,#457,.T.);
#4268=EDGE_CURVE('',#3477,#3478,#1755,.T.);
#4269=EDGE_CURVE('',#3478,#3479,#458,.T.);
#4270=EDGE_CURVE('',#3479,#3480,#1756,.T.);
#4271=EDGE_CURVE('',#3480,#3481,#459,.T.);
#4272=EDGE_CURVE('',#3481,#3482,#1757,.T.);
#4273=EDGE_CURVE('',#3482,#3483,#460,.T.);
#4274=EDGE_CURVE('',#3483,#3484,#1758,.T.);
#4275=EDGE_CURVE('',#3484,#3477,#461,.T.);
#4276=EDGE_CURVE('',#3485,#3486,#1759,.T.);
#4277=EDGE_CURVE('',#3486,#3487,#462,.T.);
#4278=EDGE_CURVE('',#3487,#3488,#1760,.T.);
#4279=EDGE_CURVE('',#3488,#3489,#463,.T.);
#4280=EDGE_CURVE('',#3489,#3490,#1761,.T.);
#4281=EDGE_CURVE('',#3490,#3491,#464,.T.);
#4282=EDGE_CURVE('',#3491,#3492,#1762,.T.);
#4283=EDGE_CURVE('',#3492,#3485,#465,.T.);
#4284=EDGE_CURVE('',#3493,#3494,#1763,.T.);
#4285=EDGE_CURVE('',#3494,#3495,#466,.T.);
#4286=EDGE_CURVE('',#3495,#3496,#1764,.T.);
#4287=EDGE_CURVE('',#3496,#3497,#467,.T.);
#4288=EDGE_CURVE('',#3497,#3498,#1765,.T.);
#4289=EDGE_CURVE('',#3498,#3499,#468,.T.);
#4290=EDGE_CURVE('',#3499,#3500,#1766,.T.);
#4291=EDGE_CURVE('',#3500,#3493,#469,.T.);
#4292=EDGE_CURVE('',#3501,#3502,#1767,.T.);
#4293=EDGE_CURVE('',#3502,#3503,#470,.T.);
#4294=EDGE_CURVE('',#3503,#3504,#1768,.T.);
#4295=EDGE_CURVE('',#3504,#3505,#471,.T.);
#4296=EDGE_CURVE('',#3505,#3506,#1769,.T.);
#4297=EDGE_CURVE('',#3506,#3507,#472,.T.);
#4298=EDGE_CURVE('',#3507,#3508,#1770,.T.);
#4299=EDGE_CURVE('',#3508,#3501,#473,.T.);
#4300=EDGE_CURVE('',#3509,#3510,#1771,.T.);
#4301=EDGE_CURVE('',#3510,#3511,#474,.T.);
#4302=EDGE_CURVE('',#3511,#3512,#1772,.T.);
#4303=EDGE_CURVE('',#3512,#3513,#475,.T.);
#4304=EDGE_CURVE('',#3513,#3514,#1773,.T.);
#4305=EDGE_CURVE('',#3514,#3515,#476,.T.);
#4306=EDGE_CURVE('',#3515,#3516,#1774,.T.);
#4307=EDGE_CURVE('',#3516,#3509,#477,.T.);
#4308=EDGE_CURVE('',#3517,#3518,#1775,.T.);
#4309=EDGE_CURVE('',#3518,#3519,#478,.T.);
#4310=EDGE_CURVE('',#3519,#3520,#1776,.T.);
#4311=EDGE_CURVE('',#3520,#3521,#479,.T.);
#4312=EDGE_CURVE('',#3521,#3522,#1777,.T.);
#4313=EDGE_CURVE('',#3522,#3523,#480,.T.);
#4314=EDGE_CURVE('',#3523,#3524,#1778,.T.);
#4315=EDGE_CURVE('',#3524,#3517,#481,.T.);
#4316=EDGE_CURVE('',#3525,#3526,#1779,.T.);
#4317=EDGE_CURVE('',#3526,#3527,#482,.T.);
#4318=EDGE_CURVE('',#3527,#3528,#1780,.T.);
#4319=EDGE_CURVE('',#3528,#3529,#483,.T.);
#4320=EDGE_CURVE('',#3529,#3530,#1781,.T.);
#4321=EDGE_CURVE('',#3530,#3531,#484,.T.);
#4322=EDGE_CURVE('',#3531,#3532,#1782,.T.);
#4323=EDGE_CURVE('',#3532,#3525,#485,.T.);
#4324=EDGE_CURVE('',#3533,#3534,#1783,.T.);
#4325=EDGE_CURVE('',#3534,#3535,#486,.T.);
#4326=EDGE_CURVE('',#3535,#3536,#1784,.T.);
#4327=EDGE_CURVE('',#3536,#3537,#487,.T.);
#4328=EDGE_CURVE('',#3537,#3538,#1785,.T.);
#4329=EDGE_CURVE('',#3538,#3539,#488,.T.);
#4330=EDGE_CURVE('',#3539,#3540,#1786,.T.);
#4331=EDGE_CURVE('',#3540,#3533,#489,.T.);
#4332=EDGE_CURVE('',#3165,#3541,#1787,.T.);
#4333=EDGE_CURVE('',#3542,#3541,#490,.T.);
#4334=EDGE_CURVE('',#3542,#3543,#1788,.T.);
#4335=EDGE_CURVE('',#3544,#3543,#679,.T.);
#4336=EDGE_CURVE('',#3544,#3163,#1789,.T.);
#4337=EDGE_CURVE('',#3545,#3546,#1790,.T.);
#4338=EDGE_CURVE('',#3546,#3547,#491,.T.);
#4339=EDGE_CURVE('',#3547,#3548,#1791,.T.);
#4340=EDGE_CURVE('',#3548,#3549,#492,.T.);
#4341=EDGE_CURVE('',#3549,#3550,#1792,.T.);
#4342=EDGE_CURVE('',#3550,#3551,#493,.T.);
#4343=EDGE_CURVE('',#3551,#3552,#1793,.T.);
#4344=EDGE_CURVE('',#3552,#3545,#494,.T.);
#4345=EDGE_CURVE('',#3553,#3554,#1794,.T.);
#4346=EDGE_CURVE('',#3554,#3555,#495,.T.);
#4347=EDGE_CURVE('',#3555,#3556,#1795,.T.);
#4348=EDGE_CURVE('',#3556,#3557,#496,.T.);
#4349=EDGE_CURVE('',#3557,#3558,#1796,.T.);
#4350=EDGE_CURVE('',#3558,#3559,#497,.T.);
#4351=EDGE_CURVE('',#3559,#3560,#1797,.T.);
#4352=EDGE_CURVE('',#3560,#3553,#498,.T.);
#4353=EDGE_CURVE('',#3561,#3562,#1798,.T.);
#4354=EDGE_CURVE('',#3562,#3563,#499,.T.);
#4355=EDGE_CURVE('',#3563,#3564,#1799,.T.);
#4356=EDGE_CURVE('',#3564,#3565,#500,.T.);
#4357=EDGE_CURVE('',#3565,#3566,#1800,.T.);
#4358=EDGE_CURVE('',#3566,#3567,#501,.T.);
#4359=EDGE_CURVE('',#3567,#3568,#1801,.T.);
#4360=EDGE_CURVE('',#3568,#3561,#502,.T.);
#4361=EDGE_CURVE('',#3569,#3570,#1802,.T.);
#4362=EDGE_CURVE('',#3570,#3571,#503,.T.);
#4363=EDGE_CURVE('',#3571,#3572,#1803,.T.);
#4364=EDGE_CURVE('',#3572,#3573,#504,.T.);
#4365=EDGE_CURVE('',#3573,#3574,#1804,.T.);
#4366=EDGE_CURVE('',#3574,#3575,#505,.T.);
#4367=EDGE_CURVE('',#3575,#3576,#1805,.T.);
#4368=EDGE_CURVE('',#3576,#3569,#506,.T.);
#4369=EDGE_CURVE('',#3577,#3578,#1806,.T.);
#4370=EDGE_CURVE('',#3578,#3579,#507,.T.);
#4371=EDGE_CURVE('',#3579,#3580,#1807,.T.);
#4372=EDGE_CURVE('',#3580,#3581,#508,.T.);
#4373=EDGE_CURVE('',#3581,#3582,#1808,.T.);
#4374=EDGE_CURVE('',#3582,#3583,#509,.T.);
#4375=EDGE_CURVE('',#3583,#3584,#1809,.T.);
#4376=EDGE_CURVE('',#3584,#3577,#510,.T.);
#4377=EDGE_CURVE('',#3585,#3586,#1810,.T.);
#4378=EDGE_CURVE('',#3586,#3587,#511,.T.);
#4379=EDGE_CURVE('',#3587,#3588,#1811,.T.);
#4380=EDGE_CURVE('',#3588,#3589,#512,.T.);
#4381=EDGE_CURVE('',#3589,#3590,#1812,.T.);
#4382=EDGE_CURVE('',#3590,#3591,#513,.T.);
#4383=EDGE_CURVE('',#3591,#3592,#1813,.T.);
#4384=EDGE_CURVE('',#3592,#3585,#514,.T.);
#4385=EDGE_CURVE('',#3593,#3594,#1814,.T.);
#4386=EDGE_CURVE('',#3594,#3595,#515,.T.);
#4387=EDGE_CURVE('',#3595,#3596,#1815,.T.);
#4388=EDGE_CURVE('',#3596,#3597,#516,.T.);
#4389=EDGE_CURVE('',#3597,#3598,#1816,.T.);
#4390=EDGE_CURVE('',#3598,#3599,#517,.T.);
#4391=EDGE_CURVE('',#3599,#3600,#1817,.T.);
#4392=EDGE_CURVE('',#3600,#3593,#518,.T.);
#4393=EDGE_CURVE('',#3601,#3602,#1818,.T.);
#4394=EDGE_CURVE('',#3602,#3603,#519,.T.);
#4395=EDGE_CURVE('',#3603,#3604,#1819,.T.);
#4396=EDGE_CURVE('',#3604,#3605,#520,.T.);
#4397=EDGE_CURVE('',#3605,#3606,#1820,.T.);
#4398=EDGE_CURVE('',#3606,#3607,#521,.T.);
#4399=EDGE_CURVE('',#3607,#3608,#1821,.T.);
#4400=EDGE_CURVE('',#3608,#3601,#522,.T.);
#4401=EDGE_CURVE('',#3609,#3610,#1822,.T.);
#4402=EDGE_CURVE('',#3610,#3611,#523,.T.);
#4403=EDGE_CURVE('',#3611,#3612,#1823,.T.);
#4404=EDGE_CURVE('',#3612,#3613,#524,.T.);
#4405=EDGE_CURVE('',#3613,#3614,#1824,.T.);
#4406=EDGE_CURVE('',#3614,#3615,#525,.T.);
#4407=EDGE_CURVE('',#3615,#3616,#1825,.T.);
#4408=EDGE_CURVE('',#3616,#3609,#526,.T.);
#4409=EDGE_CURVE('',#3617,#3618,#1826,.T.);
#4410=EDGE_CURVE('',#3618,#3619,#527,.T.);
#4411=EDGE_CURVE('',#3619,#3620,#1827,.T.);
#4412=EDGE_CURVE('',#3620,#3621,#528,.T.);
#4413=EDGE_CURVE('',#3621,#3622,#1828,.T.);
#4414=EDGE_CURVE('',#3622,#3623,#529,.T.);
#4415=EDGE_CURVE('',#3623,#3624,#1829,.T.);
#4416=EDGE_CURVE('',#3624,#3617,#530,.T.);
#4417=EDGE_CURVE('',#3625,#3626,#1830,.T.);
#4418=EDGE_CURVE('',#3626,#3627,#531,.T.);
#4419=EDGE_CURVE('',#3627,#3628,#1831,.T.);
#4420=EDGE_CURVE('',#3628,#3629,#532,.T.);
#4421=EDGE_CURVE('',#3629,#3630,#1832,.T.);
#4422=EDGE_CURVE('',#3630,#3631,#533,.T.);
#4423=EDGE_CURVE('',#3631,#3632,#1833,.T.);
#4424=EDGE_CURVE('',#3632,#3625,#534,.T.);
#4425=EDGE_CURVE('',#3633,#3634,#1834,.T.);
#4426=EDGE_CURVE('',#3634,#3635,#535,.T.);
#4427=EDGE_CURVE('',#3635,#3636,#1835,.T.);
#4428=EDGE_CURVE('',#3636,#3637,#536,.T.);
#4429=EDGE_CURVE('',#3637,#3638,#1836,.T.);
#4430=EDGE_CURVE('',#3638,#3639,#537,.T.);
#4431=EDGE_CURVE('',#3639,#3640,#1837,.T.);
#4432=EDGE_CURVE('',#3640,#3633,#538,.T.);
#4433=EDGE_CURVE('',#3641,#3642,#1838,.T.);
#4434=EDGE_CURVE('',#3642,#3643,#539,.T.);
#4435=EDGE_CURVE('',#3643,#3644,#1839,.T.);
#4436=EDGE_CURVE('',#3644,#3645,#540,.T.);
#4437=EDGE_CURVE('',#3645,#3646,#1840,.T.);
#4438=EDGE_CURVE('',#3646,#3647,#541,.T.);
#4439=EDGE_CURVE('',#3647,#3648,#1841,.T.);
#4440=EDGE_CURVE('',#3648,#3641,#542,.T.);
#4441=EDGE_CURVE('',#3649,#3650,#1842,.T.);
#4442=EDGE_CURVE('',#3650,#3651,#543,.T.);
#4443=EDGE_CURVE('',#3651,#3652,#1843,.T.);
#4444=EDGE_CURVE('',#3652,#3653,#544,.T.);
#4445=EDGE_CURVE('',#3653,#3654,#1844,.T.);
#4446=EDGE_CURVE('',#3654,#3655,#545,.T.);
#4447=EDGE_CURVE('',#3655,#3656,#1845,.T.);
#4448=EDGE_CURVE('',#3656,#3649,#546,.T.);
#4449=EDGE_CURVE('',#3657,#3658,#1846,.T.);
#4450=EDGE_CURVE('',#3658,#3659,#547,.T.);
#4451=EDGE_CURVE('',#3659,#3660,#1847,.T.);
#4452=EDGE_CURVE('',#3660,#3661,#548,.T.);
#4453=EDGE_CURVE('',#3661,#3662,#1848,.T.);
#4454=EDGE_CURVE('',#3662,#3663,#549,.T.);
#4455=EDGE_CURVE('',#3663,#3664,#1849,.T.);
#4456=EDGE_CURVE('',#3664,#3657,#550,.T.);
#4457=EDGE_CURVE('',#3665,#3666,#1850,.T.);
#4458=EDGE_CURVE('',#3666,#3667,#551,.T.);
#4459=EDGE_CURVE('',#3667,#3668,#1851,.T.);
#4460=EDGE_CURVE('',#3668,#3669,#552,.T.);
#4461=EDGE_CURVE('',#3669,#3670,#1852,.T.);
#4462=EDGE_CURVE('',#3670,#3671,#553,.T.);
#4463=EDGE_CURVE('',#3671,#3672,#1853,.T.);
#4464=EDGE_CURVE('',#3672,#3665,#554,.T.);
#4465=EDGE_CURVE('',#3673,#3674,#1854,.T.);
#4466=EDGE_CURVE('',#3674,#3675,#555,.T.);
#4467=EDGE_CURVE('',#3675,#3676,#1855,.T.);
#4468=EDGE_CURVE('',#3676,#3677,#556,.T.);
#4469=EDGE_CURVE('',#3677,#3678,#1856,.T.);
#4470=EDGE_CURVE('',#3678,#3679,#557,.T.);
#4471=EDGE_CURVE('',#3679,#3680,#1857,.T.);
#4472=EDGE_CURVE('',#3680,#3673,#558,.T.);
#4473=EDGE_CURVE('',#3681,#3682,#1858,.T.);
#4474=EDGE_CURVE('',#3682,#3683,#559,.T.);
#4475=EDGE_CURVE('',#3683,#3684,#1859,.T.);
#4476=EDGE_CURVE('',#3684,#3685,#560,.T.);
#4477=EDGE_CURVE('',#3685,#3686,#1860,.T.);
#4478=EDGE_CURVE('',#3686,#3687,#561,.T.);
#4479=EDGE_CURVE('',#3687,#3688,#1861,.T.);
#4480=EDGE_CURVE('',#3688,#3681,#562,.T.);
#4481=EDGE_CURVE('',#3689,#3690,#1862,.T.);
#4482=EDGE_CURVE('',#3690,#3691,#563,.T.);
#4483=EDGE_CURVE('',#3691,#3692,#1863,.T.);
#4484=EDGE_CURVE('',#3692,#3693,#564,.T.);
#4485=EDGE_CURVE('',#3693,#3694,#1864,.T.);
#4486=EDGE_CURVE('',#3694,#3695,#565,.T.);
#4487=EDGE_CURVE('',#3695,#3696,#1865,.T.);
#4488=EDGE_CURVE('',#3696,#3689,#566,.T.);
#4489=EDGE_CURVE('',#3697,#3698,#1866,.T.);
#4490=EDGE_CURVE('',#3698,#3699,#567,.T.);
#4491=EDGE_CURVE('',#3699,#3700,#1867,.T.);
#4492=EDGE_CURVE('',#3700,#3701,#568,.T.);
#4493=EDGE_CURVE('',#3701,#3702,#1868,.T.);
#4494=EDGE_CURVE('',#3702,#3703,#569,.T.);
#4495=EDGE_CURVE('',#3703,#3704,#1869,.T.);
#4496=EDGE_CURVE('',#3704,#3697,#570,.T.);
#4497=EDGE_CURVE('',#3705,#3706,#1870,.T.);
#4498=EDGE_CURVE('',#3706,#3707,#571,.T.);
#4499=EDGE_CURVE('',#3707,#3708,#1871,.T.);
#4500=EDGE_CURVE('',#3708,#3709,#572,.T.);
#4501=EDGE_CURVE('',#3709,#3710,#1872,.T.);
#4502=EDGE_CURVE('',#3710,#3711,#573,.T.);
#4503=EDGE_CURVE('',#3711,#3712,#1873,.T.);
#4504=EDGE_CURVE('',#3712,#3705,#574,.T.);
#4505=EDGE_CURVE('',#3713,#3713,#575,.T.);
#4506=EDGE_CURVE('',#3714,#3715,#1874,.T.);
#4507=EDGE_CURVE('',#3715,#3716,#576,.T.);
#4508=EDGE_CURVE('',#3716,#3717,#1875,.T.);
#4509=EDGE_CURVE('',#3717,#3718,#577,.T.);
#4510=EDGE_CURVE('',#3718,#3719,#1876,.T.);
#4511=EDGE_CURVE('',#3719,#3720,#578,.T.);
#4512=EDGE_CURVE('',#3720,#3721,#1877,.T.);
#4513=EDGE_CURVE('',#3721,#3714,#579,.T.);
#4514=EDGE_CURVE('',#3722,#3723,#1878,.T.);
#4515=EDGE_CURVE('',#3723,#3724,#580,.T.);
#4516=EDGE_CURVE('',#3724,#3725,#1879,.T.);
#4517=EDGE_CURVE('',#3725,#3726,#581,.T.);
#4518=EDGE_CURVE('',#3726,#3727,#1880,.T.);
#4519=EDGE_CURVE('',#3727,#3728,#582,.T.);
#4520=EDGE_CURVE('',#3728,#3729,#1881,.T.);
#4521=EDGE_CURVE('',#3729,#3722,#583,.T.);
#4522=EDGE_CURVE('',#3730,#3731,#1882,.T.);
#4523=EDGE_CURVE('',#3731,#3732,#584,.T.);
#4524=EDGE_CURVE('',#3732,#3733,#1883,.T.);
#4525=EDGE_CURVE('',#3733,#3734,#585,.T.);
#4526=EDGE_CURVE('',#3734,#3735,#1884,.T.);
#4527=EDGE_CURVE('',#3735,#3736,#586,.T.);
#4528=EDGE_CURVE('',#3736,#3737,#1885,.T.);
#4529=EDGE_CURVE('',#3737,#3730,#587,.T.);
#4530=EDGE_CURVE('',#3738,#3738,#588,.T.);
#4531=EDGE_CURVE('',#3739,#3740,#1886,.T.);
#4532=EDGE_CURVE('',#3740,#3741,#589,.T.);
#4533=EDGE_CURVE('',#3741,#3742,#1887,.T.);
#4534=EDGE_CURVE('',#3742,#3743,#590,.T.);
#4535=EDGE_CURVE('',#3743,#3744,#1888,.T.);
#4536=EDGE_CURVE('',#3744,#3745,#591,.T.);
#4537=EDGE_CURVE('',#3745,#3746,#1889,.T.);
#4538=EDGE_CURVE('',#3746,#3739,#592,.T.);
#4539=EDGE_CURVE('',#3747,#3748,#1890,.T.);
#4540=EDGE_CURVE('',#3748,#3749,#593,.T.);
#4541=EDGE_CURVE('',#3749,#3750,#1891,.T.);
#4542=EDGE_CURVE('',#3750,#3751,#594,.T.);
#4543=EDGE_CURVE('',#3751,#3752,#1892,.T.);
#4544=EDGE_CURVE('',#3752,#3753,#595,.T.);
#4545=EDGE_CURVE('',#3753,#3754,#1893,.T.);
#4546=EDGE_CURVE('',#3754,#3747,#596,.T.);
#4547=EDGE_CURVE('',#3755,#3756,#1894,.T.);
#4548=EDGE_CURVE('',#3756,#3757,#597,.T.);
#4549=EDGE_CURVE('',#3757,#3758,#1895,.T.);
#4550=EDGE_CURVE('',#3758,#3759,#598,.T.);
#4551=EDGE_CURVE('',#3759,#3760,#1896,.T.);
#4552=EDGE_CURVE('',#3760,#3761,#599,.T.);
#4553=EDGE_CURVE('',#3761,#3762,#1897,.T.);
#4554=EDGE_CURVE('',#3762,#3755,#600,.T.);
#4555=EDGE_CURVE('',#3763,#3764,#1898,.T.);
#4556=EDGE_CURVE('',#3764,#3765,#601,.T.);
#4557=EDGE_CURVE('',#3765,#3766,#1899,.T.);
#4558=EDGE_CURVE('',#3766,#3767,#602,.T.);
#4559=EDGE_CURVE('',#3767,#3768,#1900,.T.);
#4560=EDGE_CURVE('',#3768,#3769,#603,.T.);
#4561=EDGE_CURVE('',#3769,#3770,#1901,.T.);
#4562=EDGE_CURVE('',#3770,#3763,#604,.T.);
#4563=EDGE_CURVE('',#3771,#3772,#1902,.T.);
#4564=EDGE_CURVE('',#3772,#3773,#605,.T.);
#4565=EDGE_CURVE('',#3773,#3774,#1903,.T.);
#4566=EDGE_CURVE('',#3774,#3775,#606,.T.);
#4567=EDGE_CURVE('',#3775,#3776,#1904,.T.);
#4568=EDGE_CURVE('',#3776,#3777,#607,.T.);
#4569=EDGE_CURVE('',#3777,#3778,#1905,.T.);
#4570=EDGE_CURVE('',#3778,#3771,#608,.T.);
#4571=EDGE_CURVE('',#3779,#3780,#1906,.T.);
#4572=EDGE_CURVE('',#3780,#3781,#609,.T.);
#4573=EDGE_CURVE('',#3781,#3782,#1907,.T.);
#4574=EDGE_CURVE('',#3782,#3783,#610,.T.);
#4575=EDGE_CURVE('',#3783,#3784,#1908,.T.);
#4576=EDGE_CURVE('',#3784,#3785,#611,.T.);
#4577=EDGE_CURVE('',#3785,#3786,#1909,.T.);
#4578=EDGE_CURVE('',#3786,#3779,#612,.T.);
#4579=EDGE_CURVE('',#3787,#3788,#1910,.T.);
#4580=EDGE_CURVE('',#3788,#3789,#613,.T.);
#4581=EDGE_CURVE('',#3789,#3790,#1911,.T.);
#4582=EDGE_CURVE('',#3790,#3791,#614,.T.);
#4583=EDGE_CURVE('',#3791,#3792,#1912,.T.);
#4584=EDGE_CURVE('',#3792,#3793,#615,.T.);
#4585=EDGE_CURVE('',#3793,#3794,#1913,.T.);
#4586=EDGE_CURVE('',#3794,#3787,#616,.T.);
#4587=EDGE_CURVE('',#3795,#3796,#1914,.T.);
#4588=EDGE_CURVE('',#3796,#3797,#617,.T.);
#4589=EDGE_CURVE('',#3797,#3798,#1915,.T.);
#4590=EDGE_CURVE('',#3798,#3799,#618,.T.);
#4591=EDGE_CURVE('',#3799,#3800,#1916,.T.);
#4592=EDGE_CURVE('',#3800,#3801,#619,.T.);
#4593=EDGE_CURVE('',#3801,#3802,#1917,.T.);
#4594=EDGE_CURVE('',#3802,#3795,#620,.T.);
#4595=EDGE_CURVE('',#3803,#3804,#1918,.T.);
#4596=EDGE_CURVE('',#3804,#3805,#621,.T.);
#4597=EDGE_CURVE('',#3805,#3806,#1919,.T.);
#4598=EDGE_CURVE('',#3806,#3807,#622,.T.);
#4599=EDGE_CURVE('',#3807,#3808,#1920,.T.);
#4600=EDGE_CURVE('',#3808,#3809,#623,.T.);
#4601=EDGE_CURVE('',#3809,#3810,#1921,.T.);
#4602=EDGE_CURVE('',#3810,#3803,#624,.T.);
#4603=EDGE_CURVE('',#3811,#3812,#1922,.T.);
#4604=EDGE_CURVE('',#3812,#3813,#625,.T.);
#4605=EDGE_CURVE('',#3813,#3814,#1923,.T.);
#4606=EDGE_CURVE('',#3814,#3815,#626,.T.);
#4607=EDGE_CURVE('',#3815,#3816,#1924,.T.);
#4608=EDGE_CURVE('',#3816,#3817,#627,.T.);
#4609=EDGE_CURVE('',#3817,#3818,#1925,.T.);
#4610=EDGE_CURVE('',#3818,#3811,#628,.T.);
#4611=EDGE_CURVE('',#3819,#3820,#1926,.T.);
#4612=EDGE_CURVE('',#3820,#3821,#629,.T.);
#4613=EDGE_CURVE('',#3821,#3822,#1927,.T.);
#4614=EDGE_CURVE('',#3822,#3823,#630,.T.);
#4615=EDGE_CURVE('',#3823,#3824,#1928,.T.);
#4616=EDGE_CURVE('',#3824,#3825,#631,.T.);
#4617=EDGE_CURVE('',#3825,#3826,#1929,.T.);
#4618=EDGE_CURVE('',#3826,#3819,#632,.T.);
#4619=EDGE_CURVE('',#3827,#3828,#1930,.T.);
#4620=EDGE_CURVE('',#3828,#3829,#633,.T.);
#4621=EDGE_CURVE('',#3829,#3830,#1931,.T.);
#4622=EDGE_CURVE('',#3830,#3831,#634,.T.);
#4623=EDGE_CURVE('',#3831,#3832,#1932,.T.);
#4624=EDGE_CURVE('',#3832,#3833,#635,.T.);
#4625=EDGE_CURVE('',#3833,#3834,#1933,.T.);
#4626=EDGE_CURVE('',#3834,#3827,#636,.T.);
#4627=EDGE_CURVE('',#3835,#3836,#1934,.T.);
#4628=EDGE_CURVE('',#3836,#3837,#637,.T.);
#4629=EDGE_CURVE('',#3837,#3838,#1935,.T.);
#4630=EDGE_CURVE('',#3838,#3839,#638,.T.);
#4631=EDGE_CURVE('',#3839,#3840,#1936,.T.);
#4632=EDGE_CURVE('',#3840,#3841,#639,.T.);
#4633=EDGE_CURVE('',#3841,#3842,#1937,.T.);
#4634=EDGE_CURVE('',#3842,#3835,#640,.T.);
#4635=EDGE_CURVE('',#3843,#3844,#1938,.T.);
#4636=EDGE_CURVE('',#3844,#3845,#641,.T.);
#4637=EDGE_CURVE('',#3845,#3846,#1939,.T.);
#4638=EDGE_CURVE('',#3846,#3847,#642,.T.);
#4639=EDGE_CURVE('',#3847,#3848,#1940,.T.);
#4640=EDGE_CURVE('',#3848,#3849,#643,.T.);
#4641=EDGE_CURVE('',#3849,#3850,#1941,.T.);
#4642=EDGE_CURVE('',#3850,#3843,#644,.T.);
#4643=EDGE_CURVE('',#3851,#3851,#645,.T.);
#4644=EDGE_CURVE('',#3852,#3853,#1942,.T.);
#4645=EDGE_CURVE('',#3853,#3854,#646,.T.);
#4646=EDGE_CURVE('',#3854,#3855,#1943,.T.);
#4647=EDGE_CURVE('',#3855,#3856,#647,.T.);
#4648=EDGE_CURVE('',#3856,#3857,#1944,.T.);
#4649=EDGE_CURVE('',#3857,#3858,#648,.T.);
#4650=EDGE_CURVE('',#3858,#3859,#1945,.T.);
#4651=EDGE_CURVE('',#3859,#3852,#649,.T.);
#4652=EDGE_CURVE('',#3860,#3861,#1946,.T.);
#4653=EDGE_CURVE('',#3861,#3862,#650,.T.);
#4654=EDGE_CURVE('',#3862,#3863,#1947,.T.);
#4655=EDGE_CURVE('',#3863,#3864,#651,.T.);
#4656=EDGE_CURVE('',#3864,#3865,#1948,.T.);
#4657=EDGE_CURVE('',#3865,#3866,#652,.T.);
#4658=EDGE_CURVE('',#3866,#3867,#1949,.T.);
#4659=EDGE_CURVE('',#3867,#3860,#653,.T.);
#4660=EDGE_CURVE('',#3868,#3869,#1950,.T.);
#4661=EDGE_CURVE('',#3869,#3870,#654,.T.);
#4662=EDGE_CURVE('',#3870,#3871,#1951,.T.);
#4663=EDGE_CURVE('',#3871,#3872,#655,.T.);
#4664=EDGE_CURVE('',#3872,#3873,#1952,.T.);
#4665=EDGE_CURVE('',#3873,#3874,#656,.T.);
#4666=EDGE_CURVE('',#3874,#3875,#1953,.T.);
#4667=EDGE_CURVE('',#3875,#3868,#657,.T.);
#4668=EDGE_CURVE('',#3876,#3877,#1954,.T.);
#4669=EDGE_CURVE('',#3877,#3878,#658,.T.);
#4670=EDGE_CURVE('',#3878,#3879,#1955,.T.);
#4671=EDGE_CURVE('',#3879,#3880,#659,.T.);
#4672=EDGE_CURVE('',#3880,#3881,#1956,.T.);
#4673=EDGE_CURVE('',#3881,#3882,#660,.T.);
#4674=EDGE_CURVE('',#3882,#3883,#1957,.T.);
#4675=EDGE_CURVE('',#3883,#3876,#661,.T.);
#4676=EDGE_CURVE('',#3884,#3885,#1958,.T.);
#4677=EDGE_CURVE('',#3885,#3886,#662,.T.);
#4678=EDGE_CURVE('',#3886,#3887,#1959,.T.);
#4679=EDGE_CURVE('',#3887,#3888,#663,.T.);
#4680=EDGE_CURVE('',#3888,#3889,#1960,.T.);
#4681=EDGE_CURVE('',#3889,#3890,#664,.T.);
#4682=EDGE_CURVE('',#3890,#3891,#1961,.T.);
#4683=EDGE_CURVE('',#3891,#3884,#665,.T.);
#4684=EDGE_CURVE('',#3892,#3893,#1962,.T.);
#4685=EDGE_CURVE('',#3893,#3894,#666,.T.);
#4686=EDGE_CURVE('',#3894,#3895,#1963,.T.);
#4687=EDGE_CURVE('',#3895,#3896,#667,.T.);
#4688=EDGE_CURVE('',#3896,#3897,#1964,.T.);
#4689=EDGE_CURVE('',#3897,#3898,#668,.T.);
#4690=EDGE_CURVE('',#3898,#3899,#1965,.T.);
#4691=EDGE_CURVE('',#3899,#3892,#669,.T.);
#4692=EDGE_CURVE('',#3900,#3901,#1966,.T.);
#4693=EDGE_CURVE('',#3901,#3902,#670,.T.);
#4694=EDGE_CURVE('',#3902,#3903,#1967,.T.);
#4695=EDGE_CURVE('',#3903,#3904,#671,.T.);
#4696=EDGE_CURVE('',#3904,#3905,#1968,.T.);
#4697=EDGE_CURVE('',#3905,#3906,#672,.T.);
#4698=EDGE_CURVE('',#3906,#3907,#1969,.T.);
#4699=EDGE_CURVE('',#3907,#3900,#673,.T.);
#4700=EDGE_CURVE('',#3908,#3909,#1970,.T.);
#4701=EDGE_CURVE('',#3909,#3910,#674,.T.);
#4702=EDGE_CURVE('',#3910,#3911,#1971,.T.);
#4703=EDGE_CURVE('',#3911,#3912,#675,.T.);
#4704=EDGE_CURVE('',#3912,#3913,#1972,.T.);
#4705=EDGE_CURVE('',#3913,#3914,#676,.T.);
#4706=EDGE_CURVE('',#3914,#3915,#1973,.T.);
#4707=EDGE_CURVE('',#3915,#3908,#677,.T.);
#4708=EDGE_CURVE('',#3166,#3544,#1974,.T.);
#4709=EDGE_CURVE('',#3168,#3542,#1975,.T.);
#4710=EDGE_CURVE('',#3541,#3169,#1976,.T.);
#4711=EDGE_CURVE('',#3543,#3167,#1977,.T.);
#4712=EDGE_CURVE('',#3546,#3170,#1978,.T.);
#4713=EDGE_CURVE('',#3547,#3177,#1979,.T.);
#4714=EDGE_CURVE('',#3548,#3176,#1980,.T.);
#4715=EDGE_CURVE('',#3549,#3175,#1981,.T.);
#4716=EDGE_CURVE('',#3550,#3174,#1982,.T.);
#4717=EDGE_CURVE('',#3551,#3173,#1983,.T.);
#4718=EDGE_CURVE('',#3552,#3172,#1984,.T.);
#4719=EDGE_CURVE('',#3545,#3171,#1985,.T.);
#4720=EDGE_CURVE('',#3554,#3178,#1986,.T.);
#4721=EDGE_CURVE('',#3555,#3185,#1987,.T.);
#4722=EDGE_CURVE('',#3556,#3184,#1988,.T.);
#4723=EDGE_CURVE('',#3557,#3183,#1989,.T.);
#4724=EDGE_CURVE('',#3558,#3182,#1990,.T.);
#4725=EDGE_CURVE('',#3559,#3181,#1991,.T.);
#4726=EDGE_CURVE('',#3560,#3180,#1992,.T.);
#4727=EDGE_CURVE('',#3553,#3179,#1993,.T.);
#4728=EDGE_CURVE('',#3562,#3186,#1994,.T.);
#4729=EDGE_CURVE('',#3563,#3193,#1995,.T.);
#4730=EDGE_CURVE('',#3564,#3192,#1996,.T.);
#4731=EDGE_CURVE('',#3565,#3191,#1997,.T.);
#4732=EDGE_CURVE('',#3566,#3190,#1998,.T.);
#4733=EDGE_CURVE('',#3567,#3189,#1999,.T.);
#4734=EDGE_CURVE('',#3568,#3188,#2000,.T.);
#4735=EDGE_CURVE('',#3561,#3187,#2001,.T.);
#4736=EDGE_CURVE('',#3570,#3194,#2002,.T.);
#4737=EDGE_CURVE('',#3571,#3201,#2003,.T.);
#4738=EDGE_CURVE('',#3572,#3200,#2004,.T.);
#4739=EDGE_CURVE('',#3573,#3199,#2005,.T.);
#4740=EDGE_CURVE('',#3574,#3198,#2006,.T.);
#4741=EDGE_CURVE('',#3575,#3197,#2007,.T.);
#4742=EDGE_CURVE('',#3576,#3196,#2008,.T.);
#4743=EDGE_CURVE('',#3569,#3195,#2009,.T.);
#4744=EDGE_CURVE('',#3578,#3202,#2010,.T.);
#4745=EDGE_CURVE('',#3579,#3209,#2011,.T.);
#4746=EDGE_CURVE('',#3580,#3208,#2012,.T.);
#4747=EDGE_CURVE('',#3581,#3207,#2013,.T.);
#4748=EDGE_CURVE('',#3582,#3206,#2014,.T.);
#4749=EDGE_CURVE('',#3583,#3205,#2015,.T.);
#4750=EDGE_CURVE('',#3584,#3204,#2016,.T.);
#4751=EDGE_CURVE('',#3577,#3203,#2017,.T.);
#4752=EDGE_CURVE('',#3586,#3210,#2018,.T.);
#4753=EDGE_CURVE('',#3587,#3217,#2019,.T.);
#4754=EDGE_CURVE('',#3588,#3216,#2020,.T.);
#4755=EDGE_CURVE('',#3589,#3215,#2021,.T.);
#4756=EDGE_CURVE('',#3590,#3214,#2022,.T.);
#4757=EDGE_CURVE('',#3591,#3213,#2023,.T.);
#4758=EDGE_CURVE('',#3592,#3212,#2024,.T.);
#4759=EDGE_CURVE('',#3585,#3211,#2025,.T.);
#4760=EDGE_CURVE('',#3594,#3218,#2026,.T.);
#4761=EDGE_CURVE('',#3595,#3225,#2027,.T.);
#4762=EDGE_CURVE('',#3596,#3224,#2028,.T.);
#4763=EDGE_CURVE('',#3597,#3223,#2029,.T.);
#4764=EDGE_CURVE('',#3598,#3222,#2030,.T.);
#4765=EDGE_CURVE('',#3599,#3221,#2031,.T.);
#4766=EDGE_CURVE('',#3600,#3220,#2032,.T.);
#4767=EDGE_CURVE('',#3593,#3219,#2033,.T.);
#4768=EDGE_CURVE('',#3602,#3226,#2034,.T.);
#4769=EDGE_CURVE('',#3603,#3233,#2035,.T.);
#4770=EDGE_CURVE('',#3604,#3232,#2036,.T.);
#4771=EDGE_CURVE('',#3605,#3231,#2037,.T.);
#4772=EDGE_CURVE('',#3606,#3230,#2038,.T.);
#4773=EDGE_CURVE('',#3607,#3229,#2039,.T.);
#4774=EDGE_CURVE('',#3608,#3228,#2040,.T.);
#4775=EDGE_CURVE('',#3601,#3227,#2041,.T.);
#4776=EDGE_CURVE('',#3610,#3234,#2042,.T.);
#4777=EDGE_CURVE('',#3611,#3241,#2043,.T.);
#4778=EDGE_CURVE('',#3612,#3240,#2044,.T.);
#4779=EDGE_CURVE('',#3613,#3239,#2045,.T.);
#4780=EDGE_CURVE('',#3614,#3238,#2046,.T.);
#4781=EDGE_CURVE('',#3615,#3237,#2047,.T.);
#4782=EDGE_CURVE('',#3616,#3236,#2048,.T.);
#4783=EDGE_CURVE('',#3609,#3235,#2049,.T.);
#4784=EDGE_CURVE('',#3618,#3242,#2050,.T.);
#4785=EDGE_CURVE('',#3619,#3249,#2051,.T.);
#4786=EDGE_CURVE('',#3620,#3248,#2052,.T.);
#4787=EDGE_CURVE('',#3621,#3247,#2053,.T.);
#4788=EDGE_CURVE('',#3622,#3246,#2054,.T.);
#4789=EDGE_CURVE('',#3623,#3245,#2055,.T.);
#4790=EDGE_CURVE('',#3624,#3244,#2056,.T.);
#4791=EDGE_CURVE('',#3617,#3243,#2057,.T.);
#4792=EDGE_CURVE('',#3626,#3250,#2058,.T.);
#4793=EDGE_CURVE('',#3627,#3257,#2059,.T.);
#4794=EDGE_CURVE('',#3628,#3256,#2060,.T.);
#4795=EDGE_CURVE('',#3629,#3255,#2061,.T.);
#4796=EDGE_CURVE('',#3630,#3254,#2062,.T.);
#4797=EDGE_CURVE('',#3631,#3253,#2063,.T.);
#4798=EDGE_CURVE('',#3632,#3252,#2064,.T.);
#4799=EDGE_CURVE('',#3625,#3251,#2065,.T.);
#4800=EDGE_CURVE('',#3634,#3258,#2066,.T.);
#4801=EDGE_CURVE('',#3635,#3265,#2067,.T.);
#4802=EDGE_CURVE('',#3636,#3264,#2068,.T.);
#4803=EDGE_CURVE('',#3637,#3263,#2069,.T.);
#4804=EDGE_CURVE('',#3638,#3262,#2070,.T.);
#4805=EDGE_CURVE('',#3639,#3261,#2071,.T.);
#4806=EDGE_CURVE('',#3640,#3260,#2072,.T.);
#4807=EDGE_CURVE('',#3633,#3259,#2073,.T.);
#4808=EDGE_CURVE('',#3642,#3266,#2074,.T.);
#4809=EDGE_CURVE('',#3643,#3273,#2075,.T.);
#4810=EDGE_CURVE('',#3644,#3272,#2076,.T.);
#4811=EDGE_CURVE('',#3645,#3271,#2077,.T.);
#4812=EDGE_CURVE('',#3646,#3270,#2078,.T.);
#4813=EDGE_CURVE('',#3647,#3269,#2079,.T.);
#4814=EDGE_CURVE('',#3648,#3268,#2080,.T.);
#4815=EDGE_CURVE('',#3641,#3267,#2081,.T.);
#4816=EDGE_CURVE('',#3650,#3274,#2082,.T.);
#4817=EDGE_CURVE('',#3651,#3281,#2083,.T.);
#4818=EDGE_CURVE('',#3652,#3280,#2084,.T.);
#4819=EDGE_CURVE('',#3653,#3279,#2085,.T.);
#4820=EDGE_CURVE('',#3654,#3278,#2086,.T.);
#4821=EDGE_CURVE('',#3655,#3277,#2087,.T.);
#4822=EDGE_CURVE('',#3656,#3276,#2088,.T.);
#4823=EDGE_CURVE('',#3649,#3275,#2089,.T.);
#4824=EDGE_CURVE('',#3658,#3282,#2090,.T.);
#4825=EDGE_CURVE('',#3659,#3289,#2091,.T.);
#4826=EDGE_CURVE('',#3660,#3288,#2092,.T.);
#4827=EDGE_CURVE('',#3661,#3287,#2093,.T.);
#4828=EDGE_CURVE('',#3662,#3286,#2094,.T.);
#4829=EDGE_CURVE('',#3663,#3285,#2095,.T.);
#4830=EDGE_CURVE('',#3664,#3284,#2096,.T.);
#4831=EDGE_CURVE('',#3657,#3283,#2097,.T.);
#4832=EDGE_CURVE('',#3666,#3290,#2098,.T.);
#4833=EDGE_CURVE('',#3667,#3297,#2099,.T.);
#4834=EDGE_CURVE('',#3668,#3296,#2100,.T.);
#4835=EDGE_CURVE('',#3669,#3295,#2101,.T.);
#4836=EDGE_CURVE('',#3670,#3294,#2102,.T.);
#4837=EDGE_CURVE('',#3671,#3293,#2103,.T.);
#4838=EDGE_CURVE('',#3672,#3292,#2104,.T.);
#4839=EDGE_CURVE('',#3665,#3291,#2105,.T.);
#4840=EDGE_CURVE('',#3674,#3298,#2106,.T.);
#4841=EDGE_CURVE('',#3675,#3305,#2107,.T.);
#4842=EDGE_CURVE('',#3676,#3304,#2108,.T.);
#4843=EDGE_CURVE('',#3677,#3303,#2109,.T.);
#4844=EDGE_CURVE('',#3678,#3302,#2110,.T.);
#4845=EDGE_CURVE('',#3679,#3301,#2111,.T.);
#4846=EDGE_CURVE('',#3680,#3300,#2112,.T.);
#4847=EDGE_CURVE('',#3673,#3299,#2113,.T.);
#4848=EDGE_CURVE('',#3682,#3306,#2114,.T.);
#4849=EDGE_CURVE('',#3683,#3313,#2115,.T.);
#4850=EDGE_CURVE('',#3684,#3312,#2116,.T.);
#4851=EDGE_CURVE('',#3685,#3311,#2117,.T.);
#4852=EDGE_CURVE('',#3686,#3310,#2118,.T.);
#4853=EDGE_CURVE('',#3687,#3309,#2119,.T.);
#4854=EDGE_CURVE('',#3688,#3308,#2120,.T.);
#4855=EDGE_CURVE('',#3681,#3307,#2121,.T.);
#4856=EDGE_CURVE('',#3690,#3314,#2122,.T.);
#4857=EDGE_CURVE('',#3691,#3321,#2123,.T.);
#4858=EDGE_CURVE('',#3692,#3320,#2124,.T.);
#4859=EDGE_CURVE('',#3693,#3319,#2125,.T.);
#4860=EDGE_CURVE('',#3694,#3318,#2126,.T.);
#4861=EDGE_CURVE('',#3695,#3317,#2127,.T.);
#4862=EDGE_CURVE('',#3696,#3316,#2128,.T.);
#4863=EDGE_CURVE('',#3689,#3315,#2129,.T.);
#4864=EDGE_CURVE('',#3698,#3322,#2130,.T.);
#4865=EDGE_CURVE('',#3699,#3329,#2131,.T.);
#4866=EDGE_CURVE('',#3700,#3328,#2132,.T.);
#4867=EDGE_CURVE('',#3701,#3327,#2133,.T.);
#4868=EDGE_CURVE('',#3702,#3326,#2134,.T.);
#4869=EDGE_CURVE('',#3703,#3325,#2135,.T.);
#4870=EDGE_CURVE('',#3704,#3324,#2136,.T.);
#4871=EDGE_CURVE('',#3697,#3323,#2137,.T.);
#4872=EDGE_CURVE('',#3706,#3330,#2138,.T.);
#4873=EDGE_CURVE('',#3707,#3337,#2139,.T.);
#4874=EDGE_CURVE('',#3708,#3336,#2140,.T.);
#4875=EDGE_CURVE('',#3709,#3335,#2141,.T.);
#4876=EDGE_CURVE('',#3710,#3334,#2142,.T.);
#4877=EDGE_CURVE('',#3711,#3333,#2143,.T.);
#4878=EDGE_CURVE('',#3712,#3332,#2144,.T.);
#4879=EDGE_CURVE('',#3705,#3331,#2145,.T.);
#4880=EDGE_CURVE('',#3338,#3713,#2146,.T.);
#4881=EDGE_CURVE('',#3715,#3339,#2147,.T.);
#4882=EDGE_CURVE('',#3716,#3346,#2148,.T.);
#4883=EDGE_CURVE('',#3717,#3345,#2149,.T.);
#4884=EDGE_CURVE('',#3718,#3344,#2150,.T.);
#4885=EDGE_CURVE('',#3719,#3343,#2151,.T.);
#4886=EDGE_CURVE('',#3720,#3342,#2152,.T.);
#4887=EDGE_CURVE('',#3721,#3341,#2153,.T.);
#4888=EDGE_CURVE('',#3714,#3340,#2154,.T.);
#4889=EDGE_CURVE('',#3723,#3347,#2155,.T.);
#4890=EDGE_CURVE('',#3724,#3354,#2156,.T.);
#4891=EDGE_CURVE('',#3725,#3353,#2157,.T.);
#4892=EDGE_CURVE('',#3726,#3352,#2158,.T.);
#4893=EDGE_CURVE('',#3727,#3351,#2159,.T.);
#4894=EDGE_CURVE('',#3728,#3350,#2160,.T.);
#4895=EDGE_CURVE('',#3729,#3349,#2161,.T.);
#4896=EDGE_CURVE('',#3722,#3348,#2162,.T.);
#4897=EDGE_CURVE('',#3731,#3355,#2163,.T.);
#4898=EDGE_CURVE('',#3732,#3362,#2164,.T.);
#4899=EDGE_CURVE('',#3733,#3361,#2165,.T.);
#4900=EDGE_CURVE('',#3734,#3360,#2166,.T.);
#4901=EDGE_CURVE('',#3735,#3359,#2167,.T.);
#4902=EDGE_CURVE('',#3736,#3358,#2168,.T.);
#4903=EDGE_CURVE('',#3737,#3357,#2169,.T.);
#4904=EDGE_CURVE('',#3730,#3356,#2170,.T.);
#4905=EDGE_CURVE('',#3363,#3738,#2171,.T.);
#4906=EDGE_CURVE('',#3740,#3364,#2172,.T.);
#4907=EDGE_CURVE('',#3741,#3371,#2173,.T.);
#4908=EDGE_CURVE('',#3742,#3370,#2174,.T.);
#4909=EDGE_CURVE('',#3743,#3369,#2175,.T.);
#4910=EDGE_CURVE('',#3744,#3368,#2176,.T.);
#4911=EDGE_CURVE('',#3745,#3367,#2177,.T.);
#4912=EDGE_CURVE('',#3746,#3366,#2178,.T.);
#4913=EDGE_CURVE('',#3739,#3365,#2179,.T.);
#4914=EDGE_CURVE('',#3748,#3372,#2180,.T.);
#4915=EDGE_CURVE('',#3749,#3379,#2181,.T.);
#4916=EDGE_CURVE('',#3750,#3378,#2182,.T.);
#4917=EDGE_CURVE('',#3751,#3377,#2183,.T.);
#4918=EDGE_CURVE('',#3752,#3376,#2184,.T.);
#4919=EDGE_CURVE('',#3753,#3375,#2185,.T.);
#4920=EDGE_CURVE('',#3754,#3374,#2186,.T.);
#4921=EDGE_CURVE('',#3747,#3373,#2187,.T.);
#4922=EDGE_CURVE('',#3756,#3380,#2188,.T.);
#4923=EDGE_CURVE('',#3757,#3387,#2189,.T.);
#4924=EDGE_CURVE('',#3758,#3386,#2190,.T.);
#4925=EDGE_CURVE('',#3759,#3385,#2191,.T.);
#4926=EDGE_CURVE('',#3760,#3384,#2192,.T.);
#4927=EDGE_CURVE('',#3761,#3383,#2193,.T.);
#4928=EDGE_CURVE('',#3762,#3382,#2194,.T.);
#4929=EDGE_CURVE('',#3755,#3381,#2195,.T.);
#4930=EDGE_CURVE('',#3764,#3388,#2196,.T.);
#4931=EDGE_CURVE('',#3765,#3395,#2197,.T.);
#4932=EDGE_CURVE('',#3766,#3394,#2198,.T.);
#4933=EDGE_CURVE('',#3767,#3393,#2199,.T.);
#4934=EDGE_CURVE('',#3768,#3392,#2200,.T.);
#4935=EDGE_CURVE('',#3769,#3391,#2201,.T.);
#4936=EDGE_CURVE('',#3770,#3390,#2202,.T.);
#4937=EDGE_CURVE('',#3763,#3389,#2203,.T.);
#4938=EDGE_CURVE('',#3772,#3396,#2204,.T.);
#4939=EDGE_CURVE('',#3773,#3403,#2205,.T.);
#4940=EDGE_CURVE('',#3774,#3402,#2206,.T.);
#4941=EDGE_CURVE('',#3775,#3401,#2207,.T.);
#4942=EDGE_CURVE('',#3776,#3400,#2208,.T.);
#4943=EDGE_CURVE('',#3777,#3399,#2209,.T.);
#4944=EDGE_CURVE('',#3778,#3398,#2210,.T.);
#4945=EDGE_CURVE('',#3771,#3397,#2211,.T.);
#4946=EDGE_CURVE('',#3780,#3404,#2212,.T.);
#4947=EDGE_CURVE('',#3781,#3411,#2213,.T.);
#4948=EDGE_CURVE('',#3782,#3410,#2214,.T.);
#4949=EDGE_CURVE('',#3783,#3409,#2215,.T.);
#4950=EDGE_CURVE('',#3784,#3408,#2216,.T.);
#4951=EDGE_CURVE('',#3785,#3407,#2217,.T.);
#4952=EDGE_CURVE('',#3786,#3406,#2218,.T.);
#4953=EDGE_CURVE('',#3779,#3405,#2219,.T.);
#4954=EDGE_CURVE('',#3788,#3412,#2220,.T.);
#4955=EDGE_CURVE('',#3789,#3419,#2221,.T.);
#4956=EDGE_CURVE('',#3790,#3418,#2222,.T.);
#4957=EDGE_CURVE('',#3791,#3417,#2223,.T.);
#4958=EDGE_CURVE('',#3792,#3416,#2224,.T.);
#4959=EDGE_CURVE('',#3793,#3415,#2225,.T.);
#4960=EDGE_CURVE('',#3794,#3414,#2226,.T.);
#4961=EDGE_CURVE('',#3787,#3413,#2227,.T.);
#4962=EDGE_CURVE('',#3796,#3420,#2228,.T.);
#4963=EDGE_CURVE('',#3797,#3427,#2229,.T.);
#4964=EDGE_CURVE('',#3798,#3426,#2230,.T.);
#4965=EDGE_CURVE('',#3799,#3425,#2231,.T.);
#4966=EDGE_CURVE('',#3800,#3424,#2232,.T.);
#4967=EDGE_CURVE('',#3801,#3423,#2233,.T.);
#4968=EDGE_CURVE('',#3802,#3422,#2234,.T.);
#4969=EDGE_CURVE('',#3795,#3421,#2235,.T.);
#4970=EDGE_CURVE('',#3804,#3428,#2236,.T.);
#4971=EDGE_CURVE('',#3805,#3435,#2237,.T.);
#4972=EDGE_CURVE('',#3806,#3434,#2238,.T.);
#4973=EDGE_CURVE('',#3807,#3433,#2239,.T.);
#4974=EDGE_CURVE('',#3808,#3432,#2240,.T.);
#4975=EDGE_CURVE('',#3809,#3431,#2241,.T.);
#4976=EDGE_CURVE('',#3810,#3430,#2242,.T.);
#4977=EDGE_CURVE('',#3803,#3429,#2243,.T.);
#4978=EDGE_CURVE('',#3812,#3436,#2244,.T.);
#4979=EDGE_CURVE('',#3813,#3443,#2245,.T.);
#4980=EDGE_CURVE('',#3814,#3442,#2246,.T.);
#4981=EDGE_CURVE('',#3815,#3441,#2247,.T.);
#4982=EDGE_CURVE('',#3816,#3440,#2248,.T.);
#4983=EDGE_CURVE('',#3817,#3439,#2249,.T.);
#4984=EDGE_CURVE('',#3818,#3438,#2250,.T.);
#4985=EDGE_CURVE('',#3811,#3437,#2251,.T.);
#4986=EDGE_CURVE('',#3820,#3444,#2252,.T.);
#4987=EDGE_CURVE('',#3821,#3451,#2253,.T.);
#4988=EDGE_CURVE('',#3822,#3450,#2254,.T.);
#4989=EDGE_CURVE('',#3823,#3449,#2255,.T.);
#4990=EDGE_CURVE('',#3824,#3448,#2256,.T.);
#4991=EDGE_CURVE('',#3825,#3447,#2257,.T.);
#4992=EDGE_CURVE('',#3826,#3446,#2258,.T.);
#4993=EDGE_CURVE('',#3819,#3445,#2259,.T.);
#4994=EDGE_CURVE('',#3828,#3452,#2260,.T.);
#4995=EDGE_CURVE('',#3829,#3459,#2261,.T.);
#4996=EDGE_CURVE('',#3830,#3458,#2262,.T.);
#4997=EDGE_CURVE('',#3831,#3457,#2263,.T.);
#4998=EDGE_CURVE('',#3832,#3456,#2264,.T.);
#4999=EDGE_CURVE('',#3833,#3455,#2265,.T.);
#5000=EDGE_CURVE('',#3834,#3454,#2266,.T.);
#5001=EDGE_CURVE('',#3827,#3453,#2267,.T.);
#5002=EDGE_CURVE('',#3836,#3460,#2268,.T.);
#5003=EDGE_CURVE('',#3837,#3467,#2269,.T.);
#5004=EDGE_CURVE('',#3838,#3466,#2270,.T.);
#5005=EDGE_CURVE('',#3839,#3465,#2271,.T.);
#5006=EDGE_CURVE('',#3840,#3464,#2272,.T.);
#5007=EDGE_CURVE('',#3841,#3463,#2273,.T.);
#5008=EDGE_CURVE('',#3842,#3462,#2274,.T.);
#5009=EDGE_CURVE('',#3835,#3461,#2275,.T.);
#5010=EDGE_CURVE('',#3844,#3468,#2276,.T.);
#5011=EDGE_CURVE('',#3845,#3475,#2277,.T.);
#5012=EDGE_CURVE('',#3846,#3474,#2278,.T.);
#5013=EDGE_CURVE('',#3847,#3473,#2279,.T.);
#5014=EDGE_CURVE('',#3848,#3472,#2280,.T.);
#5015=EDGE_CURVE('',#3849,#3471,#2281,.T.);
#5016=EDGE_CURVE('',#3850,#3470,#2282,.T.);
#5017=EDGE_CURVE('',#3843,#3469,#2283,.T.);
#5018=EDGE_CURVE('',#3476,#3851,#2284,.T.);
#5019=EDGE_CURVE('',#3853,#3477,#2285,.T.);
#5020=EDGE_CURVE('',#3854,#3484,#2286,.T.);
#5021=EDGE_CURVE('',#3855,#3483,#2287,.T.);
#5022=EDGE_CURVE('',#3856,#3482,#2288,.T.);
#5023=EDGE_CURVE('',#3857,#3481,#2289,.T.);
#5024=EDGE_CURVE('',#3858,#3480,#2290,.T.);
#5025=EDGE_CURVE('',#3859,#3479,#2291,.T.);
#5026=EDGE_CURVE('',#3852,#3478,#2292,.T.);
#5027=EDGE_CURVE('',#3861,#3485,#2293,.T.);
#5028=EDGE_CURVE('',#3862,#3492,#2294,.T.);
#5029=EDGE_CURVE('',#3863,#3491,#2295,.T.);
#5030=EDGE_CURVE('',#3864,#3490,#2296,.T.);
#5031=EDGE_CURVE('',#3865,#3489,#2297,.T.);
#5032=EDGE_CURVE('',#3866,#3488,#2298,.T.);
#5033=EDGE_CURVE('',#3867,#3487,#2299,.T.);
#5034=EDGE_CURVE('',#3860,#3486,#2300,.T.);
#5035=EDGE_CURVE('',#3869,#3493,#2301,.T.);
#5036=EDGE_CURVE('',#3870,#3500,#2302,.T.);
#5037=EDGE_CURVE('',#3871,#3499,#2303,.T.);
#5038=EDGE_CURVE('',#3872,#3498,#2304,.T.);
#5039=EDGE_CURVE('',#3873,#3497,#2305,.T.);
#5040=EDGE_CURVE('',#3874,#3496,#2306,.T.);
#5041=EDGE_CURVE('',#3875,#3495,#2307,.T.);
#5042=EDGE_CURVE('',#3868,#3494,#2308,.T.);
#5043=EDGE_CURVE('',#3877,#3501,#2309,.T.);
#5044=EDGE_CURVE('',#3878,#3508,#2310,.T.);
#5045=EDGE_CURVE('',#3879,#3507,#2311,.T.);
#5046=EDGE_CURVE('',#3880,#3506,#2312,.T.);
#5047=EDGE_CURVE('',#3881,#3505,#2313,.T.);
#5048=EDGE_CURVE('',#3882,#3504,#2314,.T.);
#5049=EDGE_CURVE('',#3883,#3503,#2315,.T.);
#5050=EDGE_CURVE('',#3876,#3502,#2316,.T.);
#5051=EDGE_CURVE('',#3885,#3509,#2317,.T.);
#5052=EDGE_CURVE('',#3886,#3516,#2318,.T.);
#5053=EDGE_CURVE('',#3887,#3515,#2319,.T.);
#5054=EDGE_CURVE('',#3888,#3514,#2320,.T.);
#5055=EDGE_CURVE('',#3889,#3513,#2321,.T.);
#5056=EDGE_CURVE('',#3890,#3512,#2322,.T.);
#5057=EDGE_CURVE('',#3891,#3511,#2323,.T.);
#5058=EDGE_CURVE('',#3884,#3510,#2324,.T.);
#5059=EDGE_CURVE('',#3893,#3517,#2325,.T.);
#5060=EDGE_CURVE('',#3894,#3524,#2326,.T.);
#5061=EDGE_CURVE('',#3895,#3523,#2327,.T.);
#5062=EDGE_CURVE('',#3896,#3522,#2328,.T.);
#5063=EDGE_CURVE('',#3897,#3521,#2329,.T.);
#5064=EDGE_CURVE('',#3898,#3520,#2330,.T.);
#5065=EDGE_CURVE('',#3899,#3519,#2331,.T.);
#5066=EDGE_CURVE('',#3892,#3518,#2332,.T.);
#5067=EDGE_CURVE('',#3901,#3525,#2333,.T.);
#5068=EDGE_CURVE('',#3902,#3532,#2334,.T.);
#5069=EDGE_CURVE('',#3903,#3531,#2335,.T.);
#5070=EDGE_CURVE('',#3904,#3530,#2336,.T.);
#5071=EDGE_CURVE('',#3905,#3529,#2337,.T.);
#5072=EDGE_CURVE('',#3906,#3528,#2338,.T.);
#5073=EDGE_CURVE('',#3907,#3527,#2339,.T.);
#5074=EDGE_CURVE('',#3900,#3526,#2340,.T.);
#5075=EDGE_CURVE('',#3909,#3533,#2341,.T.);
#5076=EDGE_CURVE('',#3910,#3540,#2342,.T.);
#5077=EDGE_CURVE('',#3911,#3539,#2343,.T.);
#5078=EDGE_CURVE('',#3912,#3538,#2344,.T.);
#5079=EDGE_CURVE('',#3913,#3537,#2345,.T.);
#5080=EDGE_CURVE('',#3914,#3536,#2346,.T.);
#5081=EDGE_CURVE('',#3915,#3535,#2347,.T.);
#5082=EDGE_CURVE('',#3908,#3534,#2348,.T.);
#5083=ORIENTED_EDGE('',*,*,#3916,.F.);
#5084=ORIENTED_EDGE('',*,*,#3917,.F.);
#5085=ORIENTED_EDGE('',*,*,#3918,.F.);
#5086=ORIENTED_EDGE('',*,*,#3919,.T.);
#5087=ORIENTED_EDGE('',*,*,#3920,.F.);
#5088=ORIENTED_EDGE('',*,*,#3919,.F.);
#5089=ORIENTED_EDGE('',*,*,#3921,.F.);
#5090=ORIENTED_EDGE('',*,*,#3922,.T.);
#5091=ORIENTED_EDGE('',*,*,#3923,.F.);
#5092=ORIENTED_EDGE('',*,*,#3922,.F.);
#5093=ORIENTED_EDGE('',*,*,#3924,.F.);
#5094=ORIENTED_EDGE('',*,*,#3925,.T.);
#5095=ORIENTED_EDGE('',*,*,#3926,.F.);
#5096=ORIENTED_EDGE('',*,*,#3925,.F.);
#5097=ORIENTED_EDGE('',*,*,#3927,.F.);
#5098=ORIENTED_EDGE('',*,*,#3928,.T.);
#5099=ORIENTED_EDGE('',*,*,#3929,.F.);
#5100=ORIENTED_EDGE('',*,*,#3928,.F.);
#5101=ORIENTED_EDGE('',*,*,#3930,.F.);
#5102=ORIENTED_EDGE('',*,*,#3931,.T.);
#5103=ORIENTED_EDGE('',*,*,#3932,.F.);
#5104=ORIENTED_EDGE('',*,*,#3931,.F.);
#5105=ORIENTED_EDGE('',*,*,#3933,.F.);
#5106=ORIENTED_EDGE('',*,*,#3934,.T.);
#5107=ORIENTED_EDGE('',*,*,#3935,.F.);
#5108=ORIENTED_EDGE('',*,*,#3934,.F.);
#5109=ORIENTED_EDGE('',*,*,#3936,.F.);
#5110=ORIENTED_EDGE('',*,*,#3937,.T.);
#5111=ORIENTED_EDGE('',*,*,#3938,.F.);
#5112=ORIENTED_EDGE('',*,*,#3937,.F.);
#5113=ORIENTED_EDGE('',*,*,#3939,.F.);
#5114=ORIENTED_EDGE('',*,*,#3940,.T.);
#5115=ORIENTED_EDGE('',*,*,#3941,.F.);
#5116=ORIENTED_EDGE('',*,*,#3940,.F.);
#5117=ORIENTED_EDGE('',*,*,#3942,.F.);
#5118=ORIENTED_EDGE('',*,*,#3943,.T.);
#5119=ORIENTED_EDGE('',*,*,#3944,.F.);
#5120=ORIENTED_EDGE('',*,*,#3943,.F.);
#5121=ORIENTED_EDGE('',*,*,#3945,.F.);
#5122=ORIENTED_EDGE('',*,*,#3946,.T.);
#5123=ORIENTED_EDGE('',*,*,#3947,.F.);
#5124=ORIENTED_EDGE('',*,*,#3948,.F.);
#5125=ORIENTED_EDGE('',*,*,#3949,.F.);
#5126=ORIENTED_EDGE('',*,*,#3950,.F.);
#5127=ORIENTED_EDGE('',*,*,#3951,.F.);
#5128=ORIENTED_EDGE('',*,*,#3946,.F.);
#5129=ORIENTED_EDGE('',*,*,#3952,.F.);
#5130=ORIENTED_EDGE('',*,*,#3948,.T.);
#5131=ORIENTED_EDGE('',*,*,#3953,.F.);
#5132=ORIENTED_EDGE('',*,*,#3954,.F.);
#5133=ORIENTED_EDGE('',*,*,#3955,.F.);
#5134=ORIENTED_EDGE('',*,*,#3917,.T.);
#5135=ORIENTED_EDGE('',*,*,#3953,.T.);
#5136=ORIENTED_EDGE('',*,*,#3916,.T.);
#5137=ORIENTED_EDGE('',*,*,#3920,.T.);
#5138=ORIENTED_EDGE('',*,*,#3923,.T.);
#5139=ORIENTED_EDGE('',*,*,#3926,.T.);
#5140=ORIENTED_EDGE('',*,*,#3929,.T.);
#5141=ORIENTED_EDGE('',*,*,#3932,.T.);
#5142=ORIENTED_EDGE('',*,*,#3935,.T.);
#5143=ORIENTED_EDGE('',*,*,#3938,.T.);
#5144=ORIENTED_EDGE('',*,*,#3941,.T.);
#5145=ORIENTED_EDGE('',*,*,#3944,.T.);
#5146=ORIENTED_EDGE('',*,*,#3951,.T.);
#5147=ORIENTED_EDGE('',*,*,#3947,.T.);
#5148=ORIENTED_EDGE('',*,*,#3956,.T.);
#5149=ORIENTED_EDGE('',*,*,#3957,.F.);
#5150=ORIENTED_EDGE('',*,*,#3958,.T.);
#5151=ORIENTED_EDGE('',*,*,#3959,.F.);
#5152=ORIENTED_EDGE('',*,*,#3960,.T.);
#5153=ORIENTED_EDGE('',*,*,#3961,.T.);
#5154=ORIENTED_EDGE('',*,*,#3962,.T.);
#5155=ORIENTED_EDGE('',*,*,#3963,.T.);
#5156=ORIENTED_EDGE('',*,*,#3964,.T.);
#5157=ORIENTED_EDGE('',*,*,#3965,.T.);
#5158=ORIENTED_EDGE('',*,*,#3966,.T.);
#5159=ORIENTED_EDGE('',*,*,#3967,.T.);
#5160=ORIENTED_EDGE('',*,*,#3968,.T.);
#5161=ORIENTED_EDGE('',*,*,#3969,.T.);
#5162=ORIENTED_EDGE('',*,*,#3970,.T.);
#5163=ORIENTED_EDGE('',*,*,#3971,.T.);
#5164=ORIENTED_EDGE('',*,*,#3972,.T.);
#5165=ORIENTED_EDGE('',*,*,#3973,.T.);
#5166=ORIENTED_EDGE('',*,*,#3974,.T.);
#5167=ORIENTED_EDGE('',*,*,#3975,.T.);
#5168=ORIENTED_EDGE('',*,*,#3976,.T.);
#5169=ORIENTED_EDGE('',*,*,#3977,.T.);
#5170=ORIENTED_EDGE('',*,*,#3978,.T.);
#5171=ORIENTED_EDGE('',*,*,#3979,.T.);
#5172=ORIENTED_EDGE('',*,*,#3980,.T.);
#5173=ORIENTED_EDGE('',*,*,#3981,.T.);
#5174=ORIENTED_EDGE('',*,*,#3982,.T.);
#5175=ORIENTED_EDGE('',*,*,#3983,.T.);
#5176=ORIENTED_EDGE('',*,*,#3984,.T.);
#5177=ORIENTED_EDGE('',*,*,#3985,.T.);
#5178=ORIENTED_EDGE('',*,*,#3986,.T.);
#5179=ORIENTED_EDGE('',*,*,#3987,.T.);
#5180=ORIENTED_EDGE('',*,*,#3988,.T.);
#5181=ORIENTED_EDGE('',*,*,#3989,.T.);
#5182=ORIENTED_EDGE('',*,*,#3990,.T.);
#5183=ORIENTED_EDGE('',*,*,#3991,.T.);
#5184=ORIENTED_EDGE('',*,*,#3992,.T.);
#5185=ORIENTED_EDGE('',*,*,#3993,.T.);
#5186=ORIENTED_EDGE('',*,*,#3994,.T.);
#5187=ORIENTED_EDGE('',*,*,#3995,.T.);
#5188=ORIENTED_EDGE('',*,*,#3996,.T.);
#5189=ORIENTED_EDGE('',*,*,#3997,.T.);
#5190=ORIENTED_EDGE('',*,*,#3998,.T.);
#5191=ORIENTED_EDGE('',*,*,#3999,.T.);
#5192=ORIENTED_EDGE('',*,*,#4000,.T.);
#5193=ORIENTED_EDGE('',*,*,#4001,.T.);
#5194=ORIENTED_EDGE('',*,*,#4002,.T.);
#5195=ORIENTED_EDGE('',*,*,#4003,.T.);
#5196=ORIENTED_EDGE('',*,*,#4004,.T.);
#5197=ORIENTED_EDGE('',*,*,#4005,.T.);
#5198=ORIENTED_EDGE('',*,*,#4006,.T.);
#5199=ORIENTED_EDGE('',*,*,#4007,.T.);
#5200=ORIENTED_EDGE('',*,*,#4008,.T.);
#5201=ORIENTED_EDGE('',*,*,#4009,.T.);
#5202=ORIENTED_EDGE('',*,*,#4010,.T.);
#5203=ORIENTED_EDGE('',*,*,#4011,.T.);
#5204=ORIENTED_EDGE('',*,*,#4012,.T.);
#5205=ORIENTED_EDGE('',*,*,#4013,.T.);
#5206=ORIENTED_EDGE('',*,*,#4014,.T.);
#5207=ORIENTED_EDGE('',*,*,#4015,.T.);
#5208=ORIENTED_EDGE('',*,*,#4016,.T.);
#5209=ORIENTED_EDGE('',*,*,#4017,.T.);
#5210=ORIENTED_EDGE('',*,*,#4018,.T.);
#5211=ORIENTED_EDGE('',*,*,#4019,.T.);
#5212=ORIENTED_EDGE('',*,*,#4020,.T.);
#5213=ORIENTED_EDGE('',*,*,#4021,.T.);
#5214=ORIENTED_EDGE('',*,*,#4022,.T.);
#5215=ORIENTED_EDGE('',*,*,#4023,.T.);
#5216=ORIENTED_EDGE('',*,*,#4024,.T.);
#5217=ORIENTED_EDGE('',*,*,#4025,.T.);
#5218=ORIENTED_EDGE('',*,*,#4026,.T.);
#5219=ORIENTED_EDGE('',*,*,#4027,.T.);
#5220=ORIENTED_EDGE('',*,*,#4028,.T.);
#5221=ORIENTED_EDGE('',*,*,#4029,.T.);
#5222=ORIENTED_EDGE('',*,*,#4030,.T.);
#5223=ORIENTED_EDGE('',*,*,#4031,.T.);
#5224=ORIENTED_EDGE('',*,*,#4032,.T.);
#5225=ORIENTED_EDGE('',*,*,#4033,.T.);
#5226=ORIENTED_EDGE('',*,*,#4034,.T.);
#5227=ORIENTED_EDGE('',*,*,#4035,.T.);
#5228=ORIENTED_EDGE('',*,*,#4036,.T.);
#5229=ORIENTED_EDGE('',*,*,#4037,.T.);
#5230=ORIENTED_EDGE('',*,*,#4038,.T.);
#5231=ORIENTED_EDGE('',*,*,#4039,.T.);
#5232=ORIENTED_EDGE('',*,*,#4040,.T.);
#5233=ORIENTED_EDGE('',*,*,#4041,.T.);
#5234=ORIENTED_EDGE('',*,*,#4042,.T.);
#5235=ORIENTED_EDGE('',*,*,#4043,.T.);
#5236=ORIENTED_EDGE('',*,*,#4044,.T.);
#5237=ORIENTED_EDGE('',*,*,#4045,.T.);
#5238=ORIENTED_EDGE('',*,*,#4046,.T.);
#5239=ORIENTED_EDGE('',*,*,#4047,.T.);
#5240=ORIENTED_EDGE('',*,*,#4048,.T.);
#5241=ORIENTED_EDGE('',*,*,#4049,.T.);
#5242=ORIENTED_EDGE('',*,*,#4050,.T.);
#5243=ORIENTED_EDGE('',*,*,#4051,.T.);
#5244=ORIENTED_EDGE('',*,*,#4052,.T.);
#5245=ORIENTED_EDGE('',*,*,#4053,.T.);
#5246=ORIENTED_EDGE('',*,*,#4054,.T.);
#5247=ORIENTED_EDGE('',*,*,#4055,.T.);
#5248=ORIENTED_EDGE('',*,*,#4056,.T.);
#5249=ORIENTED_EDGE('',*,*,#4057,.T.);
#5250=ORIENTED_EDGE('',*,*,#4058,.T.);
#5251=ORIENTED_EDGE('',*,*,#4059,.T.);
#5252=ORIENTED_EDGE('',*,*,#4060,.T.);
#5253=ORIENTED_EDGE('',*,*,#4061,.T.);
#5254=ORIENTED_EDGE('',*,*,#4062,.T.);
#5255=ORIENTED_EDGE('',*,*,#4063,.T.);
#5256=ORIENTED_EDGE('',*,*,#4064,.T.);
#5257=ORIENTED_EDGE('',*,*,#4065,.T.);
#5258=ORIENTED_EDGE('',*,*,#4066,.T.);
#5259=ORIENTED_EDGE('',*,*,#4067,.T.);
#5260=ORIENTED_EDGE('',*,*,#4068,.T.);
#5261=ORIENTED_EDGE('',*,*,#4069,.T.);
#5262=ORIENTED_EDGE('',*,*,#4070,.T.);
#5263=ORIENTED_EDGE('',*,*,#4071,.T.);
#5264=ORIENTED_EDGE('',*,*,#4072,.T.);
#5265=ORIENTED_EDGE('',*,*,#4073,.T.);
#5266=ORIENTED_EDGE('',*,*,#4074,.T.);
#5267=ORIENTED_EDGE('',*,*,#4075,.T.);
#5268=ORIENTED_EDGE('',*,*,#4076,.T.);
#5269=ORIENTED_EDGE('',*,*,#4077,.T.);
#5270=ORIENTED_EDGE('',*,*,#4078,.T.);
#5271=ORIENTED_EDGE('',*,*,#4079,.T.);
#5272=ORIENTED_EDGE('',*,*,#4080,.T.);
#5273=ORIENTED_EDGE('',*,*,#4081,.T.);
#5274=ORIENTED_EDGE('',*,*,#4082,.T.);
#5275=ORIENTED_EDGE('',*,*,#4083,.T.);
#5276=ORIENTED_EDGE('',*,*,#4084,.T.);
#5277=ORIENTED_EDGE('',*,*,#4085,.T.);
#5278=ORIENTED_EDGE('',*,*,#4086,.T.);
#5279=ORIENTED_EDGE('',*,*,#4087,.T.);
#5280=ORIENTED_EDGE('',*,*,#4088,.T.);
#5281=ORIENTED_EDGE('',*,*,#4089,.T.);
#5282=ORIENTED_EDGE('',*,*,#4090,.T.);
#5283=ORIENTED_EDGE('',*,*,#4091,.T.);
#5284=ORIENTED_EDGE('',*,*,#4092,.T.);
#5285=ORIENTED_EDGE('',*,*,#4093,.T.);
#5286=ORIENTED_EDGE('',*,*,#4094,.T.);
#5287=ORIENTED_EDGE('',*,*,#4095,.T.);
#5288=ORIENTED_EDGE('',*,*,#4096,.T.);
#5289=ORIENTED_EDGE('',*,*,#4097,.T.);
#5290=ORIENTED_EDGE('',*,*,#4098,.T.);
#5291=ORIENTED_EDGE('',*,*,#4099,.T.);
#5292=ORIENTED_EDGE('',*,*,#4100,.T.);
#5293=ORIENTED_EDGE('',*,*,#4101,.T.);
#5294=ORIENTED_EDGE('',*,*,#4102,.T.);
#5295=ORIENTED_EDGE('',*,*,#4103,.T.);
#5296=ORIENTED_EDGE('',*,*,#4104,.T.);
#5297=ORIENTED_EDGE('',*,*,#4105,.T.);
#5298=ORIENTED_EDGE('',*,*,#4106,.T.);
#5299=ORIENTED_EDGE('',*,*,#4107,.T.);
#5300=ORIENTED_EDGE('',*,*,#4108,.T.);
#5301=ORIENTED_EDGE('',*,*,#4109,.T.);
#5302=ORIENTED_EDGE('',*,*,#4110,.T.);
#5303=ORIENTED_EDGE('',*,*,#4111,.T.);
#5304=ORIENTED_EDGE('',*,*,#4112,.T.);
#5305=ORIENTED_EDGE('',*,*,#4113,.T.);
#5306=ORIENTED_EDGE('',*,*,#4114,.T.);
#5307=ORIENTED_EDGE('',*,*,#4115,.T.);
#5308=ORIENTED_EDGE('',*,*,#4116,.T.);
#5309=ORIENTED_EDGE('',*,*,#4117,.T.);
#5310=ORIENTED_EDGE('',*,*,#4118,.T.);
#5311=ORIENTED_EDGE('',*,*,#4119,.T.);
#5312=ORIENTED_EDGE('',*,*,#4120,.T.);
#5313=ORIENTED_EDGE('',*,*,#4121,.T.);
#5314=ORIENTED_EDGE('',*,*,#4122,.T.);
#5315=ORIENTED_EDGE('',*,*,#4123,.T.);
#5316=ORIENTED_EDGE('',*,*,#4124,.T.);
#5317=ORIENTED_EDGE('',*,*,#4125,.T.);
#5318=ORIENTED_EDGE('',*,*,#4126,.T.);
#5319=ORIENTED_EDGE('',*,*,#4127,.T.);
#5320=ORIENTED_EDGE('',*,*,#4128,.T.);
#5321=ORIENTED_EDGE('',*,*,#4129,.T.);
#5322=ORIENTED_EDGE('',*,*,#4130,.T.);
#5323=ORIENTED_EDGE('',*,*,#4131,.T.);
#5324=ORIENTED_EDGE('',*,*,#4132,.T.);
#5325=ORIENTED_EDGE('',*,*,#4133,.T.);
#5326=ORIENTED_EDGE('',*,*,#4134,.T.);
#5327=ORIENTED_EDGE('',*,*,#4135,.T.);
#5328=ORIENTED_EDGE('',*,*,#4136,.T.);
#5329=ORIENTED_EDGE('',*,*,#4137,.T.);
#5330=ORIENTED_EDGE('',*,*,#4138,.T.);
#5331=ORIENTED_EDGE('',*,*,#4139,.T.);
#5332=ORIENTED_EDGE('',*,*,#4140,.T.);
#5333=ORIENTED_EDGE('',*,*,#4141,.T.);
#5334=ORIENTED_EDGE('',*,*,#4142,.T.);
#5335=ORIENTED_EDGE('',*,*,#4143,.T.);
#5336=ORIENTED_EDGE('',*,*,#4144,.T.);
#5337=ORIENTED_EDGE('',*,*,#4145,.T.);
#5338=ORIENTED_EDGE('',*,*,#4146,.T.);
#5339=ORIENTED_EDGE('',*,*,#4147,.T.);
#5340=ORIENTED_EDGE('',*,*,#4148,.T.);
#5341=ORIENTED_EDGE('',*,*,#4149,.T.);
#5342=ORIENTED_EDGE('',*,*,#4150,.T.);
#5343=ORIENTED_EDGE('',*,*,#4151,.T.);
#5344=ORIENTED_EDGE('',*,*,#4152,.T.);
#5345=ORIENTED_EDGE('',*,*,#4153,.T.);
#5346=ORIENTED_EDGE('',*,*,#4154,.T.);
#5347=ORIENTED_EDGE('',*,*,#4155,.T.);
#5348=ORIENTED_EDGE('',*,*,#4156,.T.);
#5349=ORIENTED_EDGE('',*,*,#4157,.T.);
#5350=ORIENTED_EDGE('',*,*,#4158,.T.);
#5351=ORIENTED_EDGE('',*,*,#4159,.T.);
#5352=ORIENTED_EDGE('',*,*,#4160,.T.);
#5353=ORIENTED_EDGE('',*,*,#4161,.T.);
#5354=ORIENTED_EDGE('',*,*,#4162,.T.);
#5355=ORIENTED_EDGE('',*,*,#4163,.T.);
#5356=ORIENTED_EDGE('',*,*,#4164,.T.);
#5357=ORIENTED_EDGE('',*,*,#4165,.T.);
#5358=ORIENTED_EDGE('',*,*,#4166,.T.);
#5359=ORIENTED_EDGE('',*,*,#4167,.T.);
#5360=ORIENTED_EDGE('',*,*,#4168,.T.);
#5361=ORIENTED_EDGE('',*,*,#4169,.T.);
#5362=ORIENTED_EDGE('',*,*,#4170,.T.);
#5363=ORIENTED_EDGE('',*,*,#4171,.T.);
#5364=ORIENTED_EDGE('',*,*,#4172,.T.);
#5365=ORIENTED_EDGE('',*,*,#4173,.T.);
#5366=ORIENTED_EDGE('',*,*,#4174,.T.);
#5367=ORIENTED_EDGE('',*,*,#4175,.T.);
#5368=ORIENTED_EDGE('',*,*,#4176,.T.);
#5369=ORIENTED_EDGE('',*,*,#4177,.T.);
#5370=ORIENTED_EDGE('',*,*,#4178,.T.);
#5371=ORIENTED_EDGE('',*,*,#4179,.T.);
#5372=ORIENTED_EDGE('',*,*,#4180,.T.);
#5373=ORIENTED_EDGE('',*,*,#4181,.T.);
#5374=ORIENTED_EDGE('',*,*,#4182,.T.);
#5375=ORIENTED_EDGE('',*,*,#4183,.T.);
#5376=ORIENTED_EDGE('',*,*,#4184,.T.);
#5377=ORIENTED_EDGE('',*,*,#4185,.T.);
#5378=ORIENTED_EDGE('',*,*,#4186,.T.);
#5379=ORIENTED_EDGE('',*,*,#4187,.T.);
#5380=ORIENTED_EDGE('',*,*,#4188,.T.);
#5381=ORIENTED_EDGE('',*,*,#4189,.T.);
#5382=ORIENTED_EDGE('',*,*,#4190,.T.);
#5383=ORIENTED_EDGE('',*,*,#4191,.T.);
#5384=ORIENTED_EDGE('',*,*,#4192,.T.);
#5385=ORIENTED_EDGE('',*,*,#4193,.T.);
#5386=ORIENTED_EDGE('',*,*,#4194,.T.);
#5387=ORIENTED_EDGE('',*,*,#4195,.T.);
#5388=ORIENTED_EDGE('',*,*,#4196,.T.);
#5389=ORIENTED_EDGE('',*,*,#4197,.T.);
#5390=ORIENTED_EDGE('',*,*,#4198,.T.);
#5391=ORIENTED_EDGE('',*,*,#4199,.T.);
#5392=ORIENTED_EDGE('',*,*,#4200,.T.);
#5393=ORIENTED_EDGE('',*,*,#4201,.T.);
#5394=ORIENTED_EDGE('',*,*,#4202,.T.);
#5395=ORIENTED_EDGE('',*,*,#4203,.T.);
#5396=ORIENTED_EDGE('',*,*,#4204,.T.);
#5397=ORIENTED_EDGE('',*,*,#4205,.T.);
#5398=ORIENTED_EDGE('',*,*,#4206,.T.);
#5399=ORIENTED_EDGE('',*,*,#4207,.T.);
#5400=ORIENTED_EDGE('',*,*,#4208,.T.);
#5401=ORIENTED_EDGE('',*,*,#4209,.T.);
#5402=ORIENTED_EDGE('',*,*,#4210,.T.);
#5403=ORIENTED_EDGE('',*,*,#4211,.T.);
#5404=ORIENTED_EDGE('',*,*,#4212,.T.);
#5405=ORIENTED_EDGE('',*,*,#4213,.T.);
#5406=ORIENTED_EDGE('',*,*,#4214,.T.);
#5407=ORIENTED_EDGE('',*,*,#4215,.T.);
#5408=ORIENTED_EDGE('',*,*,#4216,.T.);
#5409=ORIENTED_EDGE('',*,*,#4217,.T.);
#5410=ORIENTED_EDGE('',*,*,#4218,.T.);
#5411=ORIENTED_EDGE('',*,*,#4219,.T.);
#5412=ORIENTED_EDGE('',*,*,#4220,.T.);
#5413=ORIENTED_EDGE('',*,*,#4221,.T.);
#5414=ORIENTED_EDGE('',*,*,#4222,.T.);
#5415=ORIENTED_EDGE('',*,*,#4223,.T.);
#5416=ORIENTED_EDGE('',*,*,#4224,.T.);
#5417=ORIENTED_EDGE('',*,*,#4225,.T.);
#5418=ORIENTED_EDGE('',*,*,#4226,.T.);
#5419=ORIENTED_EDGE('',*,*,#4227,.T.);
#5420=ORIENTED_EDGE('',*,*,#4228,.T.);
#5421=ORIENTED_EDGE('',*,*,#4229,.T.);
#5422=ORIENTED_EDGE('',*,*,#4230,.T.);
#5423=ORIENTED_EDGE('',*,*,#4231,.T.);
#5424=ORIENTED_EDGE('',*,*,#4232,.T.);
#5425=ORIENTED_EDGE('',*,*,#4233,.T.);
#5426=ORIENTED_EDGE('',*,*,#4234,.T.);
#5427=ORIENTED_EDGE('',*,*,#4235,.T.);
#5428=ORIENTED_EDGE('',*,*,#4236,.T.);
#5429=ORIENTED_EDGE('',*,*,#4237,.T.);
#5430=ORIENTED_EDGE('',*,*,#4238,.T.);
#5431=ORIENTED_EDGE('',*,*,#4239,.T.);
#5432=ORIENTED_EDGE('',*,*,#4240,.T.);
#5433=ORIENTED_EDGE('',*,*,#4241,.T.);
#5434=ORIENTED_EDGE('',*,*,#4242,.T.);
#5435=ORIENTED_EDGE('',*,*,#4243,.T.);
#5436=ORIENTED_EDGE('',*,*,#4244,.T.);
#5437=ORIENTED_EDGE('',*,*,#4245,.T.);
#5438=ORIENTED_EDGE('',*,*,#4246,.T.);
#5439=ORIENTED_EDGE('',*,*,#4247,.T.);
#5440=ORIENTED_EDGE('',*,*,#4248,.T.);
#5441=ORIENTED_EDGE('',*,*,#4249,.T.);
#5442=ORIENTED_EDGE('',*,*,#4250,.T.);
#5443=ORIENTED_EDGE('',*,*,#4251,.T.);
#5444=ORIENTED_EDGE('',*,*,#4252,.T.);
#5445=ORIENTED_EDGE('',*,*,#4253,.T.);
#5446=ORIENTED_EDGE('',*,*,#4254,.T.);
#5447=ORIENTED_EDGE('',*,*,#4255,.T.);
#5448=ORIENTED_EDGE('',*,*,#4256,.T.);
#5449=ORIENTED_EDGE('',*,*,#4257,.T.);
#5450=ORIENTED_EDGE('',*,*,#4258,.T.);
#5451=ORIENTED_EDGE('',*,*,#4259,.T.);
#5452=ORIENTED_EDGE('',*,*,#4260,.T.);
#5453=ORIENTED_EDGE('',*,*,#4261,.T.);
#5454=ORIENTED_EDGE('',*,*,#4262,.T.);
#5455=ORIENTED_EDGE('',*,*,#4263,.T.);
#5456=ORIENTED_EDGE('',*,*,#4264,.T.);
#5457=ORIENTED_EDGE('',*,*,#4265,.T.);
#5458=ORIENTED_EDGE('',*,*,#4266,.T.);
#5459=ORIENTED_EDGE('',*,*,#4267,.T.);
#5460=ORIENTED_EDGE('',*,*,#4268,.T.);
#5461=ORIENTED_EDGE('',*,*,#4269,.T.);
#5462=ORIENTED_EDGE('',*,*,#4270,.T.);
#5463=ORIENTED_EDGE('',*,*,#4271,.T.);
#5464=ORIENTED_EDGE('',*,*,#4272,.T.);
#5465=ORIENTED_EDGE('',*,*,#4273,.T.);
#5466=ORIENTED_EDGE('',*,*,#4274,.T.);
#5467=ORIENTED_EDGE('',*,*,#4275,.T.);
#5468=ORIENTED_EDGE('',*,*,#4276,.T.);
#5469=ORIENTED_EDGE('',*,*,#4277,.T.);
#5470=ORIENTED_EDGE('',*,*,#4278,.T.);
#5471=ORIENTED_EDGE('',*,*,#4279,.T.);
#5472=ORIENTED_EDGE('',*,*,#4280,.T.);
#5473=ORIENTED_EDGE('',*,*,#4281,.T.);
#5474=ORIENTED_EDGE('',*,*,#4282,.T.);
#5475=ORIENTED_EDGE('',*,*,#4283,.T.);
#5476=ORIENTED_EDGE('',*,*,#4284,.T.);
#5477=ORIENTED_EDGE('',*,*,#4285,.T.);
#5478=ORIENTED_EDGE('',*,*,#4286,.T.);
#5479=ORIENTED_EDGE('',*,*,#4287,.T.);
#5480=ORIENTED_EDGE('',*,*,#4288,.T.);
#5481=ORIENTED_EDGE('',*,*,#4289,.T.);
#5482=ORIENTED_EDGE('',*,*,#4290,.T.);
#5483=ORIENTED_EDGE('',*,*,#4291,.T.);
#5484=ORIENTED_EDGE('',*,*,#4292,.T.);
#5485=ORIENTED_EDGE('',*,*,#4293,.T.);
#5486=ORIENTED_EDGE('',*,*,#4294,.T.);
#5487=ORIENTED_EDGE('',*,*,#4295,.T.);
#5488=ORIENTED_EDGE('',*,*,#4296,.T.);
#5489=ORIENTED_EDGE('',*,*,#4297,.T.);
#5490=ORIENTED_EDGE('',*,*,#4298,.T.);
#5491=ORIENTED_EDGE('',*,*,#4299,.T.);
#5492=ORIENTED_EDGE('',*,*,#4300,.T.);
#5493=ORIENTED_EDGE('',*,*,#4301,.T.);
#5494=ORIENTED_EDGE('',*,*,#4302,.T.);
#5495=ORIENTED_EDGE('',*,*,#4303,.T.);
#5496=ORIENTED_EDGE('',*,*,#4304,.T.);
#5497=ORIENTED_EDGE('',*,*,#4305,.T.);
#5498=ORIENTED_EDGE('',*,*,#4306,.T.);
#5499=ORIENTED_EDGE('',*,*,#4307,.T.);
#5500=ORIENTED_EDGE('',*,*,#4308,.T.);
#5501=ORIENTED_EDGE('',*,*,#4309,.T.);
#5502=ORIENTED_EDGE('',*,*,#4310,.T.);
#5503=ORIENTED_EDGE('',*,*,#4311,.T.);
#5504=ORIENTED_EDGE('',*,*,#4312,.T.);
#5505=ORIENTED_EDGE('',*,*,#4313,.T.);
#5506=ORIENTED_EDGE('',*,*,#4314,.T.);
#5507=ORIENTED_EDGE('',*,*,#4315,.T.);
#5508=ORIENTED_EDGE('',*,*,#4316,.T.);
#5509=ORIENTED_EDGE('',*,*,#4317,.T.);
#5510=ORIENTED_EDGE('',*,*,#4318,.T.);
#5511=ORIENTED_EDGE('',*,*,#4319,.T.);
#5512=ORIENTED_EDGE('',*,*,#4320,.T.);
#5513=ORIENTED_EDGE('',*,*,#4321,.T.);
#5514=ORIENTED_EDGE('',*,*,#4322,.T.);
#5515=ORIENTED_EDGE('',*,*,#4323,.T.);
#5516=ORIENTED_EDGE('',*,*,#4324,.T.);
#5517=ORIENTED_EDGE('',*,*,#4325,.T.);
#5518=ORIENTED_EDGE('',*,*,#4326,.T.);
#5519=ORIENTED_EDGE('',*,*,#4327,.T.);
#5520=ORIENTED_EDGE('',*,*,#4328,.T.);
#5521=ORIENTED_EDGE('',*,*,#4329,.T.);
#5522=ORIENTED_EDGE('',*,*,#4330,.T.);
#5523=ORIENTED_EDGE('',*,*,#4331,.T.);
#5524=ORIENTED_EDGE('',*,*,#3955,.T.);
#5525=ORIENTED_EDGE('',*,*,#4332,.T.);
#5526=ORIENTED_EDGE('',*,*,#4333,.F.);
#5527=ORIENTED_EDGE('',*,*,#4334,.T.);
#5528=ORIENTED_EDGE('',*,*,#4335,.F.);
#5529=ORIENTED_EDGE('',*,*,#4336,.T.);
#5530=ORIENTED_EDGE('',*,*,#3949,.T.);
#5531=ORIENTED_EDGE('',*,*,#3952,.T.);
#5532=ORIENTED_EDGE('',*,*,#3945,.T.);
#5533=ORIENTED_EDGE('',*,*,#3942,.T.);
#5534=ORIENTED_EDGE('',*,*,#3939,.T.);
#5535=ORIENTED_EDGE('',*,*,#3936,.T.);
#5536=ORIENTED_EDGE('',*,*,#3933,.T.);
#5537=ORIENTED_EDGE('',*,*,#3930,.T.);
#5538=ORIENTED_EDGE('',*,*,#3927,.T.);
#5539=ORIENTED_EDGE('',*,*,#3924,.T.);
#5540=ORIENTED_EDGE('',*,*,#3921,.T.);
#5541=ORIENTED_EDGE('',*,*,#3918,.T.);
#5542=ORIENTED_EDGE('',*,*,#4337,.T.);
#5543=ORIENTED_EDGE('',*,*,#4338,.T.);
#5544=ORIENTED_EDGE('',*,*,#4339,.T.);
#5545=ORIENTED_EDGE('',*,*,#4340,.T.);
#5546=ORIENTED_EDGE('',*,*,#4341,.T.);
#5547=ORIENTED_EDGE('',*,*,#4342,.T.);
#5548=ORIENTED_EDGE('',*,*,#4343,.T.);
#5549=ORIENTED_EDGE('',*,*,#4344,.T.);
#5550=ORIENTED_EDGE('',*,*,#4345,.T.);
#5551=ORIENTED_EDGE('',*,*,#4346,.T.);
#5552=ORIENTED_EDGE('',*,*,#4347,.T.);
#5553=ORIENTED_EDGE('',*,*,#4348,.T.);
#5554=ORIENTED_EDGE('',*,*,#4349,.T.);
#5555=ORIENTED_EDGE('',*,*,#4350,.T.);
#5556=ORIENTED_EDGE('',*,*,#4351,.T.);
#5557=ORIENTED_EDGE('',*,*,#4352,.T.);
#5558=ORIENTED_EDGE('',*,*,#4353,.T.);
#5559=ORIENTED_EDGE('',*,*,#4354,.T.);
#5560=ORIENTED_EDGE('',*,*,#4355,.T.);
#5561=ORIENTED_EDGE('',*,*,#4356,.T.);
#5562=ORIENTED_EDGE('',*,*,#4357,.T.);
#5563=ORIENTED_EDGE('',*,*,#4358,.T.);
#5564=ORIENTED_EDGE('',*,*,#4359,.T.);
#5565=ORIENTED_EDGE('',*,*,#4360,.T.);
#5566=ORIENTED_EDGE('',*,*,#4361,.T.);
#5567=ORIENTED_EDGE('',*,*,#4362,.T.);
#5568=ORIENTED_EDGE('',*,*,#4363,.T.);
#5569=ORIENTED_EDGE('',*,*,#4364,.T.);
#5570=ORIENTED_EDGE('',*,*,#4365,.T.);
#5571=ORIENTED_EDGE('',*,*,#4366,.T.);
#5572=ORIENTED_EDGE('',*,*,#4367,.T.);
#5573=ORIENTED_EDGE('',*,*,#4368,.T.);
#5574=ORIENTED_EDGE('',*,*,#4369,.T.);
#5575=ORIENTED_EDGE('',*,*,#4370,.T.);
#5576=ORIENTED_EDGE('',*,*,#4371,.T.);
#5577=ORIENTED_EDGE('',*,*,#4372,.T.);
#5578=ORIENTED_EDGE('',*,*,#4373,.T.);
#5579=ORIENTED_EDGE('',*,*,#4374,.T.);
#5580=ORIENTED_EDGE('',*,*,#4375,.T.);
#5581=ORIENTED_EDGE('',*,*,#4376,.T.);
#5582=ORIENTED_EDGE('',*,*,#4377,.T.);
#5583=ORIENTED_EDGE('',*,*,#4378,.T.);
#5584=ORIENTED_EDGE('',*,*,#4379,.T.);
#5585=ORIENTED_EDGE('',*,*,#4380,.T.);
#5586=ORIENTED_EDGE('',*,*,#4381,.T.);
#5587=ORIENTED_EDGE('',*,*,#4382,.T.);
#5588=ORIENTED_EDGE('',*,*,#4383,.T.);
#5589=ORIENTED_EDGE('',*,*,#4384,.T.);
#5590=ORIENTED_EDGE('',*,*,#4385,.T.);
#5591=ORIENTED_EDGE('',*,*,#4386,.T.);
#5592=ORIENTED_EDGE('',*,*,#4387,.T.);
#5593=ORIENTED_EDGE('',*,*,#4388,.T.);
#5594=ORIENTED_EDGE('',*,*,#4389,.T.);
#5595=ORIENTED_EDGE('',*,*,#4390,.T.);
#5596=ORIENTED_EDGE('',*,*,#4391,.T.);
#5597=ORIENTED_EDGE('',*,*,#4392,.T.);
#5598=ORIENTED_EDGE('',*,*,#4393,.T.);
#5599=ORIENTED_EDGE('',*,*,#4394,.T.);
#5600=ORIENTED_EDGE('',*,*,#4395,.T.);
#5601=ORIENTED_EDGE('',*,*,#4396,.T.);
#5602=ORIENTED_EDGE('',*,*,#4397,.T.);
#5603=ORIENTED_EDGE('',*,*,#4398,.T.);
#5604=ORIENTED_EDGE('',*,*,#4399,.T.);
#5605=ORIENTED_EDGE('',*,*,#4400,.T.);
#5606=ORIENTED_EDGE('',*,*,#4401,.T.);
#5607=ORIENTED_EDGE('',*,*,#4402,.T.);
#5608=ORIENTED_EDGE('',*,*,#4403,.T.);
#5609=ORIENTED_EDGE('',*,*,#4404,.T.);
#5610=ORIENTED_EDGE('',*,*,#4405,.T.);
#5611=ORIENTED_EDGE('',*,*,#4406,.T.);
#5612=ORIENTED_EDGE('',*,*,#4407,.T.);
#5613=ORIENTED_EDGE('',*,*,#4408,.T.);
#5614=ORIENTED_EDGE('',*,*,#4409,.T.);
#5615=ORIENTED_EDGE('',*,*,#4410,.T.);
#5616=ORIENTED_EDGE('',*,*,#4411,.T.);
#5617=ORIENTED_EDGE('',*,*,#4412,.T.);
#5618=ORIENTED_EDGE('',*,*,#4413,.T.);
#5619=ORIENTED_EDGE('',*,*,#4414,.T.);
#5620=ORIENTED_EDGE('',*,*,#4415,.T.);
#5621=ORIENTED_EDGE('',*,*,#4416,.T.);
#5622=ORIENTED_EDGE('',*,*,#4417,.T.);
#5623=ORIENTED_EDGE('',*,*,#4418,.T.);
#5624=ORIENTED_EDGE('',*,*,#4419,.T.);
#5625=ORIENTED_EDGE('',*,*,#4420,.T.);
#5626=ORIENTED_EDGE('',*,*,#4421,.T.);
#5627=ORIENTED_EDGE('',*,*,#4422,.T.);
#5628=ORIENTED_EDGE('',*,*,#4423,.T.);
#5629=ORIENTED_EDGE('',*,*,#4424,.T.);
#5630=ORIENTED_EDGE('',*,*,#4425,.T.);
#5631=ORIENTED_EDGE('',*,*,#4426,.T.);
#5632=ORIENTED_EDGE('',*,*,#4427,.T.);
#5633=ORIENTED_EDGE('',*,*,#4428,.T.);
#5634=ORIENTED_EDGE('',*,*,#4429,.T.);
#5635=ORIENTED_EDGE('',*,*,#4430,.T.);
#5636=ORIENTED_EDGE('',*,*,#4431,.T.);
#5637=ORIENTED_EDGE('',*,*,#4432,.T.);
#5638=ORIENTED_EDGE('',*,*,#4433,.T.);
#5639=ORIENTED_EDGE('',*,*,#4434,.T.);
#5640=ORIENTED_EDGE('',*,*,#4435,.T.);
#5641=ORIENTED_EDGE('',*,*,#4436,.T.);
#5642=ORIENTED_EDGE('',*,*,#4437,.T.);
#5643=ORIENTED_EDGE('',*,*,#4438,.T.);
#5644=ORIENTED_EDGE('',*,*,#4439,.T.);
#5645=ORIENTED_EDGE('',*,*,#4440,.T.);
#5646=ORIENTED_EDGE('',*,*,#4441,.T.);
#5647=ORIENTED_EDGE('',*,*,#4442,.T.);
#5648=ORIENTED_EDGE('',*,*,#4443,.T.);
#5649=ORIENTED_EDGE('',*,*,#4444,.T.);
#5650=ORIENTED_EDGE('',*,*,#4445,.T.);
#5651=ORIENTED_EDGE('',*,*,#4446,.T.);
#5652=ORIENTED_EDGE('',*,*,#4447,.T.);
#5653=ORIENTED_EDGE('',*,*,#4448,.T.);
#5654=ORIENTED_EDGE('',*,*,#4449,.T.);
#5655=ORIENTED_EDGE('',*,*,#4450,.T.);
#5656=ORIENTED_EDGE('',*,*,#4451,.T.);
#5657=ORIENTED_EDGE('',*,*,#4452,.T.);
#5658=ORIENTED_EDGE('',*,*,#4453,.T.);
#5659=ORIENTED_EDGE('',*,*,#4454,.T.);
#5660=ORIENTED_EDGE('',*,*,#4455,.T.);
#5661=ORIENTED_EDGE('',*,*,#4456,.T.);
#5662=ORIENTED_EDGE('',*,*,#4457,.T.);
#5663=ORIENTED_EDGE('',*,*,#4458,.T.);
#5664=ORIENTED_EDGE('',*,*,#4459,.T.);
#5665=ORIENTED_EDGE('',*,*,#4460,.T.);
#5666=ORIENTED_EDGE('',*,*,#4461,.T.);
#5667=ORIENTED_EDGE('',*,*,#4462,.T.);
#5668=ORIENTED_EDGE('',*,*,#4463,.T.);
#5669=ORIENTED_EDGE('',*,*,#4464,.T.);
#5670=ORIENTED_EDGE('',*,*,#4465,.T.);
#5671=ORIENTED_EDGE('',*,*,#4466,.T.);
#5672=ORIENTED_EDGE('',*,*,#4467,.T.);
#5673=ORIENTED_EDGE('',*,*,#4468,.T.);
#5674=ORIENTED_EDGE('',*,*,#4469,.T.);
#5675=ORIENTED_EDGE('',*,*,#4470,.T.);
#5676=ORIENTED_EDGE('',*,*,#4471,.T.);
#5677=ORIENTED_EDGE('',*,*,#4472,.T.);
#5678=ORIENTED_EDGE('',*,*,#4473,.T.);
#5679=ORIENTED_EDGE('',*,*,#4474,.T.);
#5680=ORIENTED_EDGE('',*,*,#4475,.T.);
#5681=ORIENTED_EDGE('',*,*,#4476,.T.);
#5682=ORIENTED_EDGE('',*,*,#4477,.T.);
#5683=ORIENTED_EDGE('',*,*,#4478,.T.);
#5684=ORIENTED_EDGE('',*,*,#4479,.T.);
#5685=ORIENTED_EDGE('',*,*,#4480,.T.);
#5686=ORIENTED_EDGE('',*,*,#4481,.T.);
#5687=ORIENTED_EDGE('',*,*,#4482,.T.);
#5688=ORIENTED_EDGE('',*,*,#4483,.T.);
#5689=ORIENTED_EDGE('',*,*,#4484,.T.);
#5690=ORIENTED_EDGE('',*,*,#4485,.T.);
#5691=ORIENTED_EDGE('',*,*,#4486,.T.);
#5692=ORIENTED_EDGE('',*,*,#4487,.T.);
#5693=ORIENTED_EDGE('',*,*,#4488,.T.);
#5694=ORIENTED_EDGE('',*,*,#4489,.T.);
#5695=ORIENTED_EDGE('',*,*,#4490,.T.);
#5696=ORIENTED_EDGE('',*,*,#4491,.T.);
#5697=ORIENTED_EDGE('',*,*,#4492,.T.);
#5698=ORIENTED_EDGE('',*,*,#4493,.T.);
#5699=ORIENTED_EDGE('',*,*,#4494,.T.);
#5700=ORIENTED_EDGE('',*,*,#4495,.T.);
#5701=ORIENTED_EDGE('',*,*,#4496,.T.);
#5702=ORIENTED_EDGE('',*,*,#4497,.T.);
#5703=ORIENTED_EDGE('',*,*,#4498,.T.);
#5704=ORIENTED_EDGE('',*,*,#4499,.T.);
#5705=ORIENTED_EDGE('',*,*,#4500,.T.);
#5706=ORIENTED_EDGE('',*,*,#4501,.T.);
#5707=ORIENTED_EDGE('',*,*,#4502,.T.);
#5708=ORIENTED_EDGE('',*,*,#4503,.T.);
#5709=ORIENTED_EDGE('',*,*,#4504,.T.);
#5710=ORIENTED_EDGE('',*,*,#4505,.T.);
#5711=ORIENTED_EDGE('',*,*,#4506,.T.);
#5712=ORIENTED_EDGE('',*,*,#4507,.T.);
#5713=ORIENTED_EDGE('',*,*,#4508,.T.);
#5714=ORIENTED_EDGE('',*,*,#4509,.T.);
#5715=ORIENTED_EDGE('',*,*,#4510,.T.);
#5716=ORIENTED_EDGE('',*,*,#4511,.T.);
#5717=ORIENTED_EDGE('',*,*,#4512,.T.);
#5718=ORIENTED_EDGE('',*,*,#4513,.T.);
#5719=ORIENTED_EDGE('',*,*,#4514,.T.);
#5720=ORIENTED_EDGE('',*,*,#4515,.T.);
#5721=ORIENTED_EDGE('',*,*,#4516,.T.);
#5722=ORIENTED_EDGE('',*,*,#4517,.T.);
#5723=ORIENTED_EDGE('',*,*,#4518,.T.);
#5724=ORIENTED_EDGE('',*,*,#4519,.T.);
#5725=ORIENTED_EDGE('',*,*,#4520,.T.);
#5726=ORIENTED_EDGE('',*,*,#4521,.T.);
#5727=ORIENTED_EDGE('',*,*,#4522,.T.);
#5728=ORIENTED_EDGE('',*,*,#4523,.T.);
#5729=ORIENTED_EDGE('',*,*,#4524,.T.);
#5730=ORIENTED_EDGE('',*,*,#4525,.T.);
#5731=ORIENTED_EDGE('',*,*,#4526,.T.);
#5732=ORIENTED_EDGE('',*,*,#4527,.T.);
#5733=ORIENTED_EDGE('',*,*,#4528,.T.);
#5734=ORIENTED_EDGE('',*,*,#4529,.T.);
#5735=ORIENTED_EDGE('',*,*,#4530,.T.);
#5736=ORIENTED_EDGE('',*,*,#4531,.T.);
#5737=ORIENTED_EDGE('',*,*,#4532,.T.);
#5738=ORIENTED_EDGE('',*,*,#4533,.T.);
#5739=ORIENTED_EDGE('',*,*,#4534,.T.);
#5740=ORIENTED_EDGE('',*,*,#4535,.T.);
#5741=ORIENTED_EDGE('',*,*,#4536,.T.);
#5742=ORIENTED_EDGE('',*,*,#4537,.T.);
#5743=ORIENTED_EDGE('',*,*,#4538,.T.);
#5744=ORIENTED_EDGE('',*,*,#4539,.T.);
#5745=ORIENTED_EDGE('',*,*,#4540,.T.);
#5746=ORIENTED_EDGE('',*,*,#4541,.T.);
#5747=ORIENTED_EDGE('',*,*,#4542,.T.);
#5748=ORIENTED_EDGE('',*,*,#4543,.T.);
#5749=ORIENTED_EDGE('',*,*,#4544,.T.);
#5750=ORIENTED_EDGE('',*,*,#4545,.T.);
#5751=ORIENTED_EDGE('',*,*,#4546,.T.);
#5752=ORIENTED_EDGE('',*,*,#4547,.T.);
#5753=ORIENTED_EDGE('',*,*,#4548,.T.);
#5754=ORIENTED_EDGE('',*,*,#4549,.T.);
#5755=ORIENTED_EDGE('',*,*,#4550,.T.);
#5756=ORIENTED_EDGE('',*,*,#4551,.T.);
#5757=ORIENTED_EDGE('',*,*,#4552,.T.);
#5758=ORIENTED_EDGE('',*,*,#4553,.T.);
#5759=ORIENTED_EDGE('',*,*,#4554,.T.);
#5760=ORIENTED_EDGE('',*,*,#4555,.T.);
#5761=ORIENTED_EDGE('',*,*,#4556,.T.);
#5762=ORIENTED_EDGE('',*,*,#4557,.T.);
#5763=ORIENTED_EDGE('',*,*,#4558,.T.);
#5764=ORIENTED_EDGE('',*,*,#4559,.T.);
#5765=ORIENTED_EDGE('',*,*,#4560,.T.);
#5766=ORIENTED_EDGE('',*,*,#4561,.T.);
#5767=ORIENTED_EDGE('',*,*,#4562,.T.);
#5768=ORIENTED_EDGE('',*,*,#4563,.T.);
#5769=ORIENTED_EDGE('',*,*,#4564,.T.);
#5770=ORIENTED_EDGE('',*,*,#4565,.T.);
#5771=ORIENTED_EDGE('',*,*,#4566,.T.);
#5772=ORIENTED_EDGE('',*,*,#4567,.T.);
#5773=ORIENTED_EDGE('',*,*,#4568,.T.);
#5774=ORIENTED_EDGE('',*,*,#4569,.T.);
#5775=ORIENTED_EDGE('',*,*,#4570,.T.);
#5776=ORIENTED_EDGE('',*,*,#4571,.T.);
#5777=ORIENTED_EDGE('',*,*,#4572,.T.);
#5778=ORIENTED_EDGE('',*,*,#4573,.T.);
#5779=ORIENTED_EDGE('',*,*,#4574,.T.);
#5780=ORIENTED_EDGE('',*,*,#4575,.T.);
#5781=ORIENTED_EDGE('',*,*,#4576,.T.);
#5782=ORIENTED_EDGE('',*,*,#4577,.T.);
#5783=ORIENTED_EDGE('',*,*,#4578,.T.);
#5784=ORIENTED_EDGE('',*,*,#4579,.T.);
#5785=ORIENTED_EDGE('',*,*,#4580,.T.);
#5786=ORIENTED_EDGE('',*,*,#4581,.T.);
#5787=ORIENTED_EDGE('',*,*,#4582,.T.);
#5788=ORIENTED_EDGE('',*,*,#4583,.T.);
#5789=ORIENTED_EDGE('',*,*,#4584,.T.);
#5790=ORIENTED_EDGE('',*,*,#4585,.T.);
#5791=ORIENTED_EDGE('',*,*,#4586,.T.);
#5792=ORIENTED_EDGE('',*,*,#4587,.T.);
#5793=ORIENTED_EDGE('',*,*,#4588,.T.);
#5794=ORIENTED_EDGE('',*,*,#4589,.T.);
#5795=ORIENTED_EDGE('',*,*,#4590,.T.);
#5796=ORIENTED_EDGE('',*,*,#4591,.T.);
#5797=ORIENTED_EDGE('',*,*,#4592,.T.);
#5798=ORIENTED_EDGE('',*,*,#4593,.T.);
#5799=ORIENTED_EDGE('',*,*,#4594,.T.);
#5800=ORIENTED_EDGE('',*,*,#4595,.T.);
#5801=ORIENTED_EDGE('',*,*,#4596,.T.);
#5802=ORIENTED_EDGE('',*,*,#4597,.T.);
#5803=ORIENTED_EDGE('',*,*,#4598,.T.);
#5804=ORIENTED_EDGE('',*,*,#4599,.T.);
#5805=ORIENTED_EDGE('',*,*,#4600,.T.);
#5806=ORIENTED_EDGE('',*,*,#4601,.T.);
#5807=ORIENTED_EDGE('',*,*,#4602,.T.);
#5808=ORIENTED_EDGE('',*,*,#4603,.T.);
#5809=ORIENTED_EDGE('',*,*,#4604,.T.);
#5810=ORIENTED_EDGE('',*,*,#4605,.T.);
#5811=ORIENTED_EDGE('',*,*,#4606,.T.);
#5812=ORIENTED_EDGE('',*,*,#4607,.T.);
#5813=ORIENTED_EDGE('',*,*,#4608,.T.);
#5814=ORIENTED_EDGE('',*,*,#4609,.T.);
#5815=ORIENTED_EDGE('',*,*,#4610,.T.);
#5816=ORIENTED_EDGE('',*,*,#4611,.T.);
#5817=ORIENTED_EDGE('',*,*,#4612,.T.);
#5818=ORIENTED_EDGE('',*,*,#4613,.T.);
#5819=ORIENTED_EDGE('',*,*,#4614,.T.);
#5820=ORIENTED_EDGE('',*,*,#4615,.T.);
#5821=ORIENTED_EDGE('',*,*,#4616,.T.);
#5822=ORIENTED_EDGE('',*,*,#4617,.T.);
#5823=ORIENTED_EDGE('',*,*,#4618,.T.);
#5824=ORIENTED_EDGE('',*,*,#4619,.T.);
#5825=ORIENTED_EDGE('',*,*,#4620,.T.);
#5826=ORIENTED_EDGE('',*,*,#4621,.T.);
#5827=ORIENTED_EDGE('',*,*,#4622,.T.);
#5828=ORIENTED_EDGE('',*,*,#4623,.T.);
#5829=ORIENTED_EDGE('',*,*,#4624,.T.);
#5830=ORIENTED_EDGE('',*,*,#4625,.T.);
#5831=ORIENTED_EDGE('',*,*,#4626,.T.);
#5832=ORIENTED_EDGE('',*,*,#4627,.T.);
#5833=ORIENTED_EDGE('',*,*,#4628,.T.);
#5834=ORIENTED_EDGE('',*,*,#4629,.T.);
#5835=ORIENTED_EDGE('',*,*,#4630,.T.);
#5836=ORIENTED_EDGE('',*,*,#4631,.T.);
#5837=ORIENTED_EDGE('',*,*,#4632,.T.);
#5838=ORIENTED_EDGE('',*,*,#4633,.T.);
#5839=ORIENTED_EDGE('',*,*,#4634,.T.);
#5840=ORIENTED_EDGE('',*,*,#4635,.T.);
#5841=ORIENTED_EDGE('',*,*,#4636,.T.);
#5842=ORIENTED_EDGE('',*,*,#4637,.T.);
#5843=ORIENTED_EDGE('',*,*,#4638,.T.);
#5844=ORIENTED_EDGE('',*,*,#4639,.T.);
#5845=ORIENTED_EDGE('',*,*,#4640,.T.);
#5846=ORIENTED_EDGE('',*,*,#4641,.T.);
#5847=ORIENTED_EDGE('',*,*,#4642,.T.);
#5848=ORIENTED_EDGE('',*,*,#4643,.T.);
#5849=ORIENTED_EDGE('',*,*,#4644,.T.);
#5850=ORIENTED_EDGE('',*,*,#4645,.T.);
#5851=ORIENTED_EDGE('',*,*,#4646,.T.);
#5852=ORIENTED_EDGE('',*,*,#4647,.T.);
#5853=ORIENTED_EDGE('',*,*,#4648,.T.);
#5854=ORIENTED_EDGE('',*,*,#4649,.T.);
#5855=ORIENTED_EDGE('',*,*,#4650,.T.);
#5856=ORIENTED_EDGE('',*,*,#4651,.T.);
#5857=ORIENTED_EDGE('',*,*,#4652,.T.);
#5858=ORIENTED_EDGE('',*,*,#4653,.T.);
#5859=ORIENTED_EDGE('',*,*,#4654,.T.);
#5860=ORIENTED_EDGE('',*,*,#4655,.T.);
#5861=ORIENTED_EDGE('',*,*,#4656,.T.);
#5862=ORIENTED_EDGE('',*,*,#4657,.T.);
#5863=ORIENTED_EDGE('',*,*,#4658,.T.);
#5864=ORIENTED_EDGE('',*,*,#4659,.T.);
#5865=ORIENTED_EDGE('',*,*,#4660,.T.);
#5866=ORIENTED_EDGE('',*,*,#4661,.T.);
#5867=ORIENTED_EDGE('',*,*,#4662,.T.);
#5868=ORIENTED_EDGE('',*,*,#4663,.T.);
#5869=ORIENTED_EDGE('',*,*,#4664,.T.);
#5870=ORIENTED_EDGE('',*,*,#4665,.T.);
#5871=ORIENTED_EDGE('',*,*,#4666,.T.);
#5872=ORIENTED_EDGE('',*,*,#4667,.T.);
#5873=ORIENTED_EDGE('',*,*,#4668,.T.);
#5874=ORIENTED_EDGE('',*,*,#4669,.T.);
#5875=ORIENTED_EDGE('',*,*,#4670,.T.);
#5876=ORIENTED_EDGE('',*,*,#4671,.T.);
#5877=ORIENTED_EDGE('',*,*,#4672,.T.);
#5878=ORIENTED_EDGE('',*,*,#4673,.T.);
#5879=ORIENTED_EDGE('',*,*,#4674,.T.);
#5880=ORIENTED_EDGE('',*,*,#4675,.T.);
#5881=ORIENTED_EDGE('',*,*,#4676,.T.);
#5882=ORIENTED_EDGE('',*,*,#4677,.T.);
#5883=ORIENTED_EDGE('',*,*,#4678,.T.);
#5884=ORIENTED_EDGE('',*,*,#4679,.T.);
#5885=ORIENTED_EDGE('',*,*,#4680,.T.);
#5886=ORIENTED_EDGE('',*,*,#4681,.T.);
#5887=ORIENTED_EDGE('',*,*,#4682,.T.);
#5888=ORIENTED_EDGE('',*,*,#4683,.T.);
#5889=ORIENTED_EDGE('',*,*,#4684,.T.);
#5890=ORIENTED_EDGE('',*,*,#4685,.T.);
#5891=ORIENTED_EDGE('',*,*,#4686,.T.);
#5892=ORIENTED_EDGE('',*,*,#4687,.T.);
#5893=ORIENTED_EDGE('',*,*,#4688,.T.);
#5894=ORIENTED_EDGE('',*,*,#4689,.T.);
#5895=ORIENTED_EDGE('',*,*,#4690,.T.);
#5896=ORIENTED_EDGE('',*,*,#4691,.T.);
#5897=ORIENTED_EDGE('',*,*,#4692,.T.);
#5898=ORIENTED_EDGE('',*,*,#4693,.T.);
#5899=ORIENTED_EDGE('',*,*,#4694,.T.);
#5900=ORIENTED_EDGE('',*,*,#4695,.T.);
#5901=ORIENTED_EDGE('',*,*,#4696,.T.);
#5902=ORIENTED_EDGE('',*,*,#4697,.T.);
#5903=ORIENTED_EDGE('',*,*,#4698,.T.);
#5904=ORIENTED_EDGE('',*,*,#4699,.T.);
#5905=ORIENTED_EDGE('',*,*,#4700,.T.);
#5906=ORIENTED_EDGE('',*,*,#4701,.T.);
#5907=ORIENTED_EDGE('',*,*,#4702,.T.);
#5908=ORIENTED_EDGE('',*,*,#4703,.T.);
#5909=ORIENTED_EDGE('',*,*,#4704,.T.);
#5910=ORIENTED_EDGE('',*,*,#4705,.T.);
#5911=ORIENTED_EDGE('',*,*,#4706,.T.);
#5912=ORIENTED_EDGE('',*,*,#4707,.T.);
#5913=ORIENTED_EDGE('',*,*,#3950,.T.);
#5914=ORIENTED_EDGE('',*,*,#4336,.F.);
#5915=ORIENTED_EDGE('',*,*,#4708,.F.);
#5916=ORIENTED_EDGE('',*,*,#3956,.F.);
#5917=ORIENTED_EDGE('',*,*,#3959,.T.);
#5918=ORIENTED_EDGE('',*,*,#4709,.T.);
#5919=ORIENTED_EDGE('',*,*,#4333,.T.);
#5920=ORIENTED_EDGE('',*,*,#4710,.T.);
#5921=ORIENTED_EDGE('',*,*,#4709,.F.);
#5922=ORIENTED_EDGE('',*,*,#3958,.F.);
#5923=ORIENTED_EDGE('',*,*,#4711,.F.);
#5924=ORIENTED_EDGE('',*,*,#4334,.F.);
#5925=ORIENTED_EDGE('',*,*,#3957,.T.);
#5926=ORIENTED_EDGE('',*,*,#4708,.T.);
#5927=ORIENTED_EDGE('',*,*,#4335,.T.);
#5928=ORIENTED_EDGE('',*,*,#4711,.T.);
#5929=ORIENTED_EDGE('',*,*,#4338,.F.);
#5930=ORIENTED_EDGE('',*,*,#4712,.T.);
#5931=ORIENTED_EDGE('',*,*,#3968,.F.);
#5932=ORIENTED_EDGE('',*,*,#4713,.F.);
#5933=ORIENTED_EDGE('',*,*,#4339,.F.);
#5934=ORIENTED_EDGE('',*,*,#4713,.T.);
#5935=ORIENTED_EDGE('',*,*,#3967,.F.);
#5936=ORIENTED_EDGE('',*,*,#4714,.F.);
#5937=ORIENTED_EDGE('',*,*,#4340,.F.);
#5938=ORIENTED_EDGE('',*,*,#4714,.T.);
#5939=ORIENTED_EDGE('',*,*,#3966,.F.);
#5940=ORIENTED_EDGE('',*,*,#4715,.F.);
#5941=ORIENTED_EDGE('',*,*,#4341,.F.);
#5942=ORIENTED_EDGE('',*,*,#4715,.T.);
#5943=ORIENTED_EDGE('',*,*,#3965,.F.);
#5944=ORIENTED_EDGE('',*,*,#4716,.F.);
#5945=ORIENTED_EDGE('',*,*,#4342,.F.);
#5946=ORIENTED_EDGE('',*,*,#4716,.T.);
#5947=ORIENTED_EDGE('',*,*,#3964,.F.);
#5948=ORIENTED_EDGE('',*,*,#4717,.F.);
#5949=ORIENTED_EDGE('',*,*,#4343,.F.);
#5950=ORIENTED_EDGE('',*,*,#4717,.T.);
#5951=ORIENTED_EDGE('',*,*,#3963,.F.);
#5952=ORIENTED_EDGE('',*,*,#4718,.F.);
#5953=ORIENTED_EDGE('',*,*,#4344,.F.);
#5954=ORIENTED_EDGE('',*,*,#4718,.T.);
#5955=ORIENTED_EDGE('',*,*,#3962,.F.);
#5956=ORIENTED_EDGE('',*,*,#4719,.F.);
#5957=ORIENTED_EDGE('',*,*,#4337,.F.);
#5958=ORIENTED_EDGE('',*,*,#4719,.T.);
#5959=ORIENTED_EDGE('',*,*,#3961,.F.);
#5960=ORIENTED_EDGE('',*,*,#4712,.F.);
#5961=ORIENTED_EDGE('',*,*,#4346,.F.);
#5962=ORIENTED_EDGE('',*,*,#4720,.T.);
#5963=ORIENTED_EDGE('',*,*,#3976,.F.);
#5964=ORIENTED_EDGE('',*,*,#4721,.F.);
#5965=ORIENTED_EDGE('',*,*,#4347,.F.);
#5966=ORIENTED_EDGE('',*,*,#4721,.T.);
#5967=ORIENTED_EDGE('',*,*,#3975,.F.);
#5968=ORIENTED_EDGE('',*,*,#4722,.F.);
#5969=ORIENTED_EDGE('',*,*,#4348,.F.);
#5970=ORIENTED_EDGE('',*,*,#4722,.T.);
#5971=ORIENTED_EDGE('',*,*,#3974,.F.);
#5972=ORIENTED_EDGE('',*,*,#4723,.F.);
#5973=ORIENTED_EDGE('',*,*,#4349,.F.);
#5974=ORIENTED_EDGE('',*,*,#4723,.T.);
#5975=ORIENTED_EDGE('',*,*,#3973,.F.);
#5976=ORIENTED_EDGE('',*,*,#4724,.F.);
#5977=ORIENTED_EDGE('',*,*,#4350,.F.);
#5978=ORIENTED_EDGE('',*,*,#4724,.T.);
#5979=ORIENTED_EDGE('',*,*,#3972,.F.);
#5980=ORIENTED_EDGE('',*,*,#4725,.F.);
#5981=ORIENTED_EDGE('',*,*,#4351,.F.);
#5982=ORIENTED_EDGE('',*,*,#4725,.T.);
#5983=ORIENTED_EDGE('',*,*,#3971,.F.);
#5984=ORIENTED_EDGE('',*,*,#4726,.F.);
#5985=ORIENTED_EDGE('',*,*,#4352,.F.);
#5986=ORIENTED_EDGE('',*,*,#4726,.T.);
#5987=ORIENTED_EDGE('',*,*,#3970,.F.);
#5988=ORIENTED_EDGE('',*,*,#4727,.F.);
#5989=ORIENTED_EDGE('',*,*,#4345,.F.);
#5990=ORIENTED_EDGE('',*,*,#4727,.T.);
#5991=ORIENTED_EDGE('',*,*,#3969,.F.);
#5992=ORIENTED_EDGE('',*,*,#4720,.F.);
#5993=ORIENTED_EDGE('',*,*,#4354,.F.);
#5994=ORIENTED_EDGE('',*,*,#4728,.T.);
#5995=ORIENTED_EDGE('',*,*,#3984,.F.);
#5996=ORIENTED_EDGE('',*,*,#4729,.F.);
#5997=ORIENTED_EDGE('',*,*,#4355,.F.);
#5998=ORIENTED_EDGE('',*,*,#4729,.T.);
#5999=ORIENTED_EDGE('',*,*,#3983,.F.);
#6000=ORIENTED_EDGE('',*,*,#4730,.F.);
#6001=ORIENTED_EDGE('',*,*,#4356,.F.);
#6002=ORIENTED_EDGE('',*,*,#4730,.T.);
#6003=ORIENTED_EDGE('',*,*,#3982,.F.);
#6004=ORIENTED_EDGE('',*,*,#4731,.F.);
#6005=ORIENTED_EDGE('',*,*,#4357,.F.);
#6006=ORIENTED_EDGE('',*,*,#4731,.T.);
#6007=ORIENTED_EDGE('',*,*,#3981,.F.);
#6008=ORIENTED_EDGE('',*,*,#4732,.F.);
#6009=ORIENTED_EDGE('',*,*,#4358,.F.);
#6010=ORIENTED_EDGE('',*,*,#4732,.T.);
#6011=ORIENTED_EDGE('',*,*,#3980,.F.);
#6012=ORIENTED_EDGE('',*,*,#4733,.F.);
#6013=ORIENTED_EDGE('',*,*,#4359,.F.);
#6014=ORIENTED_EDGE('',*,*,#4733,.T.);
#6015=ORIENTED_EDGE('',*,*,#3979,.F.);
#6016=ORIENTED_EDGE('',*,*,#4734,.F.);
#6017=ORIENTED_EDGE('',*,*,#4360,.F.);
#6018=ORIENTED_EDGE('',*,*,#4734,.T.);
#6019=ORIENTED_EDGE('',*,*,#3978,.F.);
#6020=ORIENTED_EDGE('',*,*,#4735,.F.);
#6021=ORIENTED_EDGE('',*,*,#4353,.F.);
#6022=ORIENTED_EDGE('',*,*,#4735,.T.);
#6023=ORIENTED_EDGE('',*,*,#3977,.F.);
#6024=ORIENTED_EDGE('',*,*,#4728,.F.);
#6025=ORIENTED_EDGE('',*,*,#4362,.F.);
#6026=ORIENTED_EDGE('',*,*,#4736,.T.);
#6027=ORIENTED_EDGE('',*,*,#3992,.F.);
#6028=ORIENTED_EDGE('',*,*,#4737,.F.);
#6029=ORIENTED_EDGE('',*,*,#4363,.F.);
#6030=ORIENTED_EDGE('',*,*,#4737,.T.);
#6031=ORIENTED_EDGE('',*,*,#3991,.F.);
#6032=ORIENTED_EDGE('',*,*,#4738,.F.);
#6033=ORIENTED_EDGE('',*,*,#4364,.F.);
#6034=ORIENTED_EDGE('',*,*,#4738,.T.);
#6035=ORIENTED_EDGE('',*,*,#3990,.F.);
#6036=ORIENTED_EDGE('',*,*,#4739,.F.);
#6037=ORIENTED_EDGE('',*,*,#4365,.F.);
#6038=ORIENTED_EDGE('',*,*,#4739,.T.);
#6039=ORIENTED_EDGE('',*,*,#3989,.F.);
#6040=ORIENTED_EDGE('',*,*,#4740,.F.);
#6041=ORIENTED_EDGE('',*,*,#4366,.F.);
#6042=ORIENTED_EDGE('',*,*,#4740,.T.);
#6043=ORIENTED_EDGE('',*,*,#3988,.F.);
#6044=ORIENTED_EDGE('',*,*,#4741,.F.);
#6045=ORIENTED_EDGE('',*,*,#4367,.F.);
#6046=ORIENTED_EDGE('',*,*,#4741,.T.);
#6047=ORIENTED_EDGE('',*,*,#3987,.F.);
#6048=ORIENTED_EDGE('',*,*,#4742,.F.);
#6049=ORIENTED_EDGE('',*,*,#4368,.F.);
#6050=ORIENTED_EDGE('',*,*,#4742,.T.);
#6051=ORIENTED_EDGE('',*,*,#3986,.F.);
#6052=ORIENTED_EDGE('',*,*,#4743,.F.);
#6053=ORIENTED_EDGE('',*,*,#4361,.F.);
#6054=ORIENTED_EDGE('',*,*,#4743,.T.);
#6055=ORIENTED_EDGE('',*,*,#3985,.F.);
#6056=ORIENTED_EDGE('',*,*,#4736,.F.);
#6057=ORIENTED_EDGE('',*,*,#4370,.F.);
#6058=ORIENTED_EDGE('',*,*,#4744,.T.);
#6059=ORIENTED_EDGE('',*,*,#4000,.F.);
#6060=ORIENTED_EDGE('',*,*,#4745,.F.);
#6061=ORIENTED_EDGE('',*,*,#4371,.F.);
#6062=ORIENTED_EDGE('',*,*,#4745,.T.);
#6063=ORIENTED_EDGE('',*,*,#3999,.F.);
#6064=ORIENTED_EDGE('',*,*,#4746,.F.);
#6065=ORIENTED_EDGE('',*,*,#4372,.F.);
#6066=ORIENTED_EDGE('',*,*,#4746,.T.);
#6067=ORIENTED_EDGE('',*,*,#3998,.F.);
#6068=ORIENTED_EDGE('',*,*,#4747,.F.);
#6069=ORIENTED_EDGE('',*,*,#4373,.F.);
#6070=ORIENTED_EDGE('',*,*,#4747,.T.);
#6071=ORIENTED_EDGE('',*,*,#3997,.F.);
#6072=ORIENTED_EDGE('',*,*,#4748,.F.);
#6073=ORIENTED_EDGE('',*,*,#4374,.F.);
#6074=ORIENTED_EDGE('',*,*,#4748,.T.);
#6075=ORIENTED_EDGE('',*,*,#3996,.F.);
#6076=ORIENTED_EDGE('',*,*,#4749,.F.);
#6077=ORIENTED_EDGE('',*,*,#4375,.F.);
#6078=ORIENTED_EDGE('',*,*,#4749,.T.);
#6079=ORIENTED_EDGE('',*,*,#3995,.F.);
#6080=ORIENTED_EDGE('',*,*,#4750,.F.);
#6081=ORIENTED_EDGE('',*,*,#4376,.F.);
#6082=ORIENTED_EDGE('',*,*,#4750,.T.);
#6083=ORIENTED_EDGE('',*,*,#3994,.F.);
#6084=ORIENTED_EDGE('',*,*,#4751,.F.);
#6085=ORIENTED_EDGE('',*,*,#4369,.F.);
#6086=ORIENTED_EDGE('',*,*,#4751,.T.);
#6087=ORIENTED_EDGE('',*,*,#3993,.F.);
#6088=ORIENTED_EDGE('',*,*,#4744,.F.);
#6089=ORIENTED_EDGE('',*,*,#4378,.F.);
#6090=ORIENTED_EDGE('',*,*,#4752,.T.);
#6091=ORIENTED_EDGE('',*,*,#4008,.F.);
#6092=ORIENTED_EDGE('',*,*,#4753,.F.);
#6093=ORIENTED_EDGE('',*,*,#4379,.F.);
#6094=ORIENTED_EDGE('',*,*,#4753,.T.);
#6095=ORIENTED_EDGE('',*,*,#4007,.F.);
#6096=ORIENTED_EDGE('',*,*,#4754,.F.);
#6097=ORIENTED_EDGE('',*,*,#4380,.F.);
#6098=ORIENTED_EDGE('',*,*,#4754,.T.);
#6099=ORIENTED_EDGE('',*,*,#4006,.F.);
#6100=ORIENTED_EDGE('',*,*,#4755,.F.);
#6101=ORIENTED_EDGE('',*,*,#4381,.F.);
#6102=ORIENTED_EDGE('',*,*,#4755,.T.);
#6103=ORIENTED_EDGE('',*,*,#4005,.F.);
#6104=ORIENTED_EDGE('',*,*,#4756,.F.);
#6105=ORIENTED_EDGE('',*,*,#4382,.F.);
#6106=ORIENTED_EDGE('',*,*,#4756,.T.);
#6107=ORIENTED_EDGE('',*,*,#4004,.F.);
#6108=ORIENTED_EDGE('',*,*,#4757,.F.);
#6109=ORIENTED_EDGE('',*,*,#4383,.F.);
#6110=ORIENTED_EDGE('',*,*,#4757,.T.);
#6111=ORIENTED_EDGE('',*,*,#4003,.F.);
#6112=ORIENTED_EDGE('',*,*,#4758,.F.);
#6113=ORIENTED_EDGE('',*,*,#4384,.F.);
#6114=ORIENTED_EDGE('',*,*,#4758,.T.);
#6115=ORIENTED_EDGE('',*,*,#4002,.F.);
#6116=ORIENTED_EDGE('',*,*,#4759,.F.);
#6117=ORIENTED_EDGE('',*,*,#4377,.F.);
#6118=ORIENTED_EDGE('',*,*,#4759,.T.);
#6119=ORIENTED_EDGE('',*,*,#4001,.F.);
#6120=ORIENTED_EDGE('',*,*,#4752,.F.);
#6121=ORIENTED_EDGE('',*,*,#4386,.F.);
#6122=ORIENTED_EDGE('',*,*,#4760,.T.);
#6123=ORIENTED_EDGE('',*,*,#4016,.F.);
#6124=ORIENTED_EDGE('',*,*,#4761,.F.);
#6125=ORIENTED_EDGE('',*,*,#4387,.F.);
#6126=ORIENTED_EDGE('',*,*,#4761,.T.);
#6127=ORIENTED_EDGE('',*,*,#4015,.F.);
#6128=ORIENTED_EDGE('',*,*,#4762,.F.);
#6129=ORIENTED_EDGE('',*,*,#4388,.F.);
#6130=ORIENTED_EDGE('',*,*,#4762,.T.);
#6131=ORIENTED_EDGE('',*,*,#4014,.F.);
#6132=ORIENTED_EDGE('',*,*,#4763,.F.);
#6133=ORIENTED_EDGE('',*,*,#4389,.F.);
#6134=ORIENTED_EDGE('',*,*,#4763,.T.);
#6135=ORIENTED_EDGE('',*,*,#4013,.F.);
#6136=ORIENTED_EDGE('',*,*,#4764,.F.);
#6137=ORIENTED_EDGE('',*,*,#4390,.F.);
#6138=ORIENTED_EDGE('',*,*,#4764,.T.);
#6139=ORIENTED_EDGE('',*,*,#4012,.F.);
#6140=ORIENTED_EDGE('',*,*,#4765,.F.);
#6141=ORIENTED_EDGE('',*,*,#4391,.F.);
#6142=ORIENTED_EDGE('',*,*,#4765,.T.);
#6143=ORIENTED_EDGE('',*,*,#4011,.F.);
#6144=ORIENTED_EDGE('',*,*,#4766,.F.);
#6145=ORIENTED_EDGE('',*,*,#4392,.F.);
#6146=ORIENTED_EDGE('',*,*,#4766,.T.);
#6147=ORIENTED_EDGE('',*,*,#4010,.F.);
#6148=ORIENTED_EDGE('',*,*,#4767,.F.);
#6149=ORIENTED_EDGE('',*,*,#4385,.F.);
#6150=ORIENTED_EDGE('',*,*,#4767,.T.);
#6151=ORIENTED_EDGE('',*,*,#4009,.F.);
#6152=ORIENTED_EDGE('',*,*,#4760,.F.);
#6153=ORIENTED_EDGE('',*,*,#4394,.F.);
#6154=ORIENTED_EDGE('',*,*,#4768,.T.);
#6155=ORIENTED_EDGE('',*,*,#4024,.F.);
#6156=ORIENTED_EDGE('',*,*,#4769,.F.);
#6157=ORIENTED_EDGE('',*,*,#4395,.F.);
#6158=ORIENTED_EDGE('',*,*,#4769,.T.);
#6159=ORIENTED_EDGE('',*,*,#4023,.F.);
#6160=ORIENTED_EDGE('',*,*,#4770,.F.);
#6161=ORIENTED_EDGE('',*,*,#4396,.F.);
#6162=ORIENTED_EDGE('',*,*,#4770,.T.);
#6163=ORIENTED_EDGE('',*,*,#4022,.F.);
#6164=ORIENTED_EDGE('',*,*,#4771,.F.);
#6165=ORIENTED_EDGE('',*,*,#4397,.F.);
#6166=ORIENTED_EDGE('',*,*,#4771,.T.);
#6167=ORIENTED_EDGE('',*,*,#4021,.F.);
#6168=ORIENTED_EDGE('',*,*,#4772,.F.);
#6169=ORIENTED_EDGE('',*,*,#4398,.F.);
#6170=ORIENTED_EDGE('',*,*,#4772,.T.);
#6171=ORIENTED_EDGE('',*,*,#4020,.F.);
#6172=ORIENTED_EDGE('',*,*,#4773,.F.);
#6173=ORIENTED_EDGE('',*,*,#4399,.F.);
#6174=ORIENTED_EDGE('',*,*,#4773,.T.);
#6175=ORIENTED_EDGE('',*,*,#4019,.F.);
#6176=ORIENTED_EDGE('',*,*,#4774,.F.);
#6177=ORIENTED_EDGE('',*,*,#4400,.F.);
#6178=ORIENTED_EDGE('',*,*,#4774,.T.);
#6179=ORIENTED_EDGE('',*,*,#4018,.F.);
#6180=ORIENTED_EDGE('',*,*,#4775,.F.);
#6181=ORIENTED_EDGE('',*,*,#4393,.F.);
#6182=ORIENTED_EDGE('',*,*,#4775,.T.);
#6183=ORIENTED_EDGE('',*,*,#4017,.F.);
#6184=ORIENTED_EDGE('',*,*,#4768,.F.);
#6185=ORIENTED_EDGE('',*,*,#4402,.F.);
#6186=ORIENTED_EDGE('',*,*,#4776,.T.);
#6187=ORIENTED_EDGE('',*,*,#4032,.F.);
#6188=ORIENTED_EDGE('',*,*,#4777,.F.);
#6189=ORIENTED_EDGE('',*,*,#4403,.F.);
#6190=ORIENTED_EDGE('',*,*,#4777,.T.);
#6191=ORIENTED_EDGE('',*,*,#4031,.F.);
#6192=ORIENTED_EDGE('',*,*,#4778,.F.);
#6193=ORIENTED_EDGE('',*,*,#4404,.F.);
#6194=ORIENTED_EDGE('',*,*,#4778,.T.);
#6195=ORIENTED_EDGE('',*,*,#4030,.F.);
#6196=ORIENTED_EDGE('',*,*,#4779,.F.);
#6197=ORIENTED_EDGE('',*,*,#4405,.F.);
#6198=ORIENTED_EDGE('',*,*,#4779,.T.);
#6199=ORIENTED_EDGE('',*,*,#4029,.F.);
#6200=ORIENTED_EDGE('',*,*,#4780,.F.);
#6201=ORIENTED_EDGE('',*,*,#4406,.F.);
#6202=ORIENTED_EDGE('',*,*,#4780,.T.);
#6203=ORIENTED_EDGE('',*,*,#4028,.F.);
#6204=ORIENTED_EDGE('',*,*,#4781,.F.);
#6205=ORIENTED_EDGE('',*,*,#4407,.F.);
#6206=ORIENTED_EDGE('',*,*,#4781,.T.);
#6207=ORIENTED_EDGE('',*,*,#4027,.F.);
#6208=ORIENTED_EDGE('',*,*,#4782,.F.);
#6209=ORIENTED_EDGE('',*,*,#4408,.F.);
#6210=ORIENTED_EDGE('',*,*,#4782,.T.);
#6211=ORIENTED_EDGE('',*,*,#4026,.F.);
#6212=ORIENTED_EDGE('',*,*,#4783,.F.);
#6213=ORIENTED_EDGE('',*,*,#4401,.F.);
#6214=ORIENTED_EDGE('',*,*,#4783,.T.);
#6215=ORIENTED_EDGE('',*,*,#4025,.F.);
#6216=ORIENTED_EDGE('',*,*,#4776,.F.);
#6217=ORIENTED_EDGE('',*,*,#4410,.F.);
#6218=ORIENTED_EDGE('',*,*,#4784,.T.);
#6219=ORIENTED_EDGE('',*,*,#4040,.F.);
#6220=ORIENTED_EDGE('',*,*,#4785,.F.);
#6221=ORIENTED_EDGE('',*,*,#4411,.F.);
#6222=ORIENTED_EDGE('',*,*,#4785,.T.);
#6223=ORIENTED_EDGE('',*,*,#4039,.F.);
#6224=ORIENTED_EDGE('',*,*,#4786,.F.);
#6225=ORIENTED_EDGE('',*,*,#4412,.F.);
#6226=ORIENTED_EDGE('',*,*,#4786,.T.);
#6227=ORIENTED_EDGE('',*,*,#4038,.F.);
#6228=ORIENTED_EDGE('',*,*,#4787,.F.);
#6229=ORIENTED_EDGE('',*,*,#4413,.F.);
#6230=ORIENTED_EDGE('',*,*,#4787,.T.);
#6231=ORIENTED_EDGE('',*,*,#4037,.F.);
#6232=ORIENTED_EDGE('',*,*,#4788,.F.);
#6233=ORIENTED_EDGE('',*,*,#4414,.F.);
#6234=ORIENTED_EDGE('',*,*,#4788,.T.);
#6235=ORIENTED_EDGE('',*,*,#4036,.F.);
#6236=ORIENTED_EDGE('',*,*,#4789,.F.);
#6237=ORIENTED_EDGE('',*,*,#4415,.F.);
#6238=ORIENTED_EDGE('',*,*,#4789,.T.);
#6239=ORIENTED_EDGE('',*,*,#4035,.F.);
#6240=ORIENTED_EDGE('',*,*,#4790,.F.);
#6241=ORIENTED_EDGE('',*,*,#4416,.F.);
#6242=ORIENTED_EDGE('',*,*,#4790,.T.);
#6243=ORIENTED_EDGE('',*,*,#4034,.F.);
#6244=ORIENTED_EDGE('',*,*,#4791,.F.);
#6245=ORIENTED_EDGE('',*,*,#4409,.F.);
#6246=ORIENTED_EDGE('',*,*,#4791,.T.);
#6247=ORIENTED_EDGE('',*,*,#4033,.F.);
#6248=ORIENTED_EDGE('',*,*,#4784,.F.);
#6249=ORIENTED_EDGE('',*,*,#4418,.F.);
#6250=ORIENTED_EDGE('',*,*,#4792,.T.);
#6251=ORIENTED_EDGE('',*,*,#4048,.F.);
#6252=ORIENTED_EDGE('',*,*,#4793,.F.);
#6253=ORIENTED_EDGE('',*,*,#4419,.F.);
#6254=ORIENTED_EDGE('',*,*,#4793,.T.);
#6255=ORIENTED_EDGE('',*,*,#4047,.F.);
#6256=ORIENTED_EDGE('',*,*,#4794,.F.);
#6257=ORIENTED_EDGE('',*,*,#4420,.F.);
#6258=ORIENTED_EDGE('',*,*,#4794,.T.);
#6259=ORIENTED_EDGE('',*,*,#4046,.F.);
#6260=ORIENTED_EDGE('',*,*,#4795,.F.);
#6261=ORIENTED_EDGE('',*,*,#4421,.F.);
#6262=ORIENTED_EDGE('',*,*,#4795,.T.);
#6263=ORIENTED_EDGE('',*,*,#4045,.F.);
#6264=ORIENTED_EDGE('',*,*,#4796,.F.);
#6265=ORIENTED_EDGE('',*,*,#4422,.F.);
#6266=ORIENTED_EDGE('',*,*,#4796,.T.);
#6267=ORIENTED_EDGE('',*,*,#4044,.F.);
#6268=ORIENTED_EDGE('',*,*,#4797,.F.);
#6269=ORIENTED_EDGE('',*,*,#4423,.F.);
#6270=ORIENTED_EDGE('',*,*,#4797,.T.);
#6271=ORIENTED_EDGE('',*,*,#4043,.F.);
#6272=ORIENTED_EDGE('',*,*,#4798,.F.);
#6273=ORIENTED_EDGE('',*,*,#4424,.F.);
#6274=ORIENTED_EDGE('',*,*,#4798,.T.);
#6275=ORIENTED_EDGE('',*,*,#4042,.F.);
#6276=ORIENTED_EDGE('',*,*,#4799,.F.);
#6277=ORIENTED_EDGE('',*,*,#4417,.F.);
#6278=ORIENTED_EDGE('',*,*,#4799,.T.);
#6279=ORIENTED_EDGE('',*,*,#4041,.F.);
#6280=ORIENTED_EDGE('',*,*,#4792,.F.);
#6281=ORIENTED_EDGE('',*,*,#4426,.F.);
#6282=ORIENTED_EDGE('',*,*,#4800,.T.);
#6283=ORIENTED_EDGE('',*,*,#4056,.F.);
#6284=ORIENTED_EDGE('',*,*,#4801,.F.);
#6285=ORIENTED_EDGE('',*,*,#4427,.F.);
#6286=ORIENTED_EDGE('',*,*,#4801,.T.);
#6287=ORIENTED_EDGE('',*,*,#4055,.F.);
#6288=ORIENTED_EDGE('',*,*,#4802,.F.);
#6289=ORIENTED_EDGE('',*,*,#4428,.F.);
#6290=ORIENTED_EDGE('',*,*,#4802,.T.);
#6291=ORIENTED_EDGE('',*,*,#4054,.F.);
#6292=ORIENTED_EDGE('',*,*,#4803,.F.);
#6293=ORIENTED_EDGE('',*,*,#4429,.F.);
#6294=ORIENTED_EDGE('',*,*,#4803,.T.);
#6295=ORIENTED_EDGE('',*,*,#4053,.F.);
#6296=ORIENTED_EDGE('',*,*,#4804,.F.);
#6297=ORIENTED_EDGE('',*,*,#4430,.F.);
#6298=ORIENTED_EDGE('',*,*,#4804,.T.);
#6299=ORIENTED_EDGE('',*,*,#4052,.F.);
#6300=ORIENTED_EDGE('',*,*,#4805,.F.);
#6301=ORIENTED_EDGE('',*,*,#4431,.F.);
#6302=ORIENTED_EDGE('',*,*,#4805,.T.);
#6303=ORIENTED_EDGE('',*,*,#4051,.F.);
#6304=ORIENTED_EDGE('',*,*,#4806,.F.);
#6305=ORIENTED_EDGE('',*,*,#4432,.F.);
#6306=ORIENTED_EDGE('',*,*,#4806,.T.);
#6307=ORIENTED_EDGE('',*,*,#4050,.F.);
#6308=ORIENTED_EDGE('',*,*,#4807,.F.);
#6309=ORIENTED_EDGE('',*,*,#4425,.F.);
#6310=ORIENTED_EDGE('',*,*,#4807,.T.);
#6311=ORIENTED_EDGE('',*,*,#4049,.F.);
#6312=ORIENTED_EDGE('',*,*,#4800,.F.);
#6313=ORIENTED_EDGE('',*,*,#4434,.F.);
#6314=ORIENTED_EDGE('',*,*,#4808,.T.);
#6315=ORIENTED_EDGE('',*,*,#4064,.F.);
#6316=ORIENTED_EDGE('',*,*,#4809,.F.);
#6317=ORIENTED_EDGE('',*,*,#4435,.F.);
#6318=ORIENTED_EDGE('',*,*,#4809,.T.);
#6319=ORIENTED_EDGE('',*,*,#4063,.F.);
#6320=ORIENTED_EDGE('',*,*,#4810,.F.);
#6321=ORIENTED_EDGE('',*,*,#4436,.F.);
#6322=ORIENTED_EDGE('',*,*,#4810,.T.);
#6323=ORIENTED_EDGE('',*,*,#4062,.F.);
#6324=ORIENTED_EDGE('',*,*,#4811,.F.);
#6325=ORIENTED_EDGE('',*,*,#4437,.F.);
#6326=ORIENTED_EDGE('',*,*,#4811,.T.);
#6327=ORIENTED_EDGE('',*,*,#4061,.F.);
#6328=ORIENTED_EDGE('',*,*,#4812,.F.);
#6329=ORIENTED_EDGE('',*,*,#4438,.F.);
#6330=ORIENTED_EDGE('',*,*,#4812,.T.);
#6331=ORIENTED_EDGE('',*,*,#4060,.F.);
#6332=ORIENTED_EDGE('',*,*,#4813,.F.);
#6333=ORIENTED_EDGE('',*,*,#4439,.F.);
#6334=ORIENTED_EDGE('',*,*,#4813,.T.);
#6335=ORIENTED_EDGE('',*,*,#4059,.F.);
#6336=ORIENTED_EDGE('',*,*,#4814,.F.);
#6337=ORIENTED_EDGE('',*,*,#4440,.F.);
#6338=ORIENTED_EDGE('',*,*,#4814,.T.);
#6339=ORIENTED_EDGE('',*,*,#4058,.F.);
#6340=ORIENTED_EDGE('',*,*,#4815,.F.);
#6341=ORIENTED_EDGE('',*,*,#4433,.F.);
#6342=ORIENTED_EDGE('',*,*,#4815,.T.);
#6343=ORIENTED_EDGE('',*,*,#4057,.F.);
#6344=ORIENTED_EDGE('',*,*,#4808,.F.);
#6345=ORIENTED_EDGE('',*,*,#4442,.F.);
#6346=ORIENTED_EDGE('',*,*,#4816,.T.);
#6347=ORIENTED_EDGE('',*,*,#4072,.F.);
#6348=ORIENTED_EDGE('',*,*,#4817,.F.);
#6349=ORIENTED_EDGE('',*,*,#4443,.F.);
#6350=ORIENTED_EDGE('',*,*,#4817,.T.);
#6351=ORIENTED_EDGE('',*,*,#4071,.F.);
#6352=ORIENTED_EDGE('',*,*,#4818,.F.);
#6353=ORIENTED_EDGE('',*,*,#4444,.F.);
#6354=ORIENTED_EDGE('',*,*,#4818,.T.);
#6355=ORIENTED_EDGE('',*,*,#4070,.F.);
#6356=ORIENTED_EDGE('',*,*,#4819,.F.);
#6357=ORIENTED_EDGE('',*,*,#4445,.F.);
#6358=ORIENTED_EDGE('',*,*,#4819,.T.);
#6359=ORIENTED_EDGE('',*,*,#4069,.F.);
#6360=ORIENTED_EDGE('',*,*,#4820,.F.);
#6361=ORIENTED_EDGE('',*,*,#4446,.F.);
#6362=ORIENTED_EDGE('',*,*,#4820,.T.);
#6363=ORIENTED_EDGE('',*,*,#4068,.F.);
#6364=ORIENTED_EDGE('',*,*,#4821,.F.);
#6365=ORIENTED_EDGE('',*,*,#4447,.F.);
#6366=ORIENTED_EDGE('',*,*,#4821,.T.);
#6367=ORIENTED_EDGE('',*,*,#4067,.F.);
#6368=ORIENTED_EDGE('',*,*,#4822,.F.);
#6369=ORIENTED_EDGE('',*,*,#4448,.F.);
#6370=ORIENTED_EDGE('',*,*,#4822,.T.);
#6371=ORIENTED_EDGE('',*,*,#4066,.F.);
#6372=ORIENTED_EDGE('',*,*,#4823,.F.);
#6373=ORIENTED_EDGE('',*,*,#4441,.F.);
#6374=ORIENTED_EDGE('',*,*,#4823,.T.);
#6375=ORIENTED_EDGE('',*,*,#4065,.F.);
#6376=ORIENTED_EDGE('',*,*,#4816,.F.);
#6377=ORIENTED_EDGE('',*,*,#4450,.F.);
#6378=ORIENTED_EDGE('',*,*,#4824,.T.);
#6379=ORIENTED_EDGE('',*,*,#4080,.F.);
#6380=ORIENTED_EDGE('',*,*,#4825,.F.);
#6381=ORIENTED_EDGE('',*,*,#4451,.F.);
#6382=ORIENTED_EDGE('',*,*,#4825,.T.);
#6383=ORIENTED_EDGE('',*,*,#4079,.F.);
#6384=ORIENTED_EDGE('',*,*,#4826,.F.);
#6385=ORIENTED_EDGE('',*,*,#4452,.F.);
#6386=ORIENTED_EDGE('',*,*,#4826,.T.);
#6387=ORIENTED_EDGE('',*,*,#4078,.F.);
#6388=ORIENTED_EDGE('',*,*,#4827,.F.);
#6389=ORIENTED_EDGE('',*,*,#4453,.F.);
#6390=ORIENTED_EDGE('',*,*,#4827,.T.);
#6391=ORIENTED_EDGE('',*,*,#4077,.F.);
#6392=ORIENTED_EDGE('',*,*,#4828,.F.);
#6393=ORIENTED_EDGE('',*,*,#4454,.F.);
#6394=ORIENTED_EDGE('',*,*,#4828,.T.);
#6395=ORIENTED_EDGE('',*,*,#4076,.F.);
#6396=ORIENTED_EDGE('',*,*,#4829,.F.);
#6397=ORIENTED_EDGE('',*,*,#4455,.F.);
#6398=ORIENTED_EDGE('',*,*,#4829,.T.);
#6399=ORIENTED_EDGE('',*,*,#4075,.F.);
#6400=ORIENTED_EDGE('',*,*,#4830,.F.);
#6401=ORIENTED_EDGE('',*,*,#4456,.F.);
#6402=ORIENTED_EDGE('',*,*,#4830,.T.);
#6403=ORIENTED_EDGE('',*,*,#4074,.F.);
#6404=ORIENTED_EDGE('',*,*,#4831,.F.);
#6405=ORIENTED_EDGE('',*,*,#4449,.F.);
#6406=ORIENTED_EDGE('',*,*,#4831,.T.);
#6407=ORIENTED_EDGE('',*,*,#4073,.F.);
#6408=ORIENTED_EDGE('',*,*,#4824,.F.);
#6409=ORIENTED_EDGE('',*,*,#4458,.F.);
#6410=ORIENTED_EDGE('',*,*,#4832,.T.);
#6411=ORIENTED_EDGE('',*,*,#4088,.F.);
#6412=ORIENTED_EDGE('',*,*,#4833,.F.);
#6413=ORIENTED_EDGE('',*,*,#4459,.F.);
#6414=ORIENTED_EDGE('',*,*,#4833,.T.);
#6415=ORIENTED_EDGE('',*,*,#4087,.F.);
#6416=ORIENTED_EDGE('',*,*,#4834,.F.);
#6417=ORIENTED_EDGE('',*,*,#4460,.F.);
#6418=ORIENTED_EDGE('',*,*,#4834,.T.);
#6419=ORIENTED_EDGE('',*,*,#4086,.F.);
#6420=ORIENTED_EDGE('',*,*,#4835,.F.);
#6421=ORIENTED_EDGE('',*,*,#4461,.F.);
#6422=ORIENTED_EDGE('',*,*,#4835,.T.);
#6423=ORIENTED_EDGE('',*,*,#4085,.F.);
#6424=ORIENTED_EDGE('',*,*,#4836,.F.);
#6425=ORIENTED_EDGE('',*,*,#4462,.F.);
#6426=ORIENTED_EDGE('',*,*,#4836,.T.);
#6427=ORIENTED_EDGE('',*,*,#4084,.F.);
#6428=ORIENTED_EDGE('',*,*,#4837,.F.);
#6429=ORIENTED_EDGE('',*,*,#4463,.F.);
#6430=ORIENTED_EDGE('',*,*,#4837,.T.);
#6431=ORIENTED_EDGE('',*,*,#4083,.F.);
#6432=ORIENTED_EDGE('',*,*,#4838,.F.);
#6433=ORIENTED_EDGE('',*,*,#4464,.F.);
#6434=ORIENTED_EDGE('',*,*,#4838,.T.);
#6435=ORIENTED_EDGE('',*,*,#4082,.F.);
#6436=ORIENTED_EDGE('',*,*,#4839,.F.);
#6437=ORIENTED_EDGE('',*,*,#4457,.F.);
#6438=ORIENTED_EDGE('',*,*,#4839,.T.);
#6439=ORIENTED_EDGE('',*,*,#4081,.F.);
#6440=ORIENTED_EDGE('',*,*,#4832,.F.);
#6441=ORIENTED_EDGE('',*,*,#4466,.F.);
#6442=ORIENTED_EDGE('',*,*,#4840,.T.);
#6443=ORIENTED_EDGE('',*,*,#4096,.F.);
#6444=ORIENTED_EDGE('',*,*,#4841,.F.);
#6445=ORIENTED_EDGE('',*,*,#4467,.F.);
#6446=ORIENTED_EDGE('',*,*,#4841,.T.);
#6447=ORIENTED_EDGE('',*,*,#4095,.F.);
#6448=ORIENTED_EDGE('',*,*,#4842,.F.);
#6449=ORIENTED_EDGE('',*,*,#4468,.F.);
#6450=ORIENTED_EDGE('',*,*,#4842,.T.);
#6451=ORIENTED_EDGE('',*,*,#4094,.F.);
#6452=ORIENTED_EDGE('',*,*,#4843,.F.);
#6453=ORIENTED_EDGE('',*,*,#4469,.F.);
#6454=ORIENTED_EDGE('',*,*,#4843,.T.);
#6455=ORIENTED_EDGE('',*,*,#4093,.F.);
#6456=ORIENTED_EDGE('',*,*,#4844,.F.);
#6457=ORIENTED_EDGE('',*,*,#4470,.F.);
#6458=ORIENTED_EDGE('',*,*,#4844,.T.);
#6459=ORIENTED_EDGE('',*,*,#4092,.F.);
#6460=ORIENTED_EDGE('',*,*,#4845,.F.);
#6461=ORIENTED_EDGE('',*,*,#4471,.F.);
#6462=ORIENTED_EDGE('',*,*,#4845,.T.);
#6463=ORIENTED_EDGE('',*,*,#4091,.F.);
#6464=ORIENTED_EDGE('',*,*,#4846,.F.);
#6465=ORIENTED_EDGE('',*,*,#4472,.F.);
#6466=ORIENTED_EDGE('',*,*,#4846,.T.);
#6467=ORIENTED_EDGE('',*,*,#4090,.F.);
#6468=ORIENTED_EDGE('',*,*,#4847,.F.);
#6469=ORIENTED_EDGE('',*,*,#4465,.F.);
#6470=ORIENTED_EDGE('',*,*,#4847,.T.);
#6471=ORIENTED_EDGE('',*,*,#4089,.F.);
#6472=ORIENTED_EDGE('',*,*,#4840,.F.);
#6473=ORIENTED_EDGE('',*,*,#4474,.F.);
#6474=ORIENTED_EDGE('',*,*,#4848,.T.);
#6475=ORIENTED_EDGE('',*,*,#4104,.F.);
#6476=ORIENTED_EDGE('',*,*,#4849,.F.);
#6477=ORIENTED_EDGE('',*,*,#4475,.F.);
#6478=ORIENTED_EDGE('',*,*,#4849,.T.);
#6479=ORIENTED_EDGE('',*,*,#4103,.F.);
#6480=ORIENTED_EDGE('',*,*,#4850,.F.);
#6481=ORIENTED_EDGE('',*,*,#4476,.F.);
#6482=ORIENTED_EDGE('',*,*,#4850,.T.);
#6483=ORIENTED_EDGE('',*,*,#4102,.F.);
#6484=ORIENTED_EDGE('',*,*,#4851,.F.);
#6485=ORIENTED_EDGE('',*,*,#4477,.F.);
#6486=ORIENTED_EDGE('',*,*,#4851,.T.);
#6487=ORIENTED_EDGE('',*,*,#4101,.F.);
#6488=ORIENTED_EDGE('',*,*,#4852,.F.);
#6489=ORIENTED_EDGE('',*,*,#4478,.F.);
#6490=ORIENTED_EDGE('',*,*,#4852,.T.);
#6491=ORIENTED_EDGE('',*,*,#4100,.F.);
#6492=ORIENTED_EDGE('',*,*,#4853,.F.);
#6493=ORIENTED_EDGE('',*,*,#4479,.F.);
#6494=ORIENTED_EDGE('',*,*,#4853,.T.);
#6495=ORIENTED_EDGE('',*,*,#4099,.F.);
#6496=ORIENTED_EDGE('',*,*,#4854,.F.);
#6497=ORIENTED_EDGE('',*,*,#4480,.F.);
#6498=ORIENTED_EDGE('',*,*,#4854,.T.);
#6499=ORIENTED_EDGE('',*,*,#4098,.F.);
#6500=ORIENTED_EDGE('',*,*,#4855,.F.);
#6501=ORIENTED_EDGE('',*,*,#4473,.F.);
#6502=ORIENTED_EDGE('',*,*,#4855,.T.);
#6503=ORIENTED_EDGE('',*,*,#4097,.F.);
#6504=ORIENTED_EDGE('',*,*,#4848,.F.);
#6505=ORIENTED_EDGE('',*,*,#4482,.F.);
#6506=ORIENTED_EDGE('',*,*,#4856,.T.);
#6507=ORIENTED_EDGE('',*,*,#4112,.F.);
#6508=ORIENTED_EDGE('',*,*,#4857,.F.);
#6509=ORIENTED_EDGE('',*,*,#4483,.F.);
#6510=ORIENTED_EDGE('',*,*,#4857,.T.);
#6511=ORIENTED_EDGE('',*,*,#4111,.F.);
#6512=ORIENTED_EDGE('',*,*,#4858,.F.);
#6513=ORIENTED_EDGE('',*,*,#4484,.F.);
#6514=ORIENTED_EDGE('',*,*,#4858,.T.);
#6515=ORIENTED_EDGE('',*,*,#4110,.F.);
#6516=ORIENTED_EDGE('',*,*,#4859,.F.);
#6517=ORIENTED_EDGE('',*,*,#4485,.F.);
#6518=ORIENTED_EDGE('',*,*,#4859,.T.);
#6519=ORIENTED_EDGE('',*,*,#4109,.F.);
#6520=ORIENTED_EDGE('',*,*,#4860,.F.);
#6521=ORIENTED_EDGE('',*,*,#4486,.F.);
#6522=ORIENTED_EDGE('',*,*,#4860,.T.);
#6523=ORIENTED_EDGE('',*,*,#4108,.F.);
#6524=ORIENTED_EDGE('',*,*,#4861,.F.);
#6525=ORIENTED_EDGE('',*,*,#4487,.F.);
#6526=ORIENTED_EDGE('',*,*,#4861,.T.);
#6527=ORIENTED_EDGE('',*,*,#4107,.F.);
#6528=ORIENTED_EDGE('',*,*,#4862,.F.);
#6529=ORIENTED_EDGE('',*,*,#4488,.F.);
#6530=ORIENTED_EDGE('',*,*,#4862,.T.);
#6531=ORIENTED_EDGE('',*,*,#4106,.F.);
#6532=ORIENTED_EDGE('',*,*,#4863,.F.);
#6533=ORIENTED_EDGE('',*,*,#4481,.F.);
#6534=ORIENTED_EDGE('',*,*,#4863,.T.);
#6535=ORIENTED_EDGE('',*,*,#4105,.F.);
#6536=ORIENTED_EDGE('',*,*,#4856,.F.);
#6537=ORIENTED_EDGE('',*,*,#4490,.F.);
#6538=ORIENTED_EDGE('',*,*,#4864,.T.);
#6539=ORIENTED_EDGE('',*,*,#4120,.F.);
#6540=ORIENTED_EDGE('',*,*,#4865,.F.);
#6541=ORIENTED_EDGE('',*,*,#4491,.F.);
#6542=ORIENTED_EDGE('',*,*,#4865,.T.);
#6543=ORIENTED_EDGE('',*,*,#4119,.F.);
#6544=ORIENTED_EDGE('',*,*,#4866,.F.);
#6545=ORIENTED_EDGE('',*,*,#4492,.F.);
#6546=ORIENTED_EDGE('',*,*,#4866,.T.);
#6547=ORIENTED_EDGE('',*,*,#4118,.F.);
#6548=ORIENTED_EDGE('',*,*,#4867,.F.);
#6549=ORIENTED_EDGE('',*,*,#4493,.F.);
#6550=ORIENTED_EDGE('',*,*,#4867,.T.);
#6551=ORIENTED_EDGE('',*,*,#4117,.F.);
#6552=ORIENTED_EDGE('',*,*,#4868,.F.);
#6553=ORIENTED_EDGE('',*,*,#4494,.F.);
#6554=ORIENTED_EDGE('',*,*,#4868,.T.);
#6555=ORIENTED_EDGE('',*,*,#4116,.F.);
#6556=ORIENTED_EDGE('',*,*,#4869,.F.);
#6557=ORIENTED_EDGE('',*,*,#4495,.F.);
#6558=ORIENTED_EDGE('',*,*,#4869,.T.);
#6559=ORIENTED_EDGE('',*,*,#4115,.F.);
#6560=ORIENTED_EDGE('',*,*,#4870,.F.);
#6561=ORIENTED_EDGE('',*,*,#4496,.F.);
#6562=ORIENTED_EDGE('',*,*,#4870,.T.);
#6563=ORIENTED_EDGE('',*,*,#4114,.F.);
#6564=ORIENTED_EDGE('',*,*,#4871,.F.);
#6565=ORIENTED_EDGE('',*,*,#4489,.F.);
#6566=ORIENTED_EDGE('',*,*,#4871,.T.);
#6567=ORIENTED_EDGE('',*,*,#4113,.F.);
#6568=ORIENTED_EDGE('',*,*,#4864,.F.);
#6569=ORIENTED_EDGE('',*,*,#4498,.F.);
#6570=ORIENTED_EDGE('',*,*,#4872,.T.);
#6571=ORIENTED_EDGE('',*,*,#4128,.F.);
#6572=ORIENTED_EDGE('',*,*,#4873,.F.);
#6573=ORIENTED_EDGE('',*,*,#4499,.F.);
#6574=ORIENTED_EDGE('',*,*,#4873,.T.);
#6575=ORIENTED_EDGE('',*,*,#4127,.F.);
#6576=ORIENTED_EDGE('',*,*,#4874,.F.);
#6577=ORIENTED_EDGE('',*,*,#4500,.F.);
#6578=ORIENTED_EDGE('',*,*,#4874,.T.);
#6579=ORIENTED_EDGE('',*,*,#4126,.F.);
#6580=ORIENTED_EDGE('',*,*,#4875,.F.);
#6581=ORIENTED_EDGE('',*,*,#4501,.F.);
#6582=ORIENTED_EDGE('',*,*,#4875,.T.);
#6583=ORIENTED_EDGE('',*,*,#4125,.F.);
#6584=ORIENTED_EDGE('',*,*,#4876,.F.);
#6585=ORIENTED_EDGE('',*,*,#4502,.F.);
#6586=ORIENTED_EDGE('',*,*,#4876,.T.);
#6587=ORIENTED_EDGE('',*,*,#4124,.F.);
#6588=ORIENTED_EDGE('',*,*,#4877,.F.);
#6589=ORIENTED_EDGE('',*,*,#4503,.F.);
#6590=ORIENTED_EDGE('',*,*,#4877,.T.);
#6591=ORIENTED_EDGE('',*,*,#4123,.F.);
#6592=ORIENTED_EDGE('',*,*,#4878,.F.);
#6593=ORIENTED_EDGE('',*,*,#4504,.F.);
#6594=ORIENTED_EDGE('',*,*,#4878,.T.);
#6595=ORIENTED_EDGE('',*,*,#4122,.F.);
#6596=ORIENTED_EDGE('',*,*,#4879,.F.);
#6597=ORIENTED_EDGE('',*,*,#4497,.F.);
#6598=ORIENTED_EDGE('',*,*,#4879,.T.);
#6599=ORIENTED_EDGE('',*,*,#4121,.F.);
#6600=ORIENTED_EDGE('',*,*,#4872,.F.);
#6601=ORIENTED_EDGE('',*,*,#4129,.F.);
#6602=ORIENTED_EDGE('',*,*,#4880,.T.);
#6603=ORIENTED_EDGE('',*,*,#4505,.F.);
#6604=ORIENTED_EDGE('',*,*,#4880,.F.);
#6605=ORIENTED_EDGE('',*,*,#4507,.F.);
#6606=ORIENTED_EDGE('',*,*,#4881,.T.);
#6607=ORIENTED_EDGE('',*,*,#4137,.F.);
#6608=ORIENTED_EDGE('',*,*,#4882,.F.);
#6609=ORIENTED_EDGE('',*,*,#4508,.F.);
#6610=ORIENTED_EDGE('',*,*,#4882,.T.);
#6611=ORIENTED_EDGE('',*,*,#4136,.F.);
#6612=ORIENTED_EDGE('',*,*,#4883,.F.);
#6613=ORIENTED_EDGE('',*,*,#4509,.F.);
#6614=ORIENTED_EDGE('',*,*,#4883,.T.);
#6615=ORIENTED_EDGE('',*,*,#4135,.F.);
#6616=ORIENTED_EDGE('',*,*,#4884,.F.);
#6617=ORIENTED_EDGE('',*,*,#4510,.F.);
#6618=ORIENTED_EDGE('',*,*,#4884,.T.);
#6619=ORIENTED_EDGE('',*,*,#4134,.F.);
#6620=ORIENTED_EDGE('',*,*,#4885,.F.);
#6621=ORIENTED_EDGE('',*,*,#4511,.F.);
#6622=ORIENTED_EDGE('',*,*,#4885,.T.);
#6623=ORIENTED_EDGE('',*,*,#4133,.F.);
#6624=ORIENTED_EDGE('',*,*,#4886,.F.);
#6625=ORIENTED_EDGE('',*,*,#4512,.F.);
#6626=ORIENTED_EDGE('',*,*,#4886,.T.);
#6627=ORIENTED_EDGE('',*,*,#4132,.F.);
#6628=ORIENTED_EDGE('',*,*,#4887,.F.);
#6629=ORIENTED_EDGE('',*,*,#4513,.F.);
#6630=ORIENTED_EDGE('',*,*,#4887,.T.);
#6631=ORIENTED_EDGE('',*,*,#4131,.F.);
#6632=ORIENTED_EDGE('',*,*,#4888,.F.);
#6633=ORIENTED_EDGE('',*,*,#4506,.F.);
#6634=ORIENTED_EDGE('',*,*,#4888,.T.);
#6635=ORIENTED_EDGE('',*,*,#4130,.F.);
#6636=ORIENTED_EDGE('',*,*,#4881,.F.);
#6637=ORIENTED_EDGE('',*,*,#4515,.F.);
#6638=ORIENTED_EDGE('',*,*,#4889,.T.);
#6639=ORIENTED_EDGE('',*,*,#4145,.F.);
#6640=ORIENTED_EDGE('',*,*,#4890,.F.);
#6641=ORIENTED_EDGE('',*,*,#4516,.F.);
#6642=ORIENTED_EDGE('',*,*,#4890,.T.);
#6643=ORIENTED_EDGE('',*,*,#4144,.F.);
#6644=ORIENTED_EDGE('',*,*,#4891,.F.);
#6645=ORIENTED_EDGE('',*,*,#4517,.F.);
#6646=ORIENTED_EDGE('',*,*,#4891,.T.);
#6647=ORIENTED_EDGE('',*,*,#4143,.F.);
#6648=ORIENTED_EDGE('',*,*,#4892,.F.);
#6649=ORIENTED_EDGE('',*,*,#4518,.F.);
#6650=ORIENTED_EDGE('',*,*,#4892,.T.);
#6651=ORIENTED_EDGE('',*,*,#4142,.F.);
#6652=ORIENTED_EDGE('',*,*,#4893,.F.);
#6653=ORIENTED_EDGE('',*,*,#4519,.F.);
#6654=ORIENTED_EDGE('',*,*,#4893,.T.);
#6655=ORIENTED_EDGE('',*,*,#4141,.F.);
#6656=ORIENTED_EDGE('',*,*,#4894,.F.);
#6657=ORIENTED_EDGE('',*,*,#4520,.F.);
#6658=ORIENTED_EDGE('',*,*,#4894,.T.);
#6659=ORIENTED_EDGE('',*,*,#4140,.F.);
#6660=ORIENTED_EDGE('',*,*,#4895,.F.);
#6661=ORIENTED_EDGE('',*,*,#4521,.F.);
#6662=ORIENTED_EDGE('',*,*,#4895,.T.);
#6663=ORIENTED_EDGE('',*,*,#4139,.F.);
#6664=ORIENTED_EDGE('',*,*,#4896,.F.);
#6665=ORIENTED_EDGE('',*,*,#4514,.F.);
#6666=ORIENTED_EDGE('',*,*,#4896,.T.);
#6667=ORIENTED_EDGE('',*,*,#4138,.F.);
#6668=ORIENTED_EDGE('',*,*,#4889,.F.);
#6669=ORIENTED_EDGE('',*,*,#4523,.F.);
#6670=ORIENTED_EDGE('',*,*,#4897,.T.);
#6671=ORIENTED_EDGE('',*,*,#4153,.F.);
#6672=ORIENTED_EDGE('',*,*,#4898,.F.);
#6673=ORIENTED_EDGE('',*,*,#4524,.F.);
#6674=ORIENTED_EDGE('',*,*,#4898,.T.);
#6675=ORIENTED_EDGE('',*,*,#4152,.F.);
#6676=ORIENTED_EDGE('',*,*,#4899,.F.);
#6677=ORIENTED_EDGE('',*,*,#4525,.F.);
#6678=ORIENTED_EDGE('',*,*,#4899,.T.);
#6679=ORIENTED_EDGE('',*,*,#4151,.F.);
#6680=ORIENTED_EDGE('',*,*,#4900,.F.);
#6681=ORIENTED_EDGE('',*,*,#4526,.F.);
#6682=ORIENTED_EDGE('',*,*,#4900,.T.);
#6683=ORIENTED_EDGE('',*,*,#4150,.F.);
#6684=ORIENTED_EDGE('',*,*,#4901,.F.);
#6685=ORIENTED_EDGE('',*,*,#4527,.F.);
#6686=ORIENTED_EDGE('',*,*,#4901,.T.);
#6687=ORIENTED_EDGE('',*,*,#4149,.F.);
#6688=ORIENTED_EDGE('',*,*,#4902,.F.);
#6689=ORIENTED_EDGE('',*,*,#4528,.F.);
#6690=ORIENTED_EDGE('',*,*,#4902,.T.);
#6691=ORIENTED_EDGE('',*,*,#4148,.F.);
#6692=ORIENTED_EDGE('',*,*,#4903,.F.);
#6693=ORIENTED_EDGE('',*,*,#4529,.F.);
#6694=ORIENTED_EDGE('',*,*,#4903,.T.);
#6695=ORIENTED_EDGE('',*,*,#4147,.F.);
#6696=ORIENTED_EDGE('',*,*,#4904,.F.);
#6697=ORIENTED_EDGE('',*,*,#4522,.F.);
#6698=ORIENTED_EDGE('',*,*,#4904,.T.);
#6699=ORIENTED_EDGE('',*,*,#4146,.F.);
#6700=ORIENTED_EDGE('',*,*,#4897,.F.);
#6701=ORIENTED_EDGE('',*,*,#4154,.F.);
#6702=ORIENTED_EDGE('',*,*,#4905,.T.);
#6703=ORIENTED_EDGE('',*,*,#4530,.F.);
#6704=ORIENTED_EDGE('',*,*,#4905,.F.);
#6705=ORIENTED_EDGE('',*,*,#4532,.F.);
#6706=ORIENTED_EDGE('',*,*,#4906,.T.);
#6707=ORIENTED_EDGE('',*,*,#4162,.F.);
#6708=ORIENTED_EDGE('',*,*,#4907,.F.);
#6709=ORIENTED_EDGE('',*,*,#4533,.F.);
#6710=ORIENTED_EDGE('',*,*,#4907,.T.);
#6711=ORIENTED_EDGE('',*,*,#4161,.F.);
#6712=ORIENTED_EDGE('',*,*,#4908,.F.);
#6713=ORIENTED_EDGE('',*,*,#4534,.F.);
#6714=ORIENTED_EDGE('',*,*,#4908,.T.);
#6715=ORIENTED_EDGE('',*,*,#4160,.F.);
#6716=ORIENTED_EDGE('',*,*,#4909,.F.);
#6717=ORIENTED_EDGE('',*,*,#4535,.F.);
#6718=ORIENTED_EDGE('',*,*,#4909,.T.);
#6719=ORIENTED_EDGE('',*,*,#4159,.F.);
#6720=ORIENTED_EDGE('',*,*,#4910,.F.);
#6721=ORIENTED_EDGE('',*,*,#4536,.F.);
#6722=ORIENTED_EDGE('',*,*,#4910,.T.);
#6723=ORIENTED_EDGE('',*,*,#4158,.F.);
#6724=ORIENTED_EDGE('',*,*,#4911,.F.);
#6725=ORIENTED_EDGE('',*,*,#4537,.F.);
#6726=ORIENTED_EDGE('',*,*,#4911,.T.);
#6727=ORIENTED_EDGE('',*,*,#4157,.F.);
#6728=ORIENTED_EDGE('',*,*,#4912,.F.);
#6729=ORIENTED_EDGE('',*,*,#4538,.F.);
#6730=ORIENTED_EDGE('',*,*,#4912,.T.);
#6731=ORIENTED_EDGE('',*,*,#4156,.F.);
#6732=ORIENTED_EDGE('',*,*,#4913,.F.);
#6733=ORIENTED_EDGE('',*,*,#4531,.F.);
#6734=ORIENTED_EDGE('',*,*,#4913,.T.);
#6735=ORIENTED_EDGE('',*,*,#4155,.F.);
#6736=ORIENTED_EDGE('',*,*,#4906,.F.);
#6737=ORIENTED_EDGE('',*,*,#4540,.F.);
#6738=ORIENTED_EDGE('',*,*,#4914,.T.);
#6739=ORIENTED_EDGE('',*,*,#4170,.F.);
#6740=ORIENTED_EDGE('',*,*,#4915,.F.);
#6741=ORIENTED_EDGE('',*,*,#4541,.F.);
#6742=ORIENTED_EDGE('',*,*,#4915,.T.);
#6743=ORIENTED_EDGE('',*,*,#4169,.F.);
#6744=ORIENTED_EDGE('',*,*,#4916,.F.);
#6745=ORIENTED_EDGE('',*,*,#4542,.F.);
#6746=ORIENTED_EDGE('',*,*,#4916,.T.);
#6747=ORIENTED_EDGE('',*,*,#4168,.F.);
#6748=ORIENTED_EDGE('',*,*,#4917,.F.);
#6749=ORIENTED_EDGE('',*,*,#4543,.F.);
#6750=ORIENTED_EDGE('',*,*,#4917,.T.);
#6751=ORIENTED_EDGE('',*,*,#4167,.F.);
#6752=ORIENTED_EDGE('',*,*,#4918,.F.);
#6753=ORIENTED_EDGE('',*,*,#4544,.F.);
#6754=ORIENTED_EDGE('',*,*,#4918,.T.);
#6755=ORIENTED_EDGE('',*,*,#4166,.F.);
#6756=ORIENTED_EDGE('',*,*,#4919,.F.);
#6757=ORIENTED_EDGE('',*,*,#4545,.F.);
#6758=ORIENTED_EDGE('',*,*,#4919,.T.);
#6759=ORIENTED_EDGE('',*,*,#4165,.F.);
#6760=ORIENTED_EDGE('',*,*,#4920,.F.);
#6761=ORIENTED_EDGE('',*,*,#4546,.F.);
#6762=ORIENTED_EDGE('',*,*,#4920,.T.);
#6763=ORIENTED_EDGE('',*,*,#4164,.F.);
#6764=ORIENTED_EDGE('',*,*,#4921,.F.);
#6765=ORIENTED_EDGE('',*,*,#4539,.F.);
#6766=ORIENTED_EDGE('',*,*,#4921,.T.);
#6767=ORIENTED_EDGE('',*,*,#4163,.F.);
#6768=ORIENTED_EDGE('',*,*,#4914,.F.);
#6769=ORIENTED_EDGE('',*,*,#4548,.F.);
#6770=ORIENTED_EDGE('',*,*,#4922,.T.);
#6771=ORIENTED_EDGE('',*,*,#4178,.F.);
#6772=ORIENTED_EDGE('',*,*,#4923,.F.);
#6773=ORIENTED_EDGE('',*,*,#4549,.F.);
#6774=ORIENTED_EDGE('',*,*,#4923,.T.);
#6775=ORIENTED_EDGE('',*,*,#4177,.F.);
#6776=ORIENTED_EDGE('',*,*,#4924,.F.);
#6777=ORIENTED_EDGE('',*,*,#4550,.F.);
#6778=ORIENTED_EDGE('',*,*,#4924,.T.);
#6779=ORIENTED_EDGE('',*,*,#4176,.F.);
#6780=ORIENTED_EDGE('',*,*,#4925,.F.);
#6781=ORIENTED_EDGE('',*,*,#4551,.F.);
#6782=ORIENTED_EDGE('',*,*,#4925,.T.);
#6783=ORIENTED_EDGE('',*,*,#4175,.F.);
#6784=ORIENTED_EDGE('',*,*,#4926,.F.);
#6785=ORIENTED_EDGE('',*,*,#4552,.F.);
#6786=ORIENTED_EDGE('',*,*,#4926,.T.);
#6787=ORIENTED_EDGE('',*,*,#4174,.F.);
#6788=ORIENTED_EDGE('',*,*,#4927,.F.);
#6789=ORIENTED_EDGE('',*,*,#4553,.F.);
#6790=ORIENTED_EDGE('',*,*,#4927,.T.);
#6791=ORIENTED_EDGE('',*,*,#4173,.F.);
#6792=ORIENTED_EDGE('',*,*,#4928,.F.);
#6793=ORIENTED_EDGE('',*,*,#4554,.F.);
#6794=ORIENTED_EDGE('',*,*,#4928,.T.);
#6795=ORIENTED_EDGE('',*,*,#4172,.F.);
#6796=ORIENTED_EDGE('',*,*,#4929,.F.);
#6797=ORIENTED_EDGE('',*,*,#4547,.F.);
#6798=ORIENTED_EDGE('',*,*,#4929,.T.);
#6799=ORIENTED_EDGE('',*,*,#4171,.F.);
#6800=ORIENTED_EDGE('',*,*,#4922,.F.);
#6801=ORIENTED_EDGE('',*,*,#4556,.F.);
#6802=ORIENTED_EDGE('',*,*,#4930,.T.);
#6803=ORIENTED_EDGE('',*,*,#4186,.F.);
#6804=ORIENTED_EDGE('',*,*,#4931,.F.);
#6805=ORIENTED_EDGE('',*,*,#4557,.F.);
#6806=ORIENTED_EDGE('',*,*,#4931,.T.);
#6807=ORIENTED_EDGE('',*,*,#4185,.F.);
#6808=ORIENTED_EDGE('',*,*,#4932,.F.);
#6809=ORIENTED_EDGE('',*,*,#4558,.F.);
#6810=ORIENTED_EDGE('',*,*,#4932,.T.);
#6811=ORIENTED_EDGE('',*,*,#4184,.F.);
#6812=ORIENTED_EDGE('',*,*,#4933,.F.);
#6813=ORIENTED_EDGE('',*,*,#4559,.F.);
#6814=ORIENTED_EDGE('',*,*,#4933,.T.);
#6815=ORIENTED_EDGE('',*,*,#4183,.F.);
#6816=ORIENTED_EDGE('',*,*,#4934,.F.);
#6817=ORIENTED_EDGE('',*,*,#4560,.F.);
#6818=ORIENTED_EDGE('',*,*,#4934,.T.);
#6819=ORIENTED_EDGE('',*,*,#4182,.F.);
#6820=ORIENTED_EDGE('',*,*,#4935,.F.);
#6821=ORIENTED_EDGE('',*,*,#4561,.F.);
#6822=ORIENTED_EDGE('',*,*,#4935,.T.);
#6823=ORIENTED_EDGE('',*,*,#4181,.F.);
#6824=ORIENTED_EDGE('',*,*,#4936,.F.);
#6825=ORIENTED_EDGE('',*,*,#4562,.F.);
#6826=ORIENTED_EDGE('',*,*,#4936,.T.);
#6827=ORIENTED_EDGE('',*,*,#4180,.F.);
#6828=ORIENTED_EDGE('',*,*,#4937,.F.);
#6829=ORIENTED_EDGE('',*,*,#4555,.F.);
#6830=ORIENTED_EDGE('',*,*,#4937,.T.);
#6831=ORIENTED_EDGE('',*,*,#4179,.F.);
#6832=ORIENTED_EDGE('',*,*,#4930,.F.);
#6833=ORIENTED_EDGE('',*,*,#4564,.F.);
#6834=ORIENTED_EDGE('',*,*,#4938,.T.);
#6835=ORIENTED_EDGE('',*,*,#4194,.F.);
#6836=ORIENTED_EDGE('',*,*,#4939,.F.);
#6837=ORIENTED_EDGE('',*,*,#4565,.F.);
#6838=ORIENTED_EDGE('',*,*,#4939,.T.);
#6839=ORIENTED_EDGE('',*,*,#4193,.F.);
#6840=ORIENTED_EDGE('',*,*,#4940,.F.);
#6841=ORIENTED_EDGE('',*,*,#4566,.F.);
#6842=ORIENTED_EDGE('',*,*,#4940,.T.);
#6843=ORIENTED_EDGE('',*,*,#4192,.F.);
#6844=ORIENTED_EDGE('',*,*,#4941,.F.);
#6845=ORIENTED_EDGE('',*,*,#4567,.F.);
#6846=ORIENTED_EDGE('',*,*,#4941,.T.);
#6847=ORIENTED_EDGE('',*,*,#4191,.F.);
#6848=ORIENTED_EDGE('',*,*,#4942,.F.);
#6849=ORIENTED_EDGE('',*,*,#4568,.F.);
#6850=ORIENTED_EDGE('',*,*,#4942,.T.);
#6851=ORIENTED_EDGE('',*,*,#4190,.F.);
#6852=ORIENTED_EDGE('',*,*,#4943,.F.);
#6853=ORIENTED_EDGE('',*,*,#4569,.F.);
#6854=ORIENTED_EDGE('',*,*,#4943,.T.);
#6855=ORIENTED_EDGE('',*,*,#4189,.F.);
#6856=ORIENTED_EDGE('',*,*,#4944,.F.);
#6857=ORIENTED_EDGE('',*,*,#4570,.F.);
#6858=ORIENTED_EDGE('',*,*,#4944,.T.);
#6859=ORIENTED_EDGE('',*,*,#4188,.F.);
#6860=ORIENTED_EDGE('',*,*,#4945,.F.);
#6861=ORIENTED_EDGE('',*,*,#4563,.F.);
#6862=ORIENTED_EDGE('',*,*,#4945,.T.);
#6863=ORIENTED_EDGE('',*,*,#4187,.F.);
#6864=ORIENTED_EDGE('',*,*,#4938,.F.);
#6865=ORIENTED_EDGE('',*,*,#4572,.F.);
#6866=ORIENTED_EDGE('',*,*,#4946,.T.);
#6867=ORIENTED_EDGE('',*,*,#4202,.F.);
#6868=ORIENTED_EDGE('',*,*,#4947,.F.);
#6869=ORIENTED_EDGE('',*,*,#4573,.F.);
#6870=ORIENTED_EDGE('',*,*,#4947,.T.);
#6871=ORIENTED_EDGE('',*,*,#4201,.F.);
#6872=ORIENTED_EDGE('',*,*,#4948,.F.);
#6873=ORIENTED_EDGE('',*,*,#4574,.F.);
#6874=ORIENTED_EDGE('',*,*,#4948,.T.);
#6875=ORIENTED_EDGE('',*,*,#4200,.F.);
#6876=ORIENTED_EDGE('',*,*,#4949,.F.);
#6877=ORIENTED_EDGE('',*,*,#4575,.F.);
#6878=ORIENTED_EDGE('',*,*,#4949,.T.);
#6879=ORIENTED_EDGE('',*,*,#4199,.F.);
#6880=ORIENTED_EDGE('',*,*,#4950,.F.);
#6881=ORIENTED_EDGE('',*,*,#4576,.F.);
#6882=ORIENTED_EDGE('',*,*,#4950,.T.);
#6883=ORIENTED_EDGE('',*,*,#4198,.F.);
#6884=ORIENTED_EDGE('',*,*,#4951,.F.);
#6885=ORIENTED_EDGE('',*,*,#4577,.F.);
#6886=ORIENTED_EDGE('',*,*,#4951,.T.);
#6887=ORIENTED_EDGE('',*,*,#4197,.F.);
#6888=ORIENTED_EDGE('',*,*,#4952,.F.);
#6889=ORIENTED_EDGE('',*,*,#4578,.F.);
#6890=ORIENTED_EDGE('',*,*,#4952,.T.);
#6891=ORIENTED_EDGE('',*,*,#4196,.F.);
#6892=ORIENTED_EDGE('',*,*,#4953,.F.);
#6893=ORIENTED_EDGE('',*,*,#4571,.F.);
#6894=ORIENTED_EDGE('',*,*,#4953,.T.);
#6895=ORIENTED_EDGE('',*,*,#4195,.F.);
#6896=ORIENTED_EDGE('',*,*,#4946,.F.);
#6897=ORIENTED_EDGE('',*,*,#4580,.F.);
#6898=ORIENTED_EDGE('',*,*,#4954,.T.);
#6899=ORIENTED_EDGE('',*,*,#4210,.F.);
#6900=ORIENTED_EDGE('',*,*,#4955,.F.);
#6901=ORIENTED_EDGE('',*,*,#4581,.F.);
#6902=ORIENTED_EDGE('',*,*,#4955,.T.);
#6903=ORIENTED_EDGE('',*,*,#4209,.F.);
#6904=ORIENTED_EDGE('',*,*,#4956,.F.);
#6905=ORIENTED_EDGE('',*,*,#4582,.F.);
#6906=ORIENTED_EDGE('',*,*,#4956,.T.);
#6907=ORIENTED_EDGE('',*,*,#4208,.F.);
#6908=ORIENTED_EDGE('',*,*,#4957,.F.);
#6909=ORIENTED_EDGE('',*,*,#4583,.F.);
#6910=ORIENTED_EDGE('',*,*,#4957,.T.);
#6911=ORIENTED_EDGE('',*,*,#4207,.F.);
#6912=ORIENTED_EDGE('',*,*,#4958,.F.);
#6913=ORIENTED_EDGE('',*,*,#4584,.F.);
#6914=ORIENTED_EDGE('',*,*,#4958,.T.);
#6915=ORIENTED_EDGE('',*,*,#4206,.F.);
#6916=ORIENTED_EDGE('',*,*,#4959,.F.);
#6917=ORIENTED_EDGE('',*,*,#4585,.F.);
#6918=ORIENTED_EDGE('',*,*,#4959,.T.);
#6919=ORIENTED_EDGE('',*,*,#4205,.F.);
#6920=ORIENTED_EDGE('',*,*,#4960,.F.);
#6921=ORIENTED_EDGE('',*,*,#4586,.F.);
#6922=ORIENTED_EDGE('',*,*,#4960,.T.);
#6923=ORIENTED_EDGE('',*,*,#4204,.F.);
#6924=ORIENTED_EDGE('',*,*,#4961,.F.);
#6925=ORIENTED_EDGE('',*,*,#4579,.F.);
#6926=ORIENTED_EDGE('',*,*,#4961,.T.);
#6927=ORIENTED_EDGE('',*,*,#4203,.F.);
#6928=ORIENTED_EDGE('',*,*,#4954,.F.);
#6929=ORIENTED_EDGE('',*,*,#4588,.F.);
#6930=ORIENTED_EDGE('',*,*,#4962,.T.);
#6931=ORIENTED_EDGE('',*,*,#4218,.F.);
#6932=ORIENTED_EDGE('',*,*,#4963,.F.);
#6933=ORIENTED_EDGE('',*,*,#4589,.F.);
#6934=ORIENTED_EDGE('',*,*,#4963,.T.);
#6935=ORIENTED_EDGE('',*,*,#4217,.F.);
#6936=ORIENTED_EDGE('',*,*,#4964,.F.);
#6937=ORIENTED_EDGE('',*,*,#4590,.F.);
#6938=ORIENTED_EDGE('',*,*,#4964,.T.);
#6939=ORIENTED_EDGE('',*,*,#4216,.F.);
#6940=ORIENTED_EDGE('',*,*,#4965,.F.);
#6941=ORIENTED_EDGE('',*,*,#4591,.F.);
#6942=ORIENTED_EDGE('',*,*,#4965,.T.);
#6943=ORIENTED_EDGE('',*,*,#4215,.F.);
#6944=ORIENTED_EDGE('',*,*,#4966,.F.);
#6945=ORIENTED_EDGE('',*,*,#4592,.F.);
#6946=ORIENTED_EDGE('',*,*,#4966,.T.);
#6947=ORIENTED_EDGE('',*,*,#4214,.F.);
#6948=ORIENTED_EDGE('',*,*,#4967,.F.);
#6949=ORIENTED_EDGE('',*,*,#4593,.F.);
#6950=ORIENTED_EDGE('',*,*,#4967,.T.);
#6951=ORIENTED_EDGE('',*,*,#4213,.F.);
#6952=ORIENTED_EDGE('',*,*,#4968,.F.);
#6953=ORIENTED_EDGE('',*,*,#4594,.F.);
#6954=ORIENTED_EDGE('',*,*,#4968,.T.);
#6955=ORIENTED_EDGE('',*,*,#4212,.F.);
#6956=ORIENTED_EDGE('',*,*,#4969,.F.);
#6957=ORIENTED_EDGE('',*,*,#4587,.F.);
#6958=ORIENTED_EDGE('',*,*,#4969,.T.);
#6959=ORIENTED_EDGE('',*,*,#4211,.F.);
#6960=ORIENTED_EDGE('',*,*,#4962,.F.);
#6961=ORIENTED_EDGE('',*,*,#4596,.F.);
#6962=ORIENTED_EDGE('',*,*,#4970,.T.);
#6963=ORIENTED_EDGE('',*,*,#4226,.F.);
#6964=ORIENTED_EDGE('',*,*,#4971,.F.);
#6965=ORIENTED_EDGE('',*,*,#4597,.F.);
#6966=ORIENTED_EDGE('',*,*,#4971,.T.);
#6967=ORIENTED_EDGE('',*,*,#4225,.F.);
#6968=ORIENTED_EDGE('',*,*,#4972,.F.);
#6969=ORIENTED_EDGE('',*,*,#4598,.F.);
#6970=ORIENTED_EDGE('',*,*,#4972,.T.);
#6971=ORIENTED_EDGE('',*,*,#4224,.F.);
#6972=ORIENTED_EDGE('',*,*,#4973,.F.);
#6973=ORIENTED_EDGE('',*,*,#4599,.F.);
#6974=ORIENTED_EDGE('',*,*,#4973,.T.);
#6975=ORIENTED_EDGE('',*,*,#4223,.F.);
#6976=ORIENTED_EDGE('',*,*,#4974,.F.);
#6977=ORIENTED_EDGE('',*,*,#4600,.F.);
#6978=ORIENTED_EDGE('',*,*,#4974,.T.);
#6979=ORIENTED_EDGE('',*,*,#4222,.F.);
#6980=ORIENTED_EDGE('',*,*,#4975,.F.);
#6981=ORIENTED_EDGE('',*,*,#4601,.F.);
#6982=ORIENTED_EDGE('',*,*,#4975,.T.);
#6983=ORIENTED_EDGE('',*,*,#4221,.F.);
#6984=ORIENTED_EDGE('',*,*,#4976,.F.);
#6985=ORIENTED_EDGE('',*,*,#4602,.F.);
#6986=ORIENTED_EDGE('',*,*,#4976,.T.);
#6987=ORIENTED_EDGE('',*,*,#4220,.F.);
#6988=ORIENTED_EDGE('',*,*,#4977,.F.);
#6989=ORIENTED_EDGE('',*,*,#4595,.F.);
#6990=ORIENTED_EDGE('',*,*,#4977,.T.);
#6991=ORIENTED_EDGE('',*,*,#4219,.F.);
#6992=ORIENTED_EDGE('',*,*,#4970,.F.);
#6993=ORIENTED_EDGE('',*,*,#4604,.F.);
#6994=ORIENTED_EDGE('',*,*,#4978,.T.);
#6995=ORIENTED_EDGE('',*,*,#4234,.F.);
#6996=ORIENTED_EDGE('',*,*,#4979,.F.);
#6997=ORIENTED_EDGE('',*,*,#4605,.F.);
#6998=ORIENTED_EDGE('',*,*,#4979,.T.);
#6999=ORIENTED_EDGE('',*,*,#4233,.F.);
#7000=ORIENTED_EDGE('',*,*,#4980,.F.);
#7001=ORIENTED_EDGE('',*,*,#4606,.F.);
#7002=ORIENTED_EDGE('',*,*,#4980,.T.);
#7003=ORIENTED_EDGE('',*,*,#4232,.F.);
#7004=ORIENTED_EDGE('',*,*,#4981,.F.);
#7005=ORIENTED_EDGE('',*,*,#4607,.F.);
#7006=ORIENTED_EDGE('',*,*,#4981,.T.);
#7007=ORIENTED_EDGE('',*,*,#4231,.F.);
#7008=ORIENTED_EDGE('',*,*,#4982,.F.);
#7009=ORIENTED_EDGE('',*,*,#4608,.F.);
#7010=ORIENTED_EDGE('',*,*,#4982,.T.);
#7011=ORIENTED_EDGE('',*,*,#4230,.F.);
#7012=ORIENTED_EDGE('',*,*,#4983,.F.);
#7013=ORIENTED_EDGE('',*,*,#4609,.F.);
#7014=ORIENTED_EDGE('',*,*,#4983,.T.);
#7015=ORIENTED_EDGE('',*,*,#4229,.F.);
#7016=ORIENTED_EDGE('',*,*,#4984,.F.);
#7017=ORIENTED_EDGE('',*,*,#4610,.F.);
#7018=ORIENTED_EDGE('',*,*,#4984,.T.);
#7019=ORIENTED_EDGE('',*,*,#4228,.F.);
#7020=ORIENTED_EDGE('',*,*,#4985,.F.);
#7021=ORIENTED_EDGE('',*,*,#4603,.F.);
#7022=ORIENTED_EDGE('',*,*,#4985,.T.);
#7023=ORIENTED_EDGE('',*,*,#4227,.F.);
#7024=ORIENTED_EDGE('',*,*,#4978,.F.);
#7025=ORIENTED_EDGE('',*,*,#4612,.F.);
#7026=ORIENTED_EDGE('',*,*,#4986,.T.);
#7027=ORIENTED_EDGE('',*,*,#4242,.F.);
#7028=ORIENTED_EDGE('',*,*,#4987,.F.);
#7029=ORIENTED_EDGE('',*,*,#4613,.F.);
#7030=ORIENTED_EDGE('',*,*,#4987,.T.);
#7031=ORIENTED_EDGE('',*,*,#4241,.F.);
#7032=ORIENTED_EDGE('',*,*,#4988,.F.);
#7033=ORIENTED_EDGE('',*,*,#4614,.F.);
#7034=ORIENTED_EDGE('',*,*,#4988,.T.);
#7035=ORIENTED_EDGE('',*,*,#4240,.F.);
#7036=ORIENTED_EDGE('',*,*,#4989,.F.);
#7037=ORIENTED_EDGE('',*,*,#4615,.F.);
#7038=ORIENTED_EDGE('',*,*,#4989,.T.);
#7039=ORIENTED_EDGE('',*,*,#4239,.F.);
#7040=ORIENTED_EDGE('',*,*,#4990,.F.);
#7041=ORIENTED_EDGE('',*,*,#4616,.F.);
#7042=ORIENTED_EDGE('',*,*,#4990,.T.);
#7043=ORIENTED_EDGE('',*,*,#4238,.F.);
#7044=ORIENTED_EDGE('',*,*,#4991,.F.);
#7045=ORIENTED_EDGE('',*,*,#4617,.F.);
#7046=ORIENTED_EDGE('',*,*,#4991,.T.);
#7047=ORIENTED_EDGE('',*,*,#4237,.F.);
#7048=ORIENTED_EDGE('',*,*,#4992,.F.);
#7049=ORIENTED_EDGE('',*,*,#4618,.F.);
#7050=ORIENTED_EDGE('',*,*,#4992,.T.);
#7051=ORIENTED_EDGE('',*,*,#4236,.F.);
#7052=ORIENTED_EDGE('',*,*,#4993,.F.);
#7053=ORIENTED_EDGE('',*,*,#4611,.F.);
#7054=ORIENTED_EDGE('',*,*,#4993,.T.);
#7055=ORIENTED_EDGE('',*,*,#4235,.F.);
#7056=ORIENTED_EDGE('',*,*,#4986,.F.);
#7057=ORIENTED_EDGE('',*,*,#4620,.F.);
#7058=ORIENTED_EDGE('',*,*,#4994,.T.);
#7059=ORIENTED_EDGE('',*,*,#4250,.F.);
#7060=ORIENTED_EDGE('',*,*,#4995,.F.);
#7061=ORIENTED_EDGE('',*,*,#4621,.F.);
#7062=ORIENTED_EDGE('',*,*,#4995,.T.);
#7063=ORIENTED_EDGE('',*,*,#4249,.F.);
#7064=ORIENTED_EDGE('',*,*,#4996,.F.);
#7065=ORIENTED_EDGE('',*,*,#4622,.F.);
#7066=ORIENTED_EDGE('',*,*,#4996,.T.);
#7067=ORIENTED_EDGE('',*,*,#4248,.F.);
#7068=ORIENTED_EDGE('',*,*,#4997,.F.);
#7069=ORIENTED_EDGE('',*,*,#4623,.F.);
#7070=ORIENTED_EDGE('',*,*,#4997,.T.);
#7071=ORIENTED_EDGE('',*,*,#4247,.F.);
#7072=ORIENTED_EDGE('',*,*,#4998,.F.);
#7073=ORIENTED_EDGE('',*,*,#4624,.F.);
#7074=ORIENTED_EDGE('',*,*,#4998,.T.);
#7075=ORIENTED_EDGE('',*,*,#4246,.F.);
#7076=ORIENTED_EDGE('',*,*,#4999,.F.);
#7077=ORIENTED_EDGE('',*,*,#4625,.F.);
#7078=ORIENTED_EDGE('',*,*,#4999,.T.);
#7079=ORIENTED_EDGE('',*,*,#4245,.F.);
#7080=ORIENTED_EDGE('',*,*,#5000,.F.);
#7081=ORIENTED_EDGE('',*,*,#4626,.F.);
#7082=ORIENTED_EDGE('',*,*,#5000,.T.);
#7083=ORIENTED_EDGE('',*,*,#4244,.F.);
#7084=ORIENTED_EDGE('',*,*,#5001,.F.);
#7085=ORIENTED_EDGE('',*,*,#4619,.F.);
#7086=ORIENTED_EDGE('',*,*,#5001,.T.);
#7087=ORIENTED_EDGE('',*,*,#4243,.F.);
#7088=ORIENTED_EDGE('',*,*,#4994,.F.);
#7089=ORIENTED_EDGE('',*,*,#4628,.F.);
#7090=ORIENTED_EDGE('',*,*,#5002,.T.);
#7091=ORIENTED_EDGE('',*,*,#4258,.F.);
#7092=ORIENTED_EDGE('',*,*,#5003,.F.);
#7093=ORIENTED_EDGE('',*,*,#4629,.F.);
#7094=ORIENTED_EDGE('',*,*,#5003,.T.);
#7095=ORIENTED_EDGE('',*,*,#4257,.F.);
#7096=ORIENTED_EDGE('',*,*,#5004,.F.);
#7097=ORIENTED_EDGE('',*,*,#4630,.F.);
#7098=ORIENTED_EDGE('',*,*,#5004,.T.);
#7099=ORIENTED_EDGE('',*,*,#4256,.F.);
#7100=ORIENTED_EDGE('',*,*,#5005,.F.);
#7101=ORIENTED_EDGE('',*,*,#4631,.F.);
#7102=ORIENTED_EDGE('',*,*,#5005,.T.);
#7103=ORIENTED_EDGE('',*,*,#4255,.F.);
#7104=ORIENTED_EDGE('',*,*,#5006,.F.);
#7105=ORIENTED_EDGE('',*,*,#4632,.F.);
#7106=ORIENTED_EDGE('',*,*,#5006,.T.);
#7107=ORIENTED_EDGE('',*,*,#4254,.F.);
#7108=ORIENTED_EDGE('',*,*,#5007,.F.);
#7109=ORIENTED_EDGE('',*,*,#4633,.F.);
#7110=ORIENTED_EDGE('',*,*,#5007,.T.);
#7111=ORIENTED_EDGE('',*,*,#4253,.F.);
#7112=ORIENTED_EDGE('',*,*,#5008,.F.);
#7113=ORIENTED_EDGE('',*,*,#4634,.F.);
#7114=ORIENTED_EDGE('',*,*,#5008,.T.);
#7115=ORIENTED_EDGE('',*,*,#4252,.F.);
#7116=ORIENTED_EDGE('',*,*,#5009,.F.);
#7117=ORIENTED_EDGE('',*,*,#4627,.F.);
#7118=ORIENTED_EDGE('',*,*,#5009,.T.);
#7119=ORIENTED_EDGE('',*,*,#4251,.F.);
#7120=ORIENTED_EDGE('',*,*,#5002,.F.);
#7121=ORIENTED_EDGE('',*,*,#4636,.F.);
#7122=ORIENTED_EDGE('',*,*,#5010,.T.);
#7123=ORIENTED_EDGE('',*,*,#4266,.F.);
#7124=ORIENTED_EDGE('',*,*,#5011,.F.);
#7125=ORIENTED_EDGE('',*,*,#4637,.F.);
#7126=ORIENTED_EDGE('',*,*,#5011,.T.);
#7127=ORIENTED_EDGE('',*,*,#4265,.F.);
#7128=ORIENTED_EDGE('',*,*,#5012,.F.);
#7129=ORIENTED_EDGE('',*,*,#4638,.F.);
#7130=ORIENTED_EDGE('',*,*,#5012,.T.);
#7131=ORIENTED_EDGE('',*,*,#4264,.F.);
#7132=ORIENTED_EDGE('',*,*,#5013,.F.);
#7133=ORIENTED_EDGE('',*,*,#4639,.F.);
#7134=ORIENTED_EDGE('',*,*,#5013,.T.);
#7135=ORIENTED_EDGE('',*,*,#4263,.F.);
#7136=ORIENTED_EDGE('',*,*,#5014,.F.);
#7137=ORIENTED_EDGE('',*,*,#4640,.F.);
#7138=ORIENTED_EDGE('',*,*,#5014,.T.);
#7139=ORIENTED_EDGE('',*,*,#4262,.F.);
#7140=ORIENTED_EDGE('',*,*,#5015,.F.);
#7141=ORIENTED_EDGE('',*,*,#4641,.F.);
#7142=ORIENTED_EDGE('',*,*,#5015,.T.);
#7143=ORIENTED_EDGE('',*,*,#4261,.F.);
#7144=ORIENTED_EDGE('',*,*,#5016,.F.);
#7145=ORIENTED_EDGE('',*,*,#4642,.F.);
#7146=ORIENTED_EDGE('',*,*,#5016,.T.);
#7147=ORIENTED_EDGE('',*,*,#4260,.F.);
#7148=ORIENTED_EDGE('',*,*,#5017,.F.);
#7149=ORIENTED_EDGE('',*,*,#4635,.F.);
#7150=ORIENTED_EDGE('',*,*,#5017,.T.);
#7151=ORIENTED_EDGE('',*,*,#4259,.F.);
#7152=ORIENTED_EDGE('',*,*,#5010,.F.);
#7153=ORIENTED_EDGE('',*,*,#4267,.F.);
#7154=ORIENTED_EDGE('',*,*,#5018,.T.);
#7155=ORIENTED_EDGE('',*,*,#4643,.F.);
#7156=ORIENTED_EDGE('',*,*,#5018,.F.);
#7157=ORIENTED_EDGE('',*,*,#4645,.F.);
#7158=ORIENTED_EDGE('',*,*,#5019,.T.);
#7159=ORIENTED_EDGE('',*,*,#4275,.F.);
#7160=ORIENTED_EDGE('',*,*,#5020,.F.);
#7161=ORIENTED_EDGE('',*,*,#4646,.F.);
#7162=ORIENTED_EDGE('',*,*,#5020,.T.);
#7163=ORIENTED_EDGE('',*,*,#4274,.F.);
#7164=ORIENTED_EDGE('',*,*,#5021,.F.);
#7165=ORIENTED_EDGE('',*,*,#4647,.F.);
#7166=ORIENTED_EDGE('',*,*,#5021,.T.);
#7167=ORIENTED_EDGE('',*,*,#4273,.F.);
#7168=ORIENTED_EDGE('',*,*,#5022,.F.);
#7169=ORIENTED_EDGE('',*,*,#4648,.F.);
#7170=ORIENTED_EDGE('',*,*,#5022,.T.);
#7171=ORIENTED_EDGE('',*,*,#4272,.F.);
#7172=ORIENTED_EDGE('',*,*,#5023,.F.);
#7173=ORIENTED_EDGE('',*,*,#4649,.F.);
#7174=ORIENTED_EDGE('',*,*,#5023,.T.);
#7175=ORIENTED_EDGE('',*,*,#4271,.F.);
#7176=ORIENTED_EDGE('',*,*,#5024,.F.);
#7177=ORIENTED_EDGE('',*,*,#4650,.F.);
#7178=ORIENTED_EDGE('',*,*,#5024,.T.);
#7179=ORIENTED_EDGE('',*,*,#4270,.F.);
#7180=ORIENTED_EDGE('',*,*,#5025,.F.);
#7181=ORIENTED_EDGE('',*,*,#4651,.F.);
#7182=ORIENTED_EDGE('',*,*,#5025,.T.);
#7183=ORIENTED_EDGE('',*,*,#4269,.F.);
#7184=ORIENTED_EDGE('',*,*,#5026,.F.);
#7185=ORIENTED_EDGE('',*,*,#4644,.F.);
#7186=ORIENTED_EDGE('',*,*,#5026,.T.);
#7187=ORIENTED_EDGE('',*,*,#4268,.F.);
#7188=ORIENTED_EDGE('',*,*,#5019,.F.);
#7189=ORIENTED_EDGE('',*,*,#4653,.F.);
#7190=ORIENTED_EDGE('',*,*,#5027,.T.);
#7191=ORIENTED_EDGE('',*,*,#4283,.F.);
#7192=ORIENTED_EDGE('',*,*,#5028,.F.);
#7193=ORIENTED_EDGE('',*,*,#4654,.F.);
#7194=ORIENTED_EDGE('',*,*,#5028,.T.);
#7195=ORIENTED_EDGE('',*,*,#4282,.F.);
#7196=ORIENTED_EDGE('',*,*,#5029,.F.);
#7197=ORIENTED_EDGE('',*,*,#4655,.F.);
#7198=ORIENTED_EDGE('',*,*,#5029,.T.);
#7199=ORIENTED_EDGE('',*,*,#4281,.F.);
#7200=ORIENTED_EDGE('',*,*,#5030,.F.);
#7201=ORIENTED_EDGE('',*,*,#4656,.F.);
#7202=ORIENTED_EDGE('',*,*,#5030,.T.);
#7203=ORIENTED_EDGE('',*,*,#4280,.F.);
#7204=ORIENTED_EDGE('',*,*,#5031,.F.);
#7205=ORIENTED_EDGE('',*,*,#4657,.F.);
#7206=ORIENTED_EDGE('',*,*,#5031,.T.);
#7207=ORIENTED_EDGE('',*,*,#4279,.F.);
#7208=ORIENTED_EDGE('',*,*,#5032,.F.);
#7209=ORIENTED_EDGE('',*,*,#4658,.F.);
#7210=ORIENTED_EDGE('',*,*,#5032,.T.);
#7211=ORIENTED_EDGE('',*,*,#4278,.F.);
#7212=ORIENTED_EDGE('',*,*,#5033,.F.);
#7213=ORIENTED_EDGE('',*,*,#4659,.F.);
#7214=ORIENTED_EDGE('',*,*,#5033,.T.);
#7215=ORIENTED_EDGE('',*,*,#4277,.F.);
#7216=ORIENTED_EDGE('',*,*,#5034,.F.);
#7217=ORIENTED_EDGE('',*,*,#4652,.F.);
#7218=ORIENTED_EDGE('',*,*,#5034,.T.);
#7219=ORIENTED_EDGE('',*,*,#4276,.F.);
#7220=ORIENTED_EDGE('',*,*,#5027,.F.);
#7221=ORIENTED_EDGE('',*,*,#4661,.F.);
#7222=ORIENTED_EDGE('',*,*,#5035,.T.);
#7223=ORIENTED_EDGE('',*,*,#4291,.F.);
#7224=ORIENTED_EDGE('',*,*,#5036,.F.);
#7225=ORIENTED_EDGE('',*,*,#4662,.F.);
#7226=ORIENTED_EDGE('',*,*,#5036,.T.);
#7227=ORIENTED_EDGE('',*,*,#4290,.F.);
#7228=ORIENTED_EDGE('',*,*,#5037,.F.);
#7229=ORIENTED_EDGE('',*,*,#4663,.F.);
#7230=ORIENTED_EDGE('',*,*,#5037,.T.);
#7231=ORIENTED_EDGE('',*,*,#4289,.F.);
#7232=ORIENTED_EDGE('',*,*,#5038,.F.);
#7233=ORIENTED_EDGE('',*,*,#4664,.F.);
#7234=ORIENTED_EDGE('',*,*,#5038,.T.);
#7235=ORIENTED_EDGE('',*,*,#4288,.F.);
#7236=ORIENTED_EDGE('',*,*,#5039,.F.);
#7237=ORIENTED_EDGE('',*,*,#4665,.F.);
#7238=ORIENTED_EDGE('',*,*,#5039,.T.);
#7239=ORIENTED_EDGE('',*,*,#4287,.F.);
#7240=ORIENTED_EDGE('',*,*,#5040,.F.);
#7241=ORIENTED_EDGE('',*,*,#4666,.F.);
#7242=ORIENTED_EDGE('',*,*,#5040,.T.);
#7243=ORIENTED_EDGE('',*,*,#4286,.F.);
#7244=ORIENTED_EDGE('',*,*,#5041,.F.);
#7245=ORIENTED_EDGE('',*,*,#4667,.F.);
#7246=ORIENTED_EDGE('',*,*,#5041,.T.);
#7247=ORIENTED_EDGE('',*,*,#4285,.F.);
#7248=ORIENTED_EDGE('',*,*,#5042,.F.);
#7249=ORIENTED_EDGE('',*,*,#4660,.F.);
#7250=ORIENTED_EDGE('',*,*,#5042,.T.);
#7251=ORIENTED_EDGE('',*,*,#4284,.F.);
#7252=ORIENTED_EDGE('',*,*,#5035,.F.);
#7253=ORIENTED_EDGE('',*,*,#4669,.F.);
#7254=ORIENTED_EDGE('',*,*,#5043,.T.);
#7255=ORIENTED_EDGE('',*,*,#4299,.F.);
#7256=ORIENTED_EDGE('',*,*,#5044,.F.);
#7257=ORIENTED_EDGE('',*,*,#4670,.F.);
#7258=ORIENTED_EDGE('',*,*,#5044,.T.);
#7259=ORIENTED_EDGE('',*,*,#4298,.F.);
#7260=ORIENTED_EDGE('',*,*,#5045,.F.);
#7261=ORIENTED_EDGE('',*,*,#4671,.F.);
#7262=ORIENTED_EDGE('',*,*,#5045,.T.);
#7263=ORIENTED_EDGE('',*,*,#4297,.F.);
#7264=ORIENTED_EDGE('',*,*,#5046,.F.);
#7265=ORIENTED_EDGE('',*,*,#4672,.F.);
#7266=ORIENTED_EDGE('',*,*,#5046,.T.);
#7267=ORIENTED_EDGE('',*,*,#4296,.F.);
#7268=ORIENTED_EDGE('',*,*,#5047,.F.);
#7269=ORIENTED_EDGE('',*,*,#4673,.F.);
#7270=ORIENTED_EDGE('',*,*,#5047,.T.);
#7271=ORIENTED_EDGE('',*,*,#4295,.F.);
#7272=ORIENTED_EDGE('',*,*,#5048,.F.);
#7273=ORIENTED_EDGE('',*,*,#4674,.F.);
#7274=ORIENTED_EDGE('',*,*,#5048,.T.);
#7275=ORIENTED_EDGE('',*,*,#4294,.F.);
#7276=ORIENTED_EDGE('',*,*,#5049,.F.);
#7277=ORIENTED_EDGE('',*,*,#4675,.F.);
#7278=ORIENTED_EDGE('',*,*,#5049,.T.);
#7279=ORIENTED_EDGE('',*,*,#4293,.F.);
#7280=ORIENTED_EDGE('',*,*,#5050,.F.);
#7281=ORIENTED_EDGE('',*,*,#4668,.F.);
#7282=ORIENTED_EDGE('',*,*,#5050,.T.);
#7283=ORIENTED_EDGE('',*,*,#4292,.F.);
#7284=ORIENTED_EDGE('',*,*,#5043,.F.);
#7285=ORIENTED_EDGE('',*,*,#4677,.F.);
#7286=ORIENTED_EDGE('',*,*,#5051,.T.);
#7287=ORIENTED_EDGE('',*,*,#4307,.F.);
#7288=ORIENTED_EDGE('',*,*,#5052,.F.);
#7289=ORIENTED_EDGE('',*,*,#4678,.F.);
#7290=ORIENTED_EDGE('',*,*,#5052,.T.);
#7291=ORIENTED_EDGE('',*,*,#4306,.F.);
#7292=ORIENTED_EDGE('',*,*,#5053,.F.);
#7293=ORIENTED_EDGE('',*,*,#4679,.F.);
#7294=ORIENTED_EDGE('',*,*,#5053,.T.);
#7295=ORIENTED_EDGE('',*,*,#4305,.F.);
#7296=ORIENTED_EDGE('',*,*,#5054,.F.);
#7297=ORIENTED_EDGE('',*,*,#4680,.F.);
#7298=ORIENTED_EDGE('',*,*,#5054,.T.);
#7299=ORIENTED_EDGE('',*,*,#4304,.F.);
#7300=ORIENTED_EDGE('',*,*,#5055,.F.);
#7301=ORIENTED_EDGE('',*,*,#4681,.F.);
#7302=ORIENTED_EDGE('',*,*,#5055,.T.);
#7303=ORIENTED_EDGE('',*,*,#4303,.F.);
#7304=ORIENTED_EDGE('',*,*,#5056,.F.);
#7305=ORIENTED_EDGE('',*,*,#4682,.F.);
#7306=ORIENTED_EDGE('',*,*,#5056,.T.);
#7307=ORIENTED_EDGE('',*,*,#4302,.F.);
#7308=ORIENTED_EDGE('',*,*,#5057,.F.);
#7309=ORIENTED_EDGE('',*,*,#4683,.F.);
#7310=ORIENTED_EDGE('',*,*,#5057,.T.);
#7311=ORIENTED_EDGE('',*,*,#4301,.F.);
#7312=ORIENTED_EDGE('',*,*,#5058,.F.);
#7313=ORIENTED_EDGE('',*,*,#4676,.F.);
#7314=ORIENTED_EDGE('',*,*,#5058,.T.);
#7315=ORIENTED_EDGE('',*,*,#4300,.F.);
#7316=ORIENTED_EDGE('',*,*,#5051,.F.);
#7317=ORIENTED_EDGE('',*,*,#4685,.F.);
#7318=ORIENTED_EDGE('',*,*,#5059,.T.);
#7319=ORIENTED_EDGE('',*,*,#4315,.F.);
#7320=ORIENTED_EDGE('',*,*,#5060,.F.);
#7321=ORIENTED_EDGE('',*,*,#4686,.F.);
#7322=ORIENTED_EDGE('',*,*,#5060,.T.);
#7323=ORIENTED_EDGE('',*,*,#4314,.F.);
#7324=ORIENTED_EDGE('',*,*,#5061,.F.);
#7325=ORIENTED_EDGE('',*,*,#4687,.F.);
#7326=ORIENTED_EDGE('',*,*,#5061,.T.);
#7327=ORIENTED_EDGE('',*,*,#4313,.F.);
#7328=ORIENTED_EDGE('',*,*,#5062,.F.);
#7329=ORIENTED_EDGE('',*,*,#4688,.F.);
#7330=ORIENTED_EDGE('',*,*,#5062,.T.);
#7331=ORIENTED_EDGE('',*,*,#4312,.F.);
#7332=ORIENTED_EDGE('',*,*,#5063,.F.);
#7333=ORIENTED_EDGE('',*,*,#4689,.F.);
#7334=ORIENTED_EDGE('',*,*,#5063,.T.);
#7335=ORIENTED_EDGE('',*,*,#4311,.F.);
#7336=ORIENTED_EDGE('',*,*,#5064,.F.);
#7337=ORIENTED_EDGE('',*,*,#4690,.F.);
#7338=ORIENTED_EDGE('',*,*,#5064,.T.);
#7339=ORIENTED_EDGE('',*,*,#4310,.F.);
#7340=ORIENTED_EDGE('',*,*,#5065,.F.);
#7341=ORIENTED_EDGE('',*,*,#4691,.F.);
#7342=ORIENTED_EDGE('',*,*,#5065,.T.);
#7343=ORIENTED_EDGE('',*,*,#4309,.F.);
#7344=ORIENTED_EDGE('',*,*,#5066,.F.);
#7345=ORIENTED_EDGE('',*,*,#4684,.F.);
#7346=ORIENTED_EDGE('',*,*,#5066,.T.);
#7347=ORIENTED_EDGE('',*,*,#4308,.F.);
#7348=ORIENTED_EDGE('',*,*,#5059,.F.);
#7349=ORIENTED_EDGE('',*,*,#4693,.F.);
#7350=ORIENTED_EDGE('',*,*,#5067,.T.);
#7351=ORIENTED_EDGE('',*,*,#4323,.F.);
#7352=ORIENTED_EDGE('',*,*,#5068,.F.);
#7353=ORIENTED_EDGE('',*,*,#4694,.F.);
#7354=ORIENTED_EDGE('',*,*,#5068,.T.);
#7355=ORIENTED_EDGE('',*,*,#4322,.F.);
#7356=ORIENTED_EDGE('',*,*,#5069,.F.);
#7357=ORIENTED_EDGE('',*,*,#4695,.F.);
#7358=ORIENTED_EDGE('',*,*,#5069,.T.);
#7359=ORIENTED_EDGE('',*,*,#4321,.F.);
#7360=ORIENTED_EDGE('',*,*,#5070,.F.);
#7361=ORIENTED_EDGE('',*,*,#4696,.F.);
#7362=ORIENTED_EDGE('',*,*,#5070,.T.);
#7363=ORIENTED_EDGE('',*,*,#4320,.F.);
#7364=ORIENTED_EDGE('',*,*,#5071,.F.);
#7365=ORIENTED_EDGE('',*,*,#4697,.F.);
#7366=ORIENTED_EDGE('',*,*,#5071,.T.);
#7367=ORIENTED_EDGE('',*,*,#4319,.F.);
#7368=ORIENTED_EDGE('',*,*,#5072,.F.);
#7369=ORIENTED_EDGE('',*,*,#4698,.F.);
#7370=ORIENTED_EDGE('',*,*,#5072,.T.);
#7371=ORIENTED_EDGE('',*,*,#4318,.F.);
#7372=ORIENTED_EDGE('',*,*,#5073,.F.);
#7373=ORIENTED_EDGE('',*,*,#4699,.F.);
#7374=ORIENTED_EDGE('',*,*,#5073,.T.);
#7375=ORIENTED_EDGE('',*,*,#4317,.F.);
#7376=ORIENTED_EDGE('',*,*,#5074,.F.);
#7377=ORIENTED_EDGE('',*,*,#4692,.F.);
#7378=ORIENTED_EDGE('',*,*,#5074,.T.);
#7379=ORIENTED_EDGE('',*,*,#4316,.F.);
#7380=ORIENTED_EDGE('',*,*,#5067,.F.);
#7381=ORIENTED_EDGE('',*,*,#4701,.F.);
#7382=ORIENTED_EDGE('',*,*,#5075,.T.);
#7383=ORIENTED_EDGE('',*,*,#4331,.F.);
#7384=ORIENTED_EDGE('',*,*,#5076,.F.);
#7385=ORIENTED_EDGE('',*,*,#4702,.F.);
#7386=ORIENTED_EDGE('',*,*,#5076,.T.);
#7387=ORIENTED_EDGE('',*,*,#4330,.F.);
#7388=ORIENTED_EDGE('',*,*,#5077,.F.);
#7389=ORIENTED_EDGE('',*,*,#4703,.F.);
#7390=ORIENTED_EDGE('',*,*,#5077,.T.);
#7391=ORIENTED_EDGE('',*,*,#4329,.F.);
#7392=ORIENTED_EDGE('',*,*,#5078,.F.);
#7393=ORIENTED_EDGE('',*,*,#4704,.F.);
#7394=ORIENTED_EDGE('',*,*,#5078,.T.);
#7395=ORIENTED_EDGE('',*,*,#4328,.F.);
#7396=ORIENTED_EDGE('',*,*,#5079,.F.);
#7397=ORIENTED_EDGE('',*,*,#4705,.F.);
#7398=ORIENTED_EDGE('',*,*,#5079,.T.);
#7399=ORIENTED_EDGE('',*,*,#4327,.F.);
#7400=ORIENTED_EDGE('',*,*,#5080,.F.);
#7401=ORIENTED_EDGE('',*,*,#4706,.F.);
#7402=ORIENTED_EDGE('',*,*,#5080,.T.);
#7403=ORIENTED_EDGE('',*,*,#4326,.F.);
#7404=ORIENTED_EDGE('',*,*,#5081,.F.);
#7405=ORIENTED_EDGE('',*,*,#4707,.F.);
#7406=ORIENTED_EDGE('',*,*,#5081,.T.);
#7407=ORIENTED_EDGE('',*,*,#4325,.F.);
#7408=ORIENTED_EDGE('',*,*,#5082,.F.);
#7409=ORIENTED_EDGE('',*,*,#4700,.F.);
#7410=ORIENTED_EDGE('',*,*,#5082,.T.);
#7411=ORIENTED_EDGE('',*,*,#4324,.F.);
#7412=ORIENTED_EDGE('',*,*,#5075,.F.);
#7413=ORIENTED_EDGE('',*,*,#3954,.T.);
#7414=ORIENTED_EDGE('',*,*,#3960,.F.);
#7415=ORIENTED_EDGE('',*,*,#4710,.F.);
#7416=ORIENTED_EDGE('',*,*,#4332,.F.);
#7417=PLANE('',#8024);
#7418=PLANE('',#8025);
#7419=PLANE('',#8026);
#7420=PLANE('',#8027);
#7421=PLANE('',#8028);
#7422=PLANE('',#8029);
#7423=PLANE('',#8030);
#7424=PLANE('',#8031);
#7425=PLANE('',#8032);
#7426=PLANE('',#8033);
#7427=PLANE('',#8034);
#7428=PLANE('',#8035);
#7429=PLANE('',#8036);
#7430=PLANE('',#8037);
#7431=PLANE('',#8227);
#7432=PLANE('',#8417);
#7433=PLANE('',#8419);
#7434=PLANE('',#8422);
#7435=PLANE('',#8424);
#7436=PLANE('',#8426);
#7437=PLANE('',#8428);
#7438=PLANE('',#8430);
#7439=PLANE('',#8432);
#7440=PLANE('',#8434);
#7441=PLANE('',#8436);
#7442=PLANE('',#8438);
#7443=PLANE('',#8440);
#7444=PLANE('',#8442);
#7445=PLANE('',#8444);
#7446=PLANE('',#8446);
#7447=PLANE('',#8448);
#7448=PLANE('',#8450);
#7449=PLANE('',#8452);
#7450=PLANE('',#8454);
#7451=PLANE('',#8456);
#7452=PLANE('',#8458);
#7453=PLANE('',#8460);
#7454=PLANE('',#8462);
#7455=PLANE('',#8464);
#7456=PLANE('',#8466);
#7457=PLANE('',#8468);
#7458=PLANE('',#8470);
#7459=PLANE('',#8472);
#7460=PLANE('',#8474);
#7461=PLANE('',#8476);
#7462=PLANE('',#8478);
#7463=PLANE('',#8480);
#7464=PLANE('',#8482);
#7465=PLANE('',#8484);
#7466=PLANE('',#8486);
#7467=PLANE('',#8488);
#7468=PLANE('',#8490);
#7469=PLANE('',#8492);
#7470=PLANE('',#8494);
#7471=PLANE('',#8496);
#7472=PLANE('',#8498);
#7473=PLANE('',#8500);
#7474=PLANE('',#8502);
#7475=PLANE('',#8504);
#7476=PLANE('',#8506);
#7477=PLANE('',#8508);
#7478=PLANE('',#8510);
#7479=PLANE('',#8512);
#7480=PLANE('',#8514);
#7481=PLANE('',#8516);
#7482=PLANE('',#8518);
#7483=PLANE('',#8520);
#7484=PLANE('',#8522);
#7485=PLANE('',#8524);
#7486=PLANE('',#8526);
#7487=PLANE('',#8528);
#7488=PLANE('',#8530);
#7489=PLANE('',#8532);
#7490=PLANE('',#8534);
#7491=PLANE('',#8536);
#7492=PLANE('',#8538);
#7493=PLANE('',#8540);
#7494=PLANE('',#8542);
#7495=PLANE('',#8544);
#7496=PLANE('',#8546);
#7497=PLANE('',#8548);
#7498=PLANE('',#8550);
#7499=PLANE('',#8552);
#7500=PLANE('',#8554);
#7501=PLANE('',#8556);
#7502=PLANE('',#8558);
#7503=PLANE('',#8560);
#7504=PLANE('',#8562);
#7505=PLANE('',#8564);
#7506=PLANE('',#8566);
#7507=PLANE('',#8568);
#7508=PLANE('',#8570);
#7509=PLANE('',#8572);
#7510=PLANE('',#8574);
#7511=PLANE('',#8576);
#7512=PLANE('',#8578);
#7513=PLANE('',#8580);
#7514=PLANE('',#8582);
#7515=PLANE('',#8584);
#7516=PLANE('',#8586);
#7517=PLANE('',#8588);
#7518=PLANE('',#8591);
#7519=PLANE('',#8593);
#7520=PLANE('',#8595);
#7521=PLANE('',#8597);
#7522=PLANE('',#8599);
#7523=PLANE('',#8601);
#7524=PLANE('',#8603);
#7525=PLANE('',#8605);
#7526=PLANE('',#8607);
#7527=PLANE('',#8609);
#7528=PLANE('',#8611);
#7529=PLANE('',#8613);
#7530=PLANE('',#8616);
#7531=PLANE('',#8618);
#7532=PLANE('',#8620);
#7533=PLANE('',#8622);
#7534=PLANE('',#8624);
#7535=PLANE('',#8626);
#7536=PLANE('',#8628);
#7537=PLANE('',#8630);
#7538=PLANE('',#8632);
#7539=PLANE('',#8634);
#7540=PLANE('',#8636);
#7541=PLANE('',#8638);
#7542=PLANE('',#8640);
#7543=PLANE('',#8642);
#7544=PLANE('',#8644);
#7545=PLANE('',#8646);
#7546=PLANE('',#8648);
#7547=PLANE('',#8650);
#7548=PLANE('',#8652);
#7549=PLANE('',#8654);
#7550=PLANE('',#8656);
#7551=PLANE('',#8658);
#7552=PLANE('',#8660);
#7553=PLANE('',#8662);
#7554=PLANE('',#8664);
#7555=PLANE('',#8666);
#7556=PLANE('',#8668);
#7557=PLANE('',#8670);
#7558=PLANE('',#8672);
#7559=PLANE('',#8674);
#7560=PLANE('',#8676);
#7561=PLANE('',#8678);
#7562=PLANE('',#8680);
#7563=PLANE('',#8682);
#7564=PLANE('',#8684);
#7565=PLANE('',#8686);
#7566=PLANE('',#8688);
#7567=PLANE('',#8690);
#7568=PLANE('',#8692);
#7569=PLANE('',#8694);
#7570=PLANE('',#8696);
#7571=PLANE('',#8698);
#7572=PLANE('',#8700);
#7573=PLANE('',#8702);
#7574=PLANE('',#8704);
#7575=PLANE('',#8706);
#7576=PLANE('',#8708);
#7577=PLANE('',#8710);
#7578=PLANE('',#8712);
#7579=PLANE('',#8714);
#7580=PLANE('',#8716);
#7581=PLANE('',#8718);
#7582=PLANE('',#8720);
#7583=PLANE('',#8722);
#7584=PLANE('',#8724);
#7585=PLANE('',#8726);
#7586=PLANE('',#8729);
#7587=PLANE('',#8731);
#7588=PLANE('',#8733);
#7589=PLANE('',#8735);
#7590=PLANE('',#8737);
#7591=PLANE('',#8739);
#7592=PLANE('',#8741);
#7593=PLANE('',#8743);
#7594=PLANE('',#8745);
#7595=PLANE('',#8747);
#7596=PLANE('',#8749);
#7597=PLANE('',#8751);
#7598=PLANE('',#8753);
#7599=PLANE('',#8755);
#7600=PLANE('',#8757);
#7601=PLANE('',#8759);
#7602=PLANE('',#8761);
#7603=PLANE('',#8763);
#7604=PLANE('',#8765);
#7605=PLANE('',#8767);
#7606=PLANE('',#8769);
#7607=PLANE('',#8771);
#7608=PLANE('',#8773);
#7609=PLANE('',#8775);
#7610=PLANE('',#8777);
#7611=PLANE('',#8779);
#7612=PLANE('',#8781);
#7613=PLANE('',#8783);
#7614=PLANE('',#8785);
#7615=PLANE('',#8787);
#7616=PLANE('',#8789);
#7617=PLANE('',#8791);
#7618=PLANE('',#8792);
#7619=ADVANCED_FACE('',(#680),#7417,.T.);
#7620=ADVANCED_FACE('',(#681),#7418,.T.);
#7621=ADVANCED_FACE('',(#682),#7419,.T.);
#7622=ADVANCED_FACE('',(#683),#7420,.T.);
#7623=ADVANCED_FACE('',(#684),#7421,.T.);
#7624=ADVANCED_FACE('',(#685),#7422,.T.);
#7625=ADVANCED_FACE('',(#686),#7423,.T.);
#7626=ADVANCED_FACE('',(#687),#7424,.T.);
#7627=ADVANCED_FACE('',(#688),#7425,.T.);
#7628=ADVANCED_FACE('',(#689),#7426,.T.);
#7629=ADVANCED_FACE('',(#690),#7427,.T.);
#7630=ADVANCED_FACE('',(#691),#7428,.T.);
#7631=ADVANCED_FACE('',(#692),#7429,.T.);
#7632=ADVANCED_FACE('',(#693,#204,#205,#206,#207,#208,#209,#210,#211,#212,
#213,#214,#215,#216,#217,#218,#219,#220,#221,#222,#223,#224,#225,#226,#227,
#228,#229,#230,#231,#232,#233,#234,#235,#236,#237,#238,#239,#240,#241,#242,
#243,#244,#245,#246,#247,#248,#249,#250,#251,#252),#7430,.T.);
#7633=ADVANCED_FACE('',(#694,#253,#254,#255,#256,#257,#258,#259,#260,#261,
#262,#263,#264,#265,#266,#267,#268,#269,#270,#271,#272,#273,#274,#275,#276,
#277,#278,#279,#280,#281,#282,#283,#284,#285,#286,#287,#288,#289,#290,#291,
#292,#293,#294,#295,#296,#297,#298,#299,#300,#301),#7431,.F.);
#7634=ADVANCED_FACE('',(#695),#7432,.T.);
#7635=ADVANCED_FACE('',(#696),#15,.T.);
#7636=ADVANCED_FACE('',(#697),#7433,.T.);
#7637=ADVANCED_FACE('',(#698),#16,.T.);
#7638=ADVANCED_FACE('',(#699),#17,.F.);
#7639=ADVANCED_FACE('',(#700),#7434,.T.);
#7640=ADVANCED_FACE('',(#701),#18,.F.);
#7641=ADVANCED_FACE('',(#702),#7435,.T.);
#7642=ADVANCED_FACE('',(#703),#19,.F.);
#7643=ADVANCED_FACE('',(#704),#7436,.T.);
#7644=ADVANCED_FACE('',(#705),#20,.F.);
#7645=ADVANCED_FACE('',(#706),#7437,.T.);
#7646=ADVANCED_FACE('',(#707),#21,.F.);
#7647=ADVANCED_FACE('',(#708),#7438,.T.);
#7648=ADVANCED_FACE('',(#709),#22,.F.);
#7649=ADVANCED_FACE('',(#710),#7439,.T.);
#7650=ADVANCED_FACE('',(#711),#23,.F.);
#7651=ADVANCED_FACE('',(#712),#7440,.T.);
#7652=ADVANCED_FACE('',(#713),#24,.F.);
#7653=ADVANCED_FACE('',(#714),#7441,.T.);
#7654=ADVANCED_FACE('',(#715),#25,.F.);
#7655=ADVANCED_FACE('',(#716),#7442,.T.);
#7656=ADVANCED_FACE('',(#717),#26,.F.);
#7657=ADVANCED_FACE('',(#718),#7443,.T.);
#7658=ADVANCED_FACE('',(#719),#27,.F.);
#7659=ADVANCED_FACE('',(#720),#7444,.T.);
#7660=ADVANCED_FACE('',(#721),#28,.F.);
#7661=ADVANCED_FACE('',(#722),#7445,.T.);
#7662=ADVANCED_FACE('',(#723),#29,.F.);
#7663=ADVANCED_FACE('',(#724),#7446,.T.);
#7664=ADVANCED_FACE('',(#725),#30,.F.);
#7665=ADVANCED_FACE('',(#726),#7447,.T.);
#7666=ADVANCED_FACE('',(#727),#31,.F.);
#7667=ADVANCED_FACE('',(#728),#7448,.T.);
#7668=ADVANCED_FACE('',(#729),#32,.F.);
#7669=ADVANCED_FACE('',(#730),#7449,.T.);
#7670=ADVANCED_FACE('',(#731),#33,.F.);
#7671=ADVANCED_FACE('',(#732),#7450,.T.);
#7672=ADVANCED_FACE('',(#733),#34,.F.);
#7673=ADVANCED_FACE('',(#734),#7451,.T.);
#7674=ADVANCED_FACE('',(#735),#35,.F.);
#7675=ADVANCED_FACE('',(#736),#7452,.T.);
#7676=ADVANCED_FACE('',(#737),#36,.F.);
#7677=ADVANCED_FACE('',(#738),#7453,.T.);
#7678=ADVANCED_FACE('',(#739),#37,.F.);
#7679=ADVANCED_FACE('',(#740),#7454,.T.);
#7680=ADVANCED_FACE('',(#741),#38,.F.);
#7681=ADVANCED_FACE('',(#742),#7455,.T.);
#7682=ADVANCED_FACE('',(#743),#39,.F.);
#7683=ADVANCED_FACE('',(#744),#7456,.T.);
#7684=ADVANCED_FACE('',(#745),#40,.F.);
#7685=ADVANCED_FACE('',(#746),#7457,.T.);
#7686=ADVANCED_FACE('',(#747),#41,.F.);
#7687=ADVANCED_FACE('',(#748),#7458,.T.);
#7688=ADVANCED_FACE('',(#749),#42,.F.);
#7689=ADVANCED_FACE('',(#750),#7459,.T.);
#7690=ADVANCED_FACE('',(#751),#43,.F.);
#7691=ADVANCED_FACE('',(#752),#7460,.T.);
#7692=ADVANCED_FACE('',(#753),#44,.F.);
#7693=ADVANCED_FACE('',(#754),#7461,.T.);
#7694=ADVANCED_FACE('',(#755),#45,.F.);
#7695=ADVANCED_FACE('',(#756),#7462,.T.);
#7696=ADVANCED_FACE('',(#757),#46,.F.);
#7697=ADVANCED_FACE('',(#758),#7463,.T.);
#7698=ADVANCED_FACE('',(#759),#47,.F.);
#7699=ADVANCED_FACE('',(#760),#7464,.T.);
#7700=ADVANCED_FACE('',(#761),#48,.F.);
#7701=ADVANCED_FACE('',(#762),#7465,.T.);
#7702=ADVANCED_FACE('',(#763),#49,.F.);
#7703=ADVANCED_FACE('',(#764),#7466,.T.);
#7704=ADVANCED_FACE('',(#765),#50,.F.);
#7705=ADVANCED_FACE('',(#766),#7467,.T.);
#7706=ADVANCED_FACE('',(#767),#51,.F.);
#7707=ADVANCED_FACE('',(#768),#7468,.T.);
#7708=ADVANCED_FACE('',(#769),#52,.F.);
#7709=ADVANCED_FACE('',(#770),#7469,.T.);
#7710=ADVANCED_FACE('',(#771),#53,.F.);
#7711=ADVANCED_FACE('',(#772),#7470,.T.);
#7712=ADVANCED_FACE('',(#773),#54,.F.);
#7713=ADVANCED_FACE('',(#774),#7471,.T.);
#7714=ADVANCED_FACE('',(#775),#55,.F.);
#7715=ADVANCED_FACE('',(#776),#7472,.T.);
#7716=ADVANCED_FACE('',(#777),#56,.F.);
#7717=ADVANCED_FACE('',(#778),#7473,.T.);
#7718=ADVANCED_FACE('',(#779),#57,.F.);
#7719=ADVANCED_FACE('',(#780),#7474,.T.);
#7720=ADVANCED_FACE('',(#781),#58,.F.);
#7721=ADVANCED_FACE('',(#782),#7475,.T.);
#7722=ADVANCED_FACE('',(#783),#59,.F.);
#7723=ADVANCED_FACE('',(#784),#7476,.T.);
#7724=ADVANCED_FACE('',(#785),#60,.F.);
#7725=ADVANCED_FACE('',(#786),#7477,.T.);
#7726=ADVANCED_FACE('',(#787),#61,.F.);
#7727=ADVANCED_FACE('',(#788),#7478,.T.);
#7728=ADVANCED_FACE('',(#789),#62,.F.);
#7729=ADVANCED_FACE('',(#790),#7479,.T.);
#7730=ADVANCED_FACE('',(#791),#63,.F.);
#7731=ADVANCED_FACE('',(#792),#7480,.T.);
#7732=ADVANCED_FACE('',(#793),#64,.F.);
#7733=ADVANCED_FACE('',(#794),#7481,.T.);
#7734=ADVANCED_FACE('',(#795),#65,.F.);
#7735=ADVANCED_FACE('',(#796),#7482,.T.);
#7736=ADVANCED_FACE('',(#797),#66,.F.);
#7737=ADVANCED_FACE('',(#798),#7483,.T.);
#7738=ADVANCED_FACE('',(#799),#67,.F.);
#7739=ADVANCED_FACE('',(#800),#7484,.T.);
#7740=ADVANCED_FACE('',(#801),#68,.F.);
#7741=ADVANCED_FACE('',(#802),#7485,.T.);
#7742=ADVANCED_FACE('',(#803),#69,.F.);
#7743=ADVANCED_FACE('',(#804),#7486,.T.);
#7744=ADVANCED_FACE('',(#805),#70,.F.);
#7745=ADVANCED_FACE('',(#806),#7487,.T.);
#7746=ADVANCED_FACE('',(#807),#71,.F.);
#7747=ADVANCED_FACE('',(#808),#7488,.T.);
#7748=ADVANCED_FACE('',(#809),#72,.F.);
#7749=ADVANCED_FACE('',(#810),#7489,.T.);
#7750=ADVANCED_FACE('',(#811),#73,.F.);
#7751=ADVANCED_FACE('',(#812),#7490,.T.);
#7752=ADVANCED_FACE('',(#813),#74,.F.);
#7753=ADVANCED_FACE('',(#814),#7491,.T.);
#7754=ADVANCED_FACE('',(#815),#75,.F.);
#7755=ADVANCED_FACE('',(#816),#7492,.T.);
#7756=ADVANCED_FACE('',(#817),#76,.F.);
#7757=ADVANCED_FACE('',(#818),#7493,.T.);
#7758=ADVANCED_FACE('',(#819),#77,.F.);
#7759=ADVANCED_FACE('',(#820),#7494,.T.);
#7760=ADVANCED_FACE('',(#821),#78,.F.);
#7761=ADVANCED_FACE('',(#822),#7495,.T.);
#7762=ADVANCED_FACE('',(#823),#79,.F.);
#7763=ADVANCED_FACE('',(#824),#7496,.T.);
#7764=ADVANCED_FACE('',(#825),#80,.F.);
#7765=ADVANCED_FACE('',(#826),#7497,.T.);
#7766=ADVANCED_FACE('',(#827),#81,.F.);
#7767=ADVANCED_FACE('',(#828),#7498,.T.);
#7768=ADVANCED_FACE('',(#829),#82,.F.);
#7769=ADVANCED_FACE('',(#830),#7499,.T.);
#7770=ADVANCED_FACE('',(#831),#83,.F.);
#7771=ADVANCED_FACE('',(#832),#7500,.T.);
#7772=ADVANCED_FACE('',(#833),#84,.F.);
#7773=ADVANCED_FACE('',(#834),#7501,.T.);
#7774=ADVANCED_FACE('',(#835),#85,.F.);
#7775=ADVANCED_FACE('',(#836),#7502,.T.);
#7776=ADVANCED_FACE('',(#837),#86,.F.);
#7777=ADVANCED_FACE('',(#838),#7503,.T.);
#7778=ADVANCED_FACE('',(#839),#87,.F.);
#7779=ADVANCED_FACE('',(#840),#7504,.T.);
#7780=ADVANCED_FACE('',(#841),#88,.F.);
#7781=ADVANCED_FACE('',(#842),#7505,.T.);
#7782=ADVANCED_FACE('',(#843),#89,.F.);
#7783=ADVANCED_FACE('',(#844),#7506,.T.);
#7784=ADVANCED_FACE('',(#845),#90,.F.);
#7785=ADVANCED_FACE('',(#846),#7507,.T.);
#7786=ADVANCED_FACE('',(#847),#91,.F.);
#7787=ADVANCED_FACE('',(#848),#7508,.T.);
#7788=ADVANCED_FACE('',(#849),#92,.F.);
#7789=ADVANCED_FACE('',(#850),#7509,.T.);
#7790=ADVANCED_FACE('',(#851),#93,.F.);
#7791=ADVANCED_FACE('',(#852),#7510,.T.);
#7792=ADVANCED_FACE('',(#853),#94,.F.);
#7793=ADVANCED_FACE('',(#854),#7511,.T.);
#7794=ADVANCED_FACE('',(#855),#95,.F.);
#7795=ADVANCED_FACE('',(#856),#7512,.T.);
#7796=ADVANCED_FACE('',(#857),#96,.F.);
#7797=ADVANCED_FACE('',(#858),#7513,.T.);
#7798=ADVANCED_FACE('',(#859),#97,.F.);
#7799=ADVANCED_FACE('',(#860),#7514,.T.);
#7800=ADVANCED_FACE('',(#861),#98,.F.);
#7801=ADVANCED_FACE('',(#862),#7515,.T.);
#7802=ADVANCED_FACE('',(#863),#99,.F.);
#7803=ADVANCED_FACE('',(#864),#7516,.T.);
#7804=ADVANCED_FACE('',(#865),#100,.F.);
#7805=ADVANCED_FACE('',(#866),#7517,.T.);
#7806=ADVANCED_FACE('',(#867),#101,.F.);
#7807=ADVANCED_FACE('',(#868),#102,.F.);
#7808=ADVANCED_FACE('',(#869),#7518,.T.);
#7809=ADVANCED_FACE('',(#870),#103,.F.);
#7810=ADVANCED_FACE('',(#871),#7519,.T.);
#7811=ADVANCED_FACE('',(#872),#104,.F.);
#7812=ADVANCED_FACE('',(#873),#7520,.T.);
#7813=ADVANCED_FACE('',(#874),#105,.F.);
#7814=ADVANCED_FACE('',(#875),#7521,.T.);
#7815=ADVANCED_FACE('',(#876),#106,.F.);
#7816=ADVANCED_FACE('',(#877),#7522,.T.);
#7817=ADVANCED_FACE('',(#878),#107,.F.);
#7818=ADVANCED_FACE('',(#879),#7523,.T.);
#7819=ADVANCED_FACE('',(#880),#108,.F.);
#7820=ADVANCED_FACE('',(#881),#7524,.T.);
#7821=ADVANCED_FACE('',(#882),#109,.F.);
#7822=ADVANCED_FACE('',(#883),#7525,.T.);
#7823=ADVANCED_FACE('',(#884),#110,.F.);
#7824=ADVANCED_FACE('',(#885),#7526,.T.);
#7825=ADVANCED_FACE('',(#886),#111,.F.);
#7826=ADVANCED_FACE('',(#887),#7527,.T.);
#7827=ADVANCED_FACE('',(#888),#112,.F.);
#7828=ADVANCED_FACE('',(#889),#7528,.T.);
#7829=ADVANCED_FACE('',(#890),#113,.F.);
#7830=ADVANCED_FACE('',(#891),#7529,.T.);
#7831=ADVANCED_FACE('',(#892),#114,.F.);
#7832=ADVANCED_FACE('',(#893),#115,.F.);
#7833=ADVANCED_FACE('',(#894),#7530,.T.);
#7834=ADVANCED_FACE('',(#895),#116,.F.);
#7835=ADVANCED_FACE('',(#896),#7531,.T.);
#7836=ADVANCED_FACE('',(#897),#117,.F.);
#7837=ADVANCED_FACE('',(#898),#7532,.T.);
#7838=ADVANCED_FACE('',(#899),#118,.F.);
#7839=ADVANCED_FACE('',(#900),#7533,.T.);
#7840=ADVANCED_FACE('',(#901),#119,.F.);
#7841=ADVANCED_FACE('',(#902),#7534,.T.);
#7842=ADVANCED_FACE('',(#903),#120,.F.);
#7843=ADVANCED_FACE('',(#904),#7535,.T.);
#7844=ADVANCED_FACE('',(#905),#121,.F.);
#7845=ADVANCED_FACE('',(#906),#7536,.T.);
#7846=ADVANCED_FACE('',(#907),#122,.F.);
#7847=ADVANCED_FACE('',(#908),#7537,.T.);
#7848=ADVANCED_FACE('',(#909),#123,.F.);
#7849=ADVANCED_FACE('',(#910),#7538,.T.);
#7850=ADVANCED_FACE('',(#911),#124,.F.);
#7851=ADVANCED_FACE('',(#912),#7539,.T.);
#7852=ADVANCED_FACE('',(#913),#125,.F.);
#7853=ADVANCED_FACE('',(#914),#7540,.T.);
#7854=ADVANCED_FACE('',(#915),#126,.F.);
#7855=ADVANCED_FACE('',(#916),#7541,.T.);
#7856=ADVANCED_FACE('',(#917),#127,.F.);
#7857=ADVANCED_FACE('',(#918),#7542,.T.);
#7858=ADVANCED_FACE('',(#919),#128,.F.);
#7859=ADVANCED_FACE('',(#920),#7543,.T.);
#7860=ADVANCED_FACE('',(#921),#129,.F.);
#7861=ADVANCED_FACE('',(#922),#7544,.T.);
#7862=ADVANCED_FACE('',(#923),#130,.F.);
#7863=ADVANCED_FACE('',(#924),#7545,.T.);
#7864=ADVANCED_FACE('',(#925),#131,.F.);
#7865=ADVANCED_FACE('',(#926),#7546,.T.);
#7866=ADVANCED_FACE('',(#927),#132,.F.);
#7867=ADVANCED_FACE('',(#928),#7547,.T.);
#7868=ADVANCED_FACE('',(#929),#133,.F.);
#7869=ADVANCED_FACE('',(#930),#7548,.T.);
#7870=ADVANCED_FACE('',(#931),#134,.F.);
#7871=ADVANCED_FACE('',(#932),#7549,.T.);
#7872=ADVANCED_FACE('',(#933),#135,.F.);
#7873=ADVANCED_FACE('',(#934),#7550,.T.);
#7874=ADVANCED_FACE('',(#935),#136,.F.);
#7875=ADVANCED_FACE('',(#936),#7551,.T.);
#7876=ADVANCED_FACE('',(#937),#137,.F.);
#7877=ADVANCED_FACE('',(#938),#7552,.T.);
#7878=ADVANCED_FACE('',(#939),#138,.F.);
#7879=ADVANCED_FACE('',(#940),#7553,.T.);
#7880=ADVANCED_FACE('',(#941),#139,.F.);
#7881=ADVANCED_FACE('',(#942),#7554,.T.);
#7882=ADVANCED_FACE('',(#943),#140,.F.);
#7883=ADVANCED_FACE('',(#944),#7555,.T.);
#7884=ADVANCED_FACE('',(#945),#141,.F.);
#7885=ADVANCED_FACE('',(#946),#7556,.T.);
#7886=ADVANCED_FACE('',(#947),#142,.F.);
#7887=ADVANCED_FACE('',(#948),#7557,.T.);
#7888=ADVANCED_FACE('',(#949),#143,.F.);
#7889=ADVANCED_FACE('',(#950),#7558,.T.);
#7890=ADVANCED_FACE('',(#951),#144,.F.);
#7891=ADVANCED_FACE('',(#952),#7559,.T.);
#7892=ADVANCED_FACE('',(#953),#145,.F.);
#7893=ADVANCED_FACE('',(#954),#7560,.T.);
#7894=ADVANCED_FACE('',(#955),#146,.F.);
#7895=ADVANCED_FACE('',(#956),#7561,.T.);
#7896=ADVANCED_FACE('',(#957),#147,.F.);
#7897=ADVANCED_FACE('',(#958),#7562,.T.);
#7898=ADVANCED_FACE('',(#959),#148,.F.);
#7899=ADVANCED_FACE('',(#960),#7563,.T.);
#7900=ADVANCED_FACE('',(#961),#149,.F.);
#7901=ADVANCED_FACE('',(#962),#7564,.T.);
#7902=ADVANCED_FACE('',(#963),#150,.F.);
#7903=ADVANCED_FACE('',(#964),#7565,.T.);
#7904=ADVANCED_FACE('',(#965),#151,.F.);
#7905=ADVANCED_FACE('',(#966),#7566,.T.);
#7906=ADVANCED_FACE('',(#967),#152,.F.);
#7907=ADVANCED_FACE('',(#968),#7567,.T.);
#7908=ADVANCED_FACE('',(#969),#153,.F.);
#7909=ADVANCED_FACE('',(#970),#7568,.T.);
#7910=ADVANCED_FACE('',(#971),#154,.F.);
#7911=ADVANCED_FACE('',(#972),#7569,.T.);
#7912=ADVANCED_FACE('',(#973),#155,.F.);
#7913=ADVANCED_FACE('',(#974),#7570,.T.);
#7914=ADVANCED_FACE('',(#975),#156,.F.);
#7915=ADVANCED_FACE('',(#976),#7571,.T.);
#7916=ADVANCED_FACE('',(#977),#157,.F.);
#7917=ADVANCED_FACE('',(#978),#7572,.T.);
#7918=ADVANCED_FACE('',(#979),#158,.F.);
#7919=ADVANCED_FACE('',(#980),#7573,.T.);
#7920=ADVANCED_FACE('',(#981),#159,.F.);
#7921=ADVANCED_FACE('',(#982),#7574,.T.);
#7922=ADVANCED_FACE('',(#983),#160,.F.);
#7923=ADVANCED_FACE('',(#984),#7575,.T.);
#7924=ADVANCED_FACE('',(#985),#161,.F.);
#7925=ADVANCED_FACE('',(#986),#7576,.T.);
#7926=ADVANCED_FACE('',(#987),#162,.F.);
#7927=ADVANCED_FACE('',(#988),#7577,.T.);
#7928=ADVANCED_FACE('',(#989),#163,.F.);
#7929=ADVANCED_FACE('',(#990),#7578,.T.);
#7930=ADVANCED_FACE('',(#991),#164,.F.);
#7931=ADVANCED_FACE('',(#992),#7579,.T.);
#7932=ADVANCED_FACE('',(#993),#165,.F.);
#7933=ADVANCED_FACE('',(#994),#7580,.T.);
#7934=ADVANCED_FACE('',(#995),#166,.F.);
#7935=ADVANCED_FACE('',(#996),#7581,.T.);
#7936=ADVANCED_FACE('',(#997),#167,.F.);
#7937=ADVANCED_FACE('',(#998),#7582,.T.);
#7938=ADVANCED_FACE('',(#999),#168,.F.);
#7939=ADVANCED_FACE('',(#1000),#7583,.T.);
#7940=ADVANCED_FACE('',(#1001),#169,.F.);
#7941=ADVANCED_FACE('',(#1002),#7584,.T.);
#7942=ADVANCED_FACE('',(#1003),#170,.F.);
#7943=ADVANCED_FACE('',(#1004),#7585,.T.);
#7944=ADVANCED_FACE('',(#1005),#171,.F.);
#7945=ADVANCED_FACE('',(#1006),#172,.F.);
#7946=ADVANCED_FACE('',(#1007),#7586,.T.);
#7947=ADVANCED_FACE('',(#1008),#173,.F.);
#7948=ADVANCED_FACE('',(#1009),#7587,.T.);
#7949=ADVANCED_FACE('',(#1010),#174,.F.);
#7950=ADVANCED_FACE('',(#1011),#7588,.T.);
#7951=ADVANCED_FACE('',(#1012),#175,.F.);
#7952=ADVANCED_FACE('',(#1013),#7589,.T.);
#7953=ADVANCED_FACE('',(#1014),#176,.F.);
#7954=ADVANCED_FACE('',(#1015),#7590,.T.);
#7955=ADVANCED_FACE('',(#1016),#177,.F.);
#7956=ADVANCED_FACE('',(#1017),#7591,.T.);
#7957=ADVANCED_FACE('',(#1018),#178,.F.);
#7958=ADVANCED_FACE('',(#1019),#7592,.T.);
#7959=ADVANCED_FACE('',(#1020),#179,.F.);
#7960=ADVANCED_FACE('',(#1021),#7593,.T.);
#7961=ADVANCED_FACE('',(#1022),#180,.F.);
#7962=ADVANCED_FACE('',(#1023),#7594,.T.);
#7963=ADVANCED_FACE('',(#1024),#181,.F.);
#7964=ADVANCED_FACE('',(#1025),#7595,.T.);
#7965=ADVANCED_FACE('',(#1026),#182,.F.);
#7966=ADVANCED_FACE('',(#1027),#7596,.T.);
#7967=ADVANCED_FACE('',(#1028),#183,.F.);
#7968=ADVANCED_FACE('',(#1029),#7597,.T.);
#7969=ADVANCED_FACE('',(#1030),#184,.F.);
#7970=ADVANCED_FACE('',(#1031),#7598,.T.);
#7971=ADVANCED_FACE('',(#1032),#185,.F.);
#7972=ADVANCED_FACE('',(#1033),#7599,.T.);
#7973=ADVANCED_FACE('',(#1034),#186,.F.);
#7974=ADVANCED_FACE('',(#1035),#7600,.T.);
#7975=ADVANCED_FACE('',(#1036),#187,.F.);
#7976=ADVANCED_FACE('',(#1037),#7601,.T.);
#7977=ADVANCED_FACE('',(#1038),#188,.F.);
#7978=ADVANCED_FACE('',(#1039),#7602,.T.);
#7979=ADVANCED_FACE('',(#1040),#189,.F.);
#7980=ADVANCED_FACE('',(#1041),#7603,.T.);
#7981=ADVANCED_FACE('',(#1042),#190,.F.);
#7982=ADVANCED_FACE('',(#1043),#7604,.T.);
#7983=ADVANCED_FACE('',(#1044),#191,.F.);
#7984=ADVANCED_FACE('',(#1045),#7605,.T.);
#7985=ADVANCED_FACE('',(#1046),#192,.F.);
#7986=ADVANCED_FACE('',(#1047),#7606,.T.);
#7987=ADVANCED_FACE('',(#1048),#193,.F.);
#7988=ADVANCED_FACE('',(#1049),#7607,.T.);
#7989=ADVANCED_FACE('',(#1050),#194,.F.);
#7990=ADVANCED_FACE('',(#1051),#7608,.T.);
#7991=ADVANCED_FACE('',(#1052),#195,.F.);
#7992=ADVANCED_FACE('',(#1053),#7609,.T.);
#7993=ADVANCED_FACE('',(#1054),#196,.F.);
#7994=ADVANCED_FACE('',(#1055),#7610,.T.);
#7995=ADVANCED_FACE('',(#1056),#197,.F.);
#7996=ADVANCED_FACE('',(#1057),#7611,.T.);
#7997=ADVANCED_FACE('',(#1058),#198,.F.);
#7998=ADVANCED_FACE('',(#1059),#7612,.T.);
#7999=ADVANCED_FACE('',(#1060),#199,.F.);
#8000=ADVANCED_FACE('',(#1061),#7613,.T.);
#8001=ADVANCED_FACE('',(#1062),#200,.F.);
#8002=ADVANCED_FACE('',(#1063),#7614,.T.);
#8003=ADVANCED_FACE('',(#1064),#201,.F.);
#8004=ADVANCED_FACE('',(#1065),#7615,.T.);
#8005=ADVANCED_FACE('',(#1066),#202,.F.);
#8006=ADVANCED_FACE('',(#1067),#7616,.T.);
#8007=ADVANCED_FACE('',(#1068),#203,.F.);
#8008=ADVANCED_FACE('',(#1069),#7617,.T.);
#8009=ADVANCED_FACE('',(#1070),#7618,.T.);
#8010=CLOSED_SHELL('',(#7619,#7620,#7621,#7622,#7623,#7624,#7625,#7626,
#7627,#7628,#7629,#7630,#7631,#7632,#7633,#7634,#7635,#7636,#7637,#7638,
#7639,#7640,#7641,#7642,#7643,#7644,#7645,#7646,#7647,#7648,#7649,#7650,
#7651,#7652,#7653,#7654,#7655,#7656,#7657,#7658,#7659,#7660,#7661,#7662,
#7663,#7664,#7665,#7666,#7667,#7668,#7669,#7670,#7671,#7672,#7673,#7674,
#7675,#7676,#7677,#7678,#7679,#7680,#7681,#7682,#7683,#7684,#7685,#7686,
#7687,#7688,#7689,#7690,#7691,#7692,#7693,#7694,#7695,#7696,#7697,#7698,
#7699,#7700,#7701,#7702,#7703,#7704,#7705,#7706,#7707,#7708,#7709,#7710,
#7711,#7712,#7713,#7714,#7715,#7716,#7717,#7718,#7719,#7720,#7721,#7722,
#7723,#7724,#7725,#7726,#7727,#7728,#7729,#7730,#7731,#7732,#7733,#7734,
#7735,#7736,#7737,#7738,#7739,#7740,#7741,#7742,#7743,#7744,#7745,#7746,
#7747,#7748,#7749,#7750,#7751,#7752,#7753,#7754,#7755,#7756,#7757,#7758,
#7759,#7760,#7761,#7762,#7763,#7764,#7765,#7766,#7767,#7768,#7769,#7770,
#7771,#7772,#7773,#7774,#7775,#7776,#7777,#7778,#7779,#7780,#7781,#7782,
#7783,#7784,#7785,#7786,#7787,#7788,#7789,#7790,#7791,#7792,#7793,#7794,
#7795,#7796,#7797,#7798,#7799,#7800,#7801,#7802,#7803,#7804,#7805,#7806,
#7807,#7808,#7809,#7810,#7811,#7812,#7813,#7814,#7815,#7816,#7817,#7818,
#7819,#7820,#7821,#7822,#7823,#7824,#7825,#7826,#7827,#7828,#7829,#7830,
#7831,#7832,#7833,#7834,#7835,#7836,#7837,#7838,#7839,#7840,#7841,#7842,
#7843,#7844,#7845,#7846,#7847,#7848,#7849,#7850,#7851,#7852,#7853,#7854,
#7855,#7856,#7857,#7858,#7859,#7860,#7861,#7862,#7863,#7864,#7865,#7866,
#7867,#7868,#7869,#7870,#7871,#7872,#7873,#7874,#7875,#7876,#7877,#7878,
#7879,#7880,#7881,#7882,#7883,#7884,#7885,#7886,#7887,#7888,#7889,#7890,
#7891,#7892,#7893,#7894,#7895,#7896,#7897,#7898,#7899,#7900,#7901,#7902,
#7903,#7904,#7905,#7906,#7907,#7908,#7909,#7910,#7911,#7912,#7913,#7914,
#7915,#7916,#7917,#7918,#7919,#7920,#7921,#7922,#7923,#7924,#7925,#7926,
#7927,#7928,#7929,#7930,#7931,#7932,#7933,#7934,#7935,#7936,#7937,#7938,
#7939,#7940,#7941,#7942,#7943,#7944,#7945,#7946,#7947,#7948,#7949,#7950,
#7951,#7952,#7953,#7954,#7955,#7956,#7957,#7958,#7959,#7960,#7961,#7962,
#7963,#7964,#7965,#7966,#7967,#7968,#7969,#7970,#7971,#7972,#7973,#7974,
#7975,#7976,#7977,#7978,#7979,#7980,#7981,#7982,#7983,#7984,#7985,#7986,
#7987,#7988,#7989,#7990,#7991,#7992,#7993,#7994,#7995,#7996,#7997,#7998,
#7999,#8000,#8001,#8002,#8003,#8004,#8005,#8006,#8007,#8008,#8009));
#8011=DERIVED_UNIT_ELEMENT(#8013,1.);
#8012=DERIVED_UNIT_ELEMENT(#13464,-3.);
#8013=(
MASS_UNIT()
NAMED_UNIT(*)
SI_UNIT(.KILO.,.GRAM.)
);
#8014=DERIVED_UNIT((#8011,#8012));
#8015=MEASURE_REPRESENTATION_ITEM('density measure',
POSITIVE_RATIO_MEASURE(7850.),#8014);
#8016=PROPERTY_DEFINITION_REPRESENTATION(#8021,#8018);
#8017=PROPERTY_DEFINITION_REPRESENTATION(#8022,#8019);
#8018=REPRESENTATION('material name',(#8020),#13461);
#8019=REPRESENTATION('density',(#8015),#13461);
#8020=DESCRIPTIVE_REPRESENTATION_ITEM('Steel','Steel');
#8021=PROPERTY_DEFINITION('material property','material name',#13471);
#8022=PROPERTY_DEFINITION('material property','density of part',#13471);
#8023=AXIS2_PLACEMENT_3D('',#11122,#8793,#8794);
#8024=AXIS2_PLACEMENT_3D('',#11123,#8795,#8796);
#8025=AXIS2_PLACEMENT_3D('',#11132,#8801,#8802);
#8026=AXIS2_PLACEMENT_3D('',#11138,#8806,#8807);
#8027=AXIS2_PLACEMENT_3D('',#11144,#8811,#8812);
#8028=AXIS2_PLACEMENT_3D('',#11150,#8816,#8817);
#8029=AXIS2_PLACEMENT_3D('',#11156,#8821,#8822);
#8030=AXIS2_PLACEMENT_3D('',#11162,#8826,#8827);
#8031=AXIS2_PLACEMENT_3D('',#11168,#8831,#8832);
#8032=AXIS2_PLACEMENT_3D('',#11174,#8836,#8837);
#8033=AXIS2_PLACEMENT_3D('',#11180,#8841,#8842);
#8034=AXIS2_PLACEMENT_3D('',#11186,#8846,#8847);
#8035=AXIS2_PLACEMENT_3D('',#11195,#8852,#8853);
#8036=AXIS2_PLACEMENT_3D('',#11198,#8856,#8857);
#8037=AXIS2_PLACEMENT_3D('',#11204,#8861,#8862);
#8038=AXIS2_PLACEMENT_3D('',#11208,#8864,#8865);
#8039=AXIS2_PLACEMENT_3D('',#11212,#8867,#8868);
#8040=AXIS2_PLACEMENT_3D('',#11218,#8871,#8872);
#8041=AXIS2_PLACEMENT_3D('',#11222,#8874,#8875);
#8042=AXIS2_PLACEMENT_3D('',#11226,#8877,#8878);
#8043=AXIS2_PLACEMENT_3D('',#11229,#8880,#8881);
#8044=AXIS2_PLACEMENT_3D('',#11234,#8883,#8884);
#8045=AXIS2_PLACEMENT_3D('',#11238,#8886,#8887);
#8046=AXIS2_PLACEMENT_3D('',#11242,#8889,#8890);
#8047=AXIS2_PLACEMENT_3D('',#11245,#8892,#8893);
#8048=AXIS2_PLACEMENT_3D('',#11250,#8895,#8896);
#8049=AXIS2_PLACEMENT_3D('',#11254,#8898,#8899);
#8050=AXIS2_PLACEMENT_3D('',#11258,#8901,#8902);
#8051=AXIS2_PLACEMENT_3D('',#11261,#8904,#8905);
#8052=AXIS2_PLACEMENT_3D('',#11266,#8907,#8908);
#8053=AXIS2_PLACEMENT_3D('',#11270,#8910,#8911);
#8054=AXIS2_PLACEMENT_3D('',#11274,#8913,#8914);
#8055=AXIS2_PLACEMENT_3D('',#11277,#8916,#8917);
#8056=AXIS2_PLACEMENT_3D('',#11282,#8919,#8920);
#8057=AXIS2_PLACEMENT_3D('',#11286,#8922,#8923);
#8058=AXIS2_PLACEMENT_3D('',#11290,#8925,#8926);
#8059=AXIS2_PLACEMENT_3D('',#11293,#8928,#8929);
#8060=AXIS2_PLACEMENT_3D('',#11298,#8931,#8932);
#8061=AXIS2_PLACEMENT_3D('',#11302,#8934,#8935);
#8062=AXIS2_PLACEMENT_3D('',#11306,#8937,#8938);
#8063=AXIS2_PLACEMENT_3D('',#11309,#8940,#8941);
#8064=AXIS2_PLACEMENT_3D('',#11314,#8943,#8944);
#8065=AXIS2_PLACEMENT_3D('',#11318,#8946,#8947);
#8066=AXIS2_PLACEMENT_3D('',#11322,#8949,#8950);
#8067=AXIS2_PLACEMENT_3D('',#11325,#8952,#8953);
#8068=AXIS2_PLACEMENT_3D('',#11330,#8955,#8956);
#8069=AXIS2_PLACEMENT_3D('',#11334,#8958,#8959);
#8070=AXIS2_PLACEMENT_3D('',#11338,#8961,#8962);
#8071=AXIS2_PLACEMENT_3D('',#11341,#8964,#8965);
#8072=AXIS2_PLACEMENT_3D('',#11346,#8967,#8968);
#8073=AXIS2_PLACEMENT_3D('',#11350,#8970,#8971);
#8074=AXIS2_PLACEMENT_3D('',#11354,#8973,#8974);
#8075=AXIS2_PLACEMENT_3D('',#11357,#8976,#8977);
#8076=AXIS2_PLACEMENT_3D('',#11362,#8979,#8980);
#8077=AXIS2_PLACEMENT_3D('',#11366,#8982,#8983);
#8078=AXIS2_PLACEMENT_3D('',#11370,#8985,#8986);
#8079=AXIS2_PLACEMENT_3D('',#11373,#8988,#8989);
#8080=AXIS2_PLACEMENT_3D('',#11378,#8991,#8992);
#8081=AXIS2_PLACEMENT_3D('',#11382,#8994,#8995);
#8082=AXIS2_PLACEMENT_3D('',#11386,#8997,#8998);
#8083=AXIS2_PLACEMENT_3D('',#11389,#9000,#9001);
#8084=AXIS2_PLACEMENT_3D('',#11394,#9003,#9004);
#8085=AXIS2_PLACEMENT_3D('',#11398,#9006,#9007);
#8086=AXIS2_PLACEMENT_3D('',#11402,#9009,#9010);
#8087=AXIS2_PLACEMENT_3D('',#11405,#9012,#9013);
#8088=AXIS2_PLACEMENT_3D('',#11410,#9015,#9016);
#8089=AXIS2_PLACEMENT_3D('',#11414,#9018,#9019);
#8090=AXIS2_PLACEMENT_3D('',#11418,#9021,#9022);
#8091=AXIS2_PLACEMENT_3D('',#11421,#9024,#9025);
#8092=AXIS2_PLACEMENT_3D('',#11426,#9027,#9028);
#8093=AXIS2_PLACEMENT_3D('',#11430,#9030,#9031);
#8094=AXIS2_PLACEMENT_3D('',#11434,#9033,#9034);
#8095=AXIS2_PLACEMENT_3D('',#11437,#9036,#9037);
#8096=AXIS2_PLACEMENT_3D('',#11442,#9039,#9040);
#8097=AXIS2_PLACEMENT_3D('',#11446,#9042,#9043);
#8098=AXIS2_PLACEMENT_3D('',#11450,#9045,#9046);
#8099=AXIS2_PLACEMENT_3D('',#11453,#9048,#9049);
#8100=AXIS2_PLACEMENT_3D('',#11458,#9051,#9052);
#8101=AXIS2_PLACEMENT_3D('',#11462,#9054,#9055);
#8102=AXIS2_PLACEMENT_3D('',#11466,#9057,#9058);
#8103=AXIS2_PLACEMENT_3D('',#11469,#9060,#9061);
#8104=AXIS2_PLACEMENT_3D('',#11474,#9063,#9064);
#8105=AXIS2_PLACEMENT_3D('',#11478,#9066,#9067);
#8106=AXIS2_PLACEMENT_3D('',#11482,#9069,#9070);
#8107=AXIS2_PLACEMENT_3D('',#11485,#9072,#9073);
#8108=AXIS2_PLACEMENT_3D('',#11490,#9075,#9076);
#8109=AXIS2_PLACEMENT_3D('',#11494,#9078,#9079);
#8110=AXIS2_PLACEMENT_3D('',#11498,#9081,#9082);
#8111=AXIS2_PLACEMENT_3D('',#11501,#9084,#9085);
#8112=AXIS2_PLACEMENT_3D('',#11506,#9087,#9088);
#8113=AXIS2_PLACEMENT_3D('',#11510,#9090,#9091);
#8114=AXIS2_PLACEMENT_3D('',#11514,#9093,#9094);
#8115=AXIS2_PLACEMENT_3D('',#11517,#9096,#9097);
#8116=AXIS2_PLACEMENT_3D('',#11522,#9099,#9100);
#8117=AXIS2_PLACEMENT_3D('',#11526,#9102,#9103);
#8118=AXIS2_PLACEMENT_3D('',#11530,#9105,#9106);
#8119=AXIS2_PLACEMENT_3D('',#11533,#9108,#9109);
#8120=AXIS2_PLACEMENT_3D('',#11538,#9111,#9112);
#8121=AXIS2_PLACEMENT_3D('',#11542,#9114,#9115);
#8122=AXIS2_PLACEMENT_3D('',#11546,#9117,#9118);
#8123=AXIS2_PLACEMENT_3D('',#11549,#9120,#9121);
#8124=AXIS2_PLACEMENT_3D('',#11551,#9122,#9123);
#8125=AXIS2_PLACEMENT_3D('',#11556,#9125,#9126);
#8126=AXIS2_PLACEMENT_3D('',#11560,#9128,#9129);
#8127=AXIS2_PLACEMENT_3D('',#11564,#9131,#9132);
#8128=AXIS2_PLACEMENT_3D('',#11567,#9134,#9135);
#8129=AXIS2_PLACEMENT_3D('',#11572,#9137,#9138);
#8130=AXIS2_PLACEMENT_3D('',#11576,#9140,#9141);
#8131=AXIS2_PLACEMENT_3D('',#11580,#9143,#9144);
#8132=AXIS2_PLACEMENT_3D('',#11583,#9146,#9147);
#8133=AXIS2_PLACEMENT_3D('',#11588,#9149,#9150);
#8134=AXIS2_PLACEMENT_3D('',#11592,#9152,#9153);
#8135=AXIS2_PLACEMENT_3D('',#11596,#9155,#9156);
#8136=AXIS2_PLACEMENT_3D('',#11599,#9158,#9159);
#8137=AXIS2_PLACEMENT_3D('',#11601,#9160,#9161);
#8138=AXIS2_PLACEMENT_3D('',#11606,#9163,#9164);
#8139=AXIS2_PLACEMENT_3D('',#11610,#9166,#9167);
#8140=AXIS2_PLACEMENT_3D('',#11614,#9169,#9170);
#8141=AXIS2_PLACEMENT_3D('',#11617,#9172,#9173);
#8142=AXIS2_PLACEMENT_3D('',#11622,#9175,#9176);
#8143=AXIS2_PLACEMENT_3D('',#11626,#9178,#9179);
#8144=AXIS2_PLACEMENT_3D('',#11630,#9181,#9182);
#8145=AXIS2_PLACEMENT_3D('',#11633,#9184,#9185);
#8146=AXIS2_PLACEMENT_3D('',#11638,#9187,#9188);
#8147=AXIS2_PLACEMENT_3D('',#11642,#9190,#9191);
#8148=AXIS2_PLACEMENT_3D('',#11646,#9193,#9194);
#8149=AXIS2_PLACEMENT_3D('',#11649,#9196,#9197);
#8150=AXIS2_PLACEMENT_3D('',#11654,#9199,#9200);
#8151=AXIS2_PLACEMENT_3D('',#11658,#9202,#9203);
#8152=AXIS2_PLACEMENT_3D('',#11662,#9205,#9206);
#8153=AXIS2_PLACEMENT_3D('',#11665,#9208,#9209);
#8154=AXIS2_PLACEMENT_3D('',#11670,#9211,#9212);
#8155=AXIS2_PLACEMENT_3D('',#11674,#9214,#9215);
#8156=AXIS2_PLACEMENT_3D('',#11678,#9217,#9218);
#8157=AXIS2_PLACEMENT_3D('',#11681,#9220,#9221);
#8158=AXIS2_PLACEMENT_3D('',#11686,#9223,#9224);
#8159=AXIS2_PLACEMENT_3D('',#11690,#9226,#9227);
#8160=AXIS2_PLACEMENT_3D('',#11694,#9229,#9230);
#8161=AXIS2_PLACEMENT_3D('',#11697,#9232,#9233);
#8162=AXIS2_PLACEMENT_3D('',#11702,#9235,#9236);
#8163=AXIS2_PLACEMENT_3D('',#11706,#9238,#9239);
#8164=AXIS2_PLACEMENT_3D('',#11710,#9241,#9242);
#8165=AXIS2_PLACEMENT_3D('',#11713,#9244,#9245);
#8166=AXIS2_PLACEMENT_3D('',#11718,#9247,#9248);
#8167=AXIS2_PLACEMENT_3D('',#11722,#9250,#9251);
#8168=AXIS2_PLACEMENT_3D('',#11726,#9253,#9254);
#8169=AXIS2_PLACEMENT_3D('',#11729,#9256,#9257);
#8170=AXIS2_PLACEMENT_3D('',#11734,#9259,#9260);
#8171=AXIS2_PLACEMENT_3D('',#11738,#9262,#9263);
#8172=AXIS2_PLACEMENT_3D('',#11742,#9265,#9266);
#8173=AXIS2_PLACEMENT_3D('',#11745,#9268,#9269);
#8174=AXIS2_PLACEMENT_3D('',#11750,#9271,#9272);
#8175=AXIS2_PLACEMENT_3D('',#11754,#9274,#9275);
#8176=AXIS2_PLACEMENT_3D('',#11758,#9277,#9278);
#8177=AXIS2_PLACEMENT_3D('',#11761,#9280,#9281);
#8178=AXIS2_PLACEMENT_3D('',#11766,#9283,#9284);
#8179=AXIS2_PLACEMENT_3D('',#11770,#9286,#9287);
#8180=AXIS2_PLACEMENT_3D('',#11774,#9289,#9290);
#8181=AXIS2_PLACEMENT_3D('',#11777,#9292,#9293);
#8182=AXIS2_PLACEMENT_3D('',#11782,#9295,#9296);
#8183=AXIS2_PLACEMENT_3D('',#11786,#9298,#9299);
#8184=AXIS2_PLACEMENT_3D('',#11790,#9301,#9302);
#8185=AXIS2_PLACEMENT_3D('',#11793,#9304,#9305);
#8186=AXIS2_PLACEMENT_3D('',#11798,#9307,#9308);
#8187=AXIS2_PLACEMENT_3D('',#11802,#9310,#9311);
#8188=AXIS2_PLACEMENT_3D('',#11806,#9313,#9314);
#8189=AXIS2_PLACEMENT_3D('',#11809,#9316,#9317);
#8190=AXIS2_PLACEMENT_3D('',#11814,#9319,#9320);
#8191=AXIS2_PLACEMENT_3D('',#11818,#9322,#9323);
#8192=AXIS2_PLACEMENT_3D('',#11822,#9325,#9326);
#8193=AXIS2_PLACEMENT_3D('',#11825,#9328,#9329);
#8194=AXIS2_PLACEMENT_3D('',#11827,#9330,#9331);
#8195=AXIS2_PLACEMENT_3D('',#11832,#9333,#9334);
#8196=AXIS2_PLACEMENT_3D('',#11836,#9336,#9337);
#8197=AXIS2_PLACEMENT_3D('',#11840,#9339,#9340);
#8198=AXIS2_PLACEMENT_3D('',#11843,#9342,#9343);
#8199=AXIS2_PLACEMENT_3D('',#11848,#9345,#9346);
#8200=AXIS2_PLACEMENT_3D('',#11852,#9348,#9349);
#8201=AXIS2_PLACEMENT_3D('',#11856,#9351,#9352);
#8202=AXIS2_PLACEMENT_3D('',#11859,#9354,#9355);
#8203=AXIS2_PLACEMENT_3D('',#11864,#9357,#9358);
#8204=AXIS2_PLACEMENT_3D('',#11868,#9360,#9361);
#8205=AXIS2_PLACEMENT_3D('',#11872,#9363,#9364);
#8206=AXIS2_PLACEMENT_3D('',#11875,#9366,#9367);
#8207=AXIS2_PLACEMENT_3D('',#11880,#9369,#9370);
#8208=AXIS2_PLACEMENT_3D('',#11884,#9372,#9373);
#8209=AXIS2_PLACEMENT_3D('',#11888,#9375,#9376);
#8210=AXIS2_PLACEMENT_3D('',#11891,#9378,#9379);
#8211=AXIS2_PLACEMENT_3D('',#11896,#9381,#9382);
#8212=AXIS2_PLACEMENT_3D('',#11900,#9384,#9385);
#8213=AXIS2_PLACEMENT_3D('',#11904,#9387,#9388);
#8214=AXIS2_PLACEMENT_3D('',#11907,#9390,#9391);
#8215=AXIS2_PLACEMENT_3D('',#11912,#9393,#9394);
#8216=AXIS2_PLACEMENT_3D('',#11916,#9396,#9397);
#8217=AXIS2_PLACEMENT_3D('',#11920,#9399,#9400);
#8218=AXIS2_PLACEMENT_3D('',#11923,#9402,#9403);
#8219=AXIS2_PLACEMENT_3D('',#11928,#9405,#9406);
#8220=AXIS2_PLACEMENT_3D('',#11932,#9408,#9409);
#8221=AXIS2_PLACEMENT_3D('',#11936,#9411,#9412);
#8222=AXIS2_PLACEMENT_3D('',#11939,#9414,#9415);
#8223=AXIS2_PLACEMENT_3D('',#11944,#9417,#9418);
#8224=AXIS2_PLACEMENT_3D('',#11948,#9420,#9421);
#8225=AXIS2_PLACEMENT_3D('',#11952,#9423,#9424);
#8226=AXIS2_PLACEMENT_3D('',#11955,#9426,#9427);
#8227=AXIS2_PLACEMENT_3D('',#11956,#9428,#9429);
#8228=AXIS2_PLACEMENT_3D('',#11960,#9431,#9432);
#8229=AXIS2_PLACEMENT_3D('',#11964,#9434,#9435);
#8230=AXIS2_PLACEMENT_3D('',#11970,#9438,#9439);
#8231=AXIS2_PLACEMENT_3D('',#11974,#9441,#9442);
#8232=AXIS2_PLACEMENT_3D('',#11978,#9444,#9445);
#8233=AXIS2_PLACEMENT_3D('',#11981,#9447,#9448);
#8234=AXIS2_PLACEMENT_3D('',#11986,#9450,#9451);
#8235=AXIS2_PLACEMENT_3D('',#11990,#9453,#9454);
#8236=AXIS2_PLACEMENT_3D('',#11994,#9456,#9457);
#8237=AXIS2_PLACEMENT_3D('',#11997,#9459,#9460);
#8238=AXIS2_PLACEMENT_3D('',#12002,#9462,#9463);
#8239=AXIS2_PLACEMENT_3D('',#12006,#9465,#9466);
#8240=AXIS2_PLACEMENT_3D('',#12010,#9468,#9469);
#8241=AXIS2_PLACEMENT_3D('',#12013,#9471,#9472);
#8242=AXIS2_PLACEMENT_3D('',#12018,#9474,#9475);
#8243=AXIS2_PLACEMENT_3D('',#12022,#9477,#9478);
#8244=AXIS2_PLACEMENT_3D('',#12026,#9480,#9481);
#8245=AXIS2_PLACEMENT_3D('',#12029,#9483,#9484);
#8246=AXIS2_PLACEMENT_3D('',#12034,#9486,#9487);
#8247=AXIS2_PLACEMENT_3D('',#12038,#9489,#9490);
#8248=AXIS2_PLACEMENT_3D('',#12042,#9492,#9493);
#8249=AXIS2_PLACEMENT_3D('',#12045,#9495,#9496);
#8250=AXIS2_PLACEMENT_3D('',#12050,#9498,#9499);
#8251=AXIS2_PLACEMENT_3D('',#12054,#9501,#9502);
#8252=AXIS2_PLACEMENT_3D('',#12058,#9504,#9505);
#8253=AXIS2_PLACEMENT_3D('',#12061,#9507,#9508);
#8254=AXIS2_PLACEMENT_3D('',#12066,#9510,#9511);
#8255=AXIS2_PLACEMENT_3D('',#12070,#9513,#9514);
#8256=AXIS2_PLACEMENT_3D('',#12074,#9516,#9517);
#8257=AXIS2_PLACEMENT_3D('',#12077,#9519,#9520);
#8258=AXIS2_PLACEMENT_3D('',#12082,#9522,#9523);
#8259=AXIS2_PLACEMENT_3D('',#12086,#9525,#9526);
#8260=AXIS2_PLACEMENT_3D('',#12090,#9528,#9529);
#8261=AXIS2_PLACEMENT_3D('',#12093,#9531,#9532);
#8262=AXIS2_PLACEMENT_3D('',#12098,#9534,#9535);
#8263=AXIS2_PLACEMENT_3D('',#12102,#9537,#9538);
#8264=AXIS2_PLACEMENT_3D('',#12106,#9540,#9541);
#8265=AXIS2_PLACEMENT_3D('',#12109,#9543,#9544);
#8266=AXIS2_PLACEMENT_3D('',#12114,#9546,#9547);
#8267=AXIS2_PLACEMENT_3D('',#12118,#9549,#9550);
#8268=AXIS2_PLACEMENT_3D('',#12122,#9552,#9553);
#8269=AXIS2_PLACEMENT_3D('',#12125,#9555,#9556);
#8270=AXIS2_PLACEMENT_3D('',#12130,#9558,#9559);
#8271=AXIS2_PLACEMENT_3D('',#12134,#9561,#9562);
#8272=AXIS2_PLACEMENT_3D('',#12138,#9564,#9565);
#8273=AXIS2_PLACEMENT_3D('',#12141,#9567,#9568);
#8274=AXIS2_PLACEMENT_3D('',#12146,#9570,#9571);
#8275=AXIS2_PLACEMENT_3D('',#12150,#9573,#9574);
#8276=AXIS2_PLACEMENT_3D('',#12154,#9576,#9577);
#8277=AXIS2_PLACEMENT_3D('',#12157,#9579,#9580);
#8278=AXIS2_PLACEMENT_3D('',#12162,#9582,#9583);
#8279=AXIS2_PLACEMENT_3D('',#12166,#9585,#9586);
#8280=AXIS2_PLACEMENT_3D('',#12170,#9588,#9589);
#8281=AXIS2_PLACEMENT_3D('',#12173,#9591,#9592);
#8282=AXIS2_PLACEMENT_3D('',#12178,#9594,#9595);
#8283=AXIS2_PLACEMENT_3D('',#12182,#9597,#9598);
#8284=AXIS2_PLACEMENT_3D('',#12186,#9600,#9601);
#8285=AXIS2_PLACEMENT_3D('',#12189,#9603,#9604);
#8286=AXIS2_PLACEMENT_3D('',#12194,#9606,#9607);
#8287=AXIS2_PLACEMENT_3D('',#12198,#9609,#9610);
#8288=AXIS2_PLACEMENT_3D('',#12202,#9612,#9613);
#8289=AXIS2_PLACEMENT_3D('',#12205,#9615,#9616);
#8290=AXIS2_PLACEMENT_3D('',#12210,#9618,#9619);
#8291=AXIS2_PLACEMENT_3D('',#12214,#9621,#9622);
#8292=AXIS2_PLACEMENT_3D('',#12218,#9624,#9625);
#8293=AXIS2_PLACEMENT_3D('',#12221,#9627,#9628);
#8294=AXIS2_PLACEMENT_3D('',#12226,#9630,#9631);
#8295=AXIS2_PLACEMENT_3D('',#12230,#9633,#9634);
#8296=AXIS2_PLACEMENT_3D('',#12234,#9636,#9637);
#8297=AXIS2_PLACEMENT_3D('',#12237,#9639,#9640);
#8298=AXIS2_PLACEMENT_3D('',#12242,#9642,#9643);
#8299=AXIS2_PLACEMENT_3D('',#12246,#9645,#9646);
#8300=AXIS2_PLACEMENT_3D('',#12250,#9648,#9649);
#8301=AXIS2_PLACEMENT_3D('',#12253,#9651,#9652);
#8302=AXIS2_PLACEMENT_3D('',#12258,#9654,#9655);
#8303=AXIS2_PLACEMENT_3D('',#12262,#9657,#9658);
#8304=AXIS2_PLACEMENT_3D('',#12266,#9660,#9661);
#8305=AXIS2_PLACEMENT_3D('',#12269,#9663,#9664);
#8306=AXIS2_PLACEMENT_3D('',#12274,#9666,#9667);
#8307=AXIS2_PLACEMENT_3D('',#12278,#9669,#9670);
#8308=AXIS2_PLACEMENT_3D('',#12282,#9672,#9673);
#8309=AXIS2_PLACEMENT_3D('',#12285,#9675,#9676);
#8310=AXIS2_PLACEMENT_3D('',#12290,#9678,#9679);
#8311=AXIS2_PLACEMENT_3D('',#12294,#9681,#9682);
#8312=AXIS2_PLACEMENT_3D('',#12298,#9684,#9685);
#8313=AXIS2_PLACEMENT_3D('',#12301,#9687,#9688);
#8314=AXIS2_PLACEMENT_3D('',#12303,#9689,#9690);
#8315=AXIS2_PLACEMENT_3D('',#12308,#9692,#9693);
#8316=AXIS2_PLACEMENT_3D('',#12312,#9695,#9696);
#8317=AXIS2_PLACEMENT_3D('',#12316,#9698,#9699);
#8318=AXIS2_PLACEMENT_3D('',#12319,#9701,#9702);
#8319=AXIS2_PLACEMENT_3D('',#12324,#9704,#9705);
#8320=AXIS2_PLACEMENT_3D('',#12328,#9707,#9708);
#8321=AXIS2_PLACEMENT_3D('',#12332,#9710,#9711);
#8322=AXIS2_PLACEMENT_3D('',#12335,#9713,#9714);
#8323=AXIS2_PLACEMENT_3D('',#12340,#9716,#9717);
#8324=AXIS2_PLACEMENT_3D('',#12344,#9719,#9720);
#8325=AXIS2_PLACEMENT_3D('',#12348,#9722,#9723);
#8326=AXIS2_PLACEMENT_3D('',#12351,#9725,#9726);
#8327=AXIS2_PLACEMENT_3D('',#12353,#9727,#9728);
#8328=AXIS2_PLACEMENT_3D('',#12358,#9730,#9731);
#8329=AXIS2_PLACEMENT_3D('',#12362,#9733,#9734);
#8330=AXIS2_PLACEMENT_3D('',#12366,#9736,#9737);
#8331=AXIS2_PLACEMENT_3D('',#12369,#9739,#9740);
#8332=AXIS2_PLACEMENT_3D('',#12374,#9742,#9743);
#8333=AXIS2_PLACEMENT_3D('',#12378,#9745,#9746);
#8334=AXIS2_PLACEMENT_3D('',#12382,#9748,#9749);
#8335=AXIS2_PLACEMENT_3D('',#12385,#9751,#9752);
#8336=AXIS2_PLACEMENT_3D('',#12390,#9754,#9755);
#8337=AXIS2_PLACEMENT_3D('',#12394,#9757,#9758);
#8338=AXIS2_PLACEMENT_3D('',#12398,#9760,#9761);
#8339=AXIS2_PLACEMENT_3D('',#12401,#9763,#9764);
#8340=AXIS2_PLACEMENT_3D('',#12406,#9766,#9767);
#8341=AXIS2_PLACEMENT_3D('',#12410,#9769,#9770);
#8342=AXIS2_PLACEMENT_3D('',#12414,#9772,#9773);
#8343=AXIS2_PLACEMENT_3D('',#12417,#9775,#9776);
#8344=AXIS2_PLACEMENT_3D('',#12422,#9778,#9779);
#8345=AXIS2_PLACEMENT_3D('',#12426,#9781,#9782);
#8346=AXIS2_PLACEMENT_3D('',#12430,#9784,#9785);
#8347=AXIS2_PLACEMENT_3D('',#12433,#9787,#9788);
#8348=AXIS2_PLACEMENT_3D('',#12438,#9790,#9791);
#8349=AXIS2_PLACEMENT_3D('',#12442,#9793,#9794);
#8350=AXIS2_PLACEMENT_3D('',#12446,#9796,#9797);
#8351=AXIS2_PLACEMENT_3D('',#12449,#9799,#9800);
#8352=AXIS2_PLACEMENT_3D('',#12454,#9802,#9803);
#8353=AXIS2_PLACEMENT_3D('',#12458,#9805,#9806);
#8354=AXIS2_PLACEMENT_3D('',#12462,#9808,#9809);
#8355=AXIS2_PLACEMENT_3D('',#12465,#9811,#9812);
#8356=AXIS2_PLACEMENT_3D('',#12470,#9814,#9815);
#8357=AXIS2_PLACEMENT_3D('',#12474,#9817,#9818);
#8358=AXIS2_PLACEMENT_3D('',#12478,#9820,#9821);
#8359=AXIS2_PLACEMENT_3D('',#12481,#9823,#9824);
#8360=AXIS2_PLACEMENT_3D('',#12486,#9826,#9827);
#8361=AXIS2_PLACEMENT_3D('',#12490,#9829,#9830);
#8362=AXIS2_PLACEMENT_3D('',#12494,#9832,#9833);
#8363=AXIS2_PLACEMENT_3D('',#12497,#9835,#9836);
#8364=AXIS2_PLACEMENT_3D('',#12502,#9838,#9839);
#8365=AXIS2_PLACEMENT_3D('',#12506,#9841,#9842);
#8366=AXIS2_PLACEMENT_3D('',#12510,#9844,#9845);
#8367=AXIS2_PLACEMENT_3D('',#12513,#9847,#9848);
#8368=AXIS2_PLACEMENT_3D('',#12518,#9850,#9851);
#8369=AXIS2_PLACEMENT_3D('',#12522,#9853,#9854);
#8370=AXIS2_PLACEMENT_3D('',#12526,#9856,#9857);
#8371=AXIS2_PLACEMENT_3D('',#12529,#9859,#9860);
#8372=AXIS2_PLACEMENT_3D('',#12534,#9862,#9863);
#8373=AXIS2_PLACEMENT_3D('',#12538,#9865,#9866);
#8374=AXIS2_PLACEMENT_3D('',#12542,#9868,#9869);
#8375=AXIS2_PLACEMENT_3D('',#12545,#9871,#9872);
#8376=AXIS2_PLACEMENT_3D('',#12550,#9874,#9875);
#8377=AXIS2_PLACEMENT_3D('',#12554,#9877,#9878);
#8378=AXIS2_PLACEMENT_3D('',#12558,#9880,#9881);
#8379=AXIS2_PLACEMENT_3D('',#12561,#9883,#9884);
#8380=AXIS2_PLACEMENT_3D('',#12566,#9886,#9887);
#8381=AXIS2_PLACEMENT_3D('',#12570,#9889,#9890);
#8382=AXIS2_PLACEMENT_3D('',#12574,#9892,#9893);
#8383=AXIS2_PLACEMENT_3D('',#12577,#9895,#9896);
#8384=AXIS2_PLACEMENT_3D('',#12579,#9897,#9898);
#8385=AXIS2_PLACEMENT_3D('',#12584,#9900,#9901);
#8386=AXIS2_PLACEMENT_3D('',#12588,#9903,#9904);
#8387=AXIS2_PLACEMENT_3D('',#12592,#9906,#9907);
#8388=AXIS2_PLACEMENT_3D('',#12595,#9909,#9910);
#8389=AXIS2_PLACEMENT_3D('',#12600,#9912,#9913);
#8390=AXIS2_PLACEMENT_3D('',#12604,#9915,#9916);
#8391=AXIS2_PLACEMENT_3D('',#12608,#9918,#9919);
#8392=AXIS2_PLACEMENT_3D('',#12611,#9921,#9922);
#8393=AXIS2_PLACEMENT_3D('',#12616,#9924,#9925);
#8394=AXIS2_PLACEMENT_3D('',#12620,#9927,#9928);
#8395=AXIS2_PLACEMENT_3D('',#12624,#9930,#9931);
#8396=AXIS2_PLACEMENT_3D('',#12627,#9933,#9934);
#8397=AXIS2_PLACEMENT_3D('',#12632,#9936,#9937);
#8398=AXIS2_PLACEMENT_3D('',#12636,#9939,#9940);
#8399=AXIS2_PLACEMENT_3D('',#12640,#9942,#9943);
#8400=AXIS2_PLACEMENT_3D('',#12643,#9945,#9946);
#8401=AXIS2_PLACEMENT_3D('',#12648,#9948,#9949);
#8402=AXIS2_PLACEMENT_3D('',#12652,#9951,#9952);
#8403=AXIS2_PLACEMENT_3D('',#12656,#9954,#9955);
#8404=AXIS2_PLACEMENT_3D('',#12659,#9957,#9958);
#8405=AXIS2_PLACEMENT_3D('',#12664,#9960,#9961);
#8406=AXIS2_PLACEMENT_3D('',#12668,#9963,#9964);
#8407=AXIS2_PLACEMENT_3D('',#12672,#9966,#9967);
#8408=AXIS2_PLACEMENT_3D('',#12675,#9969,#9970);
#8409=AXIS2_PLACEMENT_3D('',#12680,#9972,#9973);
#8410=AXIS2_PLACEMENT_3D('',#12684,#9975,#9976);
#8411=AXIS2_PLACEMENT_3D('',#12688,#9978,#9979);
#8412=AXIS2_PLACEMENT_3D('',#12691,#9981,#9982);
#8413=AXIS2_PLACEMENT_3D('',#12696,#9984,#9985);
#8414=AXIS2_PLACEMENT_3D('',#12700,#9987,#9988);
#8415=AXIS2_PLACEMENT_3D('',#12704,#9990,#9991);
#8416=AXIS2_PLACEMENT_3D('',#12707,#9993,#9994);
#8417=AXIS2_PLACEMENT_3D('',#12708,#9995,#9996);
#8418=AXIS2_PLACEMENT_3D('',#12710,#9998,#9999);
#8419=AXIS2_PLACEMENT_3D('',#12713,#10002,#10003);
#8420=AXIS2_PLACEMENT_3D('',#12715,#10005,#10006);
#8421=AXIS2_PLACEMENT_3D('',#12716,#10007,#10008);
#8422=AXIS2_PLACEMENT_3D('',#12719,#10011,#10012);
#8423=AXIS2_PLACEMENT_3D('',#12721,#10014,#10015);
#8424=AXIS2_PLACEMENT_3D('',#12723,#10017,#10018);
#8425=AXIS2_PLACEMENT_3D('',#12725,#10020,#10021);
#8426=AXIS2_PLACEMENT_3D('',#12727,#10023,#10024);
#8427=AXIS2_PLACEMENT_3D('',#12729,#10026,#10027);
#8428=AXIS2_PLACEMENT_3D('',#12731,#10029,#10030);
#8429=AXIS2_PLACEMENT_3D('',#12732,#10031,#10032);
#8430=AXIS2_PLACEMENT_3D('',#12735,#10035,#10036);
#8431=AXIS2_PLACEMENT_3D('',#12737,#10038,#10039);
#8432=AXIS2_PLACEMENT_3D('',#12739,#10041,#10042);
#8433=AXIS2_PLACEMENT_3D('',#12741,#10044,#10045);
#8434=AXIS2_PLACEMENT_3D('',#12743,#10047,#10048);
#8435=AXIS2_PLACEMENT_3D('',#12745,#10050,#10051);
#8436=AXIS2_PLACEMENT_3D('',#12747,#10053,#10054);
#8437=AXIS2_PLACEMENT_3D('',#12748,#10055,#10056);
#8438=AXIS2_PLACEMENT_3D('',#12751,#10059,#10060);
#8439=AXIS2_PLACEMENT_3D('',#12753,#10062,#10063);
#8440=AXIS2_PLACEMENT_3D('',#12755,#10065,#10066);
#8441=AXIS2_PLACEMENT_3D('',#12757,#10068,#10069);
#8442=AXIS2_PLACEMENT_3D('',#12759,#10071,#10072);
#8443=AXIS2_PLACEMENT_3D('',#12761,#10074,#10075);
#8444=AXIS2_PLACEMENT_3D('',#12763,#10077,#10078);
#8445=AXIS2_PLACEMENT_3D('',#12764,#10079,#10080);
#8446=AXIS2_PLACEMENT_3D('',#12767,#10083,#10084);
#8447=AXIS2_PLACEMENT_3D('',#12769,#10086,#10087);
#8448=AXIS2_PLACEMENT_3D('',#12771,#10089,#10090);
#8449=AXIS2_PLACEMENT_3D('',#12773,#10092,#10093);
#8450=AXIS2_PLACEMENT_3D('',#12775,#10095,#10096);
#8451=AXIS2_PLACEMENT_3D('',#12777,#10098,#10099);
#8452=AXIS2_PLACEMENT_3D('',#12779,#10101,#10102);
#8453=AXIS2_PLACEMENT_3D('',#12780,#10103,#10104);
#8454=AXIS2_PLACEMENT_3D('',#12783,#10107,#10108);
#8455=AXIS2_PLACEMENT_3D('',#12785,#10110,#10111);
#8456=AXIS2_PLACEMENT_3D('',#12787,#10113,#10114);
#8457=AXIS2_PLACEMENT_3D('',#12789,#10116,#10117);
#8458=AXIS2_PLACEMENT_3D('',#12791,#10119,#10120);
#8459=AXIS2_PLACEMENT_3D('',#12793,#10122,#10123);
#8460=AXIS2_PLACEMENT_3D('',#12795,#10125,#10126);
#8461=AXIS2_PLACEMENT_3D('',#12796,#10127,#10128);
#8462=AXIS2_PLACEMENT_3D('',#12799,#10131,#10132);
#8463=AXIS2_PLACEMENT_3D('',#12801,#10134,#10135);
#8464=AXIS2_PLACEMENT_3D('',#12803,#10137,#10138);
#8465=AXIS2_PLACEMENT_3D('',#12805,#10140,#10141);
#8466=AXIS2_PLACEMENT_3D('',#12807,#10143,#10144);
#8467=AXIS2_PLACEMENT_3D('',#12809,#10146,#10147);
#8468=AXIS2_PLACEMENT_3D('',#12811,#10149,#10150);
#8469=AXIS2_PLACEMENT_3D('',#12812,#10151,#10152);
#8470=AXIS2_PLACEMENT_3D('',#12815,#10155,#10156);
#8471=AXIS2_PLACEMENT_3D('',#12817,#10158,#10159);
#8472=AXIS2_PLACEMENT_3D('',#12819,#10161,#10162);
#8473=AXIS2_PLACEMENT_3D('',#12821,#10164,#10165);
#8474=AXIS2_PLACEMENT_3D('',#12823,#10167,#10168);
#8475=AXIS2_PLACEMENT_3D('',#12825,#10170,#10171);
#8476=AXIS2_PLACEMENT_3D('',#12827,#10173,#10174);
#8477=AXIS2_PLACEMENT_3D('',#12828,#10175,#10176);
#8478=AXIS2_PLACEMENT_3D('',#12831,#10179,#10180);
#8479=AXIS2_PLACEMENT_3D('',#12833,#10182,#10183);
#8480=AXIS2_PLACEMENT_3D('',#12835,#10185,#10186);
#8481=AXIS2_PLACEMENT_3D('',#12837,#10188,#10189);
#8482=AXIS2_PLACEMENT_3D('',#12839,#10191,#10192);
#8483=AXIS2_PLACEMENT_3D('',#12841,#10194,#10195);
#8484=AXIS2_PLACEMENT_3D('',#12843,#10197,#10198);
#8485=AXIS2_PLACEMENT_3D('',#12844,#10199,#10200);
#8486=AXIS2_PLACEMENT_3D('',#12847,#10203,#10204);
#8487=AXIS2_PLACEMENT_3D('',#12849,#10206,#10207);
#8488=AXIS2_PLACEMENT_3D('',#12851,#10209,#10210);
#8489=AXIS2_PLACEMENT_3D('',#12853,#10212,#10213);
#8490=AXIS2_PLACEMENT_3D('',#12855,#10215,#10216);
#8491=AXIS2_PLACEMENT_3D('',#12857,#10218,#10219);
#8492=AXIS2_PLACEMENT_3D('',#12859,#10221,#10222);
#8493=AXIS2_PLACEMENT_3D('',#12860,#10223,#10224);
#8494=AXIS2_PLACEMENT_3D('',#12863,#10227,#10228);
#8495=AXIS2_PLACEMENT_3D('',#12865,#10230,#10231);
#8496=AXIS2_PLACEMENT_3D('',#12867,#10233,#10234);
#8497=AXIS2_PLACEMENT_3D('',#12869,#10236,#10237);
#8498=AXIS2_PLACEMENT_3D('',#12871,#10239,#10240);
#8499=AXIS2_PLACEMENT_3D('',#12873,#10242,#10243);
#8500=AXIS2_PLACEMENT_3D('',#12875,#10245,#10246);
#8501=AXIS2_PLACEMENT_3D('',#12876,#10247,#10248);
#8502=AXIS2_PLACEMENT_3D('',#12879,#10251,#10252);
#8503=AXIS2_PLACEMENT_3D('',#12881,#10254,#10255);
#8504=AXIS2_PLACEMENT_3D('',#12883,#10257,#10258);
#8505=AXIS2_PLACEMENT_3D('',#12885,#10260,#10261);
#8506=AXIS2_PLACEMENT_3D('',#12887,#10263,#10264);
#8507=AXIS2_PLACEMENT_3D('',#12889,#10266,#10267);
#8508=AXIS2_PLACEMENT_3D('',#12891,#10269,#10270);
#8509=AXIS2_PLACEMENT_3D('',#12892,#10271,#10272);
#8510=AXIS2_PLACEMENT_3D('',#12895,#10275,#10276);
#8511=AXIS2_PLACEMENT_3D('',#12897,#10278,#10279);
#8512=AXIS2_PLACEMENT_3D('',#12899,#10281,#10282);
#8513=AXIS2_PLACEMENT_3D('',#12901,#10284,#10285);
#8514=AXIS2_PLACEMENT_3D('',#12903,#10287,#10288);
#8515=AXIS2_PLACEMENT_3D('',#12905,#10290,#10291);
#8516=AXIS2_PLACEMENT_3D('',#12907,#10293,#10294);
#8517=AXIS2_PLACEMENT_3D('',#12908,#10295,#10296);
#8518=AXIS2_PLACEMENT_3D('',#12911,#10299,#10300);
#8519=AXIS2_PLACEMENT_3D('',#12913,#10302,#10303);
#8520=AXIS2_PLACEMENT_3D('',#12915,#10305,#10306);
#8521=AXIS2_PLACEMENT_3D('',#12917,#10308,#10309);
#8522=AXIS2_PLACEMENT_3D('',#12919,#10311,#10312);
#8523=AXIS2_PLACEMENT_3D('',#12921,#10314,#10315);
#8524=AXIS2_PLACEMENT_3D('',#12923,#10317,#10318);
#8525=AXIS2_PLACEMENT_3D('',#12924,#10319,#10320);
#8526=AXIS2_PLACEMENT_3D('',#12927,#10323,#10324);
#8527=AXIS2_PLACEMENT_3D('',#12929,#10326,#10327);
#8528=AXIS2_PLACEMENT_3D('',#12931,#10329,#10330);
#8529=AXIS2_PLACEMENT_3D('',#12933,#10332,#10333);
#8530=AXIS2_PLACEMENT_3D('',#12935,#10335,#10336);
#8531=AXIS2_PLACEMENT_3D('',#12937,#10338,#10339);
#8532=AXIS2_PLACEMENT_3D('',#12939,#10341,#10342);
#8533=AXIS2_PLACEMENT_3D('',#12940,#10343,#10344);
#8534=AXIS2_PLACEMENT_3D('',#12943,#10347,#10348);
#8535=AXIS2_PLACEMENT_3D('',#12945,#10350,#10351);
#8536=AXIS2_PLACEMENT_3D('',#12947,#10353,#10354);
#8537=AXIS2_PLACEMENT_3D('',#12949,#10356,#10357);
#8538=AXIS2_PLACEMENT_3D('',#12951,#10359,#10360);
#8539=AXIS2_PLACEMENT_3D('',#12953,#10362,#10363);
#8540=AXIS2_PLACEMENT_3D('',#12955,#10365,#10366);
#8541=AXIS2_PLACEMENT_3D('',#12956,#10367,#10368);
#8542=AXIS2_PLACEMENT_3D('',#12959,#10371,#10372);
#8543=AXIS2_PLACEMENT_3D('',#12961,#10374,#10375);
#8544=AXIS2_PLACEMENT_3D('',#12963,#10377,#10378);
#8545=AXIS2_PLACEMENT_3D('',#12965,#10380,#10381);
#8546=AXIS2_PLACEMENT_3D('',#12967,#10383,#10384);
#8547=AXIS2_PLACEMENT_3D('',#12969,#10386,#10387);
#8548=AXIS2_PLACEMENT_3D('',#12971,#10389,#10390);
#8549=AXIS2_PLACEMENT_3D('',#12972,#10391,#10392);
#8550=AXIS2_PLACEMENT_3D('',#12975,#10395,#10396);
#8551=AXIS2_PLACEMENT_3D('',#12977,#10398,#10399);
#8552=AXIS2_PLACEMENT_3D('',#12979,#10401,#10402);
#8553=AXIS2_PLACEMENT_3D('',#12981,#10404,#10405);
#8554=AXIS2_PLACEMENT_3D('',#12983,#10407,#10408);
#8555=AXIS2_PLACEMENT_3D('',#12985,#10410,#10411);
#8556=AXIS2_PLACEMENT_3D('',#12987,#10413,#10414);
#8557=AXIS2_PLACEMENT_3D('',#12988,#10415,#10416);
#8558=AXIS2_PLACEMENT_3D('',#12991,#10419,#10420);
#8559=AXIS2_PLACEMENT_3D('',#12993,#10422,#10423);
#8560=AXIS2_PLACEMENT_3D('',#12995,#10425,#10426);
#8561=AXIS2_PLACEMENT_3D('',#12997,#10428,#10429);
#8562=AXIS2_PLACEMENT_3D('',#12999,#10431,#10432);
#8563=AXIS2_PLACEMENT_3D('',#13001,#10434,#10435);
#8564=AXIS2_PLACEMENT_3D('',#13003,#10437,#10438);
#8565=AXIS2_PLACEMENT_3D('',#13004,#10439,#10440);
#8566=AXIS2_PLACEMENT_3D('',#13007,#10443,#10444);
#8567=AXIS2_PLACEMENT_3D('',#13009,#10446,#10447);
#8568=AXIS2_PLACEMENT_3D('',#13011,#10449,#10450);
#8569=AXIS2_PLACEMENT_3D('',#13013,#10452,#10453);
#8570=AXIS2_PLACEMENT_3D('',#13015,#10455,#10456);
#8571=AXIS2_PLACEMENT_3D('',#13017,#10458,#10459);
#8572=AXIS2_PLACEMENT_3D('',#13019,#10461,#10462);
#8573=AXIS2_PLACEMENT_3D('',#13020,#10463,#10464);
#8574=AXIS2_PLACEMENT_3D('',#13023,#10467,#10468);
#8575=AXIS2_PLACEMENT_3D('',#13025,#10470,#10471);
#8576=AXIS2_PLACEMENT_3D('',#13027,#10473,#10474);
#8577=AXIS2_PLACEMENT_3D('',#13029,#10476,#10477);
#8578=AXIS2_PLACEMENT_3D('',#13031,#10479,#10480);
#8579=AXIS2_PLACEMENT_3D('',#13033,#10482,#10483);
#8580=AXIS2_PLACEMENT_3D('',#13035,#10485,#10486);
#8581=AXIS2_PLACEMENT_3D('',#13036,#10487,#10488);
#8582=AXIS2_PLACEMENT_3D('',#13039,#10491,#10492);
#8583=AXIS2_PLACEMENT_3D('',#13041,#10494,#10495);
#8584=AXIS2_PLACEMENT_3D('',#13043,#10497,#10498);
#8585=AXIS2_PLACEMENT_3D('',#13045,#10500,#10501);
#8586=AXIS2_PLACEMENT_3D('',#13047,#10503,#10504);
#8587=AXIS2_PLACEMENT_3D('',#13049,#10506,#10507);
#8588=AXIS2_PLACEMENT_3D('',#13051,#10509,#10510);
#8589=AXIS2_PLACEMENT_3D('',#13052,#10511,#10512);
#8590=AXIS2_PLACEMENT_3D('',#13054,#10514,#10515);
#8591=AXIS2_PLACEMENT_3D('',#13057,#10518,#10519);
#8592=AXIS2_PLACEMENT_3D('',#13059,#10521,#10522);
#8593=AXIS2_PLACEMENT_3D('',#13061,#10524,#10525);
#8594=AXIS2_PLACEMENT_3D('',#13063,#10527,#10528);
#8595=AXIS2_PLACEMENT_3D('',#13065,#10530,#10531);
#8596=AXIS2_PLACEMENT_3D('',#13067,#10533,#10534);
#8597=AXIS2_PLACEMENT_3D('',#13069,#10536,#10537);
#8598=AXIS2_PLACEMENT_3D('',#13070,#10538,#10539);
#8599=AXIS2_PLACEMENT_3D('',#13073,#10542,#10543);
#8600=AXIS2_PLACEMENT_3D('',#13075,#10545,#10546);
#8601=AXIS2_PLACEMENT_3D('',#13077,#10548,#10549);
#8602=AXIS2_PLACEMENT_3D('',#13079,#10551,#10552);
#8603=AXIS2_PLACEMENT_3D('',#13081,#10554,#10555);
#8604=AXIS2_PLACEMENT_3D('',#13083,#10557,#10558);
#8605=AXIS2_PLACEMENT_3D('',#13085,#10560,#10561);
#8606=AXIS2_PLACEMENT_3D('',#13086,#10562,#10563);
#8607=AXIS2_PLACEMENT_3D('',#13089,#10566,#10567);
#8608=AXIS2_PLACEMENT_3D('',#13091,#10569,#10570);
#8609=AXIS2_PLACEMENT_3D('',#13093,#10572,#10573);
#8610=AXIS2_PLACEMENT_3D('',#13095,#10575,#10576);
#8611=AXIS2_PLACEMENT_3D('',#13097,#10578,#10579);
#8612=AXIS2_PLACEMENT_3D('',#13099,#10581,#10582);
#8613=AXIS2_PLACEMENT_3D('',#13101,#10584,#10585);
#8614=AXIS2_PLACEMENT_3D('',#13102,#10586,#10587);
#8615=AXIS2_PLACEMENT_3D('',#13104,#10589,#10590);
#8616=AXIS2_PLACEMENT_3D('',#13107,#10593,#10594);
#8617=AXIS2_PLACEMENT_3D('',#13109,#10596,#10597);
#8618=AXIS2_PLACEMENT_3D('',#13111,#10599,#10600);
#8619=AXIS2_PLACEMENT_3D('',#13113,#10602,#10603);
#8620=AXIS2_PLACEMENT_3D('',#13115,#10605,#10606);
#8621=AXIS2_PLACEMENT_3D('',#13117,#10608,#10609);
#8622=AXIS2_PLACEMENT_3D('',#13119,#10611,#10612);
#8623=AXIS2_PLACEMENT_3D('',#13120,#10613,#10614);
#8624=AXIS2_PLACEMENT_3D('',#13123,#10617,#10618);
#8625=AXIS2_PLACEMENT_3D('',#13125,#10620,#10621);
#8626=AXIS2_PLACEMENT_3D('',#13127,#10623,#10624);
#8627=AXIS2_PLACEMENT_3D('',#13129,#10626,#10627);
#8628=AXIS2_PLACEMENT_3D('',#13131,#10629,#10630);
#8629=AXIS2_PLACEMENT_3D('',#13133,#10632,#10633);
#8630=AXIS2_PLACEMENT_3D('',#13135,#10635,#10636);
#8631=AXIS2_PLACEMENT_3D('',#13136,#10637,#10638);
#8632=AXIS2_PLACEMENT_3D('',#13139,#10641,#10642);
#8633=AXIS2_PLACEMENT_3D('',#13141,#10644,#10645);
#8634=AXIS2_PLACEMENT_3D('',#13143,#10647,#10648);
#8635=AXIS2_PLACEMENT_3D('',#13145,#10650,#10651);
#8636=AXIS2_PLACEMENT_3D('',#13147,#10653,#10654);
#8637=AXIS2_PLACEMENT_3D('',#13149,#10656,#10657);
#8638=AXIS2_PLACEMENT_3D('',#13151,#10659,#10660);
#8639=AXIS2_PLACEMENT_3D('',#13152,#10661,#10662);
#8640=AXIS2_PLACEMENT_3D('',#13155,#10665,#10666);
#8641=AXIS2_PLACEMENT_3D('',#13157,#10668,#10669);
#8642=AXIS2_PLACEMENT_3D('',#13159,#10671,#10672);
#8643=AXIS2_PLACEMENT_3D('',#13161,#10674,#10675);
#8644=AXIS2_PLACEMENT_3D('',#13163,#10677,#10678);
#8645=AXIS2_PLACEMENT_3D('',#13165,#10680,#10681);
#8646=AXIS2_PLACEMENT_3D('',#13167,#10683,#10684);
#8647=AXIS2_PLACEMENT_3D('',#13168,#10685,#10686);
#8648=AXIS2_PLACEMENT_3D('',#13171,#10689,#10690);
#8649=AXIS2_PLACEMENT_3D('',#13173,#10692,#10693);
#8650=AXIS2_PLACEMENT_3D('',#13175,#10695,#10696);
#8651=AXIS2_PLACEMENT_3D('',#13177,#10698,#10699);
#8652=AXIS2_PLACEMENT_3D('',#13179,#10701,#10702);
#8653=AXIS2_PLACEMENT_3D('',#13181,#10704,#10705);
#8654=AXIS2_PLACEMENT_3D('',#13183,#10707,#10708);
#8655=AXIS2_PLACEMENT_3D('',#13184,#10709,#10710);
#8656=AXIS2_PLACEMENT_3D('',#13187,#10713,#10714);
#8657=AXIS2_PLACEMENT_3D('',#13189,#10716,#10717);
#8658=AXIS2_PLACEMENT_3D('',#13191,#10719,#10720);
#8659=AXIS2_PLACEMENT_3D('',#13193,#10722,#10723);
#8660=AXIS2_PLACEMENT_3D('',#13195,#10725,#10726);
#8661=AXIS2_PLACEMENT_3D('',#13197,#10728,#10729);
#8662=AXIS2_PLACEMENT_3D('',#13199,#10731,#10732);
#8663=AXIS2_PLACEMENT_3D('',#13200,#10733,#10734);
#8664=AXIS2_PLACEMENT_3D('',#13203,#10737,#10738);
#8665=AXIS2_PLACEMENT_3D('',#13205,#10740,#10741);
#8666=AXIS2_PLACEMENT_3D('',#13207,#10743,#10744);
#8667=AXIS2_PLACEMENT_3D('',#13209,#10746,#10747);
#8668=AXIS2_PLACEMENT_3D('',#13211,#10749,#10750);
#8669=AXIS2_PLACEMENT_3D('',#13213,#10752,#10753);
#8670=AXIS2_PLACEMENT_3D('',#13215,#10755,#10756);
#8671=AXIS2_PLACEMENT_3D('',#13216,#10757,#10758);
#8672=AXIS2_PLACEMENT_3D('',#13219,#10761,#10762);
#8673=AXIS2_PLACEMENT_3D('',#13221,#10764,#10765);
#8674=AXIS2_PLACEMENT_3D('',#13223,#10767,#10768);
#8675=AXIS2_PLACEMENT_3D('',#13225,#10770,#10771);
#8676=AXIS2_PLACEMENT_3D('',#13227,#10773,#10774);
#8677=AXIS2_PLACEMENT_3D('',#13229,#10776,#10777);
#8678=AXIS2_PLACEMENT_3D('',#13231,#10779,#10780);
#8679=AXIS2_PLACEMENT_3D('',#13232,#10781,#10782);
#8680=AXIS2_PLACEMENT_3D('',#13235,#10785,#10786);
#8681=AXIS2_PLACEMENT_3D('',#13237,#10788,#10789);
#8682=AXIS2_PLACEMENT_3D('',#13239,#10791,#10792);
#8683=AXIS2_PLACEMENT_3D('',#13241,#10794,#10795);
#8684=AXIS2_PLACEMENT_3D('',#13243,#10797,#10798);
#8685=AXIS2_PLACEMENT_3D('',#13245,#10800,#10801);
#8686=AXIS2_PLACEMENT_3D('',#13247,#10803,#10804);
#8687=AXIS2_PLACEMENT_3D('',#13248,#10805,#10806);
#8688=AXIS2_PLACEMENT_3D('',#13251,#10809,#10810);
#8689=AXIS2_PLACEMENT_3D('',#13253,#10812,#10813);
#8690=AXIS2_PLACEMENT_3D('',#13255,#10815,#10816);
#8691=AXIS2_PLACEMENT_3D('',#13257,#10818,#10819);
#8692=AXIS2_PLACEMENT_3D('',#13259,#10821,#10822);
#8693=AXIS2_PLACEMENT_3D('',#13261,#10824,#10825);
#8694=AXIS2_PLACEMENT_3D('',#13263,#10827,#10828);
#8695=AXIS2_PLACEMENT_3D('',#13264,#10829,#10830);
#8696=AXIS2_PLACEMENT_3D('',#13267,#10833,#10834);
#8697=AXIS2_PLACEMENT_3D('',#13269,#10836,#10837);
#8698=AXIS2_PLACEMENT_3D('',#13271,#10839,#10840);
#8699=AXIS2_PLACEMENT_3D('',#13273,#10842,#10843);
#8700=AXIS2_PLACEMENT_3D('',#13275,#10845,#10846);
#8701=AXIS2_PLACEMENT_3D('',#13277,#10848,#10849);
#8702=AXIS2_PLACEMENT_3D('',#13279,#10851,#10852);
#8703=AXIS2_PLACEMENT_3D('',#13280,#10853,#10854);
#8704=AXIS2_PLACEMENT_3D('',#13283,#10857,#10858);
#8705=AXIS2_PLACEMENT_3D('',#13285,#10860,#10861);
#8706=AXIS2_PLACEMENT_3D('',#13287,#10863,#10864);
#8707=AXIS2_PLACEMENT_3D('',#13289,#10866,#10867);
#8708=AXIS2_PLACEMENT_3D('',#13291,#10869,#10870);
#8709=AXIS2_PLACEMENT_3D('',#13293,#10872,#10873);
#8710=AXIS2_PLACEMENT_3D('',#13295,#10875,#10876);
#8711=AXIS2_PLACEMENT_3D('',#13296,#10877,#10878);
#8712=AXIS2_PLACEMENT_3D('',#13299,#10881,#10882);
#8713=AXIS2_PLACEMENT_3D('',#13301,#10884,#10885);
#8714=AXIS2_PLACEMENT_3D('',#13303,#10887,#10888);
#8715=AXIS2_PLACEMENT_3D('',#13305,#10890,#10891);
#8716=AXIS2_PLACEMENT_3D('',#13307,#10893,#10894);
#8717=AXIS2_PLACEMENT_3D('',#13309,#10896,#10897);
#8718=AXIS2_PLACEMENT_3D('',#13311,#10899,#10900);
#8719=AXIS2_PLACEMENT_3D('',#13312,#10901,#10902);
#8720=AXIS2_PLACEMENT_3D('',#13315,#10905,#10906);
#8721=AXIS2_PLACEMENT_3D('',#13317,#10908,#10909);
#8722=AXIS2_PLACEMENT_3D('',#13319,#10911,#10912);
#8723=AXIS2_PLACEMENT_3D('',#13321,#10914,#10915);
#8724=AXIS2_PLACEMENT_3D('',#13323,#10917,#10918);
#8725=AXIS2_PLACEMENT_3D('',#13325,#10920,#10921);
#8726=AXIS2_PLACEMENT_3D('',#13327,#10923,#10924);
#8727=AXIS2_PLACEMENT_3D('',#13328,#10925,#10926);
#8728=AXIS2_PLACEMENT_3D('',#13330,#10928,#10929);
#8729=AXIS2_PLACEMENT_3D('',#13333,#10932,#10933);
#8730=AXIS2_PLACEMENT_3D('',#13335,#10935,#10936);
#8731=AXIS2_PLACEMENT_3D('',#13337,#10938,#10939);
#8732=AXIS2_PLACEMENT_3D('',#13339,#10941,#10942);
#8733=AXIS2_PLACEMENT_3D('',#13341,#10944,#10945);
#8734=AXIS2_PLACEMENT_3D('',#13343,#10947,#10948);
#8735=AXIS2_PLACEMENT_3D('',#13345,#10950,#10951);
#8736=AXIS2_PLACEMENT_3D('',#13346,#10952,#10953);
#8737=AXIS2_PLACEMENT_3D('',#13349,#10956,#10957);
#8738=AXIS2_PLACEMENT_3D('',#13351,#10959,#10960);
#8739=AXIS2_PLACEMENT_3D('',#13353,#10962,#10963);
#8740=AXIS2_PLACEMENT_3D('',#13355,#10965,#10966);
#8741=AXIS2_PLACEMENT_3D('',#13357,#10968,#10969);
#8742=AXIS2_PLACEMENT_3D('',#13359,#10971,#10972);
#8743=AXIS2_PLACEMENT_3D('',#13361,#10974,#10975);
#8744=AXIS2_PLACEMENT_3D('',#13362,#10976,#10977);
#8745=AXIS2_PLACEMENT_3D('',#13365,#10980,#10981);
#8746=AXIS2_PLACEMENT_3D('',#13367,#10983,#10984);
#8747=AXIS2_PLACEMENT_3D('',#13369,#10986,#10987);
#8748=AXIS2_PLACEMENT_3D('',#13371,#10989,#10990);
#8749=AXIS2_PLACEMENT_3D('',#13373,#10992,#10993);
#8750=AXIS2_PLACEMENT_3D('',#13375,#10995,#10996);
#8751=AXIS2_PLACEMENT_3D('',#13377,#10998,#10999);
#8752=AXIS2_PLACEMENT_3D('',#13378,#11000,#11001);
#8753=AXIS2_PLACEMENT_3D('',#13381,#11004,#11005);
#8754=AXIS2_PLACEMENT_3D('',#13383,#11007,#11008);
#8755=AXIS2_PLACEMENT_3D('',#13385,#11010,#11011);
#8756=AXIS2_PLACEMENT_3D('',#13387,#11013,#11014);
#8757=AXIS2_PLACEMENT_3D('',#13389,#11016,#11017);
#8758=AXIS2_PLACEMENT_3D('',#13391,#11019,#11020);
#8759=AXIS2_PLACEMENT_3D('',#13393,#11022,#11023);
#8760=AXIS2_PLACEMENT_3D('',#13394,#11024,#11025);
#8761=AXIS2_PLACEMENT_3D('',#13397,#11028,#11029);
#8762=AXIS2_PLACEMENT_3D('',#13399,#11031,#11032);
#8763=AXIS2_PLACEMENT_3D('',#13401,#11034,#11035);
#8764=AXIS2_PLACEMENT_3D('',#13403,#11037,#11038);
#8765=AXIS2_PLACEMENT_3D('',#13405,#11040,#11041);
#8766=AXIS2_PLACEMENT_3D('',#13407,#11043,#11044);
#8767=AXIS2_PLACEMENT_3D('',#13409,#11046,#11047);
#8768=AXIS2_PLACEMENT_3D('',#13410,#11048,#11049);
#8769=AXIS2_PLACEMENT_3D('',#13413,#11052,#11053);
#8770=AXIS2_PLACEMENT_3D('',#13415,#11055,#11056);
#8771=AXIS2_PLACEMENT_3D('',#13417,#11058,#11059);
#8772=AXIS2_PLACEMENT_3D('',#13419,#11061,#11062);
#8773=AXIS2_PLACEMENT_3D('',#13421,#11064,#11065);
#8774=AXIS2_PLACEMENT_3D('',#13423,#11067,#11068);
#8775=AXIS2_PLACEMENT_3D('',#13425,#11070,#11071);
#8776=AXIS2_PLACEMENT_3D('',#13426,#11072,#11073);
#8777=AXIS2_PLACEMENT_3D('',#13429,#11076,#11077);
#8778=AXIS2_PLACEMENT_3D('',#13431,#11079,#11080);
#8779=AXIS2_PLACEMENT_3D('',#13433,#11082,#11083);
#8780=AXIS2_PLACEMENT_3D('',#13435,#11085,#11086);
#8781=AXIS2_PLACEMENT_3D('',#13437,#11088,#11089);
#8782=AXIS2_PLACEMENT_3D('',#13439,#11091,#11092);
#8783=AXIS2_PLACEMENT_3D('',#13441,#11094,#11095);
#8784=AXIS2_PLACEMENT_3D('',#13442,#11096,#11097);
#8785=AXIS2_PLACEMENT_3D('',#13445,#11100,#11101);
#8786=AXIS2_PLACEMENT_3D('',#13447,#11103,#11104);
#8787=AXIS2_PLACEMENT_3D('',#13449,#11106,#11107);
#8788=AXIS2_PLACEMENT_3D('',#13451,#11109,#11110);
#8789=AXIS2_PLACEMENT_3D('',#13453,#11112,#11113);
#8790=AXIS2_PLACEMENT_3D('',#13455,#11115,#11116);
#8791=AXIS2_PLACEMENT_3D('',#13457,#11118,#11119);
#8792=AXIS2_PLACEMENT_3D('',#13458,#11120,#11121);
#8793=DIRECTION('axis',(0.,0.,1.));
#8794=DIRECTION('refdir',(1.,0.,0.));
#8795=DIRECTION('center_axis',(-4.44825472701421E-15,1.,0.));
#8796=DIRECTION('ref_axis',(-1.,-4.44825472701421E-15,0.));
#8797=DIRECTION('',(-1.,-4.44825472701421E-15,0.));
#8798=DIRECTION('',(0.,0.,1.));
#8799=DIRECTION('',(1.,4.44825472701421E-15,0.));
#8800=DIRECTION('',(0.,0.,1.));
#8801=DIRECTION('center_axis',(-1.,0.,0.));
#8802=DIRECTION('ref_axis',(0.,-1.,0.));
#8803=DIRECTION('',(0.,-1.,0.));
#8804=DIRECTION('',(0.,1.,0.));
#8805=DIRECTION('',(0.,0.,1.));
#8806=DIRECTION('center_axis',(0.,1.,0.));
#8807=DIRECTION('ref_axis',(-1.,0.,0.));
#8808=DIRECTION('',(-1.,0.,0.));
#8809=DIRECTION('',(1.,0.,0.));
#8810=DIRECTION('',(0.,0.,1.));
#8811=DIRECTION('center_axis',(-1.,0.,0.));
#8812=DIRECTION('ref_axis',(0.,-1.,0.));
#8813=DIRECTION('',(0.,-1.,0.));
#8814=DIRECTION('',(0.,1.,0.));
#8815=DIRECTION('',(0.,0.,1.));
#8816=DIRECTION('center_axis',(0.,-1.,0.));
#8817=DIRECTION('ref_axis',(1.,0.,0.));
#8818=DIRECTION('',(1.,0.,0.));
#8819=DIRECTION('',(-1.,0.,0.));
#8820=DIRECTION('',(0.,0.,1.));
#8821=DIRECTION('center_axis',(-1.,0.,0.));
#8822=DIRECTION('ref_axis',(0.,-1.,0.));
#8823=DIRECTION('',(0.,-1.,0.));
#8824=DIRECTION('',(0.,1.,0.));
#8825=DIRECTION('',(0.,0.,1.));
#8826=DIRECTION('center_axis',(0.,1.,0.));
#8827=DIRECTION('ref_axis',(-1.,0.,0.));
#8828=DIRECTION('',(-1.,0.,0.));
#8829=DIRECTION('',(1.,0.,0.));
#8830=DIRECTION('',(0.,0.,1.));
#8831=DIRECTION('center_axis',(-1.,0.,0.));
#8832=DIRECTION('ref_axis',(0.,-1.,0.));
#8833=DIRECTION('',(0.,-1.,0.));
#8834=DIRECTION('',(0.,1.,0.));
#8835=DIRECTION('',(0.,0.,1.));
#8836=DIRECTION('center_axis',(0.,-1.,0.));
#8837=DIRECTION('ref_axis',(1.,0.,0.));
#8838=DIRECTION('',(1.,0.,0.));
#8839=DIRECTION('',(-1.,0.,0.));
#8840=DIRECTION('',(0.,0.,1.));
#8841=DIRECTION('center_axis',(-1.,0.,0.));
#8842=DIRECTION('ref_axis',(0.,-1.,0.));
#8843=DIRECTION('',(0.,-1.,0.));
#8844=DIRECTION('',(0.,1.,0.));
#8845=DIRECTION('',(0.,0.,1.));
#8846=DIRECTION('center_axis',(-1.,7.28372570802136E-14,0.));
#8847=DIRECTION('ref_axis',(-7.28372570802136E-14,-1.,0.));
#8848=DIRECTION('',(-7.28372570802136E-14,-1.,0.));
#8849=DIRECTION('',(0.,0.,1.));
#8850=DIRECTION('',(7.28372570802136E-14,1.,0.));
#8851=DIRECTION('',(-1.1394257346341E-14,-0.156434465040231,-0.987688340595138));
#8852=DIRECTION('center_axis',(0.,1.,0.));
#8853=DIRECTION('ref_axis',(-1.,0.,0.));
#8854=DIRECTION('',(-1.,0.,0.));
#8855=DIRECTION('',(1.,0.,0.));
#8856=DIRECTION('center_axis',(-1.,0.,0.));
#8857=DIRECTION('ref_axis',(0.,-1.,0.));
#8858=DIRECTION('',(0.,-1.,0.));
#8859=DIRECTION('',(0.,0.,1.));
#8860=DIRECTION('',(0.,1.,0.));
#8861=DIRECTION('center_axis',(0.,0.,1.));
#8862=DIRECTION('ref_axis',(1.,0.,0.));
#8863=DIRECTION('',(-1.,0.,0.));
#8864=DIRECTION('center_axis',(0.,0.,-1.));
#8865=DIRECTION('ref_axis',(7.53881106606743E-16,-1.,0.));
#8866=DIRECTION('',(0.,1.,0.));
#8867=DIRECTION('center_axis',(0.,0.,-1.));
#8868=DIRECTION('ref_axis',(0.707106781186552,0.707106781186543,0.));
#8869=DIRECTION('',(-1.,0.,0.));
#8870=DIRECTION('',(0.,1.,0.));
#8871=DIRECTION('center_axis',(0.,0.,-1.));
#8872=DIRECTION('ref_axis',(0.,1.,0.));
#8873=DIRECTION('',(1.,0.,0.));
#8874=DIRECTION('center_axis',(0.,0.,-1.));
#8875=DIRECTION('ref_axis',(1.,0.,0.));
#8876=DIRECTION('',(0.,-1.,0.));
#8877=DIRECTION('center_axis',(0.,0.,-1.));
#8878=DIRECTION('ref_axis',(0.,-1.,0.));
#8879=DIRECTION('',(-1.,0.,0.));
#8880=DIRECTION('center_axis',(0.,0.,-1.));
#8881=DIRECTION('ref_axis',(-1.,0.,0.));
#8882=DIRECTION('',(0.,1.,0.));
#8883=DIRECTION('center_axis',(0.,0.,-1.));
#8884=DIRECTION('ref_axis',(0.,1.,0.));
#8885=DIRECTION('',(1.,0.,0.));
#8886=DIRECTION('center_axis',(0.,0.,-1.));
#8887=DIRECTION('ref_axis',(1.,0.,0.));
#8888=DIRECTION('',(2.73285667600038E-15,-1.,0.));
#8889=DIRECTION('center_axis',(0.,0.,-1.));
#8890=DIRECTION('ref_axis',(0.,-1.,0.));
#8891=DIRECTION('',(-1.,0.,0.));
#8892=DIRECTION('center_axis',(0.,0.,-1.));
#8893=DIRECTION('ref_axis',(-1.,-1.77635683940023E-14,0.));
#8894=DIRECTION('',(0.,1.,0.));
#8895=DIRECTION('center_axis',(0.,0.,-1.));
#8896=DIRECTION('ref_axis',(0.,1.,0.));
#8897=DIRECTION('',(1.,0.,0.));
#8898=DIRECTION('center_axis',(0.,0.,-1.));
#8899=DIRECTION('ref_axis',(1.,0.,0.));
#8900=DIRECTION('',(0.,-1.,0.));
#8901=DIRECTION('center_axis',(0.,0.,-1.));
#8902=DIRECTION('ref_axis',(0.,-1.,0.));
#8903=DIRECTION('',(-1.,0.,0.));
#8904=DIRECTION('center_axis',(0.,0.,-1.));
#8905=DIRECTION('ref_axis',(-1.,-7.10542735760141E-14,0.));
#8906=DIRECTION('',(0.,1.,0.));
#8907=DIRECTION('center_axis',(0.,0.,-1.));
#8908=DIRECTION('ref_axis',(0.,1.,0.));
#8909=DIRECTION('',(1.,0.,0.));
#8910=DIRECTION('center_axis',(0.,0.,-1.));
#8911=DIRECTION('ref_axis',(1.,0.,0.));
#8912=DIRECTION('',(0.,-1.,0.));
#8913=DIRECTION('center_axis',(0.,0.,-1.));
#8914=DIRECTION('ref_axis',(0.,-1.,0.));
#8915=DIRECTION('',(-1.,0.,0.));
#8916=DIRECTION('center_axis',(0.,0.,-1.));
#8917=DIRECTION('ref_axis',(-1.,0.,0.));
#8918=DIRECTION('',(0.,1.,0.));
#8919=DIRECTION('center_axis',(0.,0.,-1.));
#8920=DIRECTION('ref_axis',(0.,1.,0.));
#8921=DIRECTION('',(1.,0.,0.));
#8922=DIRECTION('center_axis',(0.,0.,-1.));
#8923=DIRECTION('ref_axis',(1.,0.,0.));
#8924=DIRECTION('',(0.,-1.,0.));
#8925=DIRECTION('center_axis',(0.,0.,-1.));
#8926=DIRECTION('ref_axis',(0.,-1.,0.));
#8927=DIRECTION('',(-1.,0.,0.));
#8928=DIRECTION('center_axis',(0.,0.,-1.));
#8929=DIRECTION('ref_axis',(-1.,-7.1054273576009E-14,0.));
#8930=DIRECTION('',(0.,1.,0.));
#8931=DIRECTION('center_axis',(0.,0.,-1.));
#8932=DIRECTION('ref_axis',(0.,1.,0.));
#8933=DIRECTION('',(1.,0.,0.));
#8934=DIRECTION('center_axis',(0.,0.,-1.));
#8935=DIRECTION('ref_axis',(1.,0.,0.));
#8936=DIRECTION('',(0.,-1.,0.));
#8937=DIRECTION('center_axis',(0.,0.,-1.));
#8938=DIRECTION('ref_axis',(0.,-1.,0.));
#8939=DIRECTION('',(-1.,0.,0.));
#8940=DIRECTION('center_axis',(0.,0.,-1.));
#8941=DIRECTION('ref_axis',(-1.,0.,0.));
#8942=DIRECTION('',(0.,1.,0.));
#8943=DIRECTION('center_axis',(0.,0.,-1.));
#8944=DIRECTION('ref_axis',(0.,1.,0.));
#8945=DIRECTION('',(1.,0.,0.));
#8946=DIRECTION('center_axis',(0.,0.,-1.));
#8947=DIRECTION('ref_axis',(1.,0.,0.));
#8948=DIRECTION('',(0.,-1.,0.));
#8949=DIRECTION('center_axis',(0.,0.,-1.));
#8950=DIRECTION('ref_axis',(0.,-1.,0.));
#8951=DIRECTION('',(-1.,0.,0.));
#8952=DIRECTION('center_axis',(0.,0.,-1.));
#8953=DIRECTION('ref_axis',(-1.,0.,0.));
#8954=DIRECTION('',(0.,1.,0.));
#8955=DIRECTION('center_axis',(0.,0.,-1.));
#8956=DIRECTION('ref_axis',(0.,1.,0.));
#8957=DIRECTION('',(1.,0.,0.));
#8958=DIRECTION('center_axis',(0.,0.,-1.));
#8959=DIRECTION('ref_axis',(1.,0.,0.));
#8960=DIRECTION('',(0.,-1.,0.));
#8961=DIRECTION('center_axis',(0.,0.,-1.));
#8962=DIRECTION('ref_axis',(0.,-1.,0.));
#8963=DIRECTION('',(-1.,0.,0.));
#8964=DIRECTION('center_axis',(0.,0.,-1.));
#8965=DIRECTION('ref_axis',(-1.,0.,0.));
#8966=DIRECTION('',(0.,1.,0.));
#8967=DIRECTION('center_axis',(0.,0.,-1.));
#8968=DIRECTION('ref_axis',(0.,1.,0.));
#8969=DIRECTION('',(1.,0.,0.));
#8970=DIRECTION('center_axis',(0.,0.,-1.));
#8971=DIRECTION('ref_axis',(1.,0.,0.));
#8972=DIRECTION('',(0.,-1.,0.));
#8973=DIRECTION('center_axis',(0.,0.,-1.));
#8974=DIRECTION('ref_axis',(0.,-1.,0.));
#8975=DIRECTION('',(-1.,0.,0.));
#8976=DIRECTION('center_axis',(0.,0.,-1.));
#8977=DIRECTION('ref_axis',(-1.,0.,0.));
#8978=DIRECTION('',(0.,1.,0.));
#8979=DIRECTION('center_axis',(0.,0.,-1.));
#8980=DIRECTION('ref_axis',(0.,1.,0.));
#8981=DIRECTION('',(1.,0.,0.));
#8982=DIRECTION('center_axis',(0.,0.,-1.));
#8983=DIRECTION('ref_axis',(1.,0.,0.));
#8984=DIRECTION('',(0.,-1.,0.));
#8985=DIRECTION('center_axis',(0.,0.,-1.));
#8986=DIRECTION('ref_axis',(0.,-1.,0.));
#8987=DIRECTION('',(-1.,0.,0.));
#8988=DIRECTION('center_axis',(0.,0.,-1.));
#8989=DIRECTION('ref_axis',(-1.,0.,0.));
#8990=DIRECTION('',(0.,1.,0.));
#8991=DIRECTION('center_axis',(0.,0.,-1.));
#8992=DIRECTION('ref_axis',(0.,1.,0.));
#8993=DIRECTION('',(1.,0.,0.));
#8994=DIRECTION('center_axis',(0.,0.,-1.));
#8995=DIRECTION('ref_axis',(1.,0.,0.));
#8996=DIRECTION('',(0.,-1.,0.));
#8997=DIRECTION('center_axis',(0.,0.,-1.));
#8998=DIRECTION('ref_axis',(0.,-1.,0.));
#8999=DIRECTION('',(-1.,0.,0.));
#9000=DIRECTION('center_axis',(0.,0.,-1.));
#9001=DIRECTION('ref_axis',(-1.,0.,0.));
#9002=DIRECTION('',(0.,1.,0.));
#9003=DIRECTION('center_axis',(0.,0.,-1.));
#9004=DIRECTION('ref_axis',(0.,1.,0.));
#9005=DIRECTION('',(1.,0.,0.));
#9006=DIRECTION('center_axis',(0.,0.,-1.));
#9007=DIRECTION('ref_axis',(1.,0.,0.));
#9008=DIRECTION('',(0.,-1.,0.));
#9009=DIRECTION('center_axis',(0.,0.,-1.));
#9010=DIRECTION('ref_axis',(0.,-1.,0.));
#9011=DIRECTION('',(-1.,0.,0.));
#9012=DIRECTION('center_axis',(0.,0.,-1.));
#9013=DIRECTION('ref_axis',(-1.,-7.10542735760141E-14,0.));
#9014=DIRECTION('',(0.,1.,0.));
#9015=DIRECTION('center_axis',(0.,0.,-1.));
#9016=DIRECTION('ref_axis',(0.,1.,0.));
#9017=DIRECTION('',(1.,0.,0.));
#9018=DIRECTION('center_axis',(0.,0.,-1.));
#9019=DIRECTION('ref_axis',(1.,0.,0.));
#9020=DIRECTION('',(0.,-1.,0.));
#9021=DIRECTION('center_axis',(0.,0.,-1.));
#9022=DIRECTION('ref_axis',(0.,-1.,0.));
#9023=DIRECTION('',(-1.,0.,0.));
#9024=DIRECTION('center_axis',(0.,0.,-1.));
#9025=DIRECTION('ref_axis',(-1.,0.,0.));
#9026=DIRECTION('',(0.,1.,0.));
#9027=DIRECTION('center_axis',(0.,0.,-1.));
#9028=DIRECTION('ref_axis',(0.,1.,0.));
#9029=DIRECTION('',(1.,0.,0.));
#9030=DIRECTION('center_axis',(0.,0.,-1.));
#9031=DIRECTION('ref_axis',(1.,0.,0.));
#9032=DIRECTION('',(0.,-1.,0.));
#9033=DIRECTION('center_axis',(0.,0.,-1.));
#9034=DIRECTION('ref_axis',(0.,-1.,0.));
#9035=DIRECTION('',(-1.,0.,0.));
#9036=DIRECTION('center_axis',(0.,0.,-1.));
#9037=DIRECTION('ref_axis',(-1.,0.,0.));
#9038=DIRECTION('',(-2.73285667600038E-15,1.,0.));
#9039=DIRECTION('center_axis',(0.,0.,-1.));
#9040=DIRECTION('ref_axis',(0.,1.,0.));
#9041=DIRECTION('',(1.,0.,0.));
#9042=DIRECTION('center_axis',(0.,0.,-1.));
#9043=DIRECTION('ref_axis',(1.,0.,0.));
#9044=DIRECTION('',(0.,-1.,0.));
#9045=DIRECTION('center_axis',(0.,0.,-1.));
#9046=DIRECTION('ref_axis',(0.,-1.,0.));
#9047=DIRECTION('',(-1.,0.,0.));
#9048=DIRECTION('center_axis',(0.,0.,-1.));
#9049=DIRECTION('ref_axis',(-1.,0.,0.));
#9050=DIRECTION('',(0.,1.,0.));
#9051=DIRECTION('center_axis',(0.,0.,-1.));
#9052=DIRECTION('ref_axis',(0.,1.,0.));
#9053=DIRECTION('',(1.,0.,0.));
#9054=DIRECTION('center_axis',(0.,0.,-1.));
#9055=DIRECTION('ref_axis',(1.,0.,0.));
#9056=DIRECTION('',(0.,-1.,0.));
#9057=DIRECTION('center_axis',(0.,0.,-1.));
#9058=DIRECTION('ref_axis',(0.,-1.,0.));
#9059=DIRECTION('',(-1.,0.,0.));
#9060=DIRECTION('center_axis',(0.,0.,-1.));
#9061=DIRECTION('ref_axis',(-1.,0.,0.));
#9062=DIRECTION('',(0.,1.,0.));
#9063=DIRECTION('center_axis',(0.,0.,-1.));
#9064=DIRECTION('ref_axis',(0.,1.,0.));
#9065=DIRECTION('',(1.,0.,0.));
#9066=DIRECTION('center_axis',(0.,0.,-1.));
#9067=DIRECTION('ref_axis',(1.,0.,0.));
#9068=DIRECTION('',(-2.368475785867E-15,-1.,0.));
#9069=DIRECTION('center_axis',(0.,0.,-1.));
#9070=DIRECTION('ref_axis',(0.,-1.,0.));
#9071=DIRECTION('',(-1.,-2.96059473233375E-16,0.));
#9072=DIRECTION('center_axis',(0.,0.,-1.));
#9073=DIRECTION('ref_axis',(-1.,-8.88178419700113E-15,0.));
#9074=DIRECTION('',(0.,1.,0.));
#9075=DIRECTION('center_axis',(0.,0.,-1.));
#9076=DIRECTION('ref_axis',(0.,1.,0.));
#9077=DIRECTION('',(1.,0.,0.));
#9078=DIRECTION('center_axis',(0.,0.,-1.));
#9079=DIRECTION('ref_axis',(1.,0.,0.));
#9080=DIRECTION('',(0.,-1.,0.));
#9081=DIRECTION('center_axis',(0.,0.,-1.));
#9082=DIRECTION('ref_axis',(0.,-1.,0.));
#9083=DIRECTION('',(-1.,0.,0.));
#9084=DIRECTION('center_axis',(0.,0.,-1.));
#9085=DIRECTION('ref_axis',(-1.,0.,0.));
#9086=DIRECTION('',(0.,1.,0.));
#9087=DIRECTION('center_axis',(0.,0.,-1.));
#9088=DIRECTION('ref_axis',(0.,1.,0.));
#9089=DIRECTION('',(1.,0.,0.));
#9090=DIRECTION('center_axis',(0.,0.,-1.));
#9091=DIRECTION('ref_axis',(1.,0.,0.));
#9092=DIRECTION('',(0.,-1.,0.));
#9093=DIRECTION('center_axis',(0.,0.,-1.));
#9094=DIRECTION('ref_axis',(0.,-1.,0.));
#9095=DIRECTION('',(-1.,0.,0.));
#9096=DIRECTION('center_axis',(0.,0.,-1.));
#9097=DIRECTION('ref_axis',(-1.,0.,0.));
#9098=DIRECTION('',(0.,1.,0.));
#9099=DIRECTION('center_axis',(0.,0.,-1.));
#9100=DIRECTION('ref_axis',(0.,1.,0.));
#9101=DIRECTION('',(1.,0.,0.));
#9102=DIRECTION('center_axis',(0.,0.,-1.));
#9103=DIRECTION('ref_axis',(1.,0.,0.));
#9104=DIRECTION('',(0.,-1.,0.));
#9105=DIRECTION('center_axis',(0.,0.,-1.));
#9106=DIRECTION('ref_axis',(7.1054273576009E-14,-1.,0.));
#9107=DIRECTION('',(-1.,0.,0.));
#9108=DIRECTION('center_axis',(0.,0.,-1.));
#9109=DIRECTION('ref_axis',(-1.,-7.1054273576009E-14,0.));
#9110=DIRECTION('',(0.,1.,0.));
#9111=DIRECTION('center_axis',(0.,0.,-1.));
#9112=DIRECTION('ref_axis',(0.,1.,0.));
#9113=DIRECTION('',(1.,0.,0.));
#9114=DIRECTION('center_axis',(0.,0.,-1.));
#9115=DIRECTION('ref_axis',(1.,0.,0.));
#9116=DIRECTION('',(0.,-1.,0.));
#9117=DIRECTION('center_axis',(0.,0.,-1.));
#9118=DIRECTION('ref_axis',(0.,-1.,0.));
#9119=DIRECTION('',(-1.,0.,0.));
#9120=DIRECTION('center_axis',(0.,0.,-1.));
#9121=DIRECTION('ref_axis',(-1.,0.,0.));
#9122=DIRECTION('center_axis',(0.,0.,-1.));
#9123=DIRECTION('ref_axis',(1.,0.,0.));
#9124=DIRECTION('',(0.,1.,0.));
#9125=DIRECTION('center_axis',(0.,0.,-1.));
#9126=DIRECTION('ref_axis',(0.,1.,0.));
#9127=DIRECTION('',(1.,0.,0.));
#9128=DIRECTION('center_axis',(0.,0.,-1.));
#9129=DIRECTION('ref_axis',(1.,0.,0.));
#9130=DIRECTION('',(0.,-1.,0.));
#9131=DIRECTION('center_axis',(0.,0.,-1.));
#9132=DIRECTION('ref_axis',(0.,-1.,0.));
#9133=DIRECTION('',(-1.,0.,0.));
#9134=DIRECTION('center_axis',(0.,0.,-1.));
#9135=DIRECTION('ref_axis',(-1.,-1.77635683940023E-14,0.));
#9136=DIRECTION('',(0.,1.,0.));
#9137=DIRECTION('center_axis',(0.,0.,-1.));
#9138=DIRECTION('ref_axis',(0.,1.,0.));
#9139=DIRECTION('',(1.,0.,0.));
#9140=DIRECTION('center_axis',(0.,0.,-1.));
#9141=DIRECTION('ref_axis',(1.,0.,0.));
#9142=DIRECTION('',(0.,-1.,0.));
#9143=DIRECTION('center_axis',(0.,0.,-1.));
#9144=DIRECTION('ref_axis',(0.,-1.,0.));
#9145=DIRECTION('',(-1.,0.,0.));
#9146=DIRECTION('center_axis',(0.,0.,-1.));
#9147=DIRECTION('ref_axis',(-1.,0.,0.));
#9148=DIRECTION('',(0.,1.,0.));
#9149=DIRECTION('center_axis',(0.,0.,-1.));
#9150=DIRECTION('ref_axis',(0.,1.,0.));
#9151=DIRECTION('',(1.,0.,0.));
#9152=DIRECTION('center_axis',(0.,0.,-1.));
#9153=DIRECTION('ref_axis',(1.,0.,0.));
#9154=DIRECTION('',(0.,-1.,0.));
#9155=DIRECTION('center_axis',(0.,0.,-1.));
#9156=DIRECTION('ref_axis',(0.,-1.,0.));
#9157=DIRECTION('',(-1.,0.,0.));
#9158=DIRECTION('center_axis',(0.,0.,-1.));
#9159=DIRECTION('ref_axis',(-1.,0.,0.));
#9160=DIRECTION('center_axis',(0.,0.,-1.));
#9161=DIRECTION('ref_axis',(1.,0.,0.));
#9162=DIRECTION('',(0.,1.,0.));
#9163=DIRECTION('center_axis',(0.,0.,-1.));
#9164=DIRECTION('ref_axis',(0.,1.,0.));
#9165=DIRECTION('',(1.,0.,0.));
#9166=DIRECTION('center_axis',(0.,0.,-1.));
#9167=DIRECTION('ref_axis',(1.,0.,0.));
#9168=DIRECTION('',(0.,-1.,0.));
#9169=DIRECTION('center_axis',(0.,0.,-1.));
#9170=DIRECTION('ref_axis',(7.1054273576009E-14,-1.,0.));
#9171=DIRECTION('',(-1.,0.,0.));
#9172=DIRECTION('center_axis',(0.,0.,-1.));
#9173=DIRECTION('ref_axis',(-1.,-1.77635683940023E-14,0.));
#9174=DIRECTION('',(0.,1.,0.));
#9175=DIRECTION('center_axis',(0.,0.,-1.));
#9176=DIRECTION('ref_axis',(0.,1.,0.));
#9177=DIRECTION('',(1.,0.,0.));
#9178=DIRECTION('center_axis',(0.,0.,-1.));
#9179=DIRECTION('ref_axis',(1.,0.,0.));
#9180=DIRECTION('',(0.,-1.,0.));
#9181=DIRECTION('center_axis',(0.,0.,-1.));
#9182=DIRECTION('ref_axis',(0.,-1.,0.));
#9183=DIRECTION('',(-1.,0.,0.));
#9184=DIRECTION('center_axis',(0.,0.,-1.));
#9185=DIRECTION('ref_axis',(-1.,0.,0.));
#9186=DIRECTION('',(0.,1.,0.));
#9187=DIRECTION('center_axis',(0.,0.,-1.));
#9188=DIRECTION('ref_axis',(0.,1.,0.));
#9189=DIRECTION('',(1.,0.,0.));
#9190=DIRECTION('center_axis',(0.,0.,-1.));
#9191=DIRECTION('ref_axis',(1.,0.,0.));
#9192=DIRECTION('',(0.,-1.,0.));
#9193=DIRECTION('center_axis',(0.,0.,-1.));
#9194=DIRECTION('ref_axis',(0.,-1.,0.));
#9195=DIRECTION('',(-1.,0.,0.));
#9196=DIRECTION('center_axis',(0.,0.,-1.));
#9197=DIRECTION('ref_axis',(-1.,-1.77635683940023E-14,0.));
#9198=DIRECTION('',(0.,1.,0.));
#9199=DIRECTION('center_axis',(0.,0.,-1.));
#9200=DIRECTION('ref_axis',(0.,1.,0.));
#9201=DIRECTION('',(1.,0.,0.));
#9202=DIRECTION('center_axis',(0.,0.,-1.));
#9203=DIRECTION('ref_axis',(1.,0.,0.));
#9204=DIRECTION('',(0.,-1.,0.));
#9205=DIRECTION('center_axis',(0.,0.,-1.));
#9206=DIRECTION('ref_axis',(0.,-1.,0.));
#9207=DIRECTION('',(-1.,0.,0.));
#9208=DIRECTION('center_axis',(0.,0.,-1.));
#9209=DIRECTION('ref_axis',(-1.,-1.77635683940023E-14,0.));
#9210=DIRECTION('',(0.,1.,0.));
#9211=DIRECTION('center_axis',(0.,0.,-1.));
#9212=DIRECTION('ref_axis',(0.,1.,0.));
#9213=DIRECTION('',(1.,0.,0.));
#9214=DIRECTION('center_axis',(0.,0.,-1.));
#9215=DIRECTION('ref_axis',(1.,0.,0.));
#9216=DIRECTION('',(0.,-1.,0.));
#9217=DIRECTION('center_axis',(0.,0.,-1.));
#9218=DIRECTION('ref_axis',(0.,-1.,0.));
#9219=DIRECTION('',(-1.,0.,0.));
#9220=DIRECTION('center_axis',(0.,0.,-1.));
#9221=DIRECTION('ref_axis',(-1.,0.,0.));
#9222=DIRECTION('',(0.,1.,0.));
#9223=DIRECTION('center_axis',(0.,0.,-1.));
#9224=DIRECTION('ref_axis',(0.,1.,0.));
#9225=DIRECTION('',(1.,0.,0.));
#9226=DIRECTION('center_axis',(0.,0.,-1.));
#9227=DIRECTION('ref_axis',(1.,0.,0.));
#9228=DIRECTION('',(0.,-1.,0.));
#9229=DIRECTION('center_axis',(0.,0.,-1.));
#9230=DIRECTION('ref_axis',(0.,-1.,0.));
#9231=DIRECTION('',(-1.,0.,0.));
#9232=DIRECTION('center_axis',(0.,0.,-1.));
#9233=DIRECTION('ref_axis',(-1.,0.,0.));
#9234=DIRECTION('',(-2.73285667600038E-15,1.,0.));
#9235=DIRECTION('center_axis',(0.,0.,-1.));
#9236=DIRECTION('ref_axis',(0.,1.,0.));
#9237=DIRECTION('',(1.,0.,0.));
#9238=DIRECTION('center_axis',(0.,0.,-1.));
#9239=DIRECTION('ref_axis',(1.,0.,0.));
#9240=DIRECTION('',(0.,-1.,0.));
#9241=DIRECTION('center_axis',(0.,0.,-1.));
#9242=DIRECTION('ref_axis',(0.,-1.,0.));
#9243=DIRECTION('',(-1.,0.,0.));
#9244=DIRECTION('center_axis',(0.,0.,-1.));
#9245=DIRECTION('ref_axis',(-1.,0.,0.));
#9246=DIRECTION('',(0.,1.,0.));
#9247=DIRECTION('center_axis',(0.,0.,-1.));
#9248=DIRECTION('ref_axis',(0.,1.,0.));
#9249=DIRECTION('',(1.,0.,0.));
#9250=DIRECTION('center_axis',(0.,0.,-1.));
#9251=DIRECTION('ref_axis',(1.,0.,0.));
#9252=DIRECTION('',(0.,-1.,0.));
#9253=DIRECTION('center_axis',(0.,0.,-1.));
#9254=DIRECTION('ref_axis',(0.,-1.,0.));
#9255=DIRECTION('',(-1.,0.,0.));
#9256=DIRECTION('center_axis',(0.,0.,-1.));
#9257=DIRECTION('ref_axis',(-1.,0.,0.));
#9258=DIRECTION('',(0.,1.,0.));
#9259=DIRECTION('center_axis',(0.,0.,-1.));
#9260=DIRECTION('ref_axis',(0.,1.,0.));
#9261=DIRECTION('',(1.,0.,0.));
#9262=DIRECTION('center_axis',(0.,0.,-1.));
#9263=DIRECTION('ref_axis',(1.,0.,0.));
#9264=DIRECTION('',(0.,-1.,0.));
#9265=DIRECTION('center_axis',(0.,0.,-1.));
#9266=DIRECTION('ref_axis',(0.,-1.,0.));
#9267=DIRECTION('',(-1.,0.,0.));
#9268=DIRECTION('center_axis',(0.,0.,-1.));
#9269=DIRECTION('ref_axis',(-1.,0.,0.));
#9270=DIRECTION('',(0.,1.,0.));
#9271=DIRECTION('center_axis',(0.,0.,-1.));
#9272=DIRECTION('ref_axis',(0.,1.,0.));
#9273=DIRECTION('',(1.,0.,0.));
#9274=DIRECTION('center_axis',(0.,0.,-1.));
#9275=DIRECTION('ref_axis',(1.,0.,0.));
#9276=DIRECTION('',(0.,-1.,0.));
#9277=DIRECTION('center_axis',(0.,0.,-1.));
#9278=DIRECTION('ref_axis',(0.,-1.,0.));
#9279=DIRECTION('',(-1.,0.,0.));
#9280=DIRECTION('center_axis',(0.,0.,-1.));
#9281=DIRECTION('ref_axis',(-1.,-7.1054273576009E-14,0.));
#9282=DIRECTION('',(0.,1.,0.));
#9283=DIRECTION('center_axis',(0.,0.,-1.));
#9284=DIRECTION('ref_axis',(0.,1.,0.));
#9285=DIRECTION('',(1.,0.,0.));
#9286=DIRECTION('center_axis',(0.,0.,-1.));
#9287=DIRECTION('ref_axis',(1.,0.,0.));
#9288=DIRECTION('',(0.,-1.,0.));
#9289=DIRECTION('center_axis',(0.,0.,-1.));
#9290=DIRECTION('ref_axis',(0.,-1.,0.));
#9291=DIRECTION('',(-1.,0.,0.));
#9292=DIRECTION('center_axis',(0.,0.,-1.));
#9293=DIRECTION('ref_axis',(-1.,0.,0.));
#9294=DIRECTION('',(0.,1.,0.));
#9295=DIRECTION('center_axis',(0.,0.,-1.));
#9296=DIRECTION('ref_axis',(0.,1.,0.));
#9297=DIRECTION('',(1.,0.,0.));
#9298=DIRECTION('center_axis',(0.,0.,-1.));
#9299=DIRECTION('ref_axis',(1.,0.,0.));
#9300=DIRECTION('',(0.,-1.,0.));
#9301=DIRECTION('center_axis',(0.,0.,-1.));
#9302=DIRECTION('ref_axis',(0.,-1.,0.));
#9303=DIRECTION('',(-1.,0.,0.));
#9304=DIRECTION('center_axis',(0.,0.,-1.));
#9305=DIRECTION('ref_axis',(-1.,0.,0.));
#9306=DIRECTION('',(0.,1.,0.));
#9307=DIRECTION('center_axis',(0.,0.,-1.));
#9308=DIRECTION('ref_axis',(0.,1.,0.));
#9309=DIRECTION('',(1.,0.,0.));
#9310=DIRECTION('center_axis',(0.,0.,-1.));
#9311=DIRECTION('ref_axis',(1.,0.,0.));
#9312=DIRECTION('',(0.,-1.,0.));
#9313=DIRECTION('center_axis',(0.,0.,-1.));
#9314=DIRECTION('ref_axis',(0.,-1.,0.));
#9315=DIRECTION('',(-1.,0.,0.));
#9316=DIRECTION('center_axis',(0.,0.,-1.));
#9317=DIRECTION('ref_axis',(-1.,0.,0.));
#9318=DIRECTION('',(0.,1.,0.));
#9319=DIRECTION('center_axis',(0.,0.,-1.));
#9320=DIRECTION('ref_axis',(0.,1.,0.));
#9321=DIRECTION('',(1.,0.,0.));
#9322=DIRECTION('center_axis',(0.,0.,-1.));
#9323=DIRECTION('ref_axis',(1.,0.,0.));
#9324=DIRECTION('',(0.,-1.,0.));
#9325=DIRECTION('center_axis',(0.,0.,-1.));
#9326=DIRECTION('ref_axis',(0.,-1.,0.));
#9327=DIRECTION('',(-1.,0.,0.));
#9328=DIRECTION('center_axis',(0.,0.,-1.));
#9329=DIRECTION('ref_axis',(-1.,-1.77635683940023E-14,0.));
#9330=DIRECTION('center_axis',(0.,0.,-1.));
#9331=DIRECTION('ref_axis',(1.,0.,0.));
#9332=DIRECTION('',(0.,1.,0.));
#9333=DIRECTION('center_axis',(0.,0.,-1.));
#9334=DIRECTION('ref_axis',(0.,1.,0.));
#9335=DIRECTION('',(1.,0.,0.));
#9336=DIRECTION('center_axis',(0.,0.,-1.));
#9337=DIRECTION('ref_axis',(1.,0.,0.));
#9338=DIRECTION('',(0.,-1.,0.));
#9339=DIRECTION('center_axis',(0.,0.,-1.));
#9340=DIRECTION('ref_axis',(0.,-1.,0.));
#9341=DIRECTION('',(-1.,0.,0.));
#9342=DIRECTION('center_axis',(0.,0.,-1.));
#9343=DIRECTION('ref_axis',(-1.,-1.77635683940023E-14,0.));
#9344=DIRECTION('',(0.,1.,0.));
#9345=DIRECTION('center_axis',(0.,0.,-1.));
#9346=DIRECTION('ref_axis',(0.,1.,0.));
#9347=DIRECTION('',(1.,0.,0.));
#9348=DIRECTION('center_axis',(0.,0.,-1.));
#9349=DIRECTION('ref_axis',(1.,0.,0.));
#9350=DIRECTION('',(0.,-1.,0.));
#9351=DIRECTION('center_axis',(0.,0.,-1.));
#9352=DIRECTION('ref_axis',(0.,-1.,0.));
#9353=DIRECTION('',(-1.,0.,0.));
#9354=DIRECTION('center_axis',(0.,0.,-1.));
#9355=DIRECTION('ref_axis',(-1.,-7.1054273576009E-14,0.));
#9356=DIRECTION('',(0.,1.,0.));
#9357=DIRECTION('center_axis',(0.,0.,-1.));
#9358=DIRECTION('ref_axis',(0.,1.,0.));
#9359=DIRECTION('',(1.,0.,0.));
#9360=DIRECTION('center_axis',(0.,0.,-1.));
#9361=DIRECTION('ref_axis',(1.,0.,0.));
#9362=DIRECTION('',(0.,-1.,0.));
#9363=DIRECTION('center_axis',(0.,0.,-1.));
#9364=DIRECTION('ref_axis',(0.,-1.,0.));
#9365=DIRECTION('',(-1.,0.,0.));
#9366=DIRECTION('center_axis',(0.,0.,-1.));
#9367=DIRECTION('ref_axis',(-1.,0.,0.));
#9368=DIRECTION('',(0.,1.,0.));
#9369=DIRECTION('center_axis',(0.,0.,-1.));
#9370=DIRECTION('ref_axis',(0.,1.,0.));
#9371=DIRECTION('',(1.,0.,0.));
#9372=DIRECTION('center_axis',(0.,0.,-1.));
#9373=DIRECTION('ref_axis',(1.,0.,0.));
#9374=DIRECTION('',(0.,-1.,0.));
#9375=DIRECTION('center_axis',(0.,0.,-1.));
#9376=DIRECTION('ref_axis',(0.,-1.,0.));
#9377=DIRECTION('',(-1.,0.,0.));
#9378=DIRECTION('center_axis',(0.,0.,-1.));
#9379=DIRECTION('ref_axis',(-1.,0.,0.));
#9380=DIRECTION('',(0.,1.,0.));
#9381=DIRECTION('center_axis',(0.,0.,-1.));
#9382=DIRECTION('ref_axis',(0.,1.,0.));
#9383=DIRECTION('',(1.,0.,0.));
#9384=DIRECTION('center_axis',(0.,0.,-1.));
#9385=DIRECTION('ref_axis',(1.,0.,0.));
#9386=DIRECTION('',(0.,-1.,0.));
#9387=DIRECTION('center_axis',(0.,0.,-1.));
#9388=DIRECTION('ref_axis',(0.,-1.,0.));
#9389=DIRECTION('',(-1.,0.,0.));
#9390=DIRECTION('center_axis',(0.,0.,-1.));
#9391=DIRECTION('ref_axis',(-1.,0.,0.));
#9392=DIRECTION('',(0.,1.,0.));
#9393=DIRECTION('center_axis',(0.,0.,-1.));
#9394=DIRECTION('ref_axis',(0.,1.,0.));
#9395=DIRECTION('',(1.,0.,0.));
#9396=DIRECTION('center_axis',(0.,0.,-1.));
#9397=DIRECTION('ref_axis',(1.,0.,0.));
#9398=DIRECTION('',(0.,-1.,0.));
#9399=DIRECTION('center_axis',(0.,0.,-1.));
#9400=DIRECTION('ref_axis',(0.,-1.,0.));
#9401=DIRECTION('',(-1.,0.,0.));
#9402=DIRECTION('center_axis',(0.,0.,-1.));
#9403=DIRECTION('ref_axis',(-1.,-7.1054273576009E-14,0.));
#9404=DIRECTION('',(0.,1.,0.));
#9405=DIRECTION('center_axis',(0.,0.,-1.));
#9406=DIRECTION('ref_axis',(0.,1.,0.));
#9407=DIRECTION('',(1.,0.,0.));
#9408=DIRECTION('center_axis',(0.,0.,-1.));
#9409=DIRECTION('ref_axis',(1.,0.,0.));
#9410=DIRECTION('',(0.,-1.,0.));
#9411=DIRECTION('center_axis',(0.,0.,-1.));
#9412=DIRECTION('ref_axis',(0.,-1.,0.));
#9413=DIRECTION('',(-1.,0.,0.));
#9414=DIRECTION('center_axis',(0.,0.,-1.));
#9415=DIRECTION('ref_axis',(-1.,0.,0.));
#9416=DIRECTION('',(0.,1.,0.));
#9417=DIRECTION('center_axis',(0.,0.,-1.));
#9418=DIRECTION('ref_axis',(0.,1.,0.));
#9419=DIRECTION('',(1.,0.,0.));
#9420=DIRECTION('center_axis',(0.,0.,-1.));
#9421=DIRECTION('ref_axis',(1.,0.,0.));
#9422=DIRECTION('',(0.,-1.,0.));
#9423=DIRECTION('center_axis',(0.,0.,-1.));
#9424=DIRECTION('ref_axis',(0.,-1.,0.));
#9425=DIRECTION('',(-1.,0.,0.));
#9426=DIRECTION('center_axis',(0.,0.,-1.));
#9427=DIRECTION('ref_axis',(-1.,0.,0.));
#9428=DIRECTION('center_axis',(0.,0.,1.));
#9429=DIRECTION('ref_axis',(1.,0.,0.));
#9430=DIRECTION('',(1.,0.,0.));
#9431=DIRECTION('center_axis',(0.,0.,1.));
#9432=DIRECTION('ref_axis',(0.707106781186552,0.707106781186543,0.));
#9433=DIRECTION('',(0.,-1.,0.));
#9434=DIRECTION('center_axis',(0.,0.,1.));
#9435=DIRECTION('ref_axis',(7.53881106606743E-16,-1.,0.));
#9436=DIRECTION('',(-1.,0.,0.));
#9437=DIRECTION('',(0.,-1.,0.));
#9438=DIRECTION('center_axis',(0.,0.,1.));
#9439=DIRECTION('ref_axis',(-1.,0.,0.));
#9440=DIRECTION('',(1.,0.,0.));
#9441=DIRECTION('center_axis',(0.,0.,1.));
#9442=DIRECTION('ref_axis',(0.,-1.,0.));
#9443=DIRECTION('',(0.,1.,0.));
#9444=DIRECTION('center_axis',(0.,0.,1.));
#9445=DIRECTION('ref_axis',(1.,0.,0.));
#9446=DIRECTION('',(-1.,0.,0.));
#9447=DIRECTION('center_axis',(0.,0.,1.));
#9448=DIRECTION('ref_axis',(0.,1.,0.));
#9449=DIRECTION('',(0.,-1.,0.));
#9450=DIRECTION('center_axis',(0.,0.,1.));
#9451=DIRECTION('ref_axis',(-1.,-1.77635683940023E-14,0.));
#9452=DIRECTION('',(1.,0.,0.));
#9453=DIRECTION('center_axis',(0.,0.,1.));
#9454=DIRECTION('ref_axis',(0.,-1.,0.));
#9455=DIRECTION('',(-2.73285667600038E-15,1.,0.));
#9456=DIRECTION('center_axis',(0.,0.,1.));
#9457=DIRECTION('ref_axis',(1.,0.,0.));
#9458=DIRECTION('',(-1.,0.,0.));
#9459=DIRECTION('center_axis',(0.,0.,1.));
#9460=DIRECTION('ref_axis',(0.,1.,0.));
#9461=DIRECTION('',(0.,-1.,0.));
#9462=DIRECTION('center_axis',(0.,0.,1.));
#9463=DIRECTION('ref_axis',(-1.,-7.10542735760141E-14,0.));
#9464=DIRECTION('',(1.,0.,0.));
#9465=DIRECTION('center_axis',(0.,0.,1.));
#9466=DIRECTION('ref_axis',(0.,-1.,0.));
#9467=DIRECTION('',(0.,1.,0.));
#9468=DIRECTION('center_axis',(0.,0.,1.));
#9469=DIRECTION('ref_axis',(1.,0.,0.));
#9470=DIRECTION('',(-1.,0.,0.));
#9471=DIRECTION('center_axis',(0.,0.,1.));
#9472=DIRECTION('ref_axis',(0.,1.,0.));
#9473=DIRECTION('',(0.,-1.,0.));
#9474=DIRECTION('center_axis',(0.,0.,1.));
#9475=DIRECTION('ref_axis',(-1.,0.,0.));
#9476=DIRECTION('',(1.,0.,0.));
#9477=DIRECTION('center_axis',(0.,0.,1.));
#9478=DIRECTION('ref_axis',(0.,-1.,0.));
#9479=DIRECTION('',(0.,1.,0.));
#9480=DIRECTION('center_axis',(0.,0.,1.));
#9481=DIRECTION('ref_axis',(1.,0.,0.));
#9482=DIRECTION('',(-1.,0.,0.));
#9483=DIRECTION('center_axis',(0.,0.,1.));
#9484=DIRECTION('ref_axis',(0.,1.,0.));
#9485=DIRECTION('',(0.,-1.,0.));
#9486=DIRECTION('center_axis',(0.,0.,1.));
#9487=DIRECTION('ref_axis',(-1.,-7.1054273576009E-14,0.));
#9488=DIRECTION('',(1.,0.,0.));
#9489=DIRECTION('center_axis',(0.,0.,1.));
#9490=DIRECTION('ref_axis',(0.,-1.,0.));
#9491=DIRECTION('',(0.,1.,0.));
#9492=DIRECTION('center_axis',(0.,0.,1.));
#9493=DIRECTION('ref_axis',(1.,0.,0.));
#9494=DIRECTION('',(-1.,0.,0.));
#9495=DIRECTION('center_axis',(0.,0.,1.));
#9496=DIRECTION('ref_axis',(0.,1.,0.));
#9497=DIRECTION('',(0.,-1.,0.));
#9498=DIRECTION('center_axis',(0.,0.,1.));
#9499=DIRECTION('ref_axis',(-1.,0.,0.));
#9500=DIRECTION('',(1.,0.,0.));
#9501=DIRECTION('center_axis',(0.,0.,1.));
#9502=DIRECTION('ref_axis',(0.,-1.,0.));
#9503=DIRECTION('',(0.,1.,0.));
#9504=DIRECTION('center_axis',(0.,0.,1.));
#9505=DIRECTION('ref_axis',(1.,0.,0.));
#9506=DIRECTION('',(-1.,0.,0.));
#9507=DIRECTION('center_axis',(0.,0.,1.));
#9508=DIRECTION('ref_axis',(0.,1.,0.));
#9509=DIRECTION('',(0.,-1.,0.));
#9510=DIRECTION('center_axis',(0.,0.,1.));
#9511=DIRECTION('ref_axis',(-1.,0.,0.));
#9512=DIRECTION('',(1.,0.,0.));
#9513=DIRECTION('center_axis',(0.,0.,1.));
#9514=DIRECTION('ref_axis',(0.,-1.,0.));
#9515=DIRECTION('',(0.,1.,0.));
#9516=DIRECTION('center_axis',(0.,0.,1.));
#9517=DIRECTION('ref_axis',(1.,0.,0.));
#9518=DIRECTION('',(-1.,0.,0.));
#9519=DIRECTION('center_axis',(0.,0.,1.));
#9520=DIRECTION('ref_axis',(0.,1.,0.));
#9521=DIRECTION('',(0.,-1.,0.));
#9522=DIRECTION('center_axis',(0.,0.,1.));
#9523=DIRECTION('ref_axis',(-1.,0.,0.));
#9524=DIRECTION('',(1.,0.,0.));
#9525=DIRECTION('center_axis',(0.,0.,1.));
#9526=DIRECTION('ref_axis',(0.,-1.,0.));
#9527=DIRECTION('',(0.,1.,0.));
#9528=DIRECTION('center_axis',(0.,0.,1.));
#9529=DIRECTION('ref_axis',(1.,0.,0.));
#9530=DIRECTION('',(-1.,0.,0.));
#9531=DIRECTION('center_axis',(0.,0.,1.));
#9532=DIRECTION('ref_axis',(0.,1.,0.));
#9533=DIRECTION('',(0.,-1.,0.));
#9534=DIRECTION('center_axis',(0.,0.,1.));
#9535=DIRECTION('ref_axis',(-1.,0.,0.));
#9536=DIRECTION('',(1.,0.,0.));
#9537=DIRECTION('center_axis',(0.,0.,1.));
#9538=DIRECTION('ref_axis',(0.,-1.,0.));
#9539=DIRECTION('',(0.,1.,0.));
#9540=DIRECTION('center_axis',(0.,0.,1.));
#9541=DIRECTION('ref_axis',(1.,0.,0.));
#9542=DIRECTION('',(-1.,0.,0.));
#9543=DIRECTION('center_axis',(0.,0.,1.));
#9544=DIRECTION('ref_axis',(0.,1.,0.));
#9545=DIRECTION('',(0.,-1.,0.));
#9546=DIRECTION('center_axis',(0.,0.,1.));
#9547=DIRECTION('ref_axis',(-1.,0.,0.));
#9548=DIRECTION('',(1.,0.,0.));
#9549=DIRECTION('center_axis',(0.,0.,1.));
#9550=DIRECTION('ref_axis',(0.,-1.,0.));
#9551=DIRECTION('',(0.,1.,0.));
#9552=DIRECTION('center_axis',(0.,0.,1.));
#9553=DIRECTION('ref_axis',(1.,0.,0.));
#9554=DIRECTION('',(-1.,0.,0.));
#9555=DIRECTION('center_axis',(0.,0.,1.));
#9556=DIRECTION('ref_axis',(0.,1.,0.));
#9557=DIRECTION('',(0.,-1.,0.));
#9558=DIRECTION('center_axis',(0.,0.,1.));
#9559=DIRECTION('ref_axis',(-1.,0.,0.));
#9560=DIRECTION('',(1.,0.,0.));
#9561=DIRECTION('center_axis',(0.,0.,1.));
#9562=DIRECTION('ref_axis',(0.,-1.,0.));
#9563=DIRECTION('',(0.,1.,0.));
#9564=DIRECTION('center_axis',(0.,0.,1.));
#9565=DIRECTION('ref_axis',(1.,0.,0.));
#9566=DIRECTION('',(-1.,0.,0.));
#9567=DIRECTION('center_axis',(0.,0.,1.));
#9568=DIRECTION('ref_axis',(0.,1.,0.));
#9569=DIRECTION('',(0.,-1.,0.));
#9570=DIRECTION('center_axis',(0.,0.,1.));
#9571=DIRECTION('ref_axis',(-1.,-7.10542735760141E-14,0.));
#9572=DIRECTION('',(1.,0.,0.));
#9573=DIRECTION('center_axis',(0.,0.,1.));
#9574=DIRECTION('ref_axis',(0.,-1.,0.));
#9575=DIRECTION('',(0.,1.,0.));
#9576=DIRECTION('center_axis',(0.,0.,1.));
#9577=DIRECTION('ref_axis',(1.,0.,0.));
#9578=DIRECTION('',(-1.,0.,0.));
#9579=DIRECTION('center_axis',(0.,0.,1.));
#9580=DIRECTION('ref_axis',(0.,1.,0.));
#9581=DIRECTION('',(0.,-1.,0.));
#9582=DIRECTION('center_axis',(0.,0.,1.));
#9583=DIRECTION('ref_axis',(-1.,0.,0.));
#9584=DIRECTION('',(1.,0.,0.));
#9585=DIRECTION('center_axis',(0.,0.,1.));
#9586=DIRECTION('ref_axis',(0.,-1.,0.));
#9587=DIRECTION('',(0.,1.,0.));
#9588=DIRECTION('center_axis',(0.,0.,1.));
#9589=DIRECTION('ref_axis',(1.,0.,0.));
#9590=DIRECTION('',(-1.,0.,0.));
#9591=DIRECTION('center_axis',(0.,0.,1.));
#9592=DIRECTION('ref_axis',(0.,1.,0.));
#9593=DIRECTION('',(0.,-1.,0.));
#9594=DIRECTION('center_axis',(0.,0.,1.));
#9595=DIRECTION('ref_axis',(-1.,0.,0.));
#9596=DIRECTION('',(1.,0.,0.));
#9597=DIRECTION('center_axis',(0.,0.,1.));
#9598=DIRECTION('ref_axis',(0.,-1.,0.));
#9599=DIRECTION('',(0.,1.,0.));
#9600=DIRECTION('center_axis',(0.,0.,1.));
#9601=DIRECTION('ref_axis',(1.,0.,0.));
#9602=DIRECTION('',(-1.,0.,0.));
#9603=DIRECTION('center_axis',(0.,0.,1.));
#9604=DIRECTION('ref_axis',(0.,1.,0.));
#9605=DIRECTION('',(2.73285667600038E-15,-1.,0.));
#9606=DIRECTION('center_axis',(0.,0.,1.));
#9607=DIRECTION('ref_axis',(-1.,0.,0.));
#9608=DIRECTION('',(1.,0.,0.));
#9609=DIRECTION('center_axis',(0.,0.,1.));
#9610=DIRECTION('ref_axis',(0.,-1.,0.));
#9611=DIRECTION('',(0.,1.,0.));
#9612=DIRECTION('center_axis',(0.,0.,1.));
#9613=DIRECTION('ref_axis',(1.,0.,0.));
#9614=DIRECTION('',(-1.,0.,0.));
#9615=DIRECTION('center_axis',(0.,0.,1.));
#9616=DIRECTION('ref_axis',(0.,1.,0.));
#9617=DIRECTION('',(0.,-1.,0.));
#9618=DIRECTION('center_axis',(0.,0.,1.));
#9619=DIRECTION('ref_axis',(-1.,0.,0.));
#9620=DIRECTION('',(1.,0.,0.));
#9621=DIRECTION('center_axis',(0.,0.,1.));
#9622=DIRECTION('ref_axis',(0.,-1.,0.));
#9623=DIRECTION('',(0.,1.,0.));
#9624=DIRECTION('center_axis',(0.,0.,1.));
#9625=DIRECTION('ref_axis',(1.,0.,0.));
#9626=DIRECTION('',(-1.,0.,0.));
#9627=DIRECTION('center_axis',(0.,0.,1.));
#9628=DIRECTION('ref_axis',(0.,1.,0.));
#9629=DIRECTION('',(0.,-1.,0.));
#9630=DIRECTION('center_axis',(0.,0.,1.));
#9631=DIRECTION('ref_axis',(-1.,-8.88178419700113E-15,0.));
#9632=DIRECTION('',(1.,2.96059473233375E-16,0.));
#9633=DIRECTION('center_axis',(0.,0.,1.));
#9634=DIRECTION('ref_axis',(0.,-1.,0.));
#9635=DIRECTION('',(2.368475785867E-15,1.,0.));
#9636=DIRECTION('center_axis',(0.,0.,1.));
#9637=DIRECTION('ref_axis',(1.,0.,0.));
#9638=DIRECTION('',(-1.,0.,0.));
#9639=DIRECTION('center_axis',(0.,0.,1.));
#9640=DIRECTION('ref_axis',(0.,1.,0.));
#9641=DIRECTION('',(0.,-1.,0.));
#9642=DIRECTION('center_axis',(0.,0.,1.));
#9643=DIRECTION('ref_axis',(-1.,0.,0.));
#9644=DIRECTION('',(1.,0.,0.));
#9645=DIRECTION('center_axis',(0.,0.,1.));
#9646=DIRECTION('ref_axis',(0.,-1.,0.));
#9647=DIRECTION('',(0.,1.,0.));
#9648=DIRECTION('center_axis',(0.,0.,1.));
#9649=DIRECTION('ref_axis',(1.,0.,0.));
#9650=DIRECTION('',(-1.,0.,0.));
#9651=DIRECTION('center_axis',(0.,0.,1.));
#9652=DIRECTION('ref_axis',(0.,1.,0.));
#9653=DIRECTION('',(0.,-1.,0.));
#9654=DIRECTION('center_axis',(0.,0.,1.));
#9655=DIRECTION('ref_axis',(-1.,0.,0.));
#9656=DIRECTION('',(1.,0.,0.));
#9657=DIRECTION('center_axis',(0.,0.,1.));
#9658=DIRECTION('ref_axis',(0.,-1.,0.));
#9659=DIRECTION('',(0.,1.,0.));
#9660=DIRECTION('center_axis',(0.,0.,1.));
#9661=DIRECTION('ref_axis',(1.,0.,0.));
#9662=DIRECTION('',(-1.,0.,0.));
#9663=DIRECTION('center_axis',(0.,0.,1.));
#9664=DIRECTION('ref_axis',(0.,1.,0.));
#9665=DIRECTION('',(0.,-1.,0.));
#9666=DIRECTION('center_axis',(0.,0.,1.));
#9667=DIRECTION('ref_axis',(-1.,-7.1054273576009E-14,0.));
#9668=DIRECTION('',(1.,0.,0.));
#9669=DIRECTION('center_axis',(0.,0.,1.));
#9670=DIRECTION('ref_axis',(7.1054273576009E-14,-1.,0.));
#9671=DIRECTION('',(0.,1.,0.));
#9672=DIRECTION('center_axis',(0.,0.,1.));
#9673=DIRECTION('ref_axis',(1.,0.,0.));
#9674=DIRECTION('',(-1.,0.,0.));
#9675=DIRECTION('center_axis',(0.,0.,1.));
#9676=DIRECTION('ref_axis',(0.,1.,0.));
#9677=DIRECTION('',(0.,-1.,0.));
#9678=DIRECTION('center_axis',(0.,0.,1.));
#9679=DIRECTION('ref_axis',(-1.,0.,0.));
#9680=DIRECTION('',(1.,0.,0.));
#9681=DIRECTION('center_axis',(0.,0.,1.));
#9682=DIRECTION('ref_axis',(0.,-1.,0.));
#9683=DIRECTION('',(0.,1.,0.));
#9684=DIRECTION('center_axis',(0.,0.,1.));
#9685=DIRECTION('ref_axis',(1.,0.,0.));
#9686=DIRECTION('',(-1.,0.,0.));
#9687=DIRECTION('center_axis',(0.,0.,1.));
#9688=DIRECTION('ref_axis',(0.,1.,0.));
#9689=DIRECTION('center_axis',(0.,0.,1.));
#9690=DIRECTION('ref_axis',(1.,0.,0.));
#9691=DIRECTION('',(0.,-1.,0.));
#9692=DIRECTION('center_axis',(0.,0.,1.));
#9693=DIRECTION('ref_axis',(-1.,-1.77635683940023E-14,0.));
#9694=DIRECTION('',(1.,0.,0.));
#9695=DIRECTION('center_axis',(0.,0.,1.));
#9696=DIRECTION('ref_axis',(0.,-1.,0.));
#9697=DIRECTION('',(0.,1.,0.));
#9698=DIRECTION('center_axis',(0.,0.,1.));
#9699=DIRECTION('ref_axis',(1.,0.,0.));
#9700=DIRECTION('',(-1.,0.,0.));
#9701=DIRECTION('center_axis',(0.,0.,1.));
#9702=DIRECTION('ref_axis',(0.,1.,0.));
#9703=DIRECTION('',(0.,-1.,0.));
#9704=DIRECTION('center_axis',(0.,0.,1.));
#9705=DIRECTION('ref_axis',(-1.,0.,0.));
#9706=DIRECTION('',(1.,0.,0.));
#9707=DIRECTION('center_axis',(0.,0.,1.));
#9708=DIRECTION('ref_axis',(0.,-1.,0.));
#9709=DIRECTION('',(0.,1.,0.));
#9710=DIRECTION('center_axis',(0.,0.,1.));
#9711=DIRECTION('ref_axis',(1.,0.,0.));
#9712=DIRECTION('',(-1.,0.,0.));
#9713=DIRECTION('center_axis',(0.,0.,1.));
#9714=DIRECTION('ref_axis',(0.,1.,0.));
#9715=DIRECTION('',(0.,-1.,0.));
#9716=DIRECTION('center_axis',(0.,0.,1.));
#9717=DIRECTION('ref_axis',(-1.,0.,0.));
#9718=DIRECTION('',(1.,0.,0.));
#9719=DIRECTION('center_axis',(0.,0.,1.));
#9720=DIRECTION('ref_axis',(0.,-1.,0.));
#9721=DIRECTION('',(0.,1.,0.));
#9722=DIRECTION('center_axis',(0.,0.,1.));
#9723=DIRECTION('ref_axis',(1.,0.,0.));
#9724=DIRECTION('',(-1.,0.,0.));
#9725=DIRECTION('center_axis',(0.,0.,1.));
#9726=DIRECTION('ref_axis',(0.,1.,0.));
#9727=DIRECTION('center_axis',(0.,0.,1.));
#9728=DIRECTION('ref_axis',(1.,0.,0.));
#9729=DIRECTION('',(0.,-1.,0.));
#9730=DIRECTION('center_axis',(0.,0.,1.));
#9731=DIRECTION('ref_axis',(-1.,-1.77635683940023E-14,0.));
#9732=DIRECTION('',(1.,0.,0.));
#9733=DIRECTION('center_axis',(0.,0.,1.));
#9734=DIRECTION('ref_axis',(7.1054273576009E-14,-1.,0.));
#9735=DIRECTION('',(0.,1.,0.));
#9736=DIRECTION('center_axis',(0.,0.,1.));
#9737=DIRECTION('ref_axis',(1.,0.,0.));
#9738=DIRECTION('',(-1.,0.,0.));
#9739=DIRECTION('center_axis',(0.,0.,1.));
#9740=DIRECTION('ref_axis',(0.,1.,0.));
#9741=DIRECTION('',(0.,-1.,0.));
#9742=DIRECTION('center_axis',(0.,0.,1.));
#9743=DIRECTION('ref_axis',(-1.,0.,0.));
#9744=DIRECTION('',(1.,0.,0.));
#9745=DIRECTION('center_axis',(0.,0.,1.));
#9746=DIRECTION('ref_axis',(0.,-1.,0.));
#9747=DIRECTION('',(0.,1.,0.));
#9748=DIRECTION('center_axis',(0.,0.,1.));
#9749=DIRECTION('ref_axis',(1.,0.,0.));
#9750=DIRECTION('',(-1.,0.,0.));
#9751=DIRECTION('center_axis',(0.,0.,1.));
#9752=DIRECTION('ref_axis',(0.,1.,0.));
#9753=DIRECTION('',(0.,-1.,0.));
#9754=DIRECTION('center_axis',(0.,0.,1.));
#9755=DIRECTION('ref_axis',(-1.,-1.77635683940023E-14,0.));
#9756=DIRECTION('',(1.,0.,0.));
#9757=DIRECTION('center_axis',(0.,0.,1.));
#9758=DIRECTION('ref_axis',(0.,-1.,0.));
#9759=DIRECTION('',(0.,1.,0.));
#9760=DIRECTION('center_axis',(0.,0.,1.));
#9761=DIRECTION('ref_axis',(1.,0.,0.));
#9762=DIRECTION('',(-1.,0.,0.));
#9763=DIRECTION('center_axis',(0.,0.,1.));
#9764=DIRECTION('ref_axis',(0.,1.,0.));
#9765=DIRECTION('',(0.,-1.,0.));
#9766=DIRECTION('center_axis',(0.,0.,1.));
#9767=DIRECTION('ref_axis',(-1.,-1.77635683940023E-14,0.));
#9768=DIRECTION('',(1.,0.,0.));
#9769=DIRECTION('center_axis',(0.,0.,1.));
#9770=DIRECTION('ref_axis',(0.,-1.,0.));
#9771=DIRECTION('',(0.,1.,0.));
#9772=DIRECTION('center_axis',(0.,0.,1.));
#9773=DIRECTION('ref_axis',(1.,0.,0.));
#9774=DIRECTION('',(-1.,0.,0.));
#9775=DIRECTION('center_axis',(0.,0.,1.));
#9776=DIRECTION('ref_axis',(0.,1.,0.));
#9777=DIRECTION('',(0.,-1.,0.));
#9778=DIRECTION('center_axis',(0.,0.,1.));
#9779=DIRECTION('ref_axis',(-1.,0.,0.));
#9780=DIRECTION('',(1.,0.,0.));
#9781=DIRECTION('center_axis',(0.,0.,1.));
#9782=DIRECTION('ref_axis',(0.,-1.,0.));
#9783=DIRECTION('',(0.,1.,0.));
#9784=DIRECTION('center_axis',(0.,0.,1.));
#9785=DIRECTION('ref_axis',(1.,0.,0.));
#9786=DIRECTION('',(-1.,0.,0.));
#9787=DIRECTION('center_axis',(0.,0.,1.));
#9788=DIRECTION('ref_axis',(0.,1.,0.));
#9789=DIRECTION('',(0.,-1.,0.));
#9790=DIRECTION('center_axis',(0.,0.,1.));
#9791=DIRECTION('ref_axis',(-1.,0.,0.));
#9792=DIRECTION('',(1.,0.,0.));
#9793=DIRECTION('center_axis',(0.,0.,1.));
#9794=DIRECTION('ref_axis',(0.,-1.,0.));
#9795=DIRECTION('',(0.,1.,0.));
#9796=DIRECTION('center_axis',(0.,0.,1.));
#9797=DIRECTION('ref_axis',(1.,0.,0.));
#9798=DIRECTION('',(-1.,0.,0.));
#9799=DIRECTION('center_axis',(0.,0.,1.));
#9800=DIRECTION('ref_axis',(0.,1.,0.));
#9801=DIRECTION('',(2.73285667600038E-15,-1.,0.));
#9802=DIRECTION('center_axis',(0.,0.,1.));
#9803=DIRECTION('ref_axis',(-1.,0.,0.));
#9804=DIRECTION('',(1.,0.,0.));
#9805=DIRECTION('center_axis',(0.,0.,1.));
#9806=DIRECTION('ref_axis',(0.,-1.,0.));
#9807=DIRECTION('',(0.,1.,0.));
#9808=DIRECTION('center_axis',(0.,0.,1.));
#9809=DIRECTION('ref_axis',(1.,0.,0.));
#9810=DIRECTION('',(-1.,0.,0.));
#9811=DIRECTION('center_axis',(0.,0.,1.));
#9812=DIRECTION('ref_axis',(0.,1.,0.));
#9813=DIRECTION('',(0.,-1.,0.));
#9814=DIRECTION('center_axis',(0.,0.,1.));
#9815=DIRECTION('ref_axis',(-1.,0.,0.));
#9816=DIRECTION('',(1.,0.,0.));
#9817=DIRECTION('center_axis',(0.,0.,1.));
#9818=DIRECTION('ref_axis',(0.,-1.,0.));
#9819=DIRECTION('',(0.,1.,0.));
#9820=DIRECTION('center_axis',(0.,0.,1.));
#9821=DIRECTION('ref_axis',(1.,0.,0.));
#9822=DIRECTION('',(-1.,0.,0.));
#9823=DIRECTION('center_axis',(0.,0.,1.));
#9824=DIRECTION('ref_axis',(0.,1.,0.));
#9825=DIRECTION('',(0.,-1.,0.));
#9826=DIRECTION('center_axis',(0.,0.,1.));
#9827=DIRECTION('ref_axis',(-1.,0.,0.));
#9828=DIRECTION('',(1.,0.,0.));
#9829=DIRECTION('center_axis',(0.,0.,1.));
#9830=DIRECTION('ref_axis',(0.,-1.,0.));
#9831=DIRECTION('',(0.,1.,0.));
#9832=DIRECTION('center_axis',(0.,0.,1.));
#9833=DIRECTION('ref_axis',(1.,0.,0.));
#9834=DIRECTION('',(-1.,0.,0.));
#9835=DIRECTION('center_axis',(0.,0.,1.));
#9836=DIRECTION('ref_axis',(0.,1.,0.));
#9837=DIRECTION('',(0.,-1.,0.));
#9838=DIRECTION('center_axis',(0.,0.,1.));
#9839=DIRECTION('ref_axis',(-1.,-7.1054273576009E-14,0.));
#9840=DIRECTION('',(1.,0.,0.));
#9841=DIRECTION('center_axis',(0.,0.,1.));
#9842=DIRECTION('ref_axis',(0.,-1.,0.));
#9843=DIRECTION('',(0.,1.,0.));
#9844=DIRECTION('center_axis',(0.,0.,1.));
#9845=DIRECTION('ref_axis',(1.,0.,0.));
#9846=DIRECTION('',(-1.,0.,0.));
#9847=DIRECTION('center_axis',(0.,0.,1.));
#9848=DIRECTION('ref_axis',(0.,1.,0.));
#9849=DIRECTION('',(0.,-1.,0.));
#9850=DIRECTION('center_axis',(0.,0.,1.));
#9851=DIRECTION('ref_axis',(-1.,0.,0.));
#9852=DIRECTION('',(1.,0.,0.));
#9853=DIRECTION('center_axis',(0.,0.,1.));
#9854=DIRECTION('ref_axis',(0.,-1.,0.));
#9855=DIRECTION('',(0.,1.,0.));
#9856=DIRECTION('center_axis',(0.,0.,1.));
#9857=DIRECTION('ref_axis',(1.,0.,0.));
#9858=DIRECTION('',(-1.,0.,0.));
#9859=DIRECTION('center_axis',(0.,0.,1.));
#9860=DIRECTION('ref_axis',(0.,1.,0.));
#9861=DIRECTION('',(0.,-1.,0.));
#9862=DIRECTION('center_axis',(0.,0.,1.));
#9863=DIRECTION('ref_axis',(-1.,0.,0.));
#9864=DIRECTION('',(1.,0.,0.));
#9865=DIRECTION('center_axis',(0.,0.,1.));
#9866=DIRECTION('ref_axis',(0.,-1.,0.));
#9867=DIRECTION('',(0.,1.,0.));
#9868=DIRECTION('center_axis',(0.,0.,1.));
#9869=DIRECTION('ref_axis',(1.,0.,0.));
#9870=DIRECTION('',(-1.,0.,0.));
#9871=DIRECTION('center_axis',(0.,0.,1.));
#9872=DIRECTION('ref_axis',(0.,1.,0.));
#9873=DIRECTION('',(0.,-1.,0.));
#9874=DIRECTION('center_axis',(0.,0.,1.));
#9875=DIRECTION('ref_axis',(-1.,0.,0.));
#9876=DIRECTION('',(1.,0.,0.));
#9877=DIRECTION('center_axis',(0.,0.,1.));
#9878=DIRECTION('ref_axis',(0.,-1.,0.));
#9879=DIRECTION('',(0.,1.,0.));
#9880=DIRECTION('center_axis',(0.,0.,1.));
#9881=DIRECTION('ref_axis',(1.,0.,0.));
#9882=DIRECTION('',(-1.,0.,0.));
#9883=DIRECTION('center_axis',(0.,0.,1.));
#9884=DIRECTION('ref_axis',(0.,1.,0.));
#9885=DIRECTION('',(0.,-1.,0.));
#9886=DIRECTION('center_axis',(0.,0.,1.));
#9887=DIRECTION('ref_axis',(-1.,-1.77635683940023E-14,0.));
#9888=DIRECTION('',(1.,0.,0.));
#9889=DIRECTION('center_axis',(0.,0.,1.));
#9890=DIRECTION('ref_axis',(0.,-1.,0.));
#9891=DIRECTION('',(0.,1.,0.));
#9892=DIRECTION('center_axis',(0.,0.,1.));
#9893=DIRECTION('ref_axis',(1.,0.,0.));
#9894=DIRECTION('',(-1.,0.,0.));
#9895=DIRECTION('center_axis',(0.,0.,1.));
#9896=DIRECTION('ref_axis',(0.,1.,0.));
#9897=DIRECTION('center_axis',(0.,0.,1.));
#9898=DIRECTION('ref_axis',(1.,0.,0.));
#9899=DIRECTION('',(0.,-1.,0.));
#9900=DIRECTION('center_axis',(0.,0.,1.));
#9901=DIRECTION('ref_axis',(-1.,-1.77635683940023E-14,0.));
#9902=DIRECTION('',(1.,0.,0.));
#9903=DIRECTION('center_axis',(0.,0.,1.));
#9904=DIRECTION('ref_axis',(0.,-1.,0.));
#9905=DIRECTION('',(0.,1.,0.));
#9906=DIRECTION('center_axis',(0.,0.,1.));
#9907=DIRECTION('ref_axis',(1.,0.,0.));
#9908=DIRECTION('',(-1.,0.,0.));
#9909=DIRECTION('center_axis',(0.,0.,1.));
#9910=DIRECTION('ref_axis',(0.,1.,0.));
#9911=DIRECTION('',(0.,-1.,0.));
#9912=DIRECTION('center_axis',(0.,0.,1.));
#9913=DIRECTION('ref_axis',(-1.,-7.1054273576009E-14,0.));
#9914=DIRECTION('',(1.,0.,0.));
#9915=DIRECTION('center_axis',(0.,0.,1.));
#9916=DIRECTION('ref_axis',(0.,-1.,0.));
#9917=DIRECTION('',(0.,1.,0.));
#9918=DIRECTION('center_axis',(0.,0.,1.));
#9919=DIRECTION('ref_axis',(1.,0.,0.));
#9920=DIRECTION('',(-1.,0.,0.));
#9921=DIRECTION('center_axis',(0.,0.,1.));
#9922=DIRECTION('ref_axis',(0.,1.,0.));
#9923=DIRECTION('',(0.,-1.,0.));
#9924=DIRECTION('center_axis',(0.,0.,1.));
#9925=DIRECTION('ref_axis',(-1.,0.,0.));
#9926=DIRECTION('',(1.,0.,0.));
#9927=DIRECTION('center_axis',(0.,0.,1.));
#9928=DIRECTION('ref_axis',(0.,-1.,0.));
#9929=DIRECTION('',(0.,1.,0.));
#9930=DIRECTION('center_axis',(0.,0.,1.));
#9931=DIRECTION('ref_axis',(1.,0.,0.));
#9932=DIRECTION('',(-1.,0.,0.));
#9933=DIRECTION('center_axis',(0.,0.,1.));
#9934=DIRECTION('ref_axis',(0.,1.,0.));
#9935=DIRECTION('',(0.,-1.,0.));
#9936=DIRECTION('center_axis',(0.,0.,1.));
#9937=DIRECTION('ref_axis',(-1.,0.,0.));
#9938=DIRECTION('',(1.,0.,0.));
#9939=DIRECTION('center_axis',(0.,0.,1.));
#9940=DIRECTION('ref_axis',(0.,-1.,0.));
#9941=DIRECTION('',(0.,1.,0.));
#9942=DIRECTION('center_axis',(0.,0.,1.));
#9943=DIRECTION('ref_axis',(1.,0.,0.));
#9944=DIRECTION('',(-1.,0.,0.));
#9945=DIRECTION('center_axis',(0.,0.,1.));
#9946=DIRECTION('ref_axis',(0.,1.,0.));
#9947=DIRECTION('',(0.,-1.,0.));
#9948=DIRECTION('center_axis',(0.,0.,1.));
#9949=DIRECTION('ref_axis',(-1.,0.,0.));
#9950=DIRECTION('',(1.,0.,0.));
#9951=DIRECTION('center_axis',(0.,0.,1.));
#9952=DIRECTION('ref_axis',(0.,-1.,0.));
#9953=DIRECTION('',(0.,1.,0.));
#9954=DIRECTION('center_axis',(0.,0.,1.));
#9955=DIRECTION('ref_axis',(1.,0.,0.));
#9956=DIRECTION('',(-1.,0.,0.));
#9957=DIRECTION('center_axis',(0.,0.,1.));
#9958=DIRECTION('ref_axis',(0.,1.,0.));
#9959=DIRECTION('',(0.,-1.,0.));
#9960=DIRECTION('center_axis',(0.,0.,1.));
#9961=DIRECTION('ref_axis',(-1.,-7.1054273576009E-14,0.));
#9962=DIRECTION('',(1.,0.,0.));
#9963=DIRECTION('center_axis',(0.,0.,1.));
#9964=DIRECTION('ref_axis',(0.,-1.,0.));
#9965=DIRECTION('',(0.,1.,0.));
#9966=DIRECTION('center_axis',(0.,0.,1.));
#9967=DIRECTION('ref_axis',(1.,0.,0.));
#9968=DIRECTION('',(-1.,0.,0.));
#9969=DIRECTION('center_axis',(0.,0.,1.));
#9970=DIRECTION('ref_axis',(0.,1.,0.));
#9971=DIRECTION('',(0.,-1.,0.));
#9972=DIRECTION('center_axis',(0.,0.,1.));
#9973=DIRECTION('ref_axis',(-1.,0.,0.));
#9974=DIRECTION('',(1.,0.,0.));
#9975=DIRECTION('center_axis',(0.,0.,1.));
#9976=DIRECTION('ref_axis',(0.,-1.,0.));
#9977=DIRECTION('',(0.,1.,0.));
#9978=DIRECTION('center_axis',(0.,0.,1.));
#9979=DIRECTION('ref_axis',(1.,0.,0.));
#9980=DIRECTION('',(-1.,0.,0.));
#9981=DIRECTION('center_axis',(0.,0.,1.));
#9982=DIRECTION('ref_axis',(0.,1.,0.));
#9983=DIRECTION('',(0.,-1.,0.));
#9984=DIRECTION('center_axis',(0.,0.,1.));
#9985=DIRECTION('ref_axis',(-1.,0.,0.));
#9986=DIRECTION('',(1.,0.,0.));
#9987=DIRECTION('center_axis',(0.,0.,1.));
#9988=DIRECTION('ref_axis',(0.,-1.,0.));
#9989=DIRECTION('',(0.,1.,0.));
#9990=DIRECTION('center_axis',(0.,0.,1.));
#9991=DIRECTION('ref_axis',(1.,0.,0.));
#9992=DIRECTION('',(-1.,0.,0.));
#9993=DIRECTION('center_axis',(0.,0.,1.));
#9994=DIRECTION('ref_axis',(0.,1.,0.));
#9995=DIRECTION('center_axis',(0.,-0.987688340595138,0.156434465040231));
#9996=DIRECTION('ref_axis',(1.,0.,0.));
#9997=DIRECTION('',(0.,-0.156434465040231,-0.987688340595138));
#9998=DIRECTION('center_axis',(0.,0.,1.));
#9999=DIRECTION('ref_axis',(0.707106781186552,0.707106781186543,0.));
#10000=DIRECTION('',(0.,0.,-1.));
#10001=DIRECTION('',(0.,0.,1.));
#10002=DIRECTION('center_axis',(1.,0.,0.));
#10003=DIRECTION('ref_axis',(0.,1.,0.));
#10004=DIRECTION('',(0.,0.156434465040231,0.987688340595138));
#10005=DIRECTION('center_axis',(0.,0.156434465040231,0.987688340595138));
#10006=DIRECTION('ref_axis',(0.707106781186553,-0.698401123333705,0.110615871041236));
#10007=DIRECTION('center_axis',(0.,0.,1.));
#10008=DIRECTION('ref_axis',(-1.,0.,0.));
#10009=DIRECTION('',(0.,0.,1.));
#10010=DIRECTION('',(0.,0.,1.));
#10011=DIRECTION('center_axis',(0.,1.,0.));
#10012=DIRECTION('ref_axis',(-1.,0.,0.));
#10013=DIRECTION('',(0.,0.,1.));
#10014=DIRECTION('center_axis',(0.,0.,1.));
#10015=DIRECTION('ref_axis',(0.,-1.,0.));
#10016=DIRECTION('',(0.,0.,1.));
#10017=DIRECTION('center_axis',(-1.,0.,0.));
#10018=DIRECTION('ref_axis',(0.,-1.,0.));
#10019=DIRECTION('',(0.,0.,1.));
#10020=DIRECTION('center_axis',(0.,0.,1.));
#10021=DIRECTION('ref_axis',(1.,0.,0.));
#10022=DIRECTION('',(0.,0.,1.));
#10023=DIRECTION('center_axis',(0.,-1.,0.));
#10024=DIRECTION('ref_axis',(1.,0.,0.));
#10025=DIRECTION('',(0.,0.,1.));
#10026=DIRECTION('center_axis',(0.,0.,1.));
#10027=DIRECTION('ref_axis',(0.,1.,0.));
#10028=DIRECTION('',(0.,0.,1.));
#10029=DIRECTION('center_axis',(1.,0.,0.));
#10030=DIRECTION('ref_axis',(0.,1.,0.));
#10031=DIRECTION('center_axis',(0.,0.,1.));
#10032=DIRECTION('ref_axis',(-1.,-1.77635683940023E-14,0.));
#10033=DIRECTION('',(0.,0.,1.));
#10034=DIRECTION('',(0.,0.,1.));
#10035=DIRECTION('center_axis',(0.,1.,0.));
#10036=DIRECTION('ref_axis',(-1.,0.,0.));
#10037=DIRECTION('',(0.,0.,1.));
#10038=DIRECTION('center_axis',(0.,0.,1.));
#10039=DIRECTION('ref_axis',(0.,-1.,0.));
#10040=DIRECTION('',(0.,0.,1.));
#10041=DIRECTION('center_axis',(-1.,-2.73285667600038E-15,0.));
#10042=DIRECTION('ref_axis',(2.73285667600038E-15,-1.,0.));
#10043=DIRECTION('',(0.,0.,1.));
#10044=DIRECTION('center_axis',(0.,0.,1.));
#10045=DIRECTION('ref_axis',(1.,0.,0.));
#10046=DIRECTION('',(0.,0.,1.));
#10047=DIRECTION('center_axis',(0.,-1.,0.));
#10048=DIRECTION('ref_axis',(1.,0.,0.));
#10049=DIRECTION('',(0.,0.,1.));
#10050=DIRECTION('center_axis',(0.,0.,1.));
#10051=DIRECTION('ref_axis',(0.,1.,0.));
#10052=DIRECTION('',(0.,0.,1.));
#10053=DIRECTION('center_axis',(1.,0.,0.));
#10054=DIRECTION('ref_axis',(0.,1.,0.));
#10055=DIRECTION('center_axis',(0.,0.,1.));
#10056=DIRECTION('ref_axis',(-1.,-7.10542735760141E-14,0.));
#10057=DIRECTION('',(0.,0.,1.));
#10058=DIRECTION('',(0.,0.,1.));
#10059=DIRECTION('center_axis',(0.,1.,0.));
#10060=DIRECTION('ref_axis',(-1.,0.,0.));
#10061=DIRECTION('',(0.,0.,1.));
#10062=DIRECTION('center_axis',(0.,0.,1.));
#10063=DIRECTION('ref_axis',(0.,-1.,0.));
#10064=DIRECTION('',(0.,0.,1.));
#10065=DIRECTION('center_axis',(-1.,0.,0.));
#10066=DIRECTION('ref_axis',(0.,-1.,0.));
#10067=DIRECTION('',(0.,0.,1.));
#10068=DIRECTION('center_axis',(0.,0.,1.));
#10069=DIRECTION('ref_axis',(1.,0.,0.));
#10070=DIRECTION('',(0.,0.,1.));
#10071=DIRECTION('center_axis',(0.,-1.,0.));
#10072=DIRECTION('ref_axis',(1.,0.,0.));
#10073=DIRECTION('',(0.,0.,1.));
#10074=DIRECTION('center_axis',(0.,0.,1.));
#10075=DIRECTION('ref_axis',(0.,1.,0.));
#10076=DIRECTION('',(0.,0.,1.));
#10077=DIRECTION('center_axis',(1.,0.,0.));
#10078=DIRECTION('ref_axis',(0.,1.,0.));
#10079=DIRECTION('center_axis',(0.,0.,1.));
#10080=DIRECTION('ref_axis',(-1.,0.,0.));
#10081=DIRECTION('',(0.,0.,1.));
#10082=DIRECTION('',(0.,0.,1.));
#10083=DIRECTION('center_axis',(0.,1.,0.));
#10084=DIRECTION('ref_axis',(-1.,0.,0.));
#10085=DIRECTION('',(0.,0.,1.));
#10086=DIRECTION('center_axis',(0.,0.,1.));
#10087=DIRECTION('ref_axis',(0.,-1.,0.));
#10088=DIRECTION('',(0.,0.,1.));
#10089=DIRECTION('center_axis',(-1.,0.,0.));
#10090=DIRECTION('ref_axis',(0.,-1.,0.));
#10091=DIRECTION('',(0.,0.,1.));
#10092=DIRECTION('center_axis',(0.,0.,1.));
#10093=DIRECTION('ref_axis',(1.,0.,0.));
#10094=DIRECTION('',(0.,0.,1.));
#10095=DIRECTION('center_axis',(0.,-1.,0.));
#10096=DIRECTION('ref_axis',(1.,0.,0.));
#10097=DIRECTION('',(0.,0.,1.));
#10098=DIRECTION('center_axis',(0.,0.,1.));
#10099=DIRECTION('ref_axis',(0.,1.,0.));
#10100=DIRECTION('',(0.,0.,1.));
#10101=DIRECTION('center_axis',(1.,0.,0.));
#10102=DIRECTION('ref_axis',(0.,1.,0.));
#10103=DIRECTION('center_axis',(0.,0.,1.));
#10104=DIRECTION('ref_axis',(-1.,-7.1054273576009E-14,0.));
#10105=DIRECTION('',(0.,0.,1.));
#10106=DIRECTION('',(0.,0.,1.));
#10107=DIRECTION('center_axis',(0.,1.,0.));
#10108=DIRECTION('ref_axis',(-1.,0.,0.));
#10109=DIRECTION('',(0.,0.,1.));
#10110=DIRECTION('center_axis',(0.,0.,1.));
#10111=DIRECTION('ref_axis',(0.,-1.,0.));
#10112=DIRECTION('',(0.,0.,1.));
#10113=DIRECTION('center_axis',(-1.,0.,0.));
#10114=DIRECTION('ref_axis',(0.,-1.,0.));
#10115=DIRECTION('',(0.,0.,1.));
#10116=DIRECTION('center_axis',(0.,0.,1.));
#10117=DIRECTION('ref_axis',(1.,0.,0.));
#10118=DIRECTION('',(0.,0.,1.));
#10119=DIRECTION('center_axis',(0.,-1.,0.));
#10120=DIRECTION('ref_axis',(1.,0.,0.));
#10121=DIRECTION('',(0.,0.,1.));
#10122=DIRECTION('center_axis',(0.,0.,1.));
#10123=DIRECTION('ref_axis',(0.,1.,0.));
#10124=DIRECTION('',(0.,0.,1.));
#10125=DIRECTION('center_axis',(1.,0.,0.));
#10126=DIRECTION('ref_axis',(0.,1.,0.));
#10127=DIRECTION('center_axis',(0.,0.,1.));
#10128=DIRECTION('ref_axis',(-1.,0.,0.));
#10129=DIRECTION('',(0.,0.,1.));
#10130=DIRECTION('',(0.,0.,1.));
#10131=DIRECTION('center_axis',(0.,1.,0.));
#10132=DIRECTION('ref_axis',(-1.,0.,0.));
#10133=DIRECTION('',(0.,0.,1.));
#10134=DIRECTION('center_axis',(0.,0.,1.));
#10135=DIRECTION('ref_axis',(0.,-1.,0.));
#10136=DIRECTION('',(0.,0.,1.));
#10137=DIRECTION('center_axis',(-1.,0.,0.));
#10138=DIRECTION('ref_axis',(0.,-1.,0.));
#10139=DIRECTION('',(0.,0.,1.));
#10140=DIRECTION('center_axis',(0.,0.,1.));
#10141=DIRECTION('ref_axis',(1.,0.,0.));
#10142=DIRECTION('',(0.,0.,1.));
#10143=DIRECTION('center_axis',(0.,-1.,0.));
#10144=DIRECTION('ref_axis',(1.,0.,0.));
#10145=DIRECTION('',(0.,0.,1.));
#10146=DIRECTION('center_axis',(0.,0.,1.));
#10147=DIRECTION('ref_axis',(0.,1.,0.));
#10148=DIRECTION('',(0.,0.,1.));
#10149=DIRECTION('center_axis',(1.,0.,0.));
#10150=DIRECTION('ref_axis',(0.,1.,0.));
#10151=DIRECTION('center_axis',(0.,0.,1.));
#10152=DIRECTION('ref_axis',(-1.,0.,0.));
#10153=DIRECTION('',(0.,0.,1.));
#10154=DIRECTION('',(0.,0.,1.));
#10155=DIRECTION('center_axis',(0.,1.,0.));
#10156=DIRECTION('ref_axis',(-1.,0.,0.));
#10157=DIRECTION('',(0.,0.,1.));
#10158=DIRECTION('center_axis',(0.,0.,1.));
#10159=DIRECTION('ref_axis',(0.,-1.,0.));
#10160=DIRECTION('',(0.,0.,1.));
#10161=DIRECTION('center_axis',(-1.,0.,0.));
#10162=DIRECTION('ref_axis',(0.,-1.,0.));
#10163=DIRECTION('',(0.,0.,1.));
#10164=DIRECTION('center_axis',(0.,0.,1.));
#10165=DIRECTION('ref_axis',(1.,0.,0.));
#10166=DIRECTION('',(0.,0.,1.));
#10167=DIRECTION('center_axis',(0.,-1.,0.));
#10168=DIRECTION('ref_axis',(1.,0.,0.));
#10169=DIRECTION('',(0.,0.,1.));
#10170=DIRECTION('center_axis',(0.,0.,1.));
#10171=DIRECTION('ref_axis',(0.,1.,0.));
#10172=DIRECTION('',(0.,0.,1.));
#10173=DIRECTION('center_axis',(1.,0.,0.));
#10174=DIRECTION('ref_axis',(0.,1.,0.));
#10175=DIRECTION('center_axis',(0.,0.,1.));
#10176=DIRECTION('ref_axis',(-1.,0.,0.));
#10177=DIRECTION('',(0.,0.,1.));
#10178=DIRECTION('',(0.,0.,1.));
#10179=DIRECTION('center_axis',(0.,1.,0.));
#10180=DIRECTION('ref_axis',(-1.,0.,0.));
#10181=DIRECTION('',(0.,0.,1.));
#10182=DIRECTION('center_axis',(0.,0.,1.));
#10183=DIRECTION('ref_axis',(0.,-1.,0.));
#10184=DIRECTION('',(0.,0.,1.));
#10185=DIRECTION('center_axis',(-1.,0.,0.));
#10186=DIRECTION('ref_axis',(0.,-1.,0.));
#10187=DIRECTION('',(0.,0.,1.));
#10188=DIRECTION('center_axis',(0.,0.,1.));
#10189=DIRECTION('ref_axis',(1.,0.,0.));
#10190=DIRECTION('',(0.,0.,1.));
#10191=DIRECTION('center_axis',(0.,-1.,0.));
#10192=DIRECTION('ref_axis',(1.,0.,0.));
#10193=DIRECTION('',(0.,0.,1.));
#10194=DIRECTION('center_axis',(0.,0.,1.));
#10195=DIRECTION('ref_axis',(0.,1.,0.));
#10196=DIRECTION('',(0.,0.,1.));
#10197=DIRECTION('center_axis',(1.,0.,0.));
#10198=DIRECTION('ref_axis',(0.,1.,0.));
#10199=DIRECTION('center_axis',(0.,0.,1.));
#10200=DIRECTION('ref_axis',(-1.,0.,0.));
#10201=DIRECTION('',(0.,0.,1.));
#10202=DIRECTION('',(0.,0.,1.));
#10203=DIRECTION('center_axis',(0.,1.,0.));
#10204=DIRECTION('ref_axis',(-1.,0.,0.));
#10205=DIRECTION('',(0.,0.,1.));
#10206=DIRECTION('center_axis',(0.,0.,1.));
#10207=DIRECTION('ref_axis',(0.,-1.,0.));
#10208=DIRECTION('',(0.,0.,1.));
#10209=DIRECTION('center_axis',(-1.,0.,0.));
#10210=DIRECTION('ref_axis',(0.,-1.,0.));
#10211=DIRECTION('',(0.,0.,1.));
#10212=DIRECTION('center_axis',(0.,0.,1.));
#10213=DIRECTION('ref_axis',(1.,0.,0.));
#10214=DIRECTION('',(0.,0.,1.));
#10215=DIRECTION('center_axis',(0.,-1.,0.));
#10216=DIRECTION('ref_axis',(1.,0.,0.));
#10217=DIRECTION('',(0.,0.,1.));
#10218=DIRECTION('center_axis',(0.,0.,1.));
#10219=DIRECTION('ref_axis',(0.,1.,0.));
#10220=DIRECTION('',(0.,0.,1.));
#10221=DIRECTION('center_axis',(1.,0.,0.));
#10222=DIRECTION('ref_axis',(0.,1.,0.));
#10223=DIRECTION('center_axis',(0.,0.,1.));
#10224=DIRECTION('ref_axis',(-1.,0.,0.));
#10225=DIRECTION('',(0.,0.,1.));
#10226=DIRECTION('',(0.,0.,1.));
#10227=DIRECTION('center_axis',(0.,1.,0.));
#10228=DIRECTION('ref_axis',(-1.,0.,0.));
#10229=DIRECTION('',(0.,0.,1.));
#10230=DIRECTION('center_axis',(0.,0.,1.));
#10231=DIRECTION('ref_axis',(0.,-1.,0.));
#10232=DIRECTION('',(0.,0.,1.));
#10233=DIRECTION('center_axis',(-1.,0.,0.));
#10234=DIRECTION('ref_axis',(0.,-1.,0.));
#10235=DIRECTION('',(0.,0.,1.));
#10236=DIRECTION('center_axis',(0.,0.,1.));
#10237=DIRECTION('ref_axis',(1.,0.,0.));
#10238=DIRECTION('',(0.,0.,1.));
#10239=DIRECTION('center_axis',(0.,-1.,0.));
#10240=DIRECTION('ref_axis',(1.,0.,0.));
#10241=DIRECTION('',(0.,0.,1.));
#10242=DIRECTION('center_axis',(0.,0.,1.));
#10243=DIRECTION('ref_axis',(0.,1.,0.));
#10244=DIRECTION('',(0.,0.,1.));
#10245=DIRECTION('center_axis',(1.,0.,0.));
#10246=DIRECTION('ref_axis',(0.,1.,0.));
#10247=DIRECTION('center_axis',(0.,0.,1.));
#10248=DIRECTION('ref_axis',(-1.,0.,0.));
#10249=DIRECTION('',(0.,0.,1.));
#10250=DIRECTION('',(0.,0.,1.));
#10251=DIRECTION('center_axis',(0.,1.,0.));
#10252=DIRECTION('ref_axis',(-1.,0.,0.));
#10253=DIRECTION('',(0.,0.,1.));
#10254=DIRECTION('center_axis',(0.,0.,1.));
#10255=DIRECTION('ref_axis',(0.,-1.,0.));
#10256=DIRECTION('',(0.,0.,1.));
#10257=DIRECTION('center_axis',(-1.,0.,0.));
#10258=DIRECTION('ref_axis',(0.,-1.,0.));
#10259=DIRECTION('',(0.,0.,1.));
#10260=DIRECTION('center_axis',(0.,0.,1.));
#10261=DIRECTION('ref_axis',(1.,0.,0.));
#10262=DIRECTION('',(0.,0.,1.));
#10263=DIRECTION('center_axis',(0.,-1.,0.));
#10264=DIRECTION('ref_axis',(1.,0.,0.));
#10265=DIRECTION('',(0.,0.,1.));
#10266=DIRECTION('center_axis',(0.,0.,1.));
#10267=DIRECTION('ref_axis',(0.,1.,0.));
#10268=DIRECTION('',(0.,0.,1.));
#10269=DIRECTION('center_axis',(1.,0.,0.));
#10270=DIRECTION('ref_axis',(0.,1.,0.));
#10271=DIRECTION('center_axis',(0.,0.,1.));
#10272=DIRECTION('ref_axis',(-1.,-7.10542735760141E-14,0.));
#10273=DIRECTION('',(0.,0.,1.));
#10274=DIRECTION('',(0.,0.,1.));
#10275=DIRECTION('center_axis',(0.,1.,0.));
#10276=DIRECTION('ref_axis',(-1.,0.,0.));
#10277=DIRECTION('',(0.,0.,1.));
#10278=DIRECTION('center_axis',(0.,0.,1.));
#10279=DIRECTION('ref_axis',(0.,-1.,0.));
#10280=DIRECTION('',(0.,0.,1.));
#10281=DIRECTION('center_axis',(-1.,0.,0.));
#10282=DIRECTION('ref_axis',(0.,-1.,0.));
#10283=DIRECTION('',(0.,0.,1.));
#10284=DIRECTION('center_axis',(0.,0.,1.));
#10285=DIRECTION('ref_axis',(1.,0.,0.));
#10286=DIRECTION('',(0.,0.,1.));
#10287=DIRECTION('center_axis',(0.,-1.,0.));
#10288=DIRECTION('ref_axis',(1.,0.,0.));
#10289=DIRECTION('',(0.,0.,1.));
#10290=DIRECTION('center_axis',(0.,0.,1.));
#10291=DIRECTION('ref_axis',(0.,1.,0.));
#10292=DIRECTION('',(0.,0.,1.));
#10293=DIRECTION('center_axis',(1.,0.,0.));
#10294=DIRECTION('ref_axis',(0.,1.,0.));
#10295=DIRECTION('center_axis',(0.,0.,1.));
#10296=DIRECTION('ref_axis',(-1.,0.,0.));
#10297=DIRECTION('',(0.,0.,1.));
#10298=DIRECTION('',(0.,0.,1.));
#10299=DIRECTION('center_axis',(0.,1.,0.));
#10300=DIRECTION('ref_axis',(-1.,0.,0.));
#10301=DIRECTION('',(0.,0.,1.));
#10302=DIRECTION('center_axis',(0.,0.,1.));
#10303=DIRECTION('ref_axis',(0.,-1.,0.));
#10304=DIRECTION('',(0.,0.,1.));
#10305=DIRECTION('center_axis',(-1.,0.,0.));
#10306=DIRECTION('ref_axis',(0.,-1.,0.));
#10307=DIRECTION('',(0.,0.,1.));
#10308=DIRECTION('center_axis',(0.,0.,1.));
#10309=DIRECTION('ref_axis',(1.,0.,0.));
#10310=DIRECTION('',(0.,0.,1.));
#10311=DIRECTION('center_axis',(0.,-1.,0.));
#10312=DIRECTION('ref_axis',(1.,0.,0.));
#10313=DIRECTION('',(0.,0.,1.));
#10314=DIRECTION('center_axis',(0.,0.,1.));
#10315=DIRECTION('ref_axis',(0.,1.,0.));
#10316=DIRECTION('',(0.,0.,1.));
#10317=DIRECTION('center_axis',(1.,0.,0.));
#10318=DIRECTION('ref_axis',(0.,1.,0.));
#10319=DIRECTION('center_axis',(0.,0.,1.));
#10320=DIRECTION('ref_axis',(-1.,0.,0.));
#10321=DIRECTION('',(0.,0.,1.));
#10322=DIRECTION('',(0.,0.,1.));
#10323=DIRECTION('center_axis',(0.,1.,0.));
#10324=DIRECTION('ref_axis',(-1.,0.,0.));
#10325=DIRECTION('',(0.,0.,1.));
#10326=DIRECTION('center_axis',(0.,0.,1.));
#10327=DIRECTION('ref_axis',(0.,-1.,0.));
#10328=DIRECTION('',(0.,0.,1.));
#10329=DIRECTION('center_axis',(-1.,0.,0.));
#10330=DIRECTION('ref_axis',(0.,-1.,0.));
#10331=DIRECTION('',(0.,0.,1.));
#10332=DIRECTION('center_axis',(0.,0.,1.));
#10333=DIRECTION('ref_axis',(1.,0.,0.));
#10334=DIRECTION('',(0.,0.,1.));
#10335=DIRECTION('center_axis',(0.,-1.,0.));
#10336=DIRECTION('ref_axis',(1.,0.,0.));
#10337=DIRECTION('',(0.,0.,1.));
#10338=DIRECTION('center_axis',(0.,0.,1.));
#10339=DIRECTION('ref_axis',(0.,1.,0.));
#10340=DIRECTION('',(0.,0.,1.));
#10341=DIRECTION('center_axis',(1.,0.,0.));
#10342=DIRECTION('ref_axis',(0.,1.,0.));
#10343=DIRECTION('center_axis',(0.,0.,1.));
#10344=DIRECTION('ref_axis',(-1.,0.,0.));
#10345=DIRECTION('',(0.,0.,1.));
#10346=DIRECTION('',(0.,0.,1.));
#10347=DIRECTION('center_axis',(0.,1.,0.));
#10348=DIRECTION('ref_axis',(-1.,0.,0.));
#10349=DIRECTION('',(0.,0.,1.));
#10350=DIRECTION('center_axis',(0.,0.,1.));
#10351=DIRECTION('ref_axis',(0.,-1.,0.));
#10352=DIRECTION('',(0.,0.,1.));
#10353=DIRECTION('center_axis',(-1.,0.,0.));
#10354=DIRECTION('ref_axis',(0.,-1.,0.));
#10355=DIRECTION('',(0.,0.,1.));
#10356=DIRECTION('center_axis',(0.,0.,1.));
#10357=DIRECTION('ref_axis',(1.,0.,0.));
#10358=DIRECTION('',(0.,0.,1.));
#10359=DIRECTION('center_axis',(0.,-1.,0.));
#10360=DIRECTION('ref_axis',(1.,0.,0.));
#10361=DIRECTION('',(0.,0.,1.));
#10362=DIRECTION('center_axis',(0.,0.,1.));
#10363=DIRECTION('ref_axis',(0.,1.,0.));
#10364=DIRECTION('',(0.,0.,1.));
#10365=DIRECTION('center_axis',(1.,2.73285667600038E-15,0.));
#10366=DIRECTION('ref_axis',(-2.73285667600038E-15,1.,0.));
#10367=DIRECTION('center_axis',(0.,0.,1.));
#10368=DIRECTION('ref_axis',(-1.,0.,0.));
#10369=DIRECTION('',(0.,0.,1.));
#10370=DIRECTION('',(0.,0.,1.));
#10371=DIRECTION('center_axis',(0.,1.,0.));
#10372=DIRECTION('ref_axis',(-1.,0.,0.));
#10373=DIRECTION('',(0.,0.,1.));
#10374=DIRECTION('center_axis',(0.,0.,1.));
#10375=DIRECTION('ref_axis',(0.,-1.,0.));
#10376=DIRECTION('',(0.,0.,1.));
#10377=DIRECTION('center_axis',(-1.,0.,0.));
#10378=DIRECTION('ref_axis',(0.,-1.,0.));
#10379=DIRECTION('',(0.,0.,1.));
#10380=DIRECTION('center_axis',(0.,0.,1.));
#10381=DIRECTION('ref_axis',(1.,0.,0.));
#10382=DIRECTION('',(0.,0.,1.));
#10383=DIRECTION('center_axis',(0.,-1.,0.));
#10384=DIRECTION('ref_axis',(1.,0.,0.));
#10385=DIRECTION('',(0.,0.,1.));
#10386=DIRECTION('center_axis',(0.,0.,1.));
#10387=DIRECTION('ref_axis',(0.,1.,0.));
#10388=DIRECTION('',(0.,0.,1.));
#10389=DIRECTION('center_axis',(1.,0.,0.));
#10390=DIRECTION('ref_axis',(0.,1.,0.));
#10391=DIRECTION('center_axis',(0.,0.,1.));
#10392=DIRECTION('ref_axis',(-1.,-8.88178419700113E-15,0.));
#10393=DIRECTION('',(0.,0.,1.));
#10394=DIRECTION('',(0.,0.,1.));
#10395=DIRECTION('center_axis',(-2.96059473233375E-16,1.,0.));
#10396=DIRECTION('ref_axis',(-1.,-2.96059473233375E-16,0.));
#10397=DIRECTION('',(0.,0.,1.));
#10398=DIRECTION('center_axis',(0.,0.,1.));
#10399=DIRECTION('ref_axis',(0.,-1.,0.));
#10400=DIRECTION('',(0.,0.,1.));
#10401=DIRECTION('center_axis',(-1.,2.368475785867E-15,0.));
#10402=DIRECTION('ref_axis',(-2.368475785867E-15,-1.,0.));
#10403=DIRECTION('',(0.,0.,1.));
#10404=DIRECTION('center_axis',(0.,0.,1.));
#10405=DIRECTION('ref_axis',(1.,0.,0.));
#10406=DIRECTION('',(0.,0.,1.));
#10407=DIRECTION('center_axis',(0.,-1.,0.));
#10408=DIRECTION('ref_axis',(1.,0.,0.));
#10409=DIRECTION('',(0.,0.,1.));
#10410=DIRECTION('center_axis',(0.,0.,1.));
#10411=DIRECTION('ref_axis',(0.,1.,0.));
#10412=DIRECTION('',(0.,0.,1.));
#10413=DIRECTION('center_axis',(1.,0.,0.));
#10414=DIRECTION('ref_axis',(0.,1.,0.));
#10415=DIRECTION('center_axis',(0.,0.,1.));
#10416=DIRECTION('ref_axis',(-1.,0.,0.));
#10417=DIRECTION('',(0.,0.,1.));
#10418=DIRECTION('',(0.,0.,1.));
#10419=DIRECTION('center_axis',(0.,1.,0.));
#10420=DIRECTION('ref_axis',(-1.,0.,0.));
#10421=DIRECTION('',(0.,0.,1.));
#10422=DIRECTION('center_axis',(0.,0.,1.));
#10423=DIRECTION('ref_axis',(0.,-1.,0.));
#10424=DIRECTION('',(0.,0.,1.));
#10425=DIRECTION('center_axis',(-1.,0.,0.));
#10426=DIRECTION('ref_axis',(0.,-1.,0.));
#10427=DIRECTION('',(0.,0.,1.));
#10428=DIRECTION('center_axis',(0.,0.,1.));
#10429=DIRECTION('ref_axis',(1.,0.,0.));
#10430=DIRECTION('',(0.,0.,1.));
#10431=DIRECTION('center_axis',(0.,-1.,0.));
#10432=DIRECTION('ref_axis',(1.,0.,0.));
#10433=DIRECTION('',(0.,0.,1.));
#10434=DIRECTION('center_axis',(0.,0.,1.));
#10435=DIRECTION('ref_axis',(0.,1.,0.));
#10436=DIRECTION('',(0.,0.,1.));
#10437=DIRECTION('center_axis',(1.,0.,0.));
#10438=DIRECTION('ref_axis',(0.,1.,0.));
#10439=DIRECTION('center_axis',(0.,0.,1.));
#10440=DIRECTION('ref_axis',(-1.,0.,0.));
#10441=DIRECTION('',(0.,0.,1.));
#10442=DIRECTION('',(0.,0.,1.));
#10443=DIRECTION('center_axis',(0.,1.,0.));
#10444=DIRECTION('ref_axis',(-1.,0.,0.));
#10445=DIRECTION('',(0.,0.,1.));
#10446=DIRECTION('center_axis',(0.,0.,1.));
#10447=DIRECTION('ref_axis',(0.,-1.,0.));
#10448=DIRECTION('',(0.,0.,1.));
#10449=DIRECTION('center_axis',(-1.,0.,0.));
#10450=DIRECTION('ref_axis',(0.,-1.,0.));
#10451=DIRECTION('',(0.,0.,1.));
#10452=DIRECTION('center_axis',(0.,0.,1.));
#10453=DIRECTION('ref_axis',(1.,0.,0.));
#10454=DIRECTION('',(0.,0.,1.));
#10455=DIRECTION('center_axis',(0.,-1.,0.));
#10456=DIRECTION('ref_axis',(1.,0.,0.));
#10457=DIRECTION('',(0.,0.,1.));
#10458=DIRECTION('center_axis',(0.,0.,1.));
#10459=DIRECTION('ref_axis',(0.,1.,0.));
#10460=DIRECTION('',(0.,0.,1.));
#10461=DIRECTION('center_axis',(1.,0.,0.));
#10462=DIRECTION('ref_axis',(0.,1.,0.));
#10463=DIRECTION('center_axis',(0.,0.,1.));
#10464=DIRECTION('ref_axis',(-1.,-7.1054273576009E-14,0.));
#10465=DIRECTION('',(0.,0.,1.));
#10466=DIRECTION('',(0.,0.,1.));
#10467=DIRECTION('center_axis',(0.,1.,0.));
#10468=DIRECTION('ref_axis',(-1.,0.,0.));
#10469=DIRECTION('',(0.,0.,1.));
#10470=DIRECTION('center_axis',(0.,0.,1.));
#10471=DIRECTION('ref_axis',(7.1054273576009E-14,-1.,0.));
#10472=DIRECTION('',(0.,0.,1.));
#10473=DIRECTION('center_axis',(-1.,0.,0.));
#10474=DIRECTION('ref_axis',(0.,-1.,0.));
#10475=DIRECTION('',(0.,0.,1.));
#10476=DIRECTION('center_axis',(0.,0.,1.));
#10477=DIRECTION('ref_axis',(1.,0.,0.));
#10478=DIRECTION('',(0.,0.,1.));
#10479=DIRECTION('center_axis',(0.,-1.,0.));
#10480=DIRECTION('ref_axis',(1.,0.,0.));
#10481=DIRECTION('',(0.,0.,1.));
#10482=DIRECTION('center_axis',(0.,0.,1.));
#10483=DIRECTION('ref_axis',(0.,1.,0.));
#10484=DIRECTION('',(0.,0.,1.));
#10485=DIRECTION('center_axis',(1.,0.,0.));
#10486=DIRECTION('ref_axis',(0.,1.,0.));
#10487=DIRECTION('center_axis',(0.,0.,1.));
#10488=DIRECTION('ref_axis',(-1.,0.,0.));
#10489=DIRECTION('',(0.,0.,1.));
#10490=DIRECTION('',(0.,0.,1.));
#10491=DIRECTION('center_axis',(0.,1.,0.));
#10492=DIRECTION('ref_axis',(-1.,0.,0.));
#10493=DIRECTION('',(0.,0.,1.));
#10494=DIRECTION('center_axis',(0.,0.,1.));
#10495=DIRECTION('ref_axis',(0.,-1.,0.));
#10496=DIRECTION('',(0.,0.,1.));
#10497=DIRECTION('center_axis',(-1.,0.,0.));
#10498=DIRECTION('ref_axis',(0.,-1.,0.));
#10499=DIRECTION('',(0.,0.,1.));
#10500=DIRECTION('center_axis',(0.,0.,1.));
#10501=DIRECTION('ref_axis',(1.,0.,0.));
#10502=DIRECTION('',(0.,0.,1.));
#10503=DIRECTION('center_axis',(0.,-1.,0.));
#10504=DIRECTION('ref_axis',(1.,0.,0.));
#10505=DIRECTION('',(0.,0.,1.));
#10506=DIRECTION('center_axis',(0.,0.,1.));
#10507=DIRECTION('ref_axis',(0.,1.,0.));
#10508=DIRECTION('',(0.,0.,1.));
#10509=DIRECTION('center_axis',(1.,0.,0.));
#10510=DIRECTION('ref_axis',(0.,1.,0.));
#10511=DIRECTION('center_axis',(0.,0.,1.));
#10512=DIRECTION('ref_axis',(1.,0.,0.));
#10513=DIRECTION('',(0.,0.,-1.));
#10514=DIRECTION('center_axis',(0.,0.,1.));
#10515=DIRECTION('ref_axis',(-1.,-1.77635683940023E-14,0.));
#10516=DIRECTION('',(0.,0.,1.));
#10517=DIRECTION('',(0.,0.,1.));
#10518=DIRECTION('center_axis',(0.,1.,0.));
#10519=DIRECTION('ref_axis',(-1.,0.,0.));
#10520=DIRECTION('',(0.,0.,1.));
#10521=DIRECTION('center_axis',(0.,0.,1.));
#10522=DIRECTION('ref_axis',(0.,-1.,0.));
#10523=DIRECTION('',(0.,0.,1.));
#10524=DIRECTION('center_axis',(-1.,0.,0.));
#10525=DIRECTION('ref_axis',(0.,-1.,0.));
#10526=DIRECTION('',(0.,0.,1.));
#10527=DIRECTION('center_axis',(0.,0.,1.));
#10528=DIRECTION('ref_axis',(1.,0.,0.));
#10529=DIRECTION('',(0.,0.,1.));
#10530=DIRECTION('center_axis',(0.,-1.,0.));
#10531=DIRECTION('ref_axis',(1.,0.,0.));
#10532=DIRECTION('',(0.,0.,1.));
#10533=DIRECTION('center_axis',(0.,0.,1.));
#10534=DIRECTION('ref_axis',(0.,1.,0.));
#10535=DIRECTION('',(0.,0.,1.));
#10536=DIRECTION('center_axis',(1.,0.,0.));
#10537=DIRECTION('ref_axis',(0.,1.,0.));
#10538=DIRECTION('center_axis',(0.,0.,1.));
#10539=DIRECTION('ref_axis',(-1.,0.,0.));
#10540=DIRECTION('',(0.,0.,1.));
#10541=DIRECTION('',(0.,0.,1.));
#10542=DIRECTION('center_axis',(0.,1.,0.));
#10543=DIRECTION('ref_axis',(-1.,0.,0.));
#10544=DIRECTION('',(0.,0.,1.));
#10545=DIRECTION('center_axis',(0.,0.,1.));
#10546=DIRECTION('ref_axis',(0.,-1.,0.));
#10547=DIRECTION('',(0.,0.,1.));
#10548=DIRECTION('center_axis',(-1.,0.,0.));
#10549=DIRECTION('ref_axis',(0.,-1.,0.));
#10550=DIRECTION('',(0.,0.,1.));
#10551=DIRECTION('center_axis',(0.,0.,1.));
#10552=DIRECTION('ref_axis',(1.,0.,0.));
#10553=DIRECTION('',(0.,0.,1.));
#10554=DIRECTION('center_axis',(0.,-1.,0.));
#10555=DIRECTION('ref_axis',(1.,0.,0.));
#10556=DIRECTION('',(0.,0.,1.));
#10557=DIRECTION('center_axis',(0.,0.,1.));
#10558=DIRECTION('ref_axis',(0.,1.,0.));
#10559=DIRECTION('',(0.,0.,1.));
#10560=DIRECTION('center_axis',(1.,0.,0.));
#10561=DIRECTION('ref_axis',(0.,1.,0.));
#10562=DIRECTION('center_axis',(0.,0.,1.));
#10563=DIRECTION('ref_axis',(-1.,0.,0.));
#10564=DIRECTION('',(0.,0.,1.));
#10565=DIRECTION('',(0.,0.,1.));
#10566=DIRECTION('center_axis',(0.,1.,0.));
#10567=DIRECTION('ref_axis',(-1.,0.,0.));
#10568=DIRECTION('',(0.,0.,1.));
#10569=DIRECTION('center_axis',(0.,0.,1.));
#10570=DIRECTION('ref_axis',(0.,-1.,0.));
#10571=DIRECTION('',(0.,0.,1.));
#10572=DIRECTION('center_axis',(-1.,0.,0.));
#10573=DIRECTION('ref_axis',(0.,-1.,0.));
#10574=DIRECTION('',(0.,0.,1.));
#10575=DIRECTION('center_axis',(0.,0.,1.));
#10576=DIRECTION('ref_axis',(1.,0.,0.));
#10577=DIRECTION('',(0.,0.,1.));
#10578=DIRECTION('center_axis',(0.,-1.,0.));
#10579=DIRECTION('ref_axis',(1.,0.,0.));
#10580=DIRECTION('',(0.,0.,1.));
#10581=DIRECTION('center_axis',(0.,0.,1.));
#10582=DIRECTION('ref_axis',(0.,1.,0.));
#10583=DIRECTION('',(0.,0.,1.));
#10584=DIRECTION('center_axis',(1.,0.,0.));
#10585=DIRECTION('ref_axis',(0.,1.,0.));
#10586=DIRECTION('center_axis',(0.,0.,1.));
#10587=DIRECTION('ref_axis',(1.,0.,0.));
#10588=DIRECTION('',(0.,0.,-1.));
#10589=DIRECTION('center_axis',(0.,0.,1.));
#10590=DIRECTION('ref_axis',(-1.,-1.77635683940023E-14,0.));
#10591=DIRECTION('',(0.,0.,1.));
#10592=DIRECTION('',(0.,0.,1.));
#10593=DIRECTION('center_axis',(0.,1.,0.));
#10594=DIRECTION('ref_axis',(-1.,0.,0.));
#10595=DIRECTION('',(0.,0.,1.));
#10596=DIRECTION('center_axis',(0.,0.,1.));
#10597=DIRECTION('ref_axis',(7.1054273576009E-14,-1.,0.));
#10598=DIRECTION('',(0.,0.,1.));
#10599=DIRECTION('center_axis',(-1.,0.,0.));
#10600=DIRECTION('ref_axis',(0.,-1.,0.));
#10601=DIRECTION('',(0.,0.,1.));
#10602=DIRECTION('center_axis',(0.,0.,1.));
#10603=DIRECTION('ref_axis',(1.,0.,0.));
#10604=DIRECTION('',(0.,0.,1.));
#10605=DIRECTION('center_axis',(0.,-1.,0.));
#10606=DIRECTION('ref_axis',(1.,0.,0.));
#10607=DIRECTION('',(0.,0.,1.));
#10608=DIRECTION('center_axis',(0.,0.,1.));
#10609=DIRECTION('ref_axis',(0.,1.,0.));
#10610=DIRECTION('',(0.,0.,1.));
#10611=DIRECTION('center_axis',(1.,0.,0.));
#10612=DIRECTION('ref_axis',(0.,1.,0.));
#10613=DIRECTION('center_axis',(0.,0.,1.));
#10614=DIRECTION('ref_axis',(-1.,0.,0.));
#10615=DIRECTION('',(0.,0.,1.));
#10616=DIRECTION('',(0.,0.,1.));
#10617=DIRECTION('center_axis',(0.,1.,0.));
#10618=DIRECTION('ref_axis',(-1.,0.,0.));
#10619=DIRECTION('',(0.,0.,1.));
#10620=DIRECTION('center_axis',(0.,0.,1.));
#10621=DIRECTION('ref_axis',(0.,-1.,0.));
#10622=DIRECTION('',(0.,0.,1.));
#10623=DIRECTION('center_axis',(-1.,0.,0.));
#10624=DIRECTION('ref_axis',(0.,-1.,0.));
#10625=DIRECTION('',(0.,0.,1.));
#10626=DIRECTION('center_axis',(0.,0.,1.));
#10627=DIRECTION('ref_axis',(1.,0.,0.));
#10628=DIRECTION('',(0.,0.,1.));
#10629=DIRECTION('center_axis',(0.,-1.,0.));
#10630=DIRECTION('ref_axis',(1.,0.,0.));
#10631=DIRECTION('',(0.,0.,1.));
#10632=DIRECTION('center_axis',(0.,0.,1.));
#10633=DIRECTION('ref_axis',(0.,1.,0.));
#10634=DIRECTION('',(0.,0.,1.));
#10635=DIRECTION('center_axis',(1.,0.,0.));
#10636=DIRECTION('ref_axis',(0.,1.,0.));
#10637=DIRECTION('center_axis',(0.,0.,1.));
#10638=DIRECTION('ref_axis',(-1.,-1.77635683940023E-14,0.));
#10639=DIRECTION('',(0.,0.,1.));
#10640=DIRECTION('',(0.,0.,1.));
#10641=DIRECTION('center_axis',(0.,1.,0.));
#10642=DIRECTION('ref_axis',(-1.,0.,0.));
#10643=DIRECTION('',(0.,0.,1.));
#10644=DIRECTION('center_axis',(0.,0.,1.));
#10645=DIRECTION('ref_axis',(0.,-1.,0.));
#10646=DIRECTION('',(0.,0.,1.));
#10647=DIRECTION('center_axis',(-1.,0.,0.));
#10648=DIRECTION('ref_axis',(0.,-1.,0.));
#10649=DIRECTION('',(0.,0.,1.));
#10650=DIRECTION('center_axis',(0.,0.,1.));
#10651=DIRECTION('ref_axis',(1.,0.,0.));
#10652=DIRECTION('',(0.,0.,1.));
#10653=DIRECTION('center_axis',(0.,-1.,0.));
#10654=DIRECTION('ref_axis',(1.,0.,0.));
#10655=DIRECTION('',(0.,0.,1.));
#10656=DIRECTION('center_axis',(0.,0.,1.));
#10657=DIRECTION('ref_axis',(0.,1.,0.));
#10658=DIRECTION('',(0.,0.,1.));
#10659=DIRECTION('center_axis',(1.,0.,0.));
#10660=DIRECTION('ref_axis',(0.,1.,0.));
#10661=DIRECTION('center_axis',(0.,0.,1.));
#10662=DIRECTION('ref_axis',(-1.,-1.77635683940023E-14,0.));
#10663=DIRECTION('',(0.,0.,1.));
#10664=DIRECTION('',(0.,0.,1.));
#10665=DIRECTION('center_axis',(0.,1.,0.));
#10666=DIRECTION('ref_axis',(-1.,0.,0.));
#10667=DIRECTION('',(0.,0.,1.));
#10668=DIRECTION('center_axis',(0.,0.,1.));
#10669=DIRECTION('ref_axis',(0.,-1.,0.));
#10670=DIRECTION('',(0.,0.,1.));
#10671=DIRECTION('center_axis',(-1.,0.,0.));
#10672=DIRECTION('ref_axis',(0.,-1.,0.));
#10673=DIRECTION('',(0.,0.,1.));
#10674=DIRECTION('center_axis',(0.,0.,1.));
#10675=DIRECTION('ref_axis',(1.,0.,0.));
#10676=DIRECTION('',(0.,0.,1.));
#10677=DIRECTION('center_axis',(0.,-1.,0.));
#10678=DIRECTION('ref_axis',(1.,0.,0.));
#10679=DIRECTION('',(0.,0.,1.));
#10680=DIRECTION('center_axis',(0.,0.,1.));
#10681=DIRECTION('ref_axis',(0.,1.,0.));
#10682=DIRECTION('',(0.,0.,1.));
#10683=DIRECTION('center_axis',(1.,0.,0.));
#10684=DIRECTION('ref_axis',(0.,1.,0.));
#10685=DIRECTION('center_axis',(0.,0.,1.));
#10686=DIRECTION('ref_axis',(-1.,0.,0.));
#10687=DIRECTION('',(0.,0.,1.));
#10688=DIRECTION('',(0.,0.,1.));
#10689=DIRECTION('center_axis',(0.,1.,0.));
#10690=DIRECTION('ref_axis',(-1.,0.,0.));
#10691=DIRECTION('',(0.,0.,1.));
#10692=DIRECTION('center_axis',(0.,0.,1.));
#10693=DIRECTION('ref_axis',(0.,-1.,0.));
#10694=DIRECTION('',(0.,0.,1.));
#10695=DIRECTION('center_axis',(-1.,0.,0.));
#10696=DIRECTION('ref_axis',(0.,-1.,0.));
#10697=DIRECTION('',(0.,0.,1.));
#10698=DIRECTION('center_axis',(0.,0.,1.));
#10699=DIRECTION('ref_axis',(1.,0.,0.));
#10700=DIRECTION('',(0.,0.,1.));
#10701=DIRECTION('center_axis',(0.,-1.,0.));
#10702=DIRECTION('ref_axis',(1.,0.,0.));
#10703=DIRECTION('',(0.,0.,1.));
#10704=DIRECTION('center_axis',(0.,0.,1.));
#10705=DIRECTION('ref_axis',(0.,1.,0.));
#10706=DIRECTION('',(0.,0.,1.));
#10707=DIRECTION('center_axis',(1.,0.,0.));
#10708=DIRECTION('ref_axis',(0.,1.,0.));
#10709=DIRECTION('center_axis',(0.,0.,1.));
#10710=DIRECTION('ref_axis',(-1.,0.,0.));
#10711=DIRECTION('',(0.,0.,1.));
#10712=DIRECTION('',(0.,0.,1.));
#10713=DIRECTION('center_axis',(0.,1.,0.));
#10714=DIRECTION('ref_axis',(-1.,0.,0.));
#10715=DIRECTION('',(0.,0.,1.));
#10716=DIRECTION('center_axis',(0.,0.,1.));
#10717=DIRECTION('ref_axis',(0.,-1.,0.));
#10718=DIRECTION('',(0.,0.,1.));
#10719=DIRECTION('center_axis',(-1.,0.,0.));
#10720=DIRECTION('ref_axis',(0.,-1.,0.));
#10721=DIRECTION('',(0.,0.,1.));
#10722=DIRECTION('center_axis',(0.,0.,1.));
#10723=DIRECTION('ref_axis',(1.,0.,0.));
#10724=DIRECTION('',(0.,0.,1.));
#10725=DIRECTION('center_axis',(0.,-1.,0.));
#10726=DIRECTION('ref_axis',(1.,0.,0.));
#10727=DIRECTION('',(0.,0.,1.));
#10728=DIRECTION('center_axis',(0.,0.,1.));
#10729=DIRECTION('ref_axis',(0.,1.,0.));
#10730=DIRECTION('',(0.,0.,1.));
#10731=DIRECTION('center_axis',(1.,0.,0.));
#10732=DIRECTION('ref_axis',(0.,1.,0.));
#10733=DIRECTION('center_axis',(0.,0.,1.));
#10734=DIRECTION('ref_axis',(-1.,0.,0.));
#10735=DIRECTION('',(0.,0.,1.));
#10736=DIRECTION('',(0.,0.,1.));
#10737=DIRECTION('center_axis',(0.,1.,0.));
#10738=DIRECTION('ref_axis',(-1.,0.,0.));
#10739=DIRECTION('',(0.,0.,1.));
#10740=DIRECTION('center_axis',(0.,0.,1.));
#10741=DIRECTION('ref_axis',(0.,-1.,0.));
#10742=DIRECTION('',(0.,0.,1.));
#10743=DIRECTION('center_axis',(-1.,0.,0.));
#10744=DIRECTION('ref_axis',(0.,-1.,0.));
#10745=DIRECTION('',(0.,0.,1.));
#10746=DIRECTION('center_axis',(0.,0.,1.));
#10747=DIRECTION('ref_axis',(1.,0.,0.));
#10748=DIRECTION('',(0.,0.,1.));
#10749=DIRECTION('center_axis',(0.,-1.,0.));
#10750=DIRECTION('ref_axis',(1.,0.,0.));
#10751=DIRECTION('',(0.,0.,1.));
#10752=DIRECTION('center_axis',(0.,0.,1.));
#10753=DIRECTION('ref_axis',(0.,1.,0.));
#10754=DIRECTION('',(0.,0.,1.));
#10755=DIRECTION('center_axis',(1.,2.73285667600038E-15,0.));
#10756=DIRECTION('ref_axis',(-2.73285667600038E-15,1.,0.));
#10757=DIRECTION('center_axis',(0.,0.,1.));
#10758=DIRECTION('ref_axis',(-1.,0.,0.));
#10759=DIRECTION('',(0.,0.,1.));
#10760=DIRECTION('',(0.,0.,1.));
#10761=DIRECTION('center_axis',(0.,1.,0.));
#10762=DIRECTION('ref_axis',(-1.,0.,0.));
#10763=DIRECTION('',(0.,0.,1.));
#10764=DIRECTION('center_axis',(0.,0.,1.));
#10765=DIRECTION('ref_axis',(0.,-1.,0.));
#10766=DIRECTION('',(0.,0.,1.));
#10767=DIRECTION('center_axis',(-1.,0.,0.));
#10768=DIRECTION('ref_axis',(0.,-1.,0.));
#10769=DIRECTION('',(0.,0.,1.));
#10770=DIRECTION('center_axis',(0.,0.,1.));
#10771=DIRECTION('ref_axis',(1.,0.,0.));
#10772=DIRECTION('',(0.,0.,1.));
#10773=DIRECTION('center_axis',(0.,-1.,0.));
#10774=DIRECTION('ref_axis',(1.,0.,0.));
#10775=DIRECTION('',(0.,0.,1.));
#10776=DIRECTION('center_axis',(0.,0.,1.));
#10777=DIRECTION('ref_axis',(0.,1.,0.));
#10778=DIRECTION('',(0.,0.,1.));
#10779=DIRECTION('center_axis',(1.,0.,0.));
#10780=DIRECTION('ref_axis',(0.,1.,0.));
#10781=DIRECTION('center_axis',(0.,0.,1.));
#10782=DIRECTION('ref_axis',(-1.,0.,0.));
#10783=DIRECTION('',(0.,0.,1.));
#10784=DIRECTION('',(0.,0.,1.));
#10785=DIRECTION('center_axis',(0.,1.,0.));
#10786=DIRECTION('ref_axis',(-1.,0.,0.));
#10787=DIRECTION('',(0.,0.,1.));
#10788=DIRECTION('center_axis',(0.,0.,1.));
#10789=DIRECTION('ref_axis',(0.,-1.,0.));
#10790=DIRECTION('',(0.,0.,1.));
#10791=DIRECTION('center_axis',(-1.,0.,0.));
#10792=DIRECTION('ref_axis',(0.,-1.,0.));
#10793=DIRECTION('',(0.,0.,1.));
#10794=DIRECTION('center_axis',(0.,0.,1.));
#10795=DIRECTION('ref_axis',(1.,0.,0.));
#10796=DIRECTION('',(0.,0.,1.));
#10797=DIRECTION('center_axis',(0.,-1.,0.));
#10798=DIRECTION('ref_axis',(1.,0.,0.));
#10799=DIRECTION('',(0.,0.,1.));
#10800=DIRECTION('center_axis',(0.,0.,1.));
#10801=DIRECTION('ref_axis',(0.,1.,0.));
#10802=DIRECTION('',(0.,0.,1.));
#10803=DIRECTION('center_axis',(1.,0.,0.));
#10804=DIRECTION('ref_axis',(0.,1.,0.));
#10805=DIRECTION('center_axis',(0.,0.,1.));
#10806=DIRECTION('ref_axis',(-1.,-7.1054273576009E-14,0.));
#10807=DIRECTION('',(0.,0.,1.));
#10808=DIRECTION('',(0.,0.,1.));
#10809=DIRECTION('center_axis',(0.,1.,0.));
#10810=DIRECTION('ref_axis',(-1.,0.,0.));
#10811=DIRECTION('',(0.,0.,1.));
#10812=DIRECTION('center_axis',(0.,0.,1.));
#10813=DIRECTION('ref_axis',(0.,-1.,0.));
#10814=DIRECTION('',(0.,0.,1.));
#10815=DIRECTION('center_axis',(-1.,0.,0.));
#10816=DIRECTION('ref_axis',(0.,-1.,0.));
#10817=DIRECTION('',(0.,0.,1.));
#10818=DIRECTION('center_axis',(0.,0.,1.));
#10819=DIRECTION('ref_axis',(1.,0.,0.));
#10820=DIRECTION('',(0.,0.,1.));
#10821=DIRECTION('center_axis',(0.,-1.,0.));
#10822=DIRECTION('ref_axis',(1.,0.,0.));
#10823=DIRECTION('',(0.,0.,1.));
#10824=DIRECTION('center_axis',(0.,0.,1.));
#10825=DIRECTION('ref_axis',(0.,1.,0.));
#10826=DIRECTION('',(0.,0.,1.));
#10827=DIRECTION('center_axis',(1.,0.,0.));
#10828=DIRECTION('ref_axis',(0.,1.,0.));
#10829=DIRECTION('center_axis',(0.,0.,1.));
#10830=DIRECTION('ref_axis',(-1.,0.,0.));
#10831=DIRECTION('',(0.,0.,1.));
#10832=DIRECTION('',(0.,0.,1.));
#10833=DIRECTION('center_axis',(0.,1.,0.));
#10834=DIRECTION('ref_axis',(-1.,0.,0.));
#10835=DIRECTION('',(0.,0.,1.));
#10836=DIRECTION('center_axis',(0.,0.,1.));
#10837=DIRECTION('ref_axis',(0.,-1.,0.));
#10838=DIRECTION('',(0.,0.,1.));
#10839=DIRECTION('center_axis',(-1.,0.,0.));
#10840=DIRECTION('ref_axis',(0.,-1.,0.));
#10841=DIRECTION('',(0.,0.,1.));
#10842=DIRECTION('center_axis',(0.,0.,1.));
#10843=DIRECTION('ref_axis',(1.,0.,0.));
#10844=DIRECTION('',(0.,0.,1.));
#10845=DIRECTION('center_axis',(0.,-1.,0.));
#10846=DIRECTION('ref_axis',(1.,0.,0.));
#10847=DIRECTION('',(0.,0.,1.));
#10848=DIRECTION('center_axis',(0.,0.,1.));
#10849=DIRECTION('ref_axis',(0.,1.,0.));
#10850=DIRECTION('',(0.,0.,1.));
#10851=DIRECTION('center_axis',(1.,0.,0.));
#10852=DIRECTION('ref_axis',(0.,1.,0.));
#10853=DIRECTION('center_axis',(0.,0.,1.));
#10854=DIRECTION('ref_axis',(-1.,0.,0.));
#10855=DIRECTION('',(0.,0.,1.));
#10856=DIRECTION('',(0.,0.,1.));
#10857=DIRECTION('center_axis',(0.,1.,0.));
#10858=DIRECTION('ref_axis',(-1.,0.,0.));
#10859=DIRECTION('',(0.,0.,1.));
#10860=DIRECTION('center_axis',(0.,0.,1.));
#10861=DIRECTION('ref_axis',(0.,-1.,0.));
#10862=DIRECTION('',(0.,0.,1.));
#10863=DIRECTION('center_axis',(-1.,0.,0.));
#10864=DIRECTION('ref_axis',(0.,-1.,0.));
#10865=DIRECTION('',(0.,0.,1.));
#10866=DIRECTION('center_axis',(0.,0.,1.));
#10867=DIRECTION('ref_axis',(1.,0.,0.));
#10868=DIRECTION('',(0.,0.,1.));
#10869=DIRECTION('center_axis',(0.,-1.,0.));
#10870=DIRECTION('ref_axis',(1.,0.,0.));
#10871=DIRECTION('',(0.,0.,1.));
#10872=DIRECTION('center_axis',(0.,0.,1.));
#10873=DIRECTION('ref_axis',(0.,1.,0.));
#10874=DIRECTION('',(0.,0.,1.));
#10875=DIRECTION('center_axis',(1.,0.,0.));
#10876=DIRECTION('ref_axis',(0.,1.,0.));
#10877=DIRECTION('center_axis',(0.,0.,1.));
#10878=DIRECTION('ref_axis',(-1.,0.,0.));
#10879=DIRECTION('',(0.,0.,1.));
#10880=DIRECTION('',(0.,0.,1.));
#10881=DIRECTION('center_axis',(0.,1.,0.));
#10882=DIRECTION('ref_axis',(-1.,0.,0.));
#10883=DIRECTION('',(0.,0.,1.));
#10884=DIRECTION('center_axis',(0.,0.,1.));
#10885=DIRECTION('ref_axis',(0.,-1.,0.));
#10886=DIRECTION('',(0.,0.,1.));
#10887=DIRECTION('center_axis',(-1.,0.,0.));
#10888=DIRECTION('ref_axis',(0.,-1.,0.));
#10889=DIRECTION('',(0.,0.,1.));
#10890=DIRECTION('center_axis',(0.,0.,1.));
#10891=DIRECTION('ref_axis',(1.,0.,0.));
#10892=DIRECTION('',(0.,0.,1.));
#10893=DIRECTION('center_axis',(0.,-1.,0.));
#10894=DIRECTION('ref_axis',(1.,0.,0.));
#10895=DIRECTION('',(0.,0.,1.));
#10896=DIRECTION('center_axis',(0.,0.,1.));
#10897=DIRECTION('ref_axis',(0.,1.,0.));
#10898=DIRECTION('',(0.,0.,1.));
#10899=DIRECTION('center_axis',(1.,0.,0.));
#10900=DIRECTION('ref_axis',(0.,1.,0.));
#10901=DIRECTION('center_axis',(0.,0.,1.));
#10902=DIRECTION('ref_axis',(-1.,-1.77635683940023E-14,0.));
#10903=DIRECTION('',(0.,0.,1.));
#10904=DIRECTION('',(0.,0.,1.));
#10905=DIRECTION('center_axis',(0.,1.,0.));
#10906=DIRECTION('ref_axis',(-1.,0.,0.));
#10907=DIRECTION('',(0.,0.,1.));
#10908=DIRECTION('center_axis',(0.,0.,1.));
#10909=DIRECTION('ref_axis',(0.,-1.,0.));
#10910=DIRECTION('',(0.,0.,1.));
#10911=DIRECTION('center_axis',(-1.,0.,0.));
#10912=DIRECTION('ref_axis',(0.,-1.,0.));
#10913=DIRECTION('',(0.,0.,1.));
#10914=DIRECTION('center_axis',(0.,0.,1.));
#10915=DIRECTION('ref_axis',(1.,0.,0.));
#10916=DIRECTION('',(0.,0.,1.));
#10917=DIRECTION('center_axis',(0.,-1.,0.));
#10918=DIRECTION('ref_axis',(1.,0.,0.));
#10919=DIRECTION('',(0.,0.,1.));
#10920=DIRECTION('center_axis',(0.,0.,1.));
#10921=DIRECTION('ref_axis',(0.,1.,0.));
#10922=DIRECTION('',(0.,0.,1.));
#10923=DIRECTION('center_axis',(1.,0.,0.));
#10924=DIRECTION('ref_axis',(0.,1.,0.));
#10925=DIRECTION('center_axis',(0.,0.,1.));
#10926=DIRECTION('ref_axis',(1.,0.,0.));
#10927=DIRECTION('',(0.,0.,-1.));
#10928=DIRECTION('center_axis',(0.,0.,1.));
#10929=DIRECTION('ref_axis',(-1.,-1.77635683940023E-14,0.));
#10930=DIRECTION('',(0.,0.,1.));
#10931=DIRECTION('',(0.,0.,1.));
#10932=DIRECTION('center_axis',(0.,1.,0.));
#10933=DIRECTION('ref_axis',(-1.,0.,0.));
#10934=DIRECTION('',(0.,0.,1.));
#10935=DIRECTION('center_axis',(0.,0.,1.));
#10936=DIRECTION('ref_axis',(0.,-1.,0.));
#10937=DIRECTION('',(0.,0.,1.));
#10938=DIRECTION('center_axis',(-1.,0.,0.));
#10939=DIRECTION('ref_axis',(0.,-1.,0.));
#10940=DIRECTION('',(0.,0.,1.));
#10941=DIRECTION('center_axis',(0.,0.,1.));
#10942=DIRECTION('ref_axis',(1.,0.,0.));
#10943=DIRECTION('',(0.,0.,1.));
#10944=DIRECTION('center_axis',(0.,-1.,0.));
#10945=DIRECTION('ref_axis',(1.,0.,0.));
#10946=DIRECTION('',(0.,0.,1.));
#10947=DIRECTION('center_axis',(0.,0.,1.));
#10948=DIRECTION('ref_axis',(0.,1.,0.));
#10949=DIRECTION('',(0.,0.,1.));
#10950=DIRECTION('center_axis',(1.,0.,0.));
#10951=DIRECTION('ref_axis',(0.,1.,0.));
#10952=DIRECTION('center_axis',(0.,0.,1.));
#10953=DIRECTION('ref_axis',(-1.,-7.1054273576009E-14,0.));
#10954=DIRECTION('',(0.,0.,1.));
#10955=DIRECTION('',(0.,0.,1.));
#10956=DIRECTION('center_axis',(0.,1.,0.));
#10957=DIRECTION('ref_axis',(-1.,0.,0.));
#10958=DIRECTION('',(0.,0.,1.));
#10959=DIRECTION('center_axis',(0.,0.,1.));
#10960=DIRECTION('ref_axis',(0.,-1.,0.));
#10961=DIRECTION('',(0.,0.,1.));
#10962=DIRECTION('center_axis',(-1.,0.,0.));
#10963=DIRECTION('ref_axis',(0.,-1.,0.));
#10964=DIRECTION('',(0.,0.,1.));
#10965=DIRECTION('center_axis',(0.,0.,1.));
#10966=DIRECTION('ref_axis',(1.,0.,0.));
#10967=DIRECTION('',(0.,0.,1.));
#10968=DIRECTION('center_axis',(0.,-1.,0.));
#10969=DIRECTION('ref_axis',(1.,0.,0.));
#10970=DIRECTION('',(0.,0.,1.));
#10971=DIRECTION('center_axis',(0.,0.,1.));
#10972=DIRECTION('ref_axis',(0.,1.,0.));
#10973=DIRECTION('',(0.,0.,1.));
#10974=DIRECTION('center_axis',(1.,0.,0.));
#10975=DIRECTION('ref_axis',(0.,1.,0.));
#10976=DIRECTION('center_axis',(0.,0.,1.));
#10977=DIRECTION('ref_axis',(-1.,0.,0.));
#10978=DIRECTION('',(0.,0.,1.));
#10979=DIRECTION('',(0.,0.,1.));
#10980=DIRECTION('center_axis',(0.,1.,0.));
#10981=DIRECTION('ref_axis',(-1.,0.,0.));
#10982=DIRECTION('',(0.,0.,1.));
#10983=DIRECTION('center_axis',(0.,0.,1.));
#10984=DIRECTION('ref_axis',(0.,-1.,0.));
#10985=DIRECTION('',(0.,0.,1.));
#10986=DIRECTION('center_axis',(-1.,0.,0.));
#10987=DIRECTION('ref_axis',(0.,-1.,0.));
#10988=DIRECTION('',(0.,0.,1.));
#10989=DIRECTION('center_axis',(0.,0.,1.));
#10990=DIRECTION('ref_axis',(1.,0.,0.));
#10991=DIRECTION('',(0.,0.,1.));
#10992=DIRECTION('center_axis',(0.,-1.,0.));
#10993=DIRECTION('ref_axis',(1.,0.,0.));
#10994=DIRECTION('',(0.,0.,1.));
#10995=DIRECTION('center_axis',(0.,0.,1.));
#10996=DIRECTION('ref_axis',(0.,1.,0.));
#10997=DIRECTION('',(0.,0.,1.));
#10998=DIRECTION('center_axis',(1.,0.,0.));
#10999=DIRECTION('ref_axis',(0.,1.,0.));
#11000=DIRECTION('center_axis',(0.,0.,1.));
#11001=DIRECTION('ref_axis',(-1.,0.,0.));
#11002=DIRECTION('',(0.,0.,1.));
#11003=DIRECTION('',(0.,0.,1.));
#11004=DIRECTION('center_axis',(0.,1.,0.));
#11005=DIRECTION('ref_axis',(-1.,0.,0.));
#11006=DIRECTION('',(0.,0.,1.));
#11007=DIRECTION('center_axis',(0.,0.,1.));
#11008=DIRECTION('ref_axis',(0.,-1.,0.));
#11009=DIRECTION('',(0.,0.,1.));
#11010=DIRECTION('center_axis',(-1.,0.,0.));
#11011=DIRECTION('ref_axis',(0.,-1.,0.));
#11012=DIRECTION('',(0.,0.,1.));
#11013=DIRECTION('center_axis',(0.,0.,1.));
#11014=DIRECTION('ref_axis',(1.,0.,0.));
#11015=DIRECTION('',(0.,0.,1.));
#11016=DIRECTION('center_axis',(0.,-1.,0.));
#11017=DIRECTION('ref_axis',(1.,0.,0.));
#11018=DIRECTION('',(0.,0.,1.));
#11019=DIRECTION('center_axis',(0.,0.,1.));
#11020=DIRECTION('ref_axis',(0.,1.,0.));
#11021=DIRECTION('',(0.,0.,1.));
#11022=DIRECTION('center_axis',(1.,0.,0.));
#11023=DIRECTION('ref_axis',(0.,1.,0.));
#11024=DIRECTION('center_axis',(0.,0.,1.));
#11025=DIRECTION('ref_axis',(-1.,0.,0.));
#11026=DIRECTION('',(0.,0.,1.));
#11027=DIRECTION('',(0.,0.,1.));
#11028=DIRECTION('center_axis',(0.,1.,0.));
#11029=DIRECTION('ref_axis',(-1.,0.,0.));
#11030=DIRECTION('',(0.,0.,1.));
#11031=DIRECTION('center_axis',(0.,0.,1.));
#11032=DIRECTION('ref_axis',(0.,-1.,0.));
#11033=DIRECTION('',(0.,0.,1.));
#11034=DIRECTION('center_axis',(-1.,0.,0.));
#11035=DIRECTION('ref_axis',(0.,-1.,0.));
#11036=DIRECTION('',(0.,0.,1.));
#11037=DIRECTION('center_axis',(0.,0.,1.));
#11038=DIRECTION('ref_axis',(1.,0.,0.));
#11039=DIRECTION('',(0.,0.,1.));
#11040=DIRECTION('center_axis',(0.,-1.,0.));
#11041=DIRECTION('ref_axis',(1.,0.,0.));
#11042=DIRECTION('',(0.,0.,1.));
#11043=DIRECTION('center_axis',(0.,0.,1.));
#11044=DIRECTION('ref_axis',(0.,1.,0.));
#11045=DIRECTION('',(0.,0.,1.));
#11046=DIRECTION('center_axis',(1.,0.,0.));
#11047=DIRECTION('ref_axis',(0.,1.,0.));
#11048=DIRECTION('center_axis',(0.,0.,1.));
#11049=DIRECTION('ref_axis',(-1.,-7.1054273576009E-14,0.));
#11050=DIRECTION('',(0.,0.,1.));
#11051=DIRECTION('',(0.,0.,1.));
#11052=DIRECTION('center_axis',(0.,1.,0.));
#11053=DIRECTION('ref_axis',(-1.,0.,0.));
#11054=DIRECTION('',(0.,0.,1.));
#11055=DIRECTION('center_axis',(0.,0.,1.));
#11056=DIRECTION('ref_axis',(0.,-1.,0.));
#11057=DIRECTION('',(0.,0.,1.));
#11058=DIRECTION('center_axis',(-1.,0.,0.));
#11059=DIRECTION('ref_axis',(0.,-1.,0.));
#11060=DIRECTION('',(0.,0.,1.));
#11061=DIRECTION('center_axis',(0.,0.,1.));
#11062=DIRECTION('ref_axis',(1.,0.,0.));
#11063=DIRECTION('',(0.,0.,1.));
#11064=DIRECTION('center_axis',(0.,-1.,0.));
#11065=DIRECTION('ref_axis',(1.,0.,0.));
#11066=DIRECTION('',(0.,0.,1.));
#11067=DIRECTION('center_axis',(0.,0.,1.));
#11068=DIRECTION('ref_axis',(0.,1.,0.));
#11069=DIRECTION('',(0.,0.,1.));
#11070=DIRECTION('center_axis',(1.,0.,0.));
#11071=DIRECTION('ref_axis',(0.,1.,0.));
#11072=DIRECTION('center_axis',(0.,0.,1.));
#11073=DIRECTION('ref_axis',(-1.,0.,0.));
#11074=DIRECTION('',(0.,0.,1.));
#11075=DIRECTION('',(0.,0.,1.));
#11076=DIRECTION('center_axis',(0.,1.,0.));
#11077=DIRECTION('ref_axis',(-1.,0.,0.));
#11078=DIRECTION('',(0.,0.,1.));
#11079=DIRECTION('center_axis',(0.,0.,1.));
#11080=DIRECTION('ref_axis',(0.,-1.,0.));
#11081=DIRECTION('',(0.,0.,1.));
#11082=DIRECTION('center_axis',(-1.,0.,0.));
#11083=DIRECTION('ref_axis',(0.,-1.,0.));
#11084=DIRECTION('',(0.,0.,1.));
#11085=DIRECTION('center_axis',(0.,0.,1.));
#11086=DIRECTION('ref_axis',(1.,0.,0.));
#11087=DIRECTION('',(0.,0.,1.));
#11088=DIRECTION('center_axis',(0.,-1.,0.));
#11089=DIRECTION('ref_axis',(1.,0.,0.));
#11090=DIRECTION('',(0.,0.,1.));
#11091=DIRECTION('center_axis',(0.,0.,1.));
#11092=DIRECTION('ref_axis',(0.,1.,0.));
#11093=DIRECTION('',(0.,0.,1.));
#11094=DIRECTION('center_axis',(1.,0.,0.));
#11095=DIRECTION('ref_axis',(0.,1.,0.));
#11096=DIRECTION('center_axis',(0.,0.,1.));
#11097=DIRECTION('ref_axis',(-1.,0.,0.));
#11098=DIRECTION('',(0.,0.,1.));
#11099=DIRECTION('',(0.,0.,1.));
#11100=DIRECTION('center_axis',(0.,1.,0.));
#11101=DIRECTION('ref_axis',(-1.,0.,0.));
#11102=DIRECTION('',(0.,0.,1.));
#11103=DIRECTION('center_axis',(0.,0.,1.));
#11104=DIRECTION('ref_axis',(0.,-1.,0.));
#11105=DIRECTION('',(0.,0.,1.));
#11106=DIRECTION('center_axis',(-1.,0.,0.));
#11107=DIRECTION('ref_axis',(0.,-1.,0.));
#11108=DIRECTION('',(0.,0.,1.));
#11109=DIRECTION('center_axis',(0.,0.,1.));
#11110=DIRECTION('ref_axis',(1.,0.,0.));
#11111=DIRECTION('',(0.,0.,1.));
#11112=DIRECTION('center_axis',(0.,-1.,0.));
#11113=DIRECTION('ref_axis',(1.,0.,0.));
#11114=DIRECTION('',(0.,0.,1.));
#11115=DIRECTION('center_axis',(0.,0.,1.));
#11116=DIRECTION('ref_axis',(0.,1.,0.));
#11117=DIRECTION('',(0.,0.,1.));
#11118=DIRECTION('center_axis',(1.,0.,0.));
#11119=DIRECTION('ref_axis',(0.,1.,0.));
#11120=DIRECTION('center_axis',(0.,1.,0.));
#11121=DIRECTION('ref_axis',(-1.,0.,0.));
#11122=CARTESIAN_POINT('',(0.,0.,0.));
#11123=CARTESIAN_POINT('Origin',(174.426,-5.263,10.));
#11124=CARTESIAN_POINT('',(174.426,-5.263,11.5));
#11125=CARTESIAN_POINT('',(167.188,-5.26300000000003,11.5));
#11126=CARTESIAN_POINT('',(168.426,-5.26300000000003,11.5));
#11127=CARTESIAN_POINT('',(174.426,-5.263,10.));
#11128=CARTESIAN_POINT('',(174.426,-5.263,10.));
#11129=CARTESIAN_POINT('',(167.188,-5.26300000000003,10.));
#11130=CARTESIAN_POINT('',(168.426,-5.26300000000003,10.));
#11131=CARTESIAN_POINT('',(167.188,-5.26300000000003,10.));
#11132=CARTESIAN_POINT('Origin',(167.188,-5.26300000000003,10.));
#11133=CARTESIAN_POINT('',(167.188,-26.6945,11.5));
#11134=CARTESIAN_POINT('',(167.188,-35.62425,11.5));
#11135=CARTESIAN_POINT('',(167.188,-26.6945,10.));
#11136=CARTESIAN_POINT('',(167.188,-35.62425,10.));
#11137=CARTESIAN_POINT('',(167.188,-26.6945,10.));
#11138=CARTESIAN_POINT('Origin',(167.188,-26.6945,10.));
#11139=CARTESIAN_POINT('',(157.663,-26.6945,11.5));
#11140=CARTESIAN_POINT('',(164.807,-26.6945,11.5));
#11141=CARTESIAN_POINT('',(157.663,-26.6945,10.));
#11142=CARTESIAN_POINT('',(164.807,-26.6945,10.));
#11143=CARTESIAN_POINT('',(157.663,-26.6945,10.));
#11144=CARTESIAN_POINT('Origin',(157.663,-26.6945,10.));
#11145=CARTESIAN_POINT('',(157.663,-48.1255,11.5));
#11146=CARTESIAN_POINT('',(157.663,-46.34,11.5));
#11147=CARTESIAN_POINT('',(157.663,-48.1255,10.));
#11148=CARTESIAN_POINT('',(157.663,-46.34,10.));
#11149=CARTESIAN_POINT('',(157.663,-48.1255,10.));
#11150=CARTESIAN_POINT('Origin',(157.663,-48.1255,10.));
#11151=CARTESIAN_POINT('',(167.188,-48.1255,11.5));
#11152=CARTESIAN_POINT('',(160.0445,-48.1255,11.5));
#11153=CARTESIAN_POINT('',(167.188,-48.1255,10.));
#11154=CARTESIAN_POINT('',(160.0445,-48.1255,10.));
#11155=CARTESIAN_POINT('',(167.188,-48.1255,10.));
#11156=CARTESIAN_POINT('Origin',(167.188,-48.1255,10.));
#11157=CARTESIAN_POINT('',(167.188,-67.1755,11.5));
#11158=CARTESIAN_POINT('',(167.188,-57.0555,11.5));
#11159=CARTESIAN_POINT('',(167.188,-67.1755,10.));
#11160=CARTESIAN_POINT('',(167.188,-57.0555,10.));
#11161=CARTESIAN_POINT('',(167.188,-67.1755,10.));
#11162=CARTESIAN_POINT('Origin',(167.188,-67.1755,10.));
#11163=CARTESIAN_POINT('',(152.9005,-67.1755,11.5));
#11164=CARTESIAN_POINT('',(164.807,-67.1755,11.5));
#11165=CARTESIAN_POINT('',(152.9005,-67.1755,10.));
#11166=CARTESIAN_POINT('',(164.807,-67.1755,10.));
#11167=CARTESIAN_POINT('',(152.9005,-67.1755,10.));
#11168=CARTESIAN_POINT('Origin',(152.9005,-67.1755,10.));
#11169=CARTESIAN_POINT('',(152.9005,-86.2255,11.5));
#11170=CARTESIAN_POINT('',(152.9005,-66.5805,11.5));
#11171=CARTESIAN_POINT('',(152.9005,-86.2255,10.));
#11172=CARTESIAN_POINT('',(152.9005,-66.5805,10.));
#11173=CARTESIAN_POINT('',(152.9005,-86.2255,10.));
#11174=CARTESIAN_POINT('Origin',(152.9005,-86.2255,10.));
#11175=CARTESIAN_POINT('',(162.4255,-86.2255,11.5));
#11176=CARTESIAN_POINT('',(157.66325,-86.2255,11.5));
#11177=CARTESIAN_POINT('',(162.4255,-86.2255,10.));
#11178=CARTESIAN_POINT('',(157.66325,-86.2255,10.));
#11179=CARTESIAN_POINT('',(162.4255,-86.2255,10.));
#11180=CARTESIAN_POINT('Origin',(162.4255,-86.2255,10.));
#11181=CARTESIAN_POINT('',(162.4255,-105.2755,11.5));
#11182=CARTESIAN_POINT('',(162.4255,-76.1055,11.5));
#11183=CARTESIAN_POINT('',(162.4255,-105.2755,10.));
#11184=CARTESIAN_POINT('',(162.4255,-76.1055,10.));
#11185=CARTESIAN_POINT('',(162.4255,-105.2755,10.));
#11186=CARTESIAN_POINT('Origin',(154.426,-105.2755,10.));
#11187=CARTESIAN_POINT('',(154.426,-105.2755,11.5));
#11188=CARTESIAN_POINT('',(154.425999999997,-143.078691082272,11.5));
#11189=CARTESIAN_POINT('',(154.426000000002,-85.6304999999997,11.5));
#11190=CARTESIAN_POINT('',(154.426,-105.2755,10.));
#11191=CARTESIAN_POINT('',(154.426,-105.2755,10.));
#11192=CARTESIAN_POINT('',(154.425999999997,-143.316267742759,10.));
#11193=CARTESIAN_POINT('',(154.426000000002,-85.6304999999997,10.));
#11194=CARTESIAN_POINT('',(154.425999999997,-142.842518423766,12.9911354803654));
#11195=CARTESIAN_POINT('Origin',(162.4255,-105.2755,10.));
#11196=CARTESIAN_POINT('',(162.42575,-105.2755,11.5));
#11197=CARTESIAN_POINT('',(162.42575,-105.2755,10.));
#11198=CARTESIAN_POINT('Origin',(174.426,10.0000001490116,10.));
#11199=CARTESIAN_POINT('',(174.426,9.999,11.5));
#11200=CARTESIAN_POINT('',(174.426,-27.9927499254942,11.5));
#11201=CARTESIAN_POINT('',(174.426,9.999,10.));
#11202=CARTESIAN_POINT('',(174.426,9.999,10.));
#11203=CARTESIAN_POINT('',(174.426,-27.9927499254942,10.));
#11204=CARTESIAN_POINT('Origin',(162.426,-65.9855,11.5));
#11205=CARTESIAN_POINT('',(330.851,-143.078691082272,11.5));
#11206=CARTESIAN_POINT('',(76.2135,-143.078691082272,11.5));
#11207=CARTESIAN_POINT('',(334.851,-139.02883057912,11.5));
#11208=CARTESIAN_POINT('Origin',(330.851,-139.02883057912,11.5));
#11209=CARTESIAN_POINT('',(334.851,5.999,11.5));
#11210=CARTESIAN_POINT('',(334.851,-103.97775,11.5));
#11211=CARTESIAN_POINT('',(330.851,9.999,11.5));
#11212=CARTESIAN_POINT('Origin',(330.851,5.999,11.5));
#11213=CARTESIAN_POINT('',(248.6385,9.999,11.5));
#11214=CARTESIAN_POINT('',(245.913,-64.1505,11.5));
#11215=CARTESIAN_POINT('',(245.913,-51.1505,11.5));
#11216=CARTESIAN_POINT('',(245.913,-65.068,11.5));
#11217=CARTESIAN_POINT('',(246.413,-50.6505,11.5));
#11218=CARTESIAN_POINT('Origin',(246.413,-51.1505,11.5));
#11219=CARTESIAN_POINT('',(259.413,-50.6505,11.5));
#11220=CARTESIAN_POINT('',(204.4195,-50.6505,11.5));
#11221=CARTESIAN_POINT('',(259.913,-51.1505,11.5));
#11222=CARTESIAN_POINT('Origin',(259.413,-51.1505,11.5));
#11223=CARTESIAN_POINT('',(259.913,-64.1505,11.5));
#11224=CARTESIAN_POINT('',(259.913,-58.568,11.5));
#11225=CARTESIAN_POINT('',(259.413,-64.6505,11.5));
#11226=CARTESIAN_POINT('Origin',(259.413,-64.1505,11.5));
#11227=CARTESIAN_POINT('',(246.413,-64.6505,11.5));
#11228=CARTESIAN_POINT('',(210.9195,-64.6505,11.5));
#11229=CARTESIAN_POINT('Origin',(246.413,-64.1505,11.5));
#11230=CARTESIAN_POINT('',(198.288,-45.1005,11.5));
#11231=CARTESIAN_POINT('',(198.288,-32.1005,11.5));
#11232=CARTESIAN_POINT('',(198.288,-55.543,11.5));
#11233=CARTESIAN_POINT('',(198.788,-31.6005,11.5));
#11234=CARTESIAN_POINT('Origin',(198.788,-32.1005,11.5));
#11235=CARTESIAN_POINT('',(211.788,-31.6005,11.5));
#11236=CARTESIAN_POINT('',(180.607,-31.6005,11.5));
#11237=CARTESIAN_POINT('',(212.288,-32.1005,11.5));
#11238=CARTESIAN_POINT('Origin',(211.788,-32.1005,11.5));
#11239=CARTESIAN_POINT('',(212.288,-45.1005,11.5));
#11240=CARTESIAN_POINT('',(212.288,-49.0429999999999,11.5));
#11241=CARTESIAN_POINT('',(211.788,-45.6005,11.5));
#11242=CARTESIAN_POINT('Origin',(211.788,-45.1005,11.5));
#11243=CARTESIAN_POINT('',(198.788,-45.6005,11.5));
#11244=CARTESIAN_POINT('',(187.107,-45.6005,11.5));
#11245=CARTESIAN_POINT('Origin',(198.788,-45.1005,11.5));
#11246=CARTESIAN_POINT('',(231.6255,-83.2005,11.5));
#11247=CARTESIAN_POINT('',(231.6255,-70.2005,11.5));
#11248=CARTESIAN_POINT('',(231.6255,-74.593,11.5));
#11249=CARTESIAN_POINT('',(232.1255,-69.7005,11.5));
#11250=CARTESIAN_POINT('Origin',(232.1255,-70.2005,11.5));
#11251=CARTESIAN_POINT('',(245.1255,-69.7005,11.5));
#11252=CARTESIAN_POINT('',(197.27575,-69.7005,11.5));
#11253=CARTESIAN_POINT('',(245.6255,-70.2005,11.5));
#11254=CARTESIAN_POINT('Origin',(245.1255,-70.2005,11.5));
#11255=CARTESIAN_POINT('',(245.6255,-83.2005,11.5));
#11256=CARTESIAN_POINT('',(245.6255,-68.093,11.5));
#11257=CARTESIAN_POINT('',(245.1255,-83.7005,11.5));
#11258=CARTESIAN_POINT('Origin',(245.1255,-83.2005,11.5));
#11259=CARTESIAN_POINT('',(232.1255,-83.7004999999999,11.5));
#11260=CARTESIAN_POINT('',(203.77575,-83.7005,11.5));
#11261=CARTESIAN_POINT('Origin',(232.1255,-83.2005,11.5));
#11262=CARTESIAN_POINT('',(222.1005,-102.2505,11.5));
#11263=CARTESIAN_POINT('',(222.1005,-89.2505,11.5));
#11264=CARTESIAN_POINT('',(222.1005,-84.118,11.5));
#11265=CARTESIAN_POINT('',(222.6005,-88.7505,11.5));
#11266=CARTESIAN_POINT('Origin',(222.6005,-89.2505,11.5));
#11267=CARTESIAN_POINT('',(235.6005,-88.7505,11.5));
#11268=CARTESIAN_POINT('',(192.51325,-88.7505,11.5));
#11269=CARTESIAN_POINT('',(236.1005,-89.2505,11.5));
#11270=CARTESIAN_POINT('Origin',(235.6005,-89.2505,11.5));
#11271=CARTESIAN_POINT('',(236.1005,-102.2505,11.5));
#11272=CARTESIAN_POINT('',(236.1005,-77.618,11.5));
#11273=CARTESIAN_POINT('',(235.6005,-102.7505,11.5));
#11274=CARTESIAN_POINT('Origin',(235.6005,-102.2505,11.5));
#11275=CARTESIAN_POINT('',(222.6005,-102.7505,11.5));
#11276=CARTESIAN_POINT('',(199.01325,-102.7505,11.5));
#11277=CARTESIAN_POINT('Origin',(222.6005,-102.2505,11.5));
#11278=CARTESIAN_POINT('',(262.58175,-83.2005,11.5));
#11279=CARTESIAN_POINT('',(262.58175,-70.2005,11.5));
#11280=CARTESIAN_POINT('',(262.58175,-74.593,11.5));
#11281=CARTESIAN_POINT('',(263.08175,-69.7005,11.5));
#11282=CARTESIAN_POINT('Origin',(263.08175,-70.2005,11.5));
#11283=CARTESIAN_POINT('',(276.08175,-69.7005,11.5));
#11284=CARTESIAN_POINT('',(212.753875,-69.7005,11.5));
#11285=CARTESIAN_POINT('',(276.58175,-70.2005,11.5));
#11286=CARTESIAN_POINT('Origin',(276.08175,-70.2005,11.5));
#11287=CARTESIAN_POINT('',(276.58175,-83.2005,11.5));
#11288=CARTESIAN_POINT('',(276.58175,-68.093,11.5));
#11289=CARTESIAN_POINT('',(276.08175,-83.7005,11.5));
#11290=CARTESIAN_POINT('Origin',(276.08175,-83.2005,11.5));
#11291=CARTESIAN_POINT('',(263.08175,-83.7005,11.5));
#11292=CARTESIAN_POINT('',(219.253875,-83.7005,11.5));
#11293=CARTESIAN_POINT('Origin',(263.08175,-83.2005,11.5));
#11294=CARTESIAN_POINT('',(274.488,-21.288,11.5));
#11295=CARTESIAN_POINT('',(274.488,-8.28799999999999,11.5));
#11296=CARTESIAN_POINT('',(274.488,-43.63675,11.5));
#11297=CARTESIAN_POINT('',(274.988,-7.78799999999999,11.5));
#11298=CARTESIAN_POINT('Origin',(274.988,-8.288,11.5));
#11299=CARTESIAN_POINT('',(287.988,-7.78799999999999,11.5));
#11300=CARTESIAN_POINT('',(218.707,-7.78799999999999,11.5));
#11301=CARTESIAN_POINT('',(288.488,-8.288,11.5));
#11302=CARTESIAN_POINT('Origin',(287.988,-8.28800000000001,11.5));
#11303=CARTESIAN_POINT('',(288.488,-21.288,11.5));
#11304=CARTESIAN_POINT('',(288.488,-37.13675,11.5));
#11305=CARTESIAN_POINT('',(287.988,-21.788,11.5));
#11306=CARTESIAN_POINT('Origin',(287.988,-21.288,11.5));
#11307=CARTESIAN_POINT('',(274.988,-21.788,11.5));
#11308=CARTESIAN_POINT('',(225.207,-21.788,11.5));
#11309=CARTESIAN_POINT('Origin',(274.988,-21.288,11.5));
#11310=CARTESIAN_POINT('',(164.9505,-102.2505,11.5));
#11311=CARTESIAN_POINT('',(164.9505,-89.2505,11.5));
#11312=CARTESIAN_POINT('',(164.9505,-84.118,11.5));
#11313=CARTESIAN_POINT('',(165.4505,-88.7505,11.5));
#11314=CARTESIAN_POINT('Origin',(165.4505,-89.2505,11.5));
#11315=CARTESIAN_POINT('',(178.4505,-88.7505,11.5));
#11316=CARTESIAN_POINT('',(163.93825,-88.7505,11.5));
#11317=CARTESIAN_POINT('',(178.9505,-89.2505,11.5));
#11318=CARTESIAN_POINT('Origin',(178.4505,-89.2505,11.5));
#11319=CARTESIAN_POINT('',(178.9505,-102.2505,11.5));
#11320=CARTESIAN_POINT('',(178.9505,-77.618,11.5));
#11321=CARTESIAN_POINT('',(178.4505,-102.7505,11.5));
#11322=CARTESIAN_POINT('Origin',(178.4505,-102.2505,11.5));
#11323=CARTESIAN_POINT('',(165.4505,-102.7505,11.5));
#11324=CARTESIAN_POINT('',(170.43825,-102.7505,11.5));
#11325=CARTESIAN_POINT('Origin',(165.4505,-102.2505,11.5));
#11326=CARTESIAN_POINT('',(298.3005,-126.063,11.5));
#11327=CARTESIAN_POINT('',(298.3005,-113.063,11.5));
#11328=CARTESIAN_POINT('',(298.3005,-96.02425,11.5));
#11329=CARTESIAN_POINT('',(298.8005,-112.563,11.5));
#11330=CARTESIAN_POINT('Origin',(298.8005,-113.063,11.5));
#11331=CARTESIAN_POINT('',(311.8005,-112.563,11.5));
#11332=CARTESIAN_POINT('',(230.61325,-112.563,11.5));
#11333=CARTESIAN_POINT('',(312.3005,-113.063,11.5));
#11334=CARTESIAN_POINT('Origin',(311.8005,-113.063,11.5));
#11335=CARTESIAN_POINT('',(312.3005,-126.063,11.5));
#11336=CARTESIAN_POINT('',(312.3005,-89.52425,11.5));
#11337=CARTESIAN_POINT('',(311.8005,-126.563,11.5));
#11338=CARTESIAN_POINT('Origin',(311.8005,-126.063,11.5));
#11339=CARTESIAN_POINT('',(298.8005,-126.563,11.5));
#11340=CARTESIAN_POINT('',(237.11325,-126.563,11.5));
#11341=CARTESIAN_POINT('Origin',(298.8005,-126.063,11.5));
#11342=CARTESIAN_POINT('',(250.6755,-21.288,11.5));
#11343=CARTESIAN_POINT('',(250.6755,-8.28799999999999,11.5));
#11344=CARTESIAN_POINT('',(250.6755,-43.63675,11.5));
#11345=CARTESIAN_POINT('',(251.1755,-7.78799999999999,11.5));
#11346=CARTESIAN_POINT('Origin',(251.1755,-8.288,11.5));
#11347=CARTESIAN_POINT('',(264.1755,-7.78799999999999,11.5));
#11348=CARTESIAN_POINT('',(206.80075,-7.78799999999999,11.5));
#11349=CARTESIAN_POINT('',(264.6755,-8.288,11.5));
#11350=CARTESIAN_POINT('Origin',(264.1755,-8.28800000000001,11.5));
#11351=CARTESIAN_POINT('',(264.6755,-21.288,11.5));
#11352=CARTESIAN_POINT('',(264.6755,-37.13675,11.5));
#11353=CARTESIAN_POINT('',(264.1755,-21.788,11.5));
#11354=CARTESIAN_POINT('Origin',(264.1755,-21.288,11.5));
#11355=CARTESIAN_POINT('',(251.1755,-21.788,11.5));
#11356=CARTESIAN_POINT('',(213.30075,-21.788,11.5));
#11357=CARTESIAN_POINT('Origin',(251.1755,-21.288,11.5));
#11358=CARTESIAN_POINT('',(256.525,-47.1005,11.5));
#11359=CARTESIAN_POINT('',(256.525,-33.1005,11.5));
#11360=CARTESIAN_POINT('',(256.525,-56.543,11.5));
#11361=CARTESIAN_POINT('',(257.025,-32.6005,11.5));
#11362=CARTESIAN_POINT('Origin',(257.025,-33.1005,11.5));
#11363=CARTESIAN_POINT('',(263.025,-32.6005,11.5));
#11364=CARTESIAN_POINT('',(209.7255,-32.6005,11.5));
#11365=CARTESIAN_POINT('',(263.525,-33.1005,11.5));
#11366=CARTESIAN_POINT('Origin',(263.025,-33.1005,11.5));
#11367=CARTESIAN_POINT('',(263.525,-47.1005,11.5));
#11368=CARTESIAN_POINT('',(263.525,-49.543,11.5));
#11369=CARTESIAN_POINT('',(263.025,-47.6005,11.5));
#11370=CARTESIAN_POINT('Origin',(263.025,-47.1005,11.5));
#11371=CARTESIAN_POINT('',(257.025,-47.6005,11.5));
#11372=CARTESIAN_POINT('',(212.7255,-47.6005,11.5));
#11373=CARTESIAN_POINT('Origin',(257.025,-47.1005,11.5));
#11374=CARTESIAN_POINT('',(280.401,-47.1005,11.5));
#11375=CARTESIAN_POINT('',(280.401,-33.1005,11.5));
#11376=CARTESIAN_POINT('',(280.401,-56.543,11.5));
#11377=CARTESIAN_POINT('',(280.901,-32.6005,11.5));
#11378=CARTESIAN_POINT('Origin',(280.901,-33.1005,11.5));
#11379=CARTESIAN_POINT('',(286.901,-32.6005,11.5));
#11380=CARTESIAN_POINT('',(221.6635,-32.6005,11.5));
#11381=CARTESIAN_POINT('',(287.401,-33.1005,11.5));
#11382=CARTESIAN_POINT('Origin',(286.901,-33.1005,11.5));
#11383=CARTESIAN_POINT('',(287.401,-47.1005,11.5));
#11384=CARTESIAN_POINT('',(287.401,-49.543,11.5));
#11385=CARTESIAN_POINT('',(286.901,-47.6005,11.5));
#11386=CARTESIAN_POINT('Origin',(286.901,-47.1005,11.5));
#11387=CARTESIAN_POINT('',(280.901,-47.6005,11.5));
#11388=CARTESIAN_POINT('',(224.6635,-47.6005,11.5));
#11389=CARTESIAN_POINT('Origin',(280.901,-47.1005,11.5));
#11390=CARTESIAN_POINT('',(212.5755,-83.2005,11.5));
#11391=CARTESIAN_POINT('',(212.5755,-70.2005,11.5));
#11392=CARTESIAN_POINT('',(212.5755,-74.593,11.5));
#11393=CARTESIAN_POINT('',(213.0755,-69.7005,11.5));
#11394=CARTESIAN_POINT('Origin',(213.0755,-70.2005,11.5));
#11395=CARTESIAN_POINT('',(226.0755,-69.7005,11.5));
#11396=CARTESIAN_POINT('',(187.75075,-69.7005,11.5));
#11397=CARTESIAN_POINT('',(226.5755,-70.2005,11.5));
#11398=CARTESIAN_POINT('Origin',(226.0755,-70.2005,11.5));
#11399=CARTESIAN_POINT('',(226.5755,-83.2005,11.5));
#11400=CARTESIAN_POINT('',(226.5755,-68.093,11.5));
#11401=CARTESIAN_POINT('',(226.0755,-83.7005,11.5));
#11402=CARTESIAN_POINT('Origin',(226.0755,-83.2005,11.5));
#11403=CARTESIAN_POINT('',(213.0755,-83.7004999999999,11.5));
#11404=CARTESIAN_POINT('',(194.25075,-83.7005,11.5));
#11405=CARTESIAN_POINT('Origin',(213.0755,-83.2005,11.5));
#11406=CARTESIAN_POINT('',(188.763,-64.1505,11.5));
#11407=CARTESIAN_POINT('',(188.763,-51.1505,11.5));
#11408=CARTESIAN_POINT('',(188.763,-65.068,11.5));
#11409=CARTESIAN_POINT('',(189.263,-50.6505,11.5));
#11410=CARTESIAN_POINT('Origin',(189.263,-51.1505,11.5));
#11411=CARTESIAN_POINT('',(202.263,-50.6505,11.5));
#11412=CARTESIAN_POINT('',(175.8445,-50.6505,11.5));
#11413=CARTESIAN_POINT('',(202.763,-51.1505,11.5));
#11414=CARTESIAN_POINT('Origin',(202.263,-51.1505,11.5));
#11415=CARTESIAN_POINT('',(202.763,-64.1505,11.5));
#11416=CARTESIAN_POINT('',(202.763,-58.568,11.5));
#11417=CARTESIAN_POINT('',(202.263,-64.6505,11.5));
#11418=CARTESIAN_POINT('Origin',(202.263,-64.1505,11.5));
#11419=CARTESIAN_POINT('',(189.263,-64.6505,11.5));
#11420=CARTESIAN_POINT('',(182.3445,-64.6505,11.5));
#11421=CARTESIAN_POINT('Origin',(189.263,-64.1505,11.5));
#11422=CARTESIAN_POINT('',(198.288,-121.3005,11.5));
#11423=CARTESIAN_POINT('',(198.288,-108.3005,11.5));
#11424=CARTESIAN_POINT('',(198.288,-93.643,11.5));
#11425=CARTESIAN_POINT('',(198.788,-107.8005,11.5));
#11426=CARTESIAN_POINT('Origin',(198.788,-108.3005,11.5));
#11427=CARTESIAN_POINT('',(211.788,-107.8005,11.5));
#11428=CARTESIAN_POINT('',(180.607,-107.8005,11.5));
#11429=CARTESIAN_POINT('',(212.288,-108.3005,11.5));
#11430=CARTESIAN_POINT('Origin',(211.788,-108.3005,11.5));
#11431=CARTESIAN_POINT('',(212.288,-121.3005,11.5));
#11432=CARTESIAN_POINT('',(212.288,-87.143,11.5));
#11433=CARTESIAN_POINT('',(211.788,-121.8005,11.5));
#11434=CARTESIAN_POINT('Origin',(211.788,-121.3005,11.5));
#11435=CARTESIAN_POINT('',(198.788,-121.8005,11.5));
#11436=CARTESIAN_POINT('',(187.107,-121.8005,11.5));
#11437=CARTESIAN_POINT('Origin',(198.788,-121.3005,11.5));
#11438=CARTESIAN_POINT('',(212.5755,-21.288,11.5));
#11439=CARTESIAN_POINT('',(212.5755,-8.28799999999999,11.5));
#11440=CARTESIAN_POINT('',(212.5755,-43.6367499999999,11.5));
#11441=CARTESIAN_POINT('',(213.0755,-7.78799999999999,11.5));
#11442=CARTESIAN_POINT('Origin',(213.0755,-8.288,11.5));
#11443=CARTESIAN_POINT('',(226.0755,-7.78799999999999,11.5));
#11444=CARTESIAN_POINT('',(187.75075,-7.78799999999999,11.5));
#11445=CARTESIAN_POINT('',(226.5755,-8.288,11.5));
#11446=CARTESIAN_POINT('Origin',(226.0755,-8.28800000000001,11.5));
#11447=CARTESIAN_POINT('',(226.5755,-21.288,11.5));
#11448=CARTESIAN_POINT('',(226.5755,-37.13675,11.5));
#11449=CARTESIAN_POINT('',(226.0755,-21.788,11.5));
#11450=CARTESIAN_POINT('Origin',(226.0755,-21.288,11.5));
#11451=CARTESIAN_POINT('',(213.0755,-21.788,11.5));
#11452=CARTESIAN_POINT('',(194.25075,-21.788,11.5));
#11453=CARTESIAN_POINT('Origin',(213.0755,-21.288,11.5));
#11454=CARTESIAN_POINT('',(279.2505,-126.063,11.5));
#11455=CARTESIAN_POINT('',(279.2505,-113.063,11.5));
#11456=CARTESIAN_POINT('',(279.2505,-96.02425,11.5));
#11457=CARTESIAN_POINT('',(279.7505,-112.563,11.5));
#11458=CARTESIAN_POINT('Origin',(279.7505,-113.063,11.5));
#11459=CARTESIAN_POINT('',(292.7505,-112.563,11.5));
#11460=CARTESIAN_POINT('',(221.08825,-112.563,11.5));
#11461=CARTESIAN_POINT('',(293.2505,-113.063,11.5));
#11462=CARTESIAN_POINT('Origin',(292.7505,-113.063,11.5));
#11463=CARTESIAN_POINT('',(293.2505,-126.063,11.5));
#11464=CARTESIAN_POINT('',(293.2505,-89.52425,11.5));
#11465=CARTESIAN_POINT('',(292.7505,-126.563,11.5));
#11466=CARTESIAN_POINT('Origin',(292.7505,-126.063,11.5));
#11467=CARTESIAN_POINT('',(279.7505,-126.563,11.5));
#11468=CARTESIAN_POINT('',(227.58825,-126.563,11.5));
#11469=CARTESIAN_POINT('Origin',(279.7505,-126.063,11.5));
#11470=CARTESIAN_POINT('',(302.063,-22.288,11.5));
#11471=CARTESIAN_POINT('',(302.063,-7.288,11.5));
#11472=CARTESIAN_POINT('',(302.063,-44.13675,11.5));
#11473=CARTESIAN_POINT('',(302.563,-6.788,11.5));
#11474=CARTESIAN_POINT('Origin',(302.563,-7.288,11.5));
#11475=CARTESIAN_POINT('',(317.563,-6.78799999999995,11.5));
#11476=CARTESIAN_POINT('',(232.4945,-6.788,11.5));
#11477=CARTESIAN_POINT('',(318.063,-7.288,11.5));
#11478=CARTESIAN_POINT('Origin',(317.563,-7.288,11.5));
#11479=CARTESIAN_POINT('',(318.063,-22.288,11.5));
#11480=CARTESIAN_POINT('',(318.063,-36.6367500000002,11.5));
#11481=CARTESIAN_POINT('',(317.563,-22.788,11.5));
#11482=CARTESIAN_POINT('Origin',(317.563,-22.288,11.5));
#11483=CARTESIAN_POINT('',(302.563,-22.788,11.5));
#11484=CARTESIAN_POINT('',(239.9945,-22.788,11.5));
#11485=CARTESIAN_POINT('Origin',(302.563,-22.288,11.5));
#11486=CARTESIAN_POINT('',(260.2005,-126.063,11.5));
#11487=CARTESIAN_POINT('',(260.2005,-113.063,11.5));
#11488=CARTESIAN_POINT('',(260.2005,-96.02425,11.5));
#11489=CARTESIAN_POINT('',(260.7005,-112.563,11.5));
#11490=CARTESIAN_POINT('Origin',(260.7005,-113.063,11.5));
#11491=CARTESIAN_POINT('',(273.7005,-112.563,11.5));
#11492=CARTESIAN_POINT('',(211.56325,-112.563,11.5));
#11493=CARTESIAN_POINT('',(274.2005,-113.063,11.5));
#11494=CARTESIAN_POINT('Origin',(273.7005,-113.063,11.5));
#11495=CARTESIAN_POINT('',(274.2005,-126.063,11.5));
#11496=CARTESIAN_POINT('',(274.2005,-89.52425,11.5));
#11497=CARTESIAN_POINT('',(273.7005,-126.563,11.5));
#11498=CARTESIAN_POINT('Origin',(273.7005,-126.063,11.5));
#11499=CARTESIAN_POINT('',(260.7005,-126.563,11.5));
#11500=CARTESIAN_POINT('',(218.06325,-126.563,11.5));
#11501=CARTESIAN_POINT('Origin',(260.7005,-126.063,11.5));
#11502=CARTESIAN_POINT('',(182.73175,-123.3005,11.5));
#11503=CARTESIAN_POINT('',(182.73175,-109.3005,11.5));
#11504=CARTESIAN_POINT('',(182.73175,-94.643,11.5));
#11505=CARTESIAN_POINT('',(183.23175,-108.8005,11.5));
#11506=CARTESIAN_POINT('Origin',(183.23175,-109.3005,11.5));
#11507=CARTESIAN_POINT('',(189.23175,-108.8005,11.5));
#11508=CARTESIAN_POINT('',(172.828875,-108.8005,11.5));
#11509=CARTESIAN_POINT('',(189.73175,-109.3005,11.5));
#11510=CARTESIAN_POINT('Origin',(189.23175,-109.3005,11.5));
#11511=CARTESIAN_POINT('',(189.73175,-123.3005,11.5));
#11512=CARTESIAN_POINT('',(189.73175,-87.643,11.5));
#11513=CARTESIAN_POINT('',(189.23175,-123.8005,11.5));
#11514=CARTESIAN_POINT('Origin',(189.23175,-123.3005,11.5));
#11515=CARTESIAN_POINT('',(183.23175,-123.8005,11.5));
#11516=CARTESIAN_POINT('',(175.828875,-123.8005,11.5));
#11517=CARTESIAN_POINT('Origin',(183.23175,-123.3005,11.5));
#11518=CARTESIAN_POINT('',(155.4255,-83.2005,11.5));
#11519=CARTESIAN_POINT('',(155.4255,-70.2005,11.5));
#11520=CARTESIAN_POINT('',(155.4255,-74.593,11.5));
#11521=CARTESIAN_POINT('',(155.9255,-69.7005,11.5));
#11522=CARTESIAN_POINT('Origin',(155.9255,-70.2005,11.5));
#11523=CARTESIAN_POINT('',(168.9255,-69.7005,11.5));
#11524=CARTESIAN_POINT('',(159.17575,-69.7005,11.5));
#11525=CARTESIAN_POINT('',(169.4255,-70.2005,11.5));
#11526=CARTESIAN_POINT('Origin',(168.9255,-70.2005,11.5));
#11527=CARTESIAN_POINT('',(169.4255,-83.2005,11.5));
#11528=CARTESIAN_POINT('',(169.4255,-68.093,11.5));
#11529=CARTESIAN_POINT('',(168.9255,-83.7005,11.5));
#11530=CARTESIAN_POINT('Origin',(168.9255,-83.2005,11.5));
#11531=CARTESIAN_POINT('',(155.9255,-83.7005,11.5));
#11532=CARTESIAN_POINT('',(165.67575,-83.7005,11.5));
#11533=CARTESIAN_POINT('Origin',(155.9255,-83.2005,11.5));
#11534=CARTESIAN_POINT('',(169.713,-64.1505,11.5));
#11535=CARTESIAN_POINT('',(169.713,-51.1505,11.5));
#11536=CARTESIAN_POINT('',(169.713,-65.068,11.5));
#11537=CARTESIAN_POINT('',(170.213,-50.6505,11.5));
#11538=CARTESIAN_POINT('Origin',(170.213,-51.1505,11.5));
#11539=CARTESIAN_POINT('',(183.213,-50.6505,11.5));
#11540=CARTESIAN_POINT('',(166.3195,-50.6505,11.5));
#11541=CARTESIAN_POINT('',(183.713,-51.1505,11.5));
#11542=CARTESIAN_POINT('Origin',(183.213,-51.1505,11.5));
#11543=CARTESIAN_POINT('',(183.713,-64.1505,11.5));
#11544=CARTESIAN_POINT('',(183.713,-58.568,11.5));
#11545=CARTESIAN_POINT('',(183.213,-64.6505,11.5));
#11546=CARTESIAN_POINT('Origin',(183.213,-64.1505,11.5));
#11547=CARTESIAN_POINT('',(170.213,-64.6505,11.5));
#11548=CARTESIAN_POINT('',(172.8195,-64.6505,11.5));
#11549=CARTESIAN_POINT('Origin',(170.213,-64.1505,11.5));
#11550=CARTESIAN_POINT('',(328.151,4.999,11.5));
#11551=CARTESIAN_POINT('Origin',(329.851,4.999,11.5));
#11552=CARTESIAN_POINT('',(179.238,-45.1005,11.5));
#11553=CARTESIAN_POINT('',(179.238,-32.1005,11.5));
#11554=CARTESIAN_POINT('',(179.238,-55.543,11.5));
#11555=CARTESIAN_POINT('',(179.738,-31.6005,11.5));
#11556=CARTESIAN_POINT('Origin',(179.738,-32.1005,11.5));
#11557=CARTESIAN_POINT('',(192.738,-31.6005,11.5));
#11558=CARTESIAN_POINT('',(171.082,-31.6005,11.5));
#11559=CARTESIAN_POINT('',(193.238,-32.1005,11.5));
#11560=CARTESIAN_POINT('Origin',(192.738,-32.1005,11.5));
#11561=CARTESIAN_POINT('',(193.238,-45.1005,11.5));
#11562=CARTESIAN_POINT('',(193.238,-49.043,11.5));
#11563=CARTESIAN_POINT('',(192.738,-45.6005,11.5));
#11564=CARTESIAN_POINT('Origin',(192.738,-45.1005,11.5));
#11565=CARTESIAN_POINT('',(179.738,-45.6005,11.5));
#11566=CARTESIAN_POINT('',(177.582,-45.6005,11.5));
#11567=CARTESIAN_POINT('Origin',(179.738,-45.1005,11.5));
#11568=CARTESIAN_POINT('',(236.388,-121.3005,11.5));
#11569=CARTESIAN_POINT('',(236.388,-108.3005,11.5));
#11570=CARTESIAN_POINT('',(236.388,-93.643,11.5));
#11571=CARTESIAN_POINT('',(236.888,-107.8005,11.5));
#11572=CARTESIAN_POINT('Origin',(236.888,-108.3005,11.5));
#11573=CARTESIAN_POINT('',(249.888,-107.8005,11.5));
#11574=CARTESIAN_POINT('',(199.657,-107.8005,11.5));
#11575=CARTESIAN_POINT('',(250.388,-108.3005,11.5));
#11576=CARTESIAN_POINT('Origin',(249.888,-108.3005,11.5));
#11577=CARTESIAN_POINT('',(250.388,-121.3005,11.5));
#11578=CARTESIAN_POINT('',(250.388,-87.143,11.5));
#11579=CARTESIAN_POINT('',(249.888,-121.8005,11.5));
#11580=CARTESIAN_POINT('Origin',(249.888,-121.3005,11.5));
#11581=CARTESIAN_POINT('',(236.888,-121.8005,11.5));
#11582=CARTESIAN_POINT('',(206.157,-121.8005,11.5));
#11583=CARTESIAN_POINT('Origin',(236.888,-121.3005,11.5));
#11584=CARTESIAN_POINT('',(254.14375,-85.2005,11.5));
#11585=CARTESIAN_POINT('',(254.14375,-71.2005,11.5));
#11586=CARTESIAN_POINT('',(254.14375,-75.593,11.5));
#11587=CARTESIAN_POINT('',(254.64375,-70.7005,11.5));
#11588=CARTESIAN_POINT('Origin',(254.64375,-71.2005,11.5));
#11589=CARTESIAN_POINT('',(260.64375,-70.7005,11.5));
#11590=CARTESIAN_POINT('',(208.534875,-70.7005,11.5));
#11591=CARTESIAN_POINT('',(261.14375,-71.2005,11.5));
#11592=CARTESIAN_POINT('Origin',(260.64375,-71.2005,11.5));
#11593=CARTESIAN_POINT('',(261.14375,-85.2005,11.5));
#11594=CARTESIAN_POINT('',(261.14375,-68.593,11.5));
#11595=CARTESIAN_POINT('',(260.64375,-85.7005,11.5));
#11596=CARTESIAN_POINT('Origin',(260.64375,-85.2005,11.5));
#11597=CARTESIAN_POINT('',(254.64375,-85.7005,11.5));
#11598=CARTESIAN_POINT('',(211.534875,-85.7005,11.5));
#11599=CARTESIAN_POINT('Origin',(254.64375,-85.2005,11.5));
#11600=CARTESIAN_POINT('',(160.726,-136.97,11.5));
#11601=CARTESIAN_POINT('Origin',(162.426,-136.97,11.5));
#11602=CARTESIAN_POINT('',(160.188,-45.1005,11.5));
#11603=CARTESIAN_POINT('',(160.188,-32.1005,11.5));
#11604=CARTESIAN_POINT('',(160.188,-55.543,11.5));
#11605=CARTESIAN_POINT('',(160.688,-31.6005,11.5));
#11606=CARTESIAN_POINT('Origin',(160.688,-32.1005,11.5));
#11607=CARTESIAN_POINT('',(173.688,-31.6005,11.5));
#11608=CARTESIAN_POINT('',(161.557,-31.6005,11.5));
#11609=CARTESIAN_POINT('',(174.188,-32.1005,11.5));
#11610=CARTESIAN_POINT('Origin',(173.688,-32.1005,11.5));
#11611=CARTESIAN_POINT('',(174.188,-45.1005,11.5));
#11612=CARTESIAN_POINT('',(174.188,-49.043,11.5));
#11613=CARTESIAN_POINT('',(173.688,-45.6005,11.5));
#11614=CARTESIAN_POINT('Origin',(173.688,-45.1005,11.5));
#11615=CARTESIAN_POINT('',(160.688,-45.6005,11.5));
#11616=CARTESIAN_POINT('',(168.057,-45.6005,11.5));
#11617=CARTESIAN_POINT('Origin',(160.688,-45.1005,11.5));
#11618=CARTESIAN_POINT('',(279.2505,-107.013,11.5));
#11619=CARTESIAN_POINT('',(279.2505,-94.013,11.5));
#11620=CARTESIAN_POINT('',(279.2505,-86.49925,11.5));
#11621=CARTESIAN_POINT('',(279.7505,-93.513,11.5));
#11622=CARTESIAN_POINT('Origin',(279.7505,-94.013,11.5));
#11623=CARTESIAN_POINT('',(292.7505,-93.513,11.5));
#11624=CARTESIAN_POINT('',(221.08825,-93.513,11.5));
#11625=CARTESIAN_POINT('',(293.2505,-94.013,11.5));
#11626=CARTESIAN_POINT('Origin',(292.7505,-94.013,11.5));
#11627=CARTESIAN_POINT('',(293.2505,-107.013,11.5));
#11628=CARTESIAN_POINT('',(293.2505,-79.99925,11.5));
#11629=CARTESIAN_POINT('',(292.7505,-107.513,11.5));
#11630=CARTESIAN_POINT('Origin',(292.7505,-107.013,11.5));
#11631=CARTESIAN_POINT('',(279.7505,-107.513,11.5));
#11632=CARTESIAN_POINT('',(227.58825,-107.513,11.5));
#11633=CARTESIAN_POINT('Origin',(279.7505,-107.013,11.5));
#11634=CARTESIAN_POINT('',(303.063,-45.1005,11.5));
#11635=CARTESIAN_POINT('',(303.063,-32.1005,11.5));
#11636=CARTESIAN_POINT('',(303.063,-55.543,11.5));
#11637=CARTESIAN_POINT('',(303.563,-31.6005,11.5));
#11638=CARTESIAN_POINT('Origin',(303.563,-32.1005,11.5));
#11639=CARTESIAN_POINT('',(316.563,-31.6005,11.5));
#11640=CARTESIAN_POINT('',(232.9945,-31.6005,11.5));
#11641=CARTESIAN_POINT('',(317.063,-32.1005,11.5));
#11642=CARTESIAN_POINT('Origin',(316.563,-32.1005,11.5));
#11643=CARTESIAN_POINT('',(317.063,-45.1005,11.5));
#11644=CARTESIAN_POINT('',(317.063,-49.043,11.5));
#11645=CARTESIAN_POINT('',(316.563,-45.6005,11.5));
#11646=CARTESIAN_POINT('Origin',(316.563,-45.1005,11.5));
#11647=CARTESIAN_POINT('',(303.563,-45.6005,11.5));
#11648=CARTESIAN_POINT('',(239.4945,-45.6005,11.5));
#11649=CARTESIAN_POINT('Origin',(303.563,-45.1005,11.5));
#11650=CARTESIAN_POINT('',(264.963,-45.1005,11.5));
#11651=CARTESIAN_POINT('',(264.963,-32.1005,11.5));
#11652=CARTESIAN_POINT('',(264.963,-55.543,11.5));
#11653=CARTESIAN_POINT('',(265.463,-31.6005,11.5));
#11654=CARTESIAN_POINT('Origin',(265.463,-32.1005,11.5));
#11655=CARTESIAN_POINT('',(278.463,-31.6005,11.5));
#11656=CARTESIAN_POINT('',(213.9445,-31.6005,11.5));
#11657=CARTESIAN_POINT('',(278.963,-32.1005,11.5));
#11658=CARTESIAN_POINT('Origin',(278.463,-32.1005,11.5));
#11659=CARTESIAN_POINT('',(278.963,-45.1005,11.5));
#11660=CARTESIAN_POINT('',(278.963,-49.043,11.5));
#11661=CARTESIAN_POINT('',(278.463,-45.6005,11.5));
#11662=CARTESIAN_POINT('Origin',(278.463,-45.1005,11.5));
#11663=CARTESIAN_POINT('',(265.463,-45.6005,11.5));
#11664=CARTESIAN_POINT('',(220.4445,-45.6005,11.5));
#11665=CARTESIAN_POINT('Origin',(265.463,-45.1005,11.5));
#11666=CARTESIAN_POINT('',(248.29425,-102.2505,11.5));
#11667=CARTESIAN_POINT('',(248.29425,-89.2505,11.5));
#11668=CARTESIAN_POINT('',(248.29425,-84.118,11.5));
#11669=CARTESIAN_POINT('',(248.79425,-88.7505,11.5));
#11670=CARTESIAN_POINT('Origin',(248.79425,-89.2505,11.5));
#11671=CARTESIAN_POINT('',(261.79425,-88.7505,11.5));
#11672=CARTESIAN_POINT('',(205.610125,-88.7505,11.5));
#11673=CARTESIAN_POINT('',(262.29425,-89.2505,11.5));
#11674=CARTESIAN_POINT('Origin',(261.79425,-89.2505,11.5));
#11675=CARTESIAN_POINT('',(262.29425,-102.2505,11.5));
#11676=CARTESIAN_POINT('',(262.29425,-77.618,11.5));
#11677=CARTESIAN_POINT('',(261.79425,-102.7505,11.5));
#11678=CARTESIAN_POINT('Origin',(261.79425,-102.2505,11.5));
#11679=CARTESIAN_POINT('',(248.79425,-102.7505,11.5));
#11680=CARTESIAN_POINT('',(212.110125,-102.7505,11.5));
#11681=CARTESIAN_POINT('Origin',(248.79425,-102.2505,11.5));
#11682=CARTESIAN_POINT('',(203.0505,-102.2505,11.5));
#11683=CARTESIAN_POINT('',(203.0505,-89.2505,11.5));
#11684=CARTESIAN_POINT('',(203.0505,-84.118,11.5));
#11685=CARTESIAN_POINT('',(203.5505,-88.7505,11.5));
#11686=CARTESIAN_POINT('Origin',(203.5505,-89.2505,11.5));
#11687=CARTESIAN_POINT('',(216.5505,-88.7505,11.5));
#11688=CARTESIAN_POINT('',(182.98825,-88.7505,11.5));
#11689=CARTESIAN_POINT('',(217.0505,-89.2505,11.5));
#11690=CARTESIAN_POINT('Origin',(216.5505,-89.2505,11.5));
#11691=CARTESIAN_POINT('',(217.0505,-102.2505,11.5));
#11692=CARTESIAN_POINT('',(217.0505,-77.618,11.5));
#11693=CARTESIAN_POINT('',(216.5505,-102.7505,11.5));
#11694=CARTESIAN_POINT('Origin',(216.5505,-102.2505,11.5));
#11695=CARTESIAN_POINT('',(203.5505,-102.7505,11.5));
#11696=CARTESIAN_POINT('',(189.48825,-102.7505,11.5));
#11697=CARTESIAN_POINT('Origin',(203.5505,-102.2505,11.5));
#11698=CARTESIAN_POINT('',(231.6255,-21.288,11.5));
#11699=CARTESIAN_POINT('',(231.6255,-8.28799999999999,11.5));
#11700=CARTESIAN_POINT('',(231.6255,-43.6367499999999,11.5));
#11701=CARTESIAN_POINT('',(232.1255,-7.78799999999999,11.5));
#11702=CARTESIAN_POINT('Origin',(232.1255,-8.288,11.5));
#11703=CARTESIAN_POINT('',(245.1255,-7.78799999999999,11.5));
#11704=CARTESIAN_POINT('',(197.27575,-7.78799999999999,11.5));
#11705=CARTESIAN_POINT('',(245.6255,-8.288,11.5));
#11706=CARTESIAN_POINT('Origin',(245.1255,-8.28800000000001,11.5));
#11707=CARTESIAN_POINT('',(245.6255,-21.288,11.5));
#11708=CARTESIAN_POINT('',(245.6255,-37.13675,11.5));
#11709=CARTESIAN_POINT('',(245.1255,-21.788,11.5));
#11710=CARTESIAN_POINT('Origin',(245.1255,-21.288,11.5));
#11711=CARTESIAN_POINT('',(232.1255,-21.788,11.5));
#11712=CARTESIAN_POINT('',(203.77575,-21.788,11.5));
#11713=CARTESIAN_POINT('Origin',(232.1255,-21.288,11.5));
#11714=CARTESIAN_POINT('',(169.713,-21.288,11.5));
#11715=CARTESIAN_POINT('',(169.713,-8.28799999999999,11.5));
#11716=CARTESIAN_POINT('',(169.713,-43.63675,11.5));
#11717=CARTESIAN_POINT('',(170.213,-7.78799999999999,11.5));
#11718=CARTESIAN_POINT('Origin',(170.213,-8.288,11.5));
#11719=CARTESIAN_POINT('',(183.213,-7.78799999999999,11.5));
#11720=CARTESIAN_POINT('',(166.3195,-7.78799999999999,11.5));
#11721=CARTESIAN_POINT('',(183.713,-8.288,11.5));
#11722=CARTESIAN_POINT('Origin',(183.213,-8.28800000000001,11.5));
#11723=CARTESIAN_POINT('',(183.713,-21.288,11.5));
#11724=CARTESIAN_POINT('',(183.713,-37.13675,11.5));
#11725=CARTESIAN_POINT('',(183.213,-21.788,11.5));
#11726=CARTESIAN_POINT('Origin',(183.213,-21.288,11.5));
#11727=CARTESIAN_POINT('',(170.213,-21.788,11.5));
#11728=CARTESIAN_POINT('',(172.8195,-21.788,11.5));
#11729=CARTESIAN_POINT('Origin',(170.213,-21.288,11.5));
#11730=CARTESIAN_POINT('',(217.338,-121.3005,11.5));
#11731=CARTESIAN_POINT('',(217.338,-108.3005,11.5));
#11732=CARTESIAN_POINT('',(217.338,-93.643,11.5));
#11733=CARTESIAN_POINT('',(217.838,-107.8005,11.5));
#11734=CARTESIAN_POINT('Origin',(217.838,-108.3005,11.5));
#11735=CARTESIAN_POINT('',(230.838,-107.8005,11.5));
#11736=CARTESIAN_POINT('',(190.132,-107.8005,11.5));
#11737=CARTESIAN_POINT('',(231.338,-108.3005,11.5));
#11738=CARTESIAN_POINT('Origin',(230.838,-108.3005,11.5));
#11739=CARTESIAN_POINT('',(231.338,-121.3005,11.5));
#11740=CARTESIAN_POINT('',(231.338,-87.143,11.5));
#11741=CARTESIAN_POINT('',(230.838,-121.8005,11.5));
#11742=CARTESIAN_POINT('Origin',(230.838,-121.3005,11.5));
#11743=CARTESIAN_POINT('',(217.838,-121.8005,11.5));
#11744=CARTESIAN_POINT('',(196.632,-121.8005,11.5));
#11745=CARTESIAN_POINT('Origin',(217.838,-121.3005,11.5));
#11746=CARTESIAN_POINT('',(174.4755,-83.2005,11.5));
#11747=CARTESIAN_POINT('',(174.4755,-70.2005,11.5));
#11748=CARTESIAN_POINT('',(174.4755,-74.593,11.5));
#11749=CARTESIAN_POINT('',(174.9755,-69.7005,11.5));
#11750=CARTESIAN_POINT('Origin',(174.9755,-70.2005,11.5));
#11751=CARTESIAN_POINT('',(187.9755,-69.7005,11.5));
#11752=CARTESIAN_POINT('',(168.70075,-69.7005,11.5));
#11753=CARTESIAN_POINT('',(188.4755,-70.2005,11.5));
#11754=CARTESIAN_POINT('Origin',(187.9755,-70.2005,11.5));
#11755=CARTESIAN_POINT('',(188.4755,-83.2005,11.5));
#11756=CARTESIAN_POINT('',(188.4755,-68.093,11.5));
#11757=CARTESIAN_POINT('',(187.9755,-83.7005,11.5));
#11758=CARTESIAN_POINT('Origin',(187.9755,-83.2005,11.5));
#11759=CARTESIAN_POINT('',(174.9755,-83.7005,11.5));
#11760=CARTESIAN_POINT('',(175.20075,-83.7005,11.5));
#11761=CARTESIAN_POINT('Origin',(174.9755,-83.2005,11.5));
#11762=CARTESIAN_POINT('',(184.0005,-102.2505,11.5));
#11763=CARTESIAN_POINT('',(184.0005,-89.2505,11.5));
#11764=CARTESIAN_POINT('',(184.0005,-84.118,11.5));
#11765=CARTESIAN_POINT('',(184.5005,-88.7505,11.5));
#11766=CARTESIAN_POINT('Origin',(184.5005,-89.2505,11.5));
#11767=CARTESIAN_POINT('',(197.5005,-88.7505,11.5));
#11768=CARTESIAN_POINT('',(173.46325,-88.7505,11.5));
#11769=CARTESIAN_POINT('',(198.0005,-89.2505,11.5));
#11770=CARTESIAN_POINT('Origin',(197.5005,-89.2505,11.5));
#11771=CARTESIAN_POINT('',(198.0005,-102.2505,11.5));
#11772=CARTESIAN_POINT('',(198.0005,-77.618,11.5));
#11773=CARTESIAN_POINT('',(197.5005,-102.7505,11.5));
#11774=CARTESIAN_POINT('Origin',(197.5005,-102.2505,11.5));
#11775=CARTESIAN_POINT('',(184.5005,-102.7505,11.5));
#11776=CARTESIAN_POINT('',(179.96325,-102.7505,11.5));
#11777=CARTESIAN_POINT('Origin',(184.5005,-102.2505,11.5));
#11778=CARTESIAN_POINT('',(303.063,-102.2505,11.5));
#11779=CARTESIAN_POINT('',(303.063,-89.2505,11.5));
#11780=CARTESIAN_POINT('',(303.063,-84.118,11.5));
#11781=CARTESIAN_POINT('',(303.563,-88.7505,11.5));
#11782=CARTESIAN_POINT('Origin',(303.563,-89.2505,11.5));
#11783=CARTESIAN_POINT('',(316.563,-88.7505,11.5));
#11784=CARTESIAN_POINT('',(232.9945,-88.7505,11.5));
#11785=CARTESIAN_POINT('',(317.063,-89.2505,11.5));
#11786=CARTESIAN_POINT('Origin',(316.563,-89.2505,11.5));
#11787=CARTESIAN_POINT('',(317.063,-102.2505,11.5));
#11788=CARTESIAN_POINT('',(317.063,-77.618,11.5));
#11789=CARTESIAN_POINT('',(316.563,-102.7505,11.5));
#11790=CARTESIAN_POINT('Origin',(316.563,-102.2505,11.5));
#11791=CARTESIAN_POINT('',(303.563,-102.7505,11.5));
#11792=CARTESIAN_POINT('',(239.4945,-102.7505,11.5));
#11793=CARTESIAN_POINT('Origin',(303.563,-102.2505,11.5));
#11794=CARTESIAN_POINT('',(269.7255,-64.1505,11.5));
#11795=CARTESIAN_POINT('',(269.7255,-51.1505,11.5));
#11796=CARTESIAN_POINT('',(269.7255,-65.068,11.5));
#11797=CARTESIAN_POINT('',(270.2255,-50.6505,11.5));
#11798=CARTESIAN_POINT('Origin',(270.2255,-51.1505,11.5));
#11799=CARTESIAN_POINT('',(283.2255,-50.6505,11.5));
#11800=CARTESIAN_POINT('',(216.32575,-50.6505,11.5));
#11801=CARTESIAN_POINT('',(283.7255,-51.1505,11.5));
#11802=CARTESIAN_POINT('Origin',(283.2255,-51.1505,11.5));
#11803=CARTESIAN_POINT('',(283.7255,-64.1505,11.5));
#11804=CARTESIAN_POINT('',(283.7255,-58.568,11.5));
#11805=CARTESIAN_POINT('',(283.2255,-64.6505,11.5));
#11806=CARTESIAN_POINT('Origin',(283.2255,-64.1505,11.5));
#11807=CARTESIAN_POINT('',(270.2255,-64.6505,11.5));
#11808=CARTESIAN_POINT('',(222.82575,-64.6505,11.5));
#11809=CARTESIAN_POINT('Origin',(270.2255,-64.1505,11.5));
#11810=CARTESIAN_POINT('',(236.388,-45.1005,11.5));
#11811=CARTESIAN_POINT('',(236.388,-32.1005,11.5));
#11812=CARTESIAN_POINT('',(236.388,-55.543,11.5));
#11813=CARTESIAN_POINT('',(236.888,-31.6005,11.5));
#11814=CARTESIAN_POINT('Origin',(236.888,-32.1005,11.5));
#11815=CARTESIAN_POINT('',(249.888,-31.6005,11.5));
#11816=CARTESIAN_POINT('',(199.657,-31.6005,11.5));
#11817=CARTESIAN_POINT('',(250.388,-32.1005,11.5));
#11818=CARTESIAN_POINT('Origin',(249.888,-32.1005,11.5));
#11819=CARTESIAN_POINT('',(250.388,-45.1005,11.5));
#11820=CARTESIAN_POINT('',(250.388,-49.043,11.5));
#11821=CARTESIAN_POINT('',(249.888,-45.6005,11.5));
#11822=CARTESIAN_POINT('Origin',(249.888,-45.1005,11.5));
#11823=CARTESIAN_POINT('',(236.888,-45.6005,11.5));
#11824=CARTESIAN_POINT('',(206.157,-45.6005,11.5));
#11825=CARTESIAN_POINT('Origin',(236.888,-45.1005,11.5));
#11826=CARTESIAN_POINT('',(328.151,-136.97,11.5));
#11827=CARTESIAN_POINT('Origin',(329.851,-136.97,11.5));
#11828=CARTESIAN_POINT('',(217.338,-45.1005,11.5));
#11829=CARTESIAN_POINT('',(217.338,-32.1005,11.5));
#11830=CARTESIAN_POINT('',(217.338,-55.543,11.5));
#11831=CARTESIAN_POINT('',(217.838,-31.6005,11.5));
#11832=CARTESIAN_POINT('Origin',(217.838,-32.1005,11.5));
#11833=CARTESIAN_POINT('',(230.838,-31.6005,11.5));
#11834=CARTESIAN_POINT('',(190.132,-31.6005,11.5));
#11835=CARTESIAN_POINT('',(231.338,-32.1005,11.5));
#11836=CARTESIAN_POINT('Origin',(230.838,-32.1005,11.5));
#11837=CARTESIAN_POINT('',(231.338,-45.1005,11.5));
#11838=CARTESIAN_POINT('',(231.338,-49.043,11.5));
#11839=CARTESIAN_POINT('',(230.838,-45.6005,11.5));
#11840=CARTESIAN_POINT('Origin',(230.838,-45.1005,11.5));
#11841=CARTESIAN_POINT('',(217.838,-45.6005,11.5));
#11842=CARTESIAN_POINT('',(196.632,-45.6005,11.5));
#11843=CARTESIAN_POINT('Origin',(217.838,-45.1005,11.5));
#11844=CARTESIAN_POINT('',(303.063,-83.2005,11.5));
#11845=CARTESIAN_POINT('',(303.063,-70.2005,11.5));
#11846=CARTESIAN_POINT('',(303.063,-74.593,11.5));
#11847=CARTESIAN_POINT('',(303.563,-69.7005,11.5));
#11848=CARTESIAN_POINT('Origin',(303.563,-70.2005,11.5));
#11849=CARTESIAN_POINT('',(316.563,-69.7005,11.5));
#11850=CARTESIAN_POINT('',(232.9945,-69.7005,11.5));
#11851=CARTESIAN_POINT('',(317.063,-70.2005,11.5));
#11852=CARTESIAN_POINT('Origin',(316.563,-70.2005,11.5));
#11853=CARTESIAN_POINT('',(317.063,-83.2005,11.5));
#11854=CARTESIAN_POINT('',(317.063,-68.093,11.5));
#11855=CARTESIAN_POINT('',(316.563,-83.7005,11.5));
#11856=CARTESIAN_POINT('Origin',(316.563,-83.2005,11.5));
#11857=CARTESIAN_POINT('',(303.563,-83.7005,11.5));
#11858=CARTESIAN_POINT('',(239.4945,-83.7005,11.5));
#11859=CARTESIAN_POINT('Origin',(303.563,-83.2005,11.5));
#11860=CARTESIAN_POINT('',(193.5255,-21.288,11.5));
#11861=CARTESIAN_POINT('',(193.5255,-8.28799999999999,11.5));
#11862=CARTESIAN_POINT('',(193.5255,-43.63675,11.5));
#11863=CARTESIAN_POINT('',(194.0255,-7.78799999999999,11.5));
#11864=CARTESIAN_POINT('Origin',(194.0255,-8.288,11.5));
#11865=CARTESIAN_POINT('',(207.0255,-7.78799999999999,11.5));
#11866=CARTESIAN_POINT('',(178.22575,-7.78799999999999,11.5));
#11867=CARTESIAN_POINT('',(207.5255,-8.288,11.5));
#11868=CARTESIAN_POINT('Origin',(207.0255,-8.28800000000001,11.5));
#11869=CARTESIAN_POINT('',(207.5255,-21.288,11.5));
#11870=CARTESIAN_POINT('',(207.5255,-37.13675,11.5));
#11871=CARTESIAN_POINT('',(207.0255,-21.788,11.5));
#11872=CARTESIAN_POINT('Origin',(207.0255,-21.288,11.5));
#11873=CARTESIAN_POINT('',(194.0255,-21.788,11.5));
#11874=CARTESIAN_POINT('',(184.72575,-21.788,11.5));
#11875=CARTESIAN_POINT('Origin',(194.0255,-21.288,11.5));
#11876=CARTESIAN_POINT('',(226.863,-64.1505,11.5));
#11877=CARTESIAN_POINT('',(226.863,-51.1505,11.5));
#11878=CARTESIAN_POINT('',(226.863,-65.068,11.5));
#11879=CARTESIAN_POINT('',(227.363,-50.6505,11.5));
#11880=CARTESIAN_POINT('Origin',(227.363,-51.1505,11.5));
#11881=CARTESIAN_POINT('',(240.363,-50.6505,11.5));
#11882=CARTESIAN_POINT('',(194.8945,-50.6505,11.5));
#11883=CARTESIAN_POINT('',(240.863,-51.1505,11.5));
#11884=CARTESIAN_POINT('Origin',(240.363,-51.1505,11.5));
#11885=CARTESIAN_POINT('',(240.863,-64.1505,11.5));
#11886=CARTESIAN_POINT('',(240.863,-58.568,11.5));
#11887=CARTESIAN_POINT('',(240.363,-64.6505,11.5));
#11888=CARTESIAN_POINT('Origin',(240.363,-64.1505,11.5));
#11889=CARTESIAN_POINT('',(227.363,-64.6505,11.5));
#11890=CARTESIAN_POINT('',(201.3945,-64.6505,11.5));
#11891=CARTESIAN_POINT('Origin',(227.363,-64.1505,11.5));
#11892=CARTESIAN_POINT('',(278.01975,-85.2005,11.5));
#11893=CARTESIAN_POINT('',(278.01975,-71.2005,11.5));
#11894=CARTESIAN_POINT('',(278.01975,-75.593,11.5));
#11895=CARTESIAN_POINT('',(278.51975,-70.7005,11.5));
#11896=CARTESIAN_POINT('Origin',(278.51975,-71.2005,11.5));
#11897=CARTESIAN_POINT('',(284.51975,-70.7005,11.5));
#11898=CARTESIAN_POINT('',(220.472875,-70.7005,11.5));
#11899=CARTESIAN_POINT('',(285.01975,-71.2005,11.5));
#11900=CARTESIAN_POINT('Origin',(284.51975,-71.2005,11.5));
#11901=CARTESIAN_POINT('',(285.01975,-85.2005,11.5));
#11902=CARTESIAN_POINT('',(285.01975,-68.593,11.5));
#11903=CARTESIAN_POINT('',(284.51975,-85.7005,11.5));
#11904=CARTESIAN_POINT('Origin',(284.51975,-85.2005,11.5));
#11905=CARTESIAN_POINT('',(278.51975,-85.7005,11.5));
#11906=CARTESIAN_POINT('',(223.472875,-85.7005,11.5));
#11907=CARTESIAN_POINT('Origin',(278.51975,-85.2005,11.5));
#11908=CARTESIAN_POINT('',(193.5255,-83.2005,11.5));
#11909=CARTESIAN_POINT('',(193.5255,-70.2005,11.5));
#11910=CARTESIAN_POINT('',(193.5255,-74.593,11.5));
#11911=CARTESIAN_POINT('',(194.0255,-69.7005,11.5));
#11912=CARTESIAN_POINT('Origin',(194.0255,-70.2005,11.5));
#11913=CARTESIAN_POINT('',(207.0255,-69.7005,11.5));
#11914=CARTESIAN_POINT('',(178.22575,-69.7005,11.5));
#11915=CARTESIAN_POINT('',(207.5255,-70.2005,11.5));
#11916=CARTESIAN_POINT('Origin',(207.0255,-70.2005,11.5));
#11917=CARTESIAN_POINT('',(207.5255,-83.2005,11.5));
#11918=CARTESIAN_POINT('',(207.5255,-68.093,11.5));
#11919=CARTESIAN_POINT('',(207.0255,-83.7005,11.5));
#11920=CARTESIAN_POINT('Origin',(207.0255,-83.2005,11.5));
#11921=CARTESIAN_POINT('',(194.0255,-83.7005,11.5));
#11922=CARTESIAN_POINT('',(184.72575,-83.7005,11.5));
#11923=CARTESIAN_POINT('Origin',(194.0255,-83.2005,11.5));
#11924=CARTESIAN_POINT('',(303.063,-64.1505,11.5));
#11925=CARTESIAN_POINT('',(303.063,-51.1505,11.5));
#11926=CARTESIAN_POINT('',(303.063,-65.068,11.5));
#11927=CARTESIAN_POINT('',(303.563,-50.6505,11.5));
#11928=CARTESIAN_POINT('Origin',(303.563,-51.1505,11.5));
#11929=CARTESIAN_POINT('',(316.563,-50.6505,11.5));
#11930=CARTESIAN_POINT('',(232.9945,-50.6505,11.5));
#11931=CARTESIAN_POINT('',(317.063,-51.1505,11.5));
#11932=CARTESIAN_POINT('Origin',(316.563,-51.1505,11.5));
#11933=CARTESIAN_POINT('',(317.063,-64.1505,11.5));
#11934=CARTESIAN_POINT('',(317.063,-58.568,11.5));
#11935=CARTESIAN_POINT('',(316.563,-64.6505,11.5));
#11936=CARTESIAN_POINT('Origin',(316.563,-64.1505,11.5));
#11937=CARTESIAN_POINT('',(303.563,-64.6505,11.5));
#11938=CARTESIAN_POINT('',(239.4945,-64.6505,11.5));
#11939=CARTESIAN_POINT('Origin',(303.563,-64.1505,11.5));
#11940=CARTESIAN_POINT('',(207.813,-64.1505,11.5));
#11941=CARTESIAN_POINT('',(207.813,-51.1505,11.5));
#11942=CARTESIAN_POINT('',(207.813,-65.068,11.5));
#11943=CARTESIAN_POINT('',(208.313,-50.6505,11.5));
#11944=CARTESIAN_POINT('Origin',(208.313,-51.1505,11.5));
#11945=CARTESIAN_POINT('',(221.313,-50.6505,11.5));
#11946=CARTESIAN_POINT('',(185.3695,-50.6505,11.5));
#11947=CARTESIAN_POINT('',(221.813,-51.1505,11.5));
#11948=CARTESIAN_POINT('Origin',(221.313,-51.1505,11.5));
#11949=CARTESIAN_POINT('',(221.813,-64.1505,11.5));
#11950=CARTESIAN_POINT('',(221.813,-58.568,11.5));
#11951=CARTESIAN_POINT('',(221.313,-64.6505,11.5));
#11952=CARTESIAN_POINT('Origin',(221.313,-64.1505,11.5));
#11953=CARTESIAN_POINT('',(208.313,-64.6505,11.5));
#11954=CARTESIAN_POINT('',(191.8695,-64.6505,11.5));
#11955=CARTESIAN_POINT('Origin',(208.313,-64.1505,11.5));
#11956=CARTESIAN_POINT('Origin',(162.426,-65.9855,10.));
#11957=CARTESIAN_POINT('',(330.851,9.999,10.));
#11958=CARTESIAN_POINT('',(248.6385,9.999,10.));
#11959=CARTESIAN_POINT('',(334.851,5.999,10.));
#11960=CARTESIAN_POINT('Origin',(330.851,5.999,10.));
#11961=CARTESIAN_POINT('',(334.851,-139.266407239607,10.));
#11962=CARTESIAN_POINT('',(334.851,-103.97775,10.));
#11963=CARTESIAN_POINT('',(330.851,-143.316267742759,10.));
#11964=CARTESIAN_POINT('Origin',(330.851,-139.266407239607,10.));
#11965=CARTESIAN_POINT('',(76.2135,-143.316267742759,10.));
#11966=CARTESIAN_POINT('',(245.913,-51.1505,10.));
#11967=CARTESIAN_POINT('',(245.913,-64.1505,10.));
#11968=CARTESIAN_POINT('',(245.913,-65.068,10.));
#11969=CARTESIAN_POINT('',(246.413,-64.6505,10.));
#11970=CARTESIAN_POINT('Origin',(246.413,-64.1505,10.));
#11971=CARTESIAN_POINT('',(259.413,-64.6505,10.));
#11972=CARTESIAN_POINT('',(210.9195,-64.6505,10.));
#11973=CARTESIAN_POINT('',(259.913,-64.1505,10.));
#11974=CARTESIAN_POINT('Origin',(259.413,-64.1505,10.));
#11975=CARTESIAN_POINT('',(259.913,-51.1505,10.));
#11976=CARTESIAN_POINT('',(259.913,-58.568,10.));
#11977=CARTESIAN_POINT('',(259.413,-50.6505,10.));
#11978=CARTESIAN_POINT('Origin',(259.413,-51.1505,10.));
#11979=CARTESIAN_POINT('',(246.413,-50.6505,10.));
#11980=CARTESIAN_POINT('',(204.4195,-50.6505,10.));
#11981=CARTESIAN_POINT('Origin',(246.413,-51.1505,10.));
#11982=CARTESIAN_POINT('',(198.288,-32.1005,10.));
#11983=CARTESIAN_POINT('',(198.288,-45.1005,10.));
#11984=CARTESIAN_POINT('',(198.288,-55.543,10.));
#11985=CARTESIAN_POINT('',(198.788,-45.6005,10.));
#11986=CARTESIAN_POINT('Origin',(198.788,-45.1005,10.));
#11987=CARTESIAN_POINT('',(211.788,-45.6005,10.));
#11988=CARTESIAN_POINT('',(187.107,-45.6005,10.));
#11989=CARTESIAN_POINT('',(212.288,-45.1005,10.));
#11990=CARTESIAN_POINT('Origin',(211.788,-45.1005,10.));
#11991=CARTESIAN_POINT('',(212.288,-32.1005,10.));
#11992=CARTESIAN_POINT('',(212.288,-49.0429999999999,10.));
#11993=CARTESIAN_POINT('',(211.788,-31.6005,10.));
#11994=CARTESIAN_POINT('Origin',(211.788,-32.1005,10.));
#11995=CARTESIAN_POINT('',(198.788,-31.6005,10.));
#11996=CARTESIAN_POINT('',(180.607,-31.6005,10.));
#11997=CARTESIAN_POINT('Origin',(198.788,-32.1005,10.));
#11998=CARTESIAN_POINT('',(231.6255,-70.2005,10.));
#11999=CARTESIAN_POINT('',(231.6255,-83.2005,10.));
#12000=CARTESIAN_POINT('',(231.6255,-74.593,10.));
#12001=CARTESIAN_POINT('',(232.1255,-83.7004999999999,10.));
#12002=CARTESIAN_POINT('Origin',(232.1255,-83.2005,10.));
#12003=CARTESIAN_POINT('',(245.1255,-83.7005,10.));
#12004=CARTESIAN_POINT('',(203.77575,-83.7005,10.));
#12005=CARTESIAN_POINT('',(245.6255,-83.2005,10.));
#12006=CARTESIAN_POINT('Origin',(245.1255,-83.2005,10.));
#12007=CARTESIAN_POINT('',(245.6255,-70.2005,10.));
#12008=CARTESIAN_POINT('',(245.6255,-68.093,10.));
#12009=CARTESIAN_POINT('',(245.1255,-69.7005,10.));
#12010=CARTESIAN_POINT('Origin',(245.1255,-70.2005,10.));
#12011=CARTESIAN_POINT('',(232.1255,-69.7005,10.));
#12012=CARTESIAN_POINT('',(197.27575,-69.7005,10.));
#12013=CARTESIAN_POINT('Origin',(232.1255,-70.2005,10.));
#12014=CARTESIAN_POINT('',(222.1005,-89.2505,10.));
#12015=CARTESIAN_POINT('',(222.1005,-102.2505,10.));
#12016=CARTESIAN_POINT('',(222.1005,-84.118,10.));
#12017=CARTESIAN_POINT('',(222.6005,-102.7505,10.));
#12018=CARTESIAN_POINT('Origin',(222.6005,-102.2505,10.));
#12019=CARTESIAN_POINT('',(235.6005,-102.7505,10.));
#12020=CARTESIAN_POINT('',(199.01325,-102.7505,10.));
#12021=CARTESIAN_POINT('',(236.1005,-102.2505,10.));
#12022=CARTESIAN_POINT('Origin',(235.6005,-102.2505,10.));
#12023=CARTESIAN_POINT('',(236.1005,-89.2505,10.));
#12024=CARTESIAN_POINT('',(236.1005,-77.618,10.));
#12025=CARTESIAN_POINT('',(235.6005,-88.7505,10.));
#12026=CARTESIAN_POINT('Origin',(235.6005,-89.2505,10.));
#12027=CARTESIAN_POINT('',(222.6005,-88.7505,10.));
#12028=CARTESIAN_POINT('',(192.51325,-88.7505,10.));
#12029=CARTESIAN_POINT('Origin',(222.6005,-89.2505,10.));
#12030=CARTESIAN_POINT('',(262.58175,-70.2005,10.));
#12031=CARTESIAN_POINT('',(262.58175,-83.2005,10.));
#12032=CARTESIAN_POINT('',(262.58175,-74.593,10.));
#12033=CARTESIAN_POINT('',(263.08175,-83.7005,10.));
#12034=CARTESIAN_POINT('Origin',(263.08175,-83.2005,10.));
#12035=CARTESIAN_POINT('',(276.08175,-83.7005,10.));
#12036=CARTESIAN_POINT('',(219.253875,-83.7005,10.));
#12037=CARTESIAN_POINT('',(276.58175,-83.2005,10.));
#12038=CARTESIAN_POINT('Origin',(276.08175,-83.2005,10.));
#12039=CARTESIAN_POINT('',(276.58175,-70.2005,10.));
#12040=CARTESIAN_POINT('',(276.58175,-68.093,10.));
#12041=CARTESIAN_POINT('',(276.08175,-69.7005,10.));
#12042=CARTESIAN_POINT('Origin',(276.08175,-70.2005,10.));
#12043=CARTESIAN_POINT('',(263.08175,-69.7005,10.));
#12044=CARTESIAN_POINT('',(212.753875,-69.7005,10.));
#12045=CARTESIAN_POINT('Origin',(263.08175,-70.2005,10.));
#12046=CARTESIAN_POINT('',(274.488,-8.288,10.));
#12047=CARTESIAN_POINT('',(274.488,-21.288,10.));
#12048=CARTESIAN_POINT('',(274.488,-43.63675,10.));
#12049=CARTESIAN_POINT('',(274.988,-21.788,10.));
#12050=CARTESIAN_POINT('Origin',(274.988,-21.288,10.));
#12051=CARTESIAN_POINT('',(287.988,-21.788,10.));
#12052=CARTESIAN_POINT('',(225.207,-21.788,10.));
#12053=CARTESIAN_POINT('',(288.488,-21.288,10.));
#12054=CARTESIAN_POINT('Origin',(287.988,-21.288,10.));
#12055=CARTESIAN_POINT('',(288.488,-8.28800000000001,10.));
#12056=CARTESIAN_POINT('',(288.488,-37.13675,10.));
#12057=CARTESIAN_POINT('',(287.988,-7.788,10.));
#12058=CARTESIAN_POINT('Origin',(287.988,-8.28800000000001,10.));
#12059=CARTESIAN_POINT('',(274.988,-7.788,10.));
#12060=CARTESIAN_POINT('',(218.707,-7.78799999999999,10.));
#12061=CARTESIAN_POINT('Origin',(274.988,-8.288,10.));
#12062=CARTESIAN_POINT('',(164.9505,-89.2505,10.));
#12063=CARTESIAN_POINT('',(164.9505,-102.2505,10.));
#12064=CARTESIAN_POINT('',(164.9505,-84.118,10.));
#12065=CARTESIAN_POINT('',(165.4505,-102.7505,10.));
#12066=CARTESIAN_POINT('Origin',(165.4505,-102.2505,10.));
#12067=CARTESIAN_POINT('',(178.4505,-102.7505,10.));
#12068=CARTESIAN_POINT('',(170.43825,-102.7505,10.));
#12069=CARTESIAN_POINT('',(178.9505,-102.2505,10.));
#12070=CARTESIAN_POINT('Origin',(178.4505,-102.2505,10.));
#12071=CARTESIAN_POINT('',(178.9505,-89.2505,10.));
#12072=CARTESIAN_POINT('',(178.9505,-77.618,10.));
#12073=CARTESIAN_POINT('',(178.4505,-88.7505,10.));
#12074=CARTESIAN_POINT('Origin',(178.4505,-89.2505,10.));
#12075=CARTESIAN_POINT('',(165.4505,-88.7505,10.));
#12076=CARTESIAN_POINT('',(163.93825,-88.7505,10.));
#12077=CARTESIAN_POINT('Origin',(165.4505,-89.2505,10.));
#12078=CARTESIAN_POINT('',(298.3005,-113.063,10.));
#12079=CARTESIAN_POINT('',(298.3005,-126.063,10.));
#12080=CARTESIAN_POINT('',(298.3005,-96.02425,10.));
#12081=CARTESIAN_POINT('',(298.8005,-126.563,10.));
#12082=CARTESIAN_POINT('Origin',(298.8005,-126.063,10.));
#12083=CARTESIAN_POINT('',(311.8005,-126.563,10.));
#12084=CARTESIAN_POINT('',(237.11325,-126.563,10.));
#12085=CARTESIAN_POINT('',(312.3005,-126.063,10.));
#12086=CARTESIAN_POINT('Origin',(311.8005,-126.063,10.));
#12087=CARTESIAN_POINT('',(312.3005,-113.063,10.));
#12088=CARTESIAN_POINT('',(312.3005,-89.52425,10.));
#12089=CARTESIAN_POINT('',(311.8005,-112.563,10.));
#12090=CARTESIAN_POINT('Origin',(311.8005,-113.063,10.));
#12091=CARTESIAN_POINT('',(298.8005,-112.563,10.));
#12092=CARTESIAN_POINT('',(230.61325,-112.563,10.));
#12093=CARTESIAN_POINT('Origin',(298.8005,-113.063,10.));
#12094=CARTESIAN_POINT('',(250.6755,-8.288,10.));
#12095=CARTESIAN_POINT('',(250.6755,-21.288,10.));
#12096=CARTESIAN_POINT('',(250.6755,-43.63675,10.));
#12097=CARTESIAN_POINT('',(251.1755,-21.788,10.));
#12098=CARTESIAN_POINT('Origin',(251.1755,-21.288,10.));
#12099=CARTESIAN_POINT('',(264.1755,-21.788,10.));
#12100=CARTESIAN_POINT('',(213.30075,-21.788,10.));
#12101=CARTESIAN_POINT('',(264.6755,-21.288,10.));
#12102=CARTESIAN_POINT('Origin',(264.1755,-21.288,10.));
#12103=CARTESIAN_POINT('',(264.6755,-8.28800000000001,10.));
#12104=CARTESIAN_POINT('',(264.6755,-37.13675,10.));
#12105=CARTESIAN_POINT('',(264.1755,-7.788,10.));
#12106=CARTESIAN_POINT('Origin',(264.1755,-8.28800000000001,10.));
#12107=CARTESIAN_POINT('',(251.1755,-7.788,10.));
#12108=CARTESIAN_POINT('',(206.80075,-7.78799999999999,10.));
#12109=CARTESIAN_POINT('Origin',(251.1755,-8.288,10.));
#12110=CARTESIAN_POINT('',(256.525,-33.1005,10.));
#12111=CARTESIAN_POINT('',(256.525,-47.1005,10.));
#12112=CARTESIAN_POINT('',(256.525,-56.543,10.));
#12113=CARTESIAN_POINT('',(257.025,-47.6005,10.));
#12114=CARTESIAN_POINT('Origin',(257.025,-47.1005,10.));
#12115=CARTESIAN_POINT('',(263.025,-47.6005,10.));
#12116=CARTESIAN_POINT('',(212.7255,-47.6005,10.));
#12117=CARTESIAN_POINT('',(263.525,-47.1005,10.));
#12118=CARTESIAN_POINT('Origin',(263.025,-47.1005,10.));
#12119=CARTESIAN_POINT('',(263.525,-33.1005,10.));
#12120=CARTESIAN_POINT('',(263.525,-49.543,10.));
#12121=CARTESIAN_POINT('',(263.025,-32.6005,10.));
#12122=CARTESIAN_POINT('Origin',(263.025,-33.1005,10.));
#12123=CARTESIAN_POINT('',(257.025,-32.6005,10.));
#12124=CARTESIAN_POINT('',(209.7255,-32.6005,10.));
#12125=CARTESIAN_POINT('Origin',(257.025,-33.1005,10.));
#12126=CARTESIAN_POINT('',(280.401,-33.1005,10.));
#12127=CARTESIAN_POINT('',(280.401,-47.1005,10.));
#12128=CARTESIAN_POINT('',(280.401,-56.543,10.));
#12129=CARTESIAN_POINT('',(280.901,-47.6005,10.));
#12130=CARTESIAN_POINT('Origin',(280.901,-47.1005,10.));
#12131=CARTESIAN_POINT('',(286.901,-47.6005,10.));
#12132=CARTESIAN_POINT('',(224.6635,-47.6005,10.));
#12133=CARTESIAN_POINT('',(287.401,-47.1005,10.));
#12134=CARTESIAN_POINT('Origin',(286.901,-47.1005,10.));
#12135=CARTESIAN_POINT('',(287.401,-33.1005,10.));
#12136=CARTESIAN_POINT('',(287.401,-49.543,10.));
#12137=CARTESIAN_POINT('',(286.901,-32.6005,10.));
#12138=CARTESIAN_POINT('Origin',(286.901,-33.1005,10.));
#12139=CARTESIAN_POINT('',(280.901,-32.6005,10.));
#12140=CARTESIAN_POINT('',(221.6635,-32.6005,10.));
#12141=CARTESIAN_POINT('Origin',(280.901,-33.1005,10.));
#12142=CARTESIAN_POINT('',(212.5755,-70.2005,10.));
#12143=CARTESIAN_POINT('',(212.5755,-83.2005,10.));
#12144=CARTESIAN_POINT('',(212.5755,-74.593,10.));
#12145=CARTESIAN_POINT('',(213.0755,-83.7004999999999,10.));
#12146=CARTESIAN_POINT('Origin',(213.0755,-83.2005,10.));
#12147=CARTESIAN_POINT('',(226.0755,-83.7005,10.));
#12148=CARTESIAN_POINT('',(194.25075,-83.7005,10.));
#12149=CARTESIAN_POINT('',(226.5755,-83.2005,10.));
#12150=CARTESIAN_POINT('Origin',(226.0755,-83.2005,10.));
#12151=CARTESIAN_POINT('',(226.5755,-70.2005,10.));
#12152=CARTESIAN_POINT('',(226.5755,-68.093,10.));
#12153=CARTESIAN_POINT('',(226.0755,-69.7005,10.));
#12154=CARTESIAN_POINT('Origin',(226.0755,-70.2005,10.));
#12155=CARTESIAN_POINT('',(213.0755,-69.7005,10.));
#12156=CARTESIAN_POINT('',(187.75075,-69.7005,10.));
#12157=CARTESIAN_POINT('Origin',(213.0755,-70.2005,10.));
#12158=CARTESIAN_POINT('',(188.763,-51.1505,10.));
#12159=CARTESIAN_POINT('',(188.763,-64.1505,10.));
#12160=CARTESIAN_POINT('',(188.763,-65.068,10.));
#12161=CARTESIAN_POINT('',(189.263,-64.6505,10.));
#12162=CARTESIAN_POINT('Origin',(189.263,-64.1505,10.));
#12163=CARTESIAN_POINT('',(202.263,-64.6505,10.));
#12164=CARTESIAN_POINT('',(182.3445,-64.6505,10.));
#12165=CARTESIAN_POINT('',(202.763,-64.1505,10.));
#12166=CARTESIAN_POINT('Origin',(202.263,-64.1505,10.));
#12167=CARTESIAN_POINT('',(202.763,-51.1505,10.));
#12168=CARTESIAN_POINT('',(202.763,-58.568,10.));
#12169=CARTESIAN_POINT('',(202.263,-50.6505,10.));
#12170=CARTESIAN_POINT('Origin',(202.263,-51.1505,10.));
#12171=CARTESIAN_POINT('',(189.263,-50.6505,10.));
#12172=CARTESIAN_POINT('',(175.8445,-50.6505,10.));
#12173=CARTESIAN_POINT('Origin',(189.263,-51.1505,10.));
#12174=CARTESIAN_POINT('',(198.288,-108.3005,10.));
#12175=CARTESIAN_POINT('',(198.288,-121.3005,10.));
#12176=CARTESIAN_POINT('',(198.288,-93.643,10.));
#12177=CARTESIAN_POINT('',(198.788,-121.8005,10.));
#12178=CARTESIAN_POINT('Origin',(198.788,-121.3005,10.));
#12179=CARTESIAN_POINT('',(211.788,-121.8005,10.));
#12180=CARTESIAN_POINT('',(187.107,-121.8005,10.));
#12181=CARTESIAN_POINT('',(212.288,-121.3005,10.));
#12182=CARTESIAN_POINT('Origin',(211.788,-121.3005,10.));
#12183=CARTESIAN_POINT('',(212.288,-108.3005,10.));
#12184=CARTESIAN_POINT('',(212.288,-87.143,10.));
#12185=CARTESIAN_POINT('',(211.788,-107.8005,10.));
#12186=CARTESIAN_POINT('Origin',(211.788,-108.3005,10.));
#12187=CARTESIAN_POINT('',(198.788,-107.8005,10.));
#12188=CARTESIAN_POINT('',(180.607,-107.8005,10.));
#12189=CARTESIAN_POINT('Origin',(198.788,-108.3005,10.));
#12190=CARTESIAN_POINT('',(212.5755,-8.288,10.));
#12191=CARTESIAN_POINT('',(212.5755,-21.288,10.));
#12192=CARTESIAN_POINT('',(212.5755,-43.6367499999999,10.));
#12193=CARTESIAN_POINT('',(213.0755,-21.788,10.));
#12194=CARTESIAN_POINT('Origin',(213.0755,-21.288,10.));
#12195=CARTESIAN_POINT('',(226.0755,-21.788,10.));
#12196=CARTESIAN_POINT('',(194.25075,-21.788,10.));
#12197=CARTESIAN_POINT('',(226.5755,-21.288,10.));
#12198=CARTESIAN_POINT('Origin',(226.0755,-21.288,10.));
#12199=CARTESIAN_POINT('',(226.5755,-8.28800000000001,10.));
#12200=CARTESIAN_POINT('',(226.5755,-37.13675,10.));
#12201=CARTESIAN_POINT('',(226.0755,-7.788,10.));
#12202=CARTESIAN_POINT('Origin',(226.0755,-8.28800000000001,10.));
#12203=CARTESIAN_POINT('',(213.0755,-7.788,10.));
#12204=CARTESIAN_POINT('',(187.75075,-7.78799999999999,10.));
#12205=CARTESIAN_POINT('Origin',(213.0755,-8.288,10.));
#12206=CARTESIAN_POINT('',(279.2505,-113.063,10.));
#12207=CARTESIAN_POINT('',(279.2505,-126.063,10.));
#12208=CARTESIAN_POINT('',(279.2505,-96.02425,10.));
#12209=CARTESIAN_POINT('',(279.7505,-126.563,10.));
#12210=CARTESIAN_POINT('Origin',(279.7505,-126.063,10.));
#12211=CARTESIAN_POINT('',(292.7505,-126.563,10.));
#12212=CARTESIAN_POINT('',(227.58825,-126.563,10.));
#12213=CARTESIAN_POINT('',(293.2505,-126.063,10.));
#12214=CARTESIAN_POINT('Origin',(292.7505,-126.063,10.));
#12215=CARTESIAN_POINT('',(293.2505,-113.063,10.));
#12216=CARTESIAN_POINT('',(293.2505,-89.52425,10.));
#12217=CARTESIAN_POINT('',(292.7505,-112.563,10.));
#12218=CARTESIAN_POINT('Origin',(292.7505,-113.063,10.));
#12219=CARTESIAN_POINT('',(279.7505,-112.563,10.));
#12220=CARTESIAN_POINT('',(221.08825,-112.563,10.));
#12221=CARTESIAN_POINT('Origin',(279.7505,-113.063,10.));
#12222=CARTESIAN_POINT('',(302.063,-7.288,10.));
#12223=CARTESIAN_POINT('',(302.063,-22.288,10.));
#12224=CARTESIAN_POINT('',(302.063,-44.13675,10.));
#12225=CARTESIAN_POINT('',(302.563,-22.788,10.));
#12226=CARTESIAN_POINT('Origin',(302.563,-22.288,10.));
#12227=CARTESIAN_POINT('',(317.563,-22.788,10.));
#12228=CARTESIAN_POINT('',(239.9945,-22.788,10.));
#12229=CARTESIAN_POINT('',(318.063,-22.288,10.));
#12230=CARTESIAN_POINT('Origin',(317.563,-22.288,10.));
#12231=CARTESIAN_POINT('',(318.063,-7.288,10.));
#12232=CARTESIAN_POINT('',(318.063,-36.6367500000002,10.));
#12233=CARTESIAN_POINT('',(317.563,-6.78799999999996,10.));
#12234=CARTESIAN_POINT('Origin',(317.563,-7.288,10.));
#12235=CARTESIAN_POINT('',(302.563,-6.788,10.));
#12236=CARTESIAN_POINT('',(232.4945,-6.788,10.));
#12237=CARTESIAN_POINT('Origin',(302.563,-7.288,10.));
#12238=CARTESIAN_POINT('',(260.2005,-113.063,10.));
#12239=CARTESIAN_POINT('',(260.2005,-126.063,10.));
#12240=CARTESIAN_POINT('',(260.2005,-96.02425,10.));
#12241=CARTESIAN_POINT('',(260.7005,-126.563,10.));
#12242=CARTESIAN_POINT('Origin',(260.7005,-126.063,10.));
#12243=CARTESIAN_POINT('',(273.7005,-126.563,10.));
#12244=CARTESIAN_POINT('',(218.06325,-126.563,10.));
#12245=CARTESIAN_POINT('',(274.2005,-126.063,10.));
#12246=CARTESIAN_POINT('Origin',(273.7005,-126.063,10.));
#12247=CARTESIAN_POINT('',(274.2005,-113.063,10.));
#12248=CARTESIAN_POINT('',(274.2005,-89.52425,10.));
#12249=CARTESIAN_POINT('',(273.7005,-112.563,10.));
#12250=CARTESIAN_POINT('Origin',(273.7005,-113.063,10.));
#12251=CARTESIAN_POINT('',(260.7005,-112.563,10.));
#12252=CARTESIAN_POINT('',(211.56325,-112.563,10.));
#12253=CARTESIAN_POINT('Origin',(260.7005,-113.063,10.));
#12254=CARTESIAN_POINT('',(182.73175,-109.3005,10.));
#12255=CARTESIAN_POINT('',(182.73175,-123.3005,10.));
#12256=CARTESIAN_POINT('',(182.73175,-94.643,10.));
#12257=CARTESIAN_POINT('',(183.23175,-123.8005,10.));
#12258=CARTESIAN_POINT('Origin',(183.23175,-123.3005,10.));
#12259=CARTESIAN_POINT('',(189.23175,-123.8005,10.));
#12260=CARTESIAN_POINT('',(175.828875,-123.8005,10.));
#12261=CARTESIAN_POINT('',(189.73175,-123.3005,10.));
#12262=CARTESIAN_POINT('Origin',(189.23175,-123.3005,10.));
#12263=CARTESIAN_POINT('',(189.73175,-109.3005,10.));
#12264=CARTESIAN_POINT('',(189.73175,-87.643,10.));
#12265=CARTESIAN_POINT('',(189.23175,-108.8005,10.));
#12266=CARTESIAN_POINT('Origin',(189.23175,-109.3005,10.));
#12267=CARTESIAN_POINT('',(183.23175,-108.8005,10.));
#12268=CARTESIAN_POINT('',(172.828875,-108.8005,10.));
#12269=CARTESIAN_POINT('Origin',(183.23175,-109.3005,10.));
#12270=CARTESIAN_POINT('',(155.4255,-70.2005,10.));
#12271=CARTESIAN_POINT('',(155.4255,-83.2005,10.));
#12272=CARTESIAN_POINT('',(155.4255,-74.593,10.));
#12273=CARTESIAN_POINT('',(155.9255,-83.7005,10.));
#12274=CARTESIAN_POINT('Origin',(155.9255,-83.2005,10.));
#12275=CARTESIAN_POINT('',(168.9255,-83.7005,10.));
#12276=CARTESIAN_POINT('',(165.67575,-83.7005,10.));
#12277=CARTESIAN_POINT('',(169.4255,-83.2005,10.));
#12278=CARTESIAN_POINT('Origin',(168.9255,-83.2005,10.));
#12279=CARTESIAN_POINT('',(169.4255,-70.2005,10.));
#12280=CARTESIAN_POINT('',(169.4255,-68.093,10.));
#12281=CARTESIAN_POINT('',(168.9255,-69.7005,10.));
#12282=CARTESIAN_POINT('Origin',(168.9255,-70.2005,10.));
#12283=CARTESIAN_POINT('',(155.9255,-69.7005,10.));
#12284=CARTESIAN_POINT('',(159.17575,-69.7005,10.));
#12285=CARTESIAN_POINT('Origin',(155.9255,-70.2005,10.));
#12286=CARTESIAN_POINT('',(169.713,-51.1505,10.));
#12287=CARTESIAN_POINT('',(169.713,-64.1505,10.));
#12288=CARTESIAN_POINT('',(169.713,-65.068,10.));
#12289=CARTESIAN_POINT('',(170.213,-64.6505,10.));
#12290=CARTESIAN_POINT('Origin',(170.213,-64.1505,10.));
#12291=CARTESIAN_POINT('',(183.213,-64.6505,10.));
#12292=CARTESIAN_POINT('',(172.8195,-64.6505,10.));
#12293=CARTESIAN_POINT('',(183.713,-64.1505,10.));
#12294=CARTESIAN_POINT('Origin',(183.213,-64.1505,10.));
#12295=CARTESIAN_POINT('',(183.713,-51.1505,10.));
#12296=CARTESIAN_POINT('',(183.713,-58.568,10.));
#12297=CARTESIAN_POINT('',(183.213,-50.6505,10.));
#12298=CARTESIAN_POINT('Origin',(183.213,-51.1505,10.));
#12299=CARTESIAN_POINT('',(170.213,-50.6505,10.));
#12300=CARTESIAN_POINT('',(166.3195,-50.6505,10.));
#12301=CARTESIAN_POINT('Origin',(170.213,-51.1505,10.));
#12302=CARTESIAN_POINT('',(328.151,4.999,10.));
#12303=CARTESIAN_POINT('Origin',(329.851,4.999,10.));
#12304=CARTESIAN_POINT('',(179.238,-32.1005,10.));
#12305=CARTESIAN_POINT('',(179.238,-45.1005,10.));
#12306=CARTESIAN_POINT('',(179.238,-55.543,10.));
#12307=CARTESIAN_POINT('',(179.738,-45.6005,10.));
#12308=CARTESIAN_POINT('Origin',(179.738,-45.1005,10.));
#12309=CARTESIAN_POINT('',(192.738,-45.6005,10.));
#12310=CARTESIAN_POINT('',(177.582,-45.6005,10.));
#12311=CARTESIAN_POINT('',(193.238,-45.1005,10.));
#12312=CARTESIAN_POINT('Origin',(192.738,-45.1005,10.));
#12313=CARTESIAN_POINT('',(193.238,-32.1005,10.));
#12314=CARTESIAN_POINT('',(193.238,-49.043,10.));
#12315=CARTESIAN_POINT('',(192.738,-31.6005,10.));
#12316=CARTESIAN_POINT('Origin',(192.738,-32.1005,10.));
#12317=CARTESIAN_POINT('',(179.738,-31.6005,10.));
#12318=CARTESIAN_POINT('',(171.082,-31.6005,10.));
#12319=CARTESIAN_POINT('Origin',(179.738,-32.1005,10.));
#12320=CARTESIAN_POINT('',(236.388,-108.3005,10.));
#12321=CARTESIAN_POINT('',(236.388,-121.3005,10.));
#12322=CARTESIAN_POINT('',(236.388,-93.643,10.));
#12323=CARTESIAN_POINT('',(236.888,-121.8005,10.));
#12324=CARTESIAN_POINT('Origin',(236.888,-121.3005,10.));
#12325=CARTESIAN_POINT('',(249.888,-121.8005,10.));
#12326=CARTESIAN_POINT('',(206.157,-121.8005,10.));
#12327=CARTESIAN_POINT('',(250.388,-121.3005,10.));
#12328=CARTESIAN_POINT('Origin',(249.888,-121.3005,10.));
#12329=CARTESIAN_POINT('',(250.388,-108.3005,10.));
#12330=CARTESIAN_POINT('',(250.388,-87.143,10.));
#12331=CARTESIAN_POINT('',(249.888,-107.8005,10.));
#12332=CARTESIAN_POINT('Origin',(249.888,-108.3005,10.));
#12333=CARTESIAN_POINT('',(236.888,-107.8005,10.));
#12334=CARTESIAN_POINT('',(199.657,-107.8005,10.));
#12335=CARTESIAN_POINT('Origin',(236.888,-108.3005,10.));
#12336=CARTESIAN_POINT('',(254.14375,-71.2005,10.));
#12337=CARTESIAN_POINT('',(254.14375,-85.2005,10.));
#12338=CARTESIAN_POINT('',(254.14375,-75.593,10.));
#12339=CARTESIAN_POINT('',(254.64375,-85.7005,10.));
#12340=CARTESIAN_POINT('Origin',(254.64375,-85.2005,10.));
#12341=CARTESIAN_POINT('',(260.64375,-85.7005,10.));
#12342=CARTESIAN_POINT('',(211.534875,-85.7005,10.));
#12343=CARTESIAN_POINT('',(261.14375,-85.2005,10.));
#12344=CARTESIAN_POINT('Origin',(260.64375,-85.2005,10.));
#12345=CARTESIAN_POINT('',(261.14375,-71.2005,10.));
#12346=CARTESIAN_POINT('',(261.14375,-68.593,10.));
#12347=CARTESIAN_POINT('',(260.64375,-70.7005,10.));
#12348=CARTESIAN_POINT('Origin',(260.64375,-71.2005,10.));
#12349=CARTESIAN_POINT('',(254.64375,-70.7005,10.));
#12350=CARTESIAN_POINT('',(208.534875,-70.7005,10.));
#12351=CARTESIAN_POINT('Origin',(254.64375,-71.2005,10.));
#12352=CARTESIAN_POINT('',(160.726,-136.97,10.));
#12353=CARTESIAN_POINT('Origin',(162.426,-136.97,10.));
#12354=CARTESIAN_POINT('',(160.188,-32.1005,10.));
#12355=CARTESIAN_POINT('',(160.188,-45.1005,10.));
#12356=CARTESIAN_POINT('',(160.188,-55.543,10.));
#12357=CARTESIAN_POINT('',(160.688,-45.6005,10.));
#12358=CARTESIAN_POINT('Origin',(160.688,-45.1005,10.));
#12359=CARTESIAN_POINT('',(173.688,-45.6005,10.));
#12360=CARTESIAN_POINT('',(168.057,-45.6005,10.));
#12361=CARTESIAN_POINT('',(174.188,-45.1005,10.));
#12362=CARTESIAN_POINT('Origin',(173.688,-45.1005,10.));
#12363=CARTESIAN_POINT('',(174.188,-32.1005,10.));
#12364=CARTESIAN_POINT('',(174.188,-49.043,10.));
#12365=CARTESIAN_POINT('',(173.688,-31.6005,10.));
#12366=CARTESIAN_POINT('Origin',(173.688,-32.1005,10.));
#12367=CARTESIAN_POINT('',(160.688,-31.6005,10.));
#12368=CARTESIAN_POINT('',(161.557,-31.6005,10.));
#12369=CARTESIAN_POINT('Origin',(160.688,-32.1005,10.));
#12370=CARTESIAN_POINT('',(279.2505,-94.013,10.));
#12371=CARTESIAN_POINT('',(279.2505,-107.013,10.));
#12372=CARTESIAN_POINT('',(279.2505,-86.49925,10.));
#12373=CARTESIAN_POINT('',(279.7505,-107.513,10.));
#12374=CARTESIAN_POINT('Origin',(279.7505,-107.013,10.));
#12375=CARTESIAN_POINT('',(292.7505,-107.513,10.));
#12376=CARTESIAN_POINT('',(227.58825,-107.513,10.));
#12377=CARTESIAN_POINT('',(293.2505,-107.013,10.));
#12378=CARTESIAN_POINT('Origin',(292.7505,-107.013,10.));
#12379=CARTESIAN_POINT('',(293.2505,-94.013,10.));
#12380=CARTESIAN_POINT('',(293.2505,-79.99925,10.));
#12381=CARTESIAN_POINT('',(292.7505,-93.513,10.));
#12382=CARTESIAN_POINT('Origin',(292.7505,-94.013,10.));
#12383=CARTESIAN_POINT('',(279.7505,-93.513,10.));
#12384=CARTESIAN_POINT('',(221.08825,-93.513,10.));
#12385=CARTESIAN_POINT('Origin',(279.7505,-94.013,10.));
#12386=CARTESIAN_POINT('',(303.063,-32.1005,10.));
#12387=CARTESIAN_POINT('',(303.063,-45.1005,10.));
#12388=CARTESIAN_POINT('',(303.063,-55.543,10.));
#12389=CARTESIAN_POINT('',(303.563,-45.6005,10.));
#12390=CARTESIAN_POINT('Origin',(303.563,-45.1005,10.));
#12391=CARTESIAN_POINT('',(316.563,-45.6005,10.));
#12392=CARTESIAN_POINT('',(239.4945,-45.6005,10.));
#12393=CARTESIAN_POINT('',(317.063,-45.1005,10.));
#12394=CARTESIAN_POINT('Origin',(316.563,-45.1005,10.));
#12395=CARTESIAN_POINT('',(317.063,-32.1005,10.));
#12396=CARTESIAN_POINT('',(317.063,-49.043,10.));
#12397=CARTESIAN_POINT('',(316.563,-31.6005,10.));
#12398=CARTESIAN_POINT('Origin',(316.563,-32.1005,10.));
#12399=CARTESIAN_POINT('',(303.563,-31.6005,10.));
#12400=CARTESIAN_POINT('',(232.9945,-31.6005,10.));
#12401=CARTESIAN_POINT('Origin',(303.563,-32.1005,10.));
#12402=CARTESIAN_POINT('',(264.963,-32.1005,10.));
#12403=CARTESIAN_POINT('',(264.963,-45.1005,10.));
#12404=CARTESIAN_POINT('',(264.963,-55.543,10.));
#12405=CARTESIAN_POINT('',(265.463,-45.6005,10.));
#12406=CARTESIAN_POINT('Origin',(265.463,-45.1005,10.));
#12407=CARTESIAN_POINT('',(278.463,-45.6005,10.));
#12408=CARTESIAN_POINT('',(220.4445,-45.6005,10.));
#12409=CARTESIAN_POINT('',(278.963,-45.1005,10.));
#12410=CARTESIAN_POINT('Origin',(278.463,-45.1005,10.));
#12411=CARTESIAN_POINT('',(278.963,-32.1005,10.));
#12412=CARTESIAN_POINT('',(278.963,-49.043,10.));
#12413=CARTESIAN_POINT('',(278.463,-31.6005,10.));
#12414=CARTESIAN_POINT('Origin',(278.463,-32.1005,10.));
#12415=CARTESIAN_POINT('',(265.463,-31.6005,10.));
#12416=CARTESIAN_POINT('',(213.9445,-31.6005,10.));
#12417=CARTESIAN_POINT('Origin',(265.463,-32.1005,10.));
#12418=CARTESIAN_POINT('',(248.29425,-89.2505,10.));
#12419=CARTESIAN_POINT('',(248.29425,-102.2505,10.));
#12420=CARTESIAN_POINT('',(248.29425,-84.118,10.));
#12421=CARTESIAN_POINT('',(248.79425,-102.7505,10.));
#12422=CARTESIAN_POINT('Origin',(248.79425,-102.2505,10.));
#12423=CARTESIAN_POINT('',(261.79425,-102.7505,10.));
#12424=CARTESIAN_POINT('',(212.110125,-102.7505,10.));
#12425=CARTESIAN_POINT('',(262.29425,-102.2505,10.));
#12426=CARTESIAN_POINT('Origin',(261.79425,-102.2505,10.));
#12427=CARTESIAN_POINT('',(262.29425,-89.2505,10.));
#12428=CARTESIAN_POINT('',(262.29425,-77.618,10.));
#12429=CARTESIAN_POINT('',(261.79425,-88.7505,10.));
#12430=CARTESIAN_POINT('Origin',(261.79425,-89.2505,10.));
#12431=CARTESIAN_POINT('',(248.79425,-88.7505,10.));
#12432=CARTESIAN_POINT('',(205.610125,-88.7505,10.));
#12433=CARTESIAN_POINT('Origin',(248.79425,-89.2505,10.));
#12434=CARTESIAN_POINT('',(203.0505,-89.2505,10.));
#12435=CARTESIAN_POINT('',(203.0505,-102.2505,10.));
#12436=CARTESIAN_POINT('',(203.0505,-84.118,10.));
#12437=CARTESIAN_POINT('',(203.5505,-102.7505,10.));
#12438=CARTESIAN_POINT('Origin',(203.5505,-102.2505,10.));
#12439=CARTESIAN_POINT('',(216.5505,-102.7505,10.));
#12440=CARTESIAN_POINT('',(189.48825,-102.7505,10.));
#12441=CARTESIAN_POINT('',(217.0505,-102.2505,10.));
#12442=CARTESIAN_POINT('Origin',(216.5505,-102.2505,10.));
#12443=CARTESIAN_POINT('',(217.0505,-89.2505,10.));
#12444=CARTESIAN_POINT('',(217.0505,-77.618,10.));
#12445=CARTESIAN_POINT('',(216.5505,-88.7505,10.));
#12446=CARTESIAN_POINT('Origin',(216.5505,-89.2505,10.));
#12447=CARTESIAN_POINT('',(203.5505,-88.7505,10.));
#12448=CARTESIAN_POINT('',(182.98825,-88.7505,10.));
#12449=CARTESIAN_POINT('Origin',(203.5505,-89.2505,10.));
#12450=CARTESIAN_POINT('',(231.6255,-8.288,10.));
#12451=CARTESIAN_POINT('',(231.6255,-21.288,10.));
#12452=CARTESIAN_POINT('',(231.6255,-43.6367499999999,10.));
#12453=CARTESIAN_POINT('',(232.1255,-21.788,10.));
#12454=CARTESIAN_POINT('Origin',(232.1255,-21.288,10.));
#12455=CARTESIAN_POINT('',(245.1255,-21.788,10.));
#12456=CARTESIAN_POINT('',(203.77575,-21.788,10.));
#12457=CARTESIAN_POINT('',(245.6255,-21.288,10.));
#12458=CARTESIAN_POINT('Origin',(245.1255,-21.288,10.));
#12459=CARTESIAN_POINT('',(245.6255,-8.28800000000001,10.));
#12460=CARTESIAN_POINT('',(245.6255,-37.13675,10.));
#12461=CARTESIAN_POINT('',(245.1255,-7.788,10.));
#12462=CARTESIAN_POINT('Origin',(245.1255,-8.28800000000001,10.));
#12463=CARTESIAN_POINT('',(232.1255,-7.788,10.));
#12464=CARTESIAN_POINT('',(197.27575,-7.78799999999999,10.));
#12465=CARTESIAN_POINT('Origin',(232.1255,-8.288,10.));
#12466=CARTESIAN_POINT('',(169.713,-8.288,10.));
#12467=CARTESIAN_POINT('',(169.713,-21.288,10.));
#12468=CARTESIAN_POINT('',(169.713,-43.63675,10.));
#12469=CARTESIAN_POINT('',(170.213,-21.788,10.));
#12470=CARTESIAN_POINT('Origin',(170.213,-21.288,10.));
#12471=CARTESIAN_POINT('',(183.213,-21.788,10.));
#12472=CARTESIAN_POINT('',(172.8195,-21.788,10.));
#12473=CARTESIAN_POINT('',(183.713,-21.288,10.));
#12474=CARTESIAN_POINT('Origin',(183.213,-21.288,10.));
#12475=CARTESIAN_POINT('',(183.713,-8.28800000000001,10.));
#12476=CARTESIAN_POINT('',(183.713,-37.13675,10.));
#12477=CARTESIAN_POINT('',(183.213,-7.788,10.));
#12478=CARTESIAN_POINT('Origin',(183.213,-8.28800000000001,10.));
#12479=CARTESIAN_POINT('',(170.213,-7.788,10.));
#12480=CARTESIAN_POINT('',(166.3195,-7.78799999999999,10.));
#12481=CARTESIAN_POINT('Origin',(170.213,-8.288,10.));
#12482=CARTESIAN_POINT('',(217.338,-108.3005,10.));
#12483=CARTESIAN_POINT('',(217.338,-121.3005,10.));
#12484=CARTESIAN_POINT('',(217.338,-93.643,10.));
#12485=CARTESIAN_POINT('',(217.838,-121.8005,10.));
#12486=CARTESIAN_POINT('Origin',(217.838,-121.3005,10.));
#12487=CARTESIAN_POINT('',(230.838,-121.8005,10.));
#12488=CARTESIAN_POINT('',(196.632,-121.8005,10.));
#12489=CARTESIAN_POINT('',(231.338,-121.3005,10.));
#12490=CARTESIAN_POINT('Origin',(230.838,-121.3005,10.));
#12491=CARTESIAN_POINT('',(231.338,-108.3005,10.));
#12492=CARTESIAN_POINT('',(231.338,-87.143,10.));
#12493=CARTESIAN_POINT('',(230.838,-107.8005,10.));
#12494=CARTESIAN_POINT('Origin',(230.838,-108.3005,10.));
#12495=CARTESIAN_POINT('',(217.838,-107.8005,10.));
#12496=CARTESIAN_POINT('',(190.132,-107.8005,10.));
#12497=CARTESIAN_POINT('Origin',(217.838,-108.3005,10.));
#12498=CARTESIAN_POINT('',(174.4755,-70.2005,10.));
#12499=CARTESIAN_POINT('',(174.4755,-83.2005,10.));
#12500=CARTESIAN_POINT('',(174.4755,-74.593,10.));
#12501=CARTESIAN_POINT('',(174.9755,-83.7005,10.));
#12502=CARTESIAN_POINT('Origin',(174.9755,-83.2005,10.));
#12503=CARTESIAN_POINT('',(187.9755,-83.7005,10.));
#12504=CARTESIAN_POINT('',(175.20075,-83.7005,10.));
#12505=CARTESIAN_POINT('',(188.4755,-83.2005,10.));
#12506=CARTESIAN_POINT('Origin',(187.9755,-83.2005,10.));
#12507=CARTESIAN_POINT('',(188.4755,-70.2005,10.));
#12508=CARTESIAN_POINT('',(188.4755,-68.093,10.));
#12509=CARTESIAN_POINT('',(187.9755,-69.7005,10.));
#12510=CARTESIAN_POINT('Origin',(187.9755,-70.2005,10.));
#12511=CARTESIAN_POINT('',(174.9755,-69.7005,10.));
#12512=CARTESIAN_POINT('',(168.70075,-69.7005,10.));
#12513=CARTESIAN_POINT('Origin',(174.9755,-70.2005,10.));
#12514=CARTESIAN_POINT('',(184.0005,-89.2505,10.));
#12515=CARTESIAN_POINT('',(184.0005,-102.2505,10.));
#12516=CARTESIAN_POINT('',(184.0005,-84.118,10.));
#12517=CARTESIAN_POINT('',(184.5005,-102.7505,10.));
#12518=CARTESIAN_POINT('Origin',(184.5005,-102.2505,10.));
#12519=CARTESIAN_POINT('',(197.5005,-102.7505,10.));
#12520=CARTESIAN_POINT('',(179.96325,-102.7505,10.));
#12521=CARTESIAN_POINT('',(198.0005,-102.2505,10.));
#12522=CARTESIAN_POINT('Origin',(197.5005,-102.2505,10.));
#12523=CARTESIAN_POINT('',(198.0005,-89.2505,10.));
#12524=CARTESIAN_POINT('',(198.0005,-77.618,10.));
#12525=CARTESIAN_POINT('',(197.5005,-88.7505,10.));
#12526=CARTESIAN_POINT('Origin',(197.5005,-89.2505,10.));
#12527=CARTESIAN_POINT('',(184.5005,-88.7505,10.));
#12528=CARTESIAN_POINT('',(173.46325,-88.7505,10.));
#12529=CARTESIAN_POINT('Origin',(184.5005,-89.2505,10.));
#12530=CARTESIAN_POINT('',(303.063,-89.2505,10.));
#12531=CARTESIAN_POINT('',(303.063,-102.2505,10.));
#12532=CARTESIAN_POINT('',(303.063,-84.118,10.));
#12533=CARTESIAN_POINT('',(303.563,-102.7505,10.));
#12534=CARTESIAN_POINT('Origin',(303.563,-102.2505,10.));
#12535=CARTESIAN_POINT('',(316.563,-102.7505,10.));
#12536=CARTESIAN_POINT('',(239.4945,-102.7505,10.));
#12537=CARTESIAN_POINT('',(317.063,-102.2505,10.));
#12538=CARTESIAN_POINT('Origin',(316.563,-102.2505,10.));
#12539=CARTESIAN_POINT('',(317.063,-89.2505,10.));
#12540=CARTESIAN_POINT('',(317.063,-77.618,10.));
#12541=CARTESIAN_POINT('',(316.563,-88.7505,10.));
#12542=CARTESIAN_POINT('Origin',(316.563,-89.2505,10.));
#12543=CARTESIAN_POINT('',(303.563,-88.7505,10.));
#12544=CARTESIAN_POINT('',(232.9945,-88.7505,10.));
#12545=CARTESIAN_POINT('Origin',(303.563,-89.2505,10.));
#12546=CARTESIAN_POINT('',(269.7255,-51.1505,10.));
#12547=CARTESIAN_POINT('',(269.7255,-64.1505,10.));
#12548=CARTESIAN_POINT('',(269.7255,-65.068,10.));
#12549=CARTESIAN_POINT('',(270.2255,-64.6505,10.));
#12550=CARTESIAN_POINT('Origin',(270.2255,-64.1505,10.));
#12551=CARTESIAN_POINT('',(283.2255,-64.6505,10.));
#12552=CARTESIAN_POINT('',(222.82575,-64.6505,10.));
#12553=CARTESIAN_POINT('',(283.7255,-64.1505,10.));
#12554=CARTESIAN_POINT('Origin',(283.2255,-64.1505,10.));
#12555=CARTESIAN_POINT('',(283.7255,-51.1505,10.));
#12556=CARTESIAN_POINT('',(283.7255,-58.568,10.));
#12557=CARTESIAN_POINT('',(283.2255,-50.6505,10.));
#12558=CARTESIAN_POINT('Origin',(283.2255,-51.1505,10.));
#12559=CARTESIAN_POINT('',(270.2255,-50.6505,10.));
#12560=CARTESIAN_POINT('',(216.32575,-50.6505,10.));
#12561=CARTESIAN_POINT('Origin',(270.2255,-51.1505,10.));
#12562=CARTESIAN_POINT('',(236.388,-32.1005,10.));
#12563=CARTESIAN_POINT('',(236.388,-45.1005,10.));
#12564=CARTESIAN_POINT('',(236.388,-55.543,10.));
#12565=CARTESIAN_POINT('',(236.888,-45.6005,10.));
#12566=CARTESIAN_POINT('Origin',(236.888,-45.1005,10.));
#12567=CARTESIAN_POINT('',(249.888,-45.6005,10.));
#12568=CARTESIAN_POINT('',(206.157,-45.6005,10.));
#12569=CARTESIAN_POINT('',(250.388,-45.1005,10.));
#12570=CARTESIAN_POINT('Origin',(249.888,-45.1005,10.));
#12571=CARTESIAN_POINT('',(250.388,-32.1005,10.));
#12572=CARTESIAN_POINT('',(250.388,-49.043,10.));
#12573=CARTESIAN_POINT('',(249.888,-31.6005,10.));
#12574=CARTESIAN_POINT('Origin',(249.888,-32.1005,10.));
#12575=CARTESIAN_POINT('',(236.888,-31.6005,10.));
#12576=CARTESIAN_POINT('',(199.657,-31.6005,10.));
#12577=CARTESIAN_POINT('Origin',(236.888,-32.1005,10.));
#12578=CARTESIAN_POINT('',(328.151,-136.97,10.));
#12579=CARTESIAN_POINT('Origin',(329.851,-136.97,10.));
#12580=CARTESIAN_POINT('',(217.338,-32.1005,10.));
#12581=CARTESIAN_POINT('',(217.338,-45.1005,10.));
#12582=CARTESIAN_POINT('',(217.338,-55.543,10.));
#12583=CARTESIAN_POINT('',(217.838,-45.6005,10.));
#12584=CARTESIAN_POINT('Origin',(217.838,-45.1005,10.));
#12585=CARTESIAN_POINT('',(230.838,-45.6005,10.));
#12586=CARTESIAN_POINT('',(196.632,-45.6005,10.));
#12587=CARTESIAN_POINT('',(231.338,-45.1005,10.));
#12588=CARTESIAN_POINT('Origin',(230.838,-45.1005,10.));
#12589=CARTESIAN_POINT('',(231.338,-32.1005,10.));
#12590=CARTESIAN_POINT('',(231.338,-49.043,10.));
#12591=CARTESIAN_POINT('',(230.838,-31.6005,10.));
#12592=CARTESIAN_POINT('Origin',(230.838,-32.1005,10.));
#12593=CARTESIAN_POINT('',(217.838,-31.6005,10.));
#12594=CARTESIAN_POINT('',(190.132,-31.6005,10.));
#12595=CARTESIAN_POINT('Origin',(217.838,-32.1005,10.));
#12596=CARTESIAN_POINT('',(303.063,-70.2005,10.));
#12597=CARTESIAN_POINT('',(303.063,-83.2005,10.));
#12598=CARTESIAN_POINT('',(303.063,-74.593,10.));
#12599=CARTESIAN_POINT('',(303.563,-83.7005,10.));
#12600=CARTESIAN_POINT('Origin',(303.563,-83.2005,10.));
#12601=CARTESIAN_POINT('',(316.563,-83.7005,10.));
#12602=CARTESIAN_POINT('',(239.4945,-83.7005,10.));
#12603=CARTESIAN_POINT('',(317.063,-83.2005,10.));
#12604=CARTESIAN_POINT('Origin',(316.563,-83.2005,10.));
#12605=CARTESIAN_POINT('',(317.063,-70.2005,10.));
#12606=CARTESIAN_POINT('',(317.063,-68.093,10.));
#12607=CARTESIAN_POINT('',(316.563,-69.7005,10.));
#12608=CARTESIAN_POINT('Origin',(316.563,-70.2005,10.));
#12609=CARTESIAN_POINT('',(303.563,-69.7005,10.));
#12610=CARTESIAN_POINT('',(232.9945,-69.7005,10.));
#12611=CARTESIAN_POINT('Origin',(303.563,-70.2005,10.));
#12612=CARTESIAN_POINT('',(193.5255,-8.288,10.));
#12613=CARTESIAN_POINT('',(193.5255,-21.288,10.));
#12614=CARTESIAN_POINT('',(193.5255,-43.63675,10.));
#12615=CARTESIAN_POINT('',(194.0255,-21.788,10.));
#12616=CARTESIAN_POINT('Origin',(194.0255,-21.288,10.));
#12617=CARTESIAN_POINT('',(207.0255,-21.788,10.));
#12618=CARTESIAN_POINT('',(184.72575,-21.788,10.));
#12619=CARTESIAN_POINT('',(207.5255,-21.288,10.));
#12620=CARTESIAN_POINT('Origin',(207.0255,-21.288,10.));
#12621=CARTESIAN_POINT('',(207.5255,-8.28800000000001,10.));
#12622=CARTESIAN_POINT('',(207.5255,-37.13675,10.));
#12623=CARTESIAN_POINT('',(207.0255,-7.788,10.));
#12624=CARTESIAN_POINT('Origin',(207.0255,-8.28800000000001,10.));
#12625=CARTESIAN_POINT('',(194.0255,-7.788,10.));
#12626=CARTESIAN_POINT('',(178.22575,-7.78799999999999,10.));
#12627=CARTESIAN_POINT('Origin',(194.0255,-8.288,10.));
#12628=CARTESIAN_POINT('',(226.863,-51.1505,10.));
#12629=CARTESIAN_POINT('',(226.863,-64.1505,10.));
#12630=CARTESIAN_POINT('',(226.863,-65.068,10.));
#12631=CARTESIAN_POINT('',(227.363,-64.6505,10.));
#12632=CARTESIAN_POINT('Origin',(227.363,-64.1505,10.));
#12633=CARTESIAN_POINT('',(240.363,-64.6505,10.));
#12634=CARTESIAN_POINT('',(201.3945,-64.6505,10.));
#12635=CARTESIAN_POINT('',(240.863,-64.1505,10.));
#12636=CARTESIAN_POINT('Origin',(240.363,-64.1505,10.));
#12637=CARTESIAN_POINT('',(240.863,-51.1505,10.));
#12638=CARTESIAN_POINT('',(240.863,-58.568,10.));
#12639=CARTESIAN_POINT('',(240.363,-50.6505,10.));
#12640=CARTESIAN_POINT('Origin',(240.363,-51.1505,10.));
#12641=CARTESIAN_POINT('',(227.363,-50.6505,10.));
#12642=CARTESIAN_POINT('',(194.8945,-50.6505,10.));
#12643=CARTESIAN_POINT('Origin',(227.363,-51.1505,10.));
#12644=CARTESIAN_POINT('',(278.01975,-71.2005,10.));
#12645=CARTESIAN_POINT('',(278.01975,-85.2005,10.));
#12646=CARTESIAN_POINT('',(278.01975,-75.593,10.));
#12647=CARTESIAN_POINT('',(278.51975,-85.7005,10.));
#12648=CARTESIAN_POINT('Origin',(278.51975,-85.2005,10.));
#12649=CARTESIAN_POINT('',(284.51975,-85.7005,10.));
#12650=CARTESIAN_POINT('',(223.472875,-85.7005,10.));
#12651=CARTESIAN_POINT('',(285.01975,-85.2005,10.));
#12652=CARTESIAN_POINT('Origin',(284.51975,-85.2005,10.));
#12653=CARTESIAN_POINT('',(285.01975,-71.2005,10.));
#12654=CARTESIAN_POINT('',(285.01975,-68.593,10.));
#12655=CARTESIAN_POINT('',(284.51975,-70.7005,10.));
#12656=CARTESIAN_POINT('Origin',(284.51975,-71.2005,10.));
#12657=CARTESIAN_POINT('',(278.51975,-70.7005,10.));
#12658=CARTESIAN_POINT('',(220.472875,-70.7005,10.));
#12659=CARTESIAN_POINT('Origin',(278.51975,-71.2005,10.));
#12660=CARTESIAN_POINT('',(193.5255,-70.2005,10.));
#12661=CARTESIAN_POINT('',(193.5255,-83.2005,10.));
#12662=CARTESIAN_POINT('',(193.5255,-74.593,10.));
#12663=CARTESIAN_POINT('',(194.0255,-83.7005,10.));
#12664=CARTESIAN_POINT('Origin',(194.0255,-83.2005,10.));
#12665=CARTESIAN_POINT('',(207.0255,-83.7005,10.));
#12666=CARTESIAN_POINT('',(184.72575,-83.7005,10.));
#12667=CARTESIAN_POINT('',(207.5255,-83.2005,10.));
#12668=CARTESIAN_POINT('Origin',(207.0255,-83.2005,10.));
#12669=CARTESIAN_POINT('',(207.5255,-70.2005,10.));
#12670=CARTESIAN_POINT('',(207.5255,-68.093,10.));
#12671=CARTESIAN_POINT('',(207.0255,-69.7005,10.));
#12672=CARTESIAN_POINT('Origin',(207.0255,-70.2005,10.));
#12673=CARTESIAN_POINT('',(194.0255,-69.7005,10.));
#12674=CARTESIAN_POINT('',(178.22575,-69.7005,10.));
#12675=CARTESIAN_POINT('Origin',(194.0255,-70.2005,10.));
#12676=CARTESIAN_POINT('',(303.063,-51.1505,10.));
#12677=CARTESIAN_POINT('',(303.063,-64.1505,10.));
#12678=CARTESIAN_POINT('',(303.063,-65.068,10.));
#12679=CARTESIAN_POINT('',(303.563,-64.6505,10.));
#12680=CARTESIAN_POINT('Origin',(303.563,-64.1505,10.));
#12681=CARTESIAN_POINT('',(316.563,-64.6505,10.));
#12682=CARTESIAN_POINT('',(239.4945,-64.6505,10.));
#12683=CARTESIAN_POINT('',(317.063,-64.1505,10.));
#12684=CARTESIAN_POINT('Origin',(316.563,-64.1505,10.));
#12685=CARTESIAN_POINT('',(317.063,-51.1505,10.));
#12686=CARTESIAN_POINT('',(317.063,-58.568,10.));
#12687=CARTESIAN_POINT('',(316.563,-50.6505,10.));
#12688=CARTESIAN_POINT('Origin',(316.563,-51.1505,10.));
#12689=CARTESIAN_POINT('',(303.563,-50.6505,10.));
#12690=CARTESIAN_POINT('',(232.9945,-50.6505,10.));
#12691=CARTESIAN_POINT('Origin',(303.563,-51.1505,10.));
#12692=CARTESIAN_POINT('',(207.813,-51.1505,10.));
#12693=CARTESIAN_POINT('',(207.813,-64.1505,10.));
#12694=CARTESIAN_POINT('',(207.813,-65.068,10.));
#12695=CARTESIAN_POINT('',(208.313,-64.6505,10.));
#12696=CARTESIAN_POINT('Origin',(208.313,-64.1505,10.));
#12697=CARTESIAN_POINT('',(221.313,-64.6505,10.));
#12698=CARTESIAN_POINT('',(191.8695,-64.6505,10.));
#12699=CARTESIAN_POINT('',(221.813,-64.1505,10.));
#12700=CARTESIAN_POINT('Origin',(221.313,-64.1505,10.));
#12701=CARTESIAN_POINT('',(221.813,-51.1505,10.));
#12702=CARTESIAN_POINT('',(221.813,-58.568,10.));
#12703=CARTESIAN_POINT('',(221.313,-50.6505,10.));
#12704=CARTESIAN_POINT('Origin',(221.313,-51.1505,10.));
#12705=CARTESIAN_POINT('',(208.313,-50.6505,10.));
#12706=CARTESIAN_POINT('',(185.3695,-50.6505,10.));
#12707=CARTESIAN_POINT('Origin',(208.313,-51.1505,10.));
#12708=CARTESIAN_POINT('Origin',(-9.99899999999998,-143.299692952842,10.1046491049413));
#12709=CARTESIAN_POINT('',(330.851,-143.291507589468,10.1563294553435));
#12710=CARTESIAN_POINT('Origin',(330.851,5.999,10.));
#12711=CARTESIAN_POINT('',(334.851,5.999,10.));
#12712=CARTESIAN_POINT('',(330.851,9.999,10.));
#12713=CARTESIAN_POINT('Origin',(334.851,-141.97,10.));
#12714=CARTESIAN_POINT('',(334.851,-139.340754227087,9.53059159518254));
#12715=CARTESIAN_POINT('Origin',(330.851,-139.340754227087,9.53059159518254));
#12716=CARTESIAN_POINT('Origin',(246.413,-64.1505,10.));
#12717=CARTESIAN_POINT('',(245.913,-64.1505,10.));
#12718=CARTESIAN_POINT('',(246.413,-64.6505,10.));
#12719=CARTESIAN_POINT('Origin',(259.413,-64.6505,10.));
#12720=CARTESIAN_POINT('',(259.413,-64.6505,10.));
#12721=CARTESIAN_POINT('Origin',(259.413,-64.1505,10.));
#12722=CARTESIAN_POINT('',(259.913,-64.1505,10.));
#12723=CARTESIAN_POINT('Origin',(259.913,-51.1505,10.));
#12724=CARTESIAN_POINT('',(259.913,-51.1505,10.));
#12725=CARTESIAN_POINT('Origin',(259.413,-51.1505,10.));
#12726=CARTESIAN_POINT('',(259.413,-50.6505,10.));
#12727=CARTESIAN_POINT('Origin',(246.413,-50.6505,10.));
#12728=CARTESIAN_POINT('',(246.413,-50.6505,10.));
#12729=CARTESIAN_POINT('Origin',(246.413,-51.1505,10.));
#12730=CARTESIAN_POINT('',(245.913,-51.1505,10.));
#12731=CARTESIAN_POINT('Origin',(245.913,-64.1505,10.));
#12732=CARTESIAN_POINT('Origin',(198.788,-45.1005,10.));
#12733=CARTESIAN_POINT('',(198.288,-45.1005,10.));
#12734=CARTESIAN_POINT('',(198.788,-45.6005,10.));
#12735=CARTESIAN_POINT('Origin',(211.788,-45.6005,10.));
#12736=CARTESIAN_POINT('',(211.788,-45.6005,10.));
#12737=CARTESIAN_POINT('Origin',(211.788,-45.1005,10.));
#12738=CARTESIAN_POINT('',(212.288,-45.1005,10.));
#12739=CARTESIAN_POINT('Origin',(212.288,-32.1005,10.));
#12740=CARTESIAN_POINT('',(212.288,-32.1005,10.));
#12741=CARTESIAN_POINT('Origin',(211.788,-32.1005,10.));
#12742=CARTESIAN_POINT('',(211.788,-31.6005,10.));
#12743=CARTESIAN_POINT('Origin',(198.788,-31.6005,10.));
#12744=CARTESIAN_POINT('',(198.788,-31.6005,10.));
#12745=CARTESIAN_POINT('Origin',(198.788,-32.1005,10.));
#12746=CARTESIAN_POINT('',(198.288,-32.1005,10.));
#12747=CARTESIAN_POINT('Origin',(198.288,-45.1005,10.));
#12748=CARTESIAN_POINT('Origin',(232.1255,-83.2005,10.));
#12749=CARTESIAN_POINT('',(231.6255,-83.2005,10.));
#12750=CARTESIAN_POINT('',(232.1255,-83.7004999999999,10.));
#12751=CARTESIAN_POINT('Origin',(245.1255,-83.7005,10.));
#12752=CARTESIAN_POINT('',(245.1255,-83.7005,10.));
#12753=CARTESIAN_POINT('Origin',(245.1255,-83.2005,10.));
#12754=CARTESIAN_POINT('',(245.6255,-83.2005,10.));
#12755=CARTESIAN_POINT('Origin',(245.6255,-70.2005,10.));
#12756=CARTESIAN_POINT('',(245.6255,-70.2005,10.));
#12757=CARTESIAN_POINT('Origin',(245.1255,-70.2005,10.));
#12758=CARTESIAN_POINT('',(245.1255,-69.7005,10.));
#12759=CARTESIAN_POINT('Origin',(232.1255,-69.7005,10.));
#12760=CARTESIAN_POINT('',(232.1255,-69.7005,10.));
#12761=CARTESIAN_POINT('Origin',(232.1255,-70.2005,10.));
#12762=CARTESIAN_POINT('',(231.6255,-70.2005,10.));
#12763=CARTESIAN_POINT('Origin',(231.6255,-83.2005,10.));
#12764=CARTESIAN_POINT('Origin',(222.6005,-102.2505,10.));
#12765=CARTESIAN_POINT('',(222.1005,-102.2505,10.));
#12766=CARTESIAN_POINT('',(222.6005,-102.7505,10.));
#12767=CARTESIAN_POINT('Origin',(235.6005,-102.7505,10.));
#12768=CARTESIAN_POINT('',(235.6005,-102.7505,10.));
#12769=CARTESIAN_POINT('Origin',(235.6005,-102.2505,10.));
#12770=CARTESIAN_POINT('',(236.1005,-102.2505,10.));
#12771=CARTESIAN_POINT('Origin',(236.1005,-89.2505,10.));
#12772=CARTESIAN_POINT('',(236.1005,-89.2505,10.));
#12773=CARTESIAN_POINT('Origin',(235.6005,-89.2505,10.));
#12774=CARTESIAN_POINT('',(235.6005,-88.7505,10.));
#12775=CARTESIAN_POINT('Origin',(222.6005,-88.7505,10.));
#12776=CARTESIAN_POINT('',(222.6005,-88.7505,10.));
#12777=CARTESIAN_POINT('Origin',(222.6005,-89.2505,10.));
#12778=CARTESIAN_POINT('',(222.1005,-89.2505,10.));
#12779=CARTESIAN_POINT('Origin',(222.1005,-102.2505,10.));
#12780=CARTESIAN_POINT('Origin',(263.08175,-83.2005,10.));
#12781=CARTESIAN_POINT('',(262.58175,-83.2005,10.));
#12782=CARTESIAN_POINT('',(263.08175,-83.7005,10.));
#12783=CARTESIAN_POINT('Origin',(276.08175,-83.7005,10.));
#12784=CARTESIAN_POINT('',(276.08175,-83.7005,10.));
#12785=CARTESIAN_POINT('Origin',(276.08175,-83.2005,10.));
#12786=CARTESIAN_POINT('',(276.58175,-83.2005,10.));
#12787=CARTESIAN_POINT('Origin',(276.58175,-70.2005,10.));
#12788=CARTESIAN_POINT('',(276.58175,-70.2005,10.));
#12789=CARTESIAN_POINT('Origin',(276.08175,-70.2005,10.));
#12790=CARTESIAN_POINT('',(276.08175,-69.7005,10.));
#12791=CARTESIAN_POINT('Origin',(263.08175,-69.7005,10.));
#12792=CARTESIAN_POINT('',(263.08175,-69.7005,10.));
#12793=CARTESIAN_POINT('Origin',(263.08175,-70.2005,10.));
#12794=CARTESIAN_POINT('',(262.58175,-70.2005,10.));
#12795=CARTESIAN_POINT('Origin',(262.58175,-83.2005,10.));
#12796=CARTESIAN_POINT('Origin',(274.988,-21.288,10.));
#12797=CARTESIAN_POINT('',(274.488,-21.288,10.));
#12798=CARTESIAN_POINT('',(274.988,-21.788,10.));
#12799=CARTESIAN_POINT('Origin',(287.988,-21.788,10.));
#12800=CARTESIAN_POINT('',(287.988,-21.788,10.));
#12801=CARTESIAN_POINT('Origin',(287.988,-21.288,10.));
#12802=CARTESIAN_POINT('',(288.488,-21.288,10.));
#12803=CARTESIAN_POINT('Origin',(288.488,-8.28800000000001,10.));
#12804=CARTESIAN_POINT('',(288.488,-8.28800000000001,10.));
#12805=CARTESIAN_POINT('Origin',(287.988,-8.28800000000001,10.));
#12806=CARTESIAN_POINT('',(287.988,-7.788,10.));
#12807=CARTESIAN_POINT('Origin',(274.988,-7.78799999999999,10.));
#12808=CARTESIAN_POINT('',(274.988,-7.788,10.));
#12809=CARTESIAN_POINT('Origin',(274.988,-8.288,10.));
#12810=CARTESIAN_POINT('',(274.488,-8.288,10.));
#12811=CARTESIAN_POINT('Origin',(274.488,-21.288,10.));
#12812=CARTESIAN_POINT('Origin',(165.4505,-102.2505,10.));
#12813=CARTESIAN_POINT('',(164.9505,-102.2505,10.));
#12814=CARTESIAN_POINT('',(165.4505,-102.7505,10.));
#12815=CARTESIAN_POINT('Origin',(178.4505,-102.7505,10.));
#12816=CARTESIAN_POINT('',(178.4505,-102.7505,10.));
#12817=CARTESIAN_POINT('Origin',(178.4505,-102.2505,10.));
#12818=CARTESIAN_POINT('',(178.9505,-102.2505,10.));
#12819=CARTESIAN_POINT('Origin',(178.9505,-89.2505,10.));
#12820=CARTESIAN_POINT('',(178.9505,-89.2505,10.));
#12821=CARTESIAN_POINT('Origin',(178.4505,-89.2505,10.));
#12822=CARTESIAN_POINT('',(178.4505,-88.7505,10.));
#12823=CARTESIAN_POINT('Origin',(165.4505,-88.7505,10.));
#12824=CARTESIAN_POINT('',(165.4505,-88.7505,10.));
#12825=CARTESIAN_POINT('Origin',(165.4505,-89.2505,10.));
#12826=CARTESIAN_POINT('',(164.9505,-89.2505,10.));
#12827=CARTESIAN_POINT('Origin',(164.9505,-102.2505,10.));
#12828=CARTESIAN_POINT('Origin',(298.8005,-126.063,10.));
#12829=CARTESIAN_POINT('',(298.3005,-126.063,10.));
#12830=CARTESIAN_POINT('',(298.8005,-126.563,10.));
#12831=CARTESIAN_POINT('Origin',(311.8005,-126.563,10.));
#12832=CARTESIAN_POINT('',(311.8005,-126.563,10.));
#12833=CARTESIAN_POINT('Origin',(311.8005,-126.063,10.));
#12834=CARTESIAN_POINT('',(312.3005,-126.063,10.));
#12835=CARTESIAN_POINT('Origin',(312.3005,-113.063,10.));
#12836=CARTESIAN_POINT('',(312.3005,-113.063,10.));
#12837=CARTESIAN_POINT('Origin',(311.8005,-113.063,10.));
#12838=CARTESIAN_POINT('',(311.8005,-112.563,10.));
#12839=CARTESIAN_POINT('Origin',(298.8005,-112.563,10.));
#12840=CARTESIAN_POINT('',(298.8005,-112.563,10.));
#12841=CARTESIAN_POINT('Origin',(298.8005,-113.063,10.));
#12842=CARTESIAN_POINT('',(298.3005,-113.063,10.));
#12843=CARTESIAN_POINT('Origin',(298.3005,-126.063,10.));
#12844=CARTESIAN_POINT('Origin',(251.1755,-21.288,10.));
#12845=CARTESIAN_POINT('',(250.6755,-21.288,10.));
#12846=CARTESIAN_POINT('',(251.1755,-21.788,10.));
#12847=CARTESIAN_POINT('Origin',(264.1755,-21.788,10.));
#12848=CARTESIAN_POINT('',(264.1755,-21.788,10.));
#12849=CARTESIAN_POINT('Origin',(264.1755,-21.288,10.));
#12850=CARTESIAN_POINT('',(264.6755,-21.288,10.));
#12851=CARTESIAN_POINT('Origin',(264.6755,-8.28800000000001,10.));
#12852=CARTESIAN_POINT('',(264.6755,-8.28800000000001,10.));
#12853=CARTESIAN_POINT('Origin',(264.1755,-8.28800000000001,10.));
#12854=CARTESIAN_POINT('',(264.1755,-7.788,10.));
#12855=CARTESIAN_POINT('Origin',(251.1755,-7.78799999999999,10.));
#12856=CARTESIAN_POINT('',(251.1755,-7.788,10.));
#12857=CARTESIAN_POINT('Origin',(251.1755,-8.288,10.));
#12858=CARTESIAN_POINT('',(250.6755,-8.288,10.));
#12859=CARTESIAN_POINT('Origin',(250.6755,-21.288,10.));
#12860=CARTESIAN_POINT('Origin',(257.025,-47.1005,10.));
#12861=CARTESIAN_POINT('',(256.525,-47.1005,10.));
#12862=CARTESIAN_POINT('',(257.025,-47.6005,10.));
#12863=CARTESIAN_POINT('Origin',(263.025,-47.6005,10.));
#12864=CARTESIAN_POINT('',(263.025,-47.6005,10.));
#12865=CARTESIAN_POINT('Origin',(263.025,-47.1005,10.));
#12866=CARTESIAN_POINT('',(263.525,-47.1005,10.));
#12867=CARTESIAN_POINT('Origin',(263.525,-33.1005,10.));
#12868=CARTESIAN_POINT('',(263.525,-33.1005,10.));
#12869=CARTESIAN_POINT('Origin',(263.025,-33.1005,10.));
#12870=CARTESIAN_POINT('',(263.025,-32.6005,10.));
#12871=CARTESIAN_POINT('Origin',(257.025,-32.6005,10.));
#12872=CARTESIAN_POINT('',(257.025,-32.6005,10.));
#12873=CARTESIAN_POINT('Origin',(257.025,-33.1005,10.));
#12874=CARTESIAN_POINT('',(256.525,-33.1005,10.));
#12875=CARTESIAN_POINT('Origin',(256.525,-47.1005,10.));
#12876=CARTESIAN_POINT('Origin',(280.901,-47.1005,10.));
#12877=CARTESIAN_POINT('',(280.401,-47.1005,10.));
#12878=CARTESIAN_POINT('',(280.901,-47.6005,10.));
#12879=CARTESIAN_POINT('Origin',(286.901,-47.6005,10.));
#12880=CARTESIAN_POINT('',(286.901,-47.6005,10.));
#12881=CARTESIAN_POINT('Origin',(286.901,-47.1005,10.));
#12882=CARTESIAN_POINT('',(287.401,-47.1005,10.));
#12883=CARTESIAN_POINT('Origin',(287.401,-33.1005,10.));
#12884=CARTESIAN_POINT('',(287.401,-33.1005,10.));
#12885=CARTESIAN_POINT('Origin',(286.901,-33.1005,10.));
#12886=CARTESIAN_POINT('',(286.901,-32.6005,10.));
#12887=CARTESIAN_POINT('Origin',(280.901,-32.6005,10.));
#12888=CARTESIAN_POINT('',(280.901,-32.6005,10.));
#12889=CARTESIAN_POINT('Origin',(280.901,-33.1005,10.));
#12890=CARTESIAN_POINT('',(280.401,-33.1005,10.));
#12891=CARTESIAN_POINT('Origin',(280.401,-47.1005,10.));
#12892=CARTESIAN_POINT('Origin',(213.0755,-83.2005,10.));
#12893=CARTESIAN_POINT('',(212.5755,-83.2005,10.));
#12894=CARTESIAN_POINT('',(213.0755,-83.7004999999999,10.));
#12895=CARTESIAN_POINT('Origin',(226.0755,-83.7005,10.));
#12896=CARTESIAN_POINT('',(226.0755,-83.7005,10.));
#12897=CARTESIAN_POINT('Origin',(226.0755,-83.2005,10.));
#12898=CARTESIAN_POINT('',(226.5755,-83.2005,10.));
#12899=CARTESIAN_POINT('Origin',(226.5755,-70.2005,10.));
#12900=CARTESIAN_POINT('',(226.5755,-70.2005,10.));
#12901=CARTESIAN_POINT('Origin',(226.0755,-70.2005,10.));
#12902=CARTESIAN_POINT('',(226.0755,-69.7005,10.));
#12903=CARTESIAN_POINT('Origin',(213.0755,-69.7005,10.));
#12904=CARTESIAN_POINT('',(213.0755,-69.7005,10.));
#12905=CARTESIAN_POINT('Origin',(213.0755,-70.2005,10.));
#12906=CARTESIAN_POINT('',(212.5755,-70.2005,10.));
#12907=CARTESIAN_POINT('Origin',(212.5755,-83.2005,10.));
#12908=CARTESIAN_POINT('Origin',(189.263,-64.1505,10.));
#12909=CARTESIAN_POINT('',(188.763,-64.1505,10.));
#12910=CARTESIAN_POINT('',(189.263,-64.6505,10.));
#12911=CARTESIAN_POINT('Origin',(202.263,-64.6505,10.));
#12912=CARTESIAN_POINT('',(202.263,-64.6505,10.));
#12913=CARTESIAN_POINT('Origin',(202.263,-64.1505,10.));
#12914=CARTESIAN_POINT('',(202.763,-64.1505,10.));
#12915=CARTESIAN_POINT('Origin',(202.763,-51.1505,10.));
#12916=CARTESIAN_POINT('',(202.763,-51.1505,10.));
#12917=CARTESIAN_POINT('Origin',(202.263,-51.1505,10.));
#12918=CARTESIAN_POINT('',(202.263,-50.6505,10.));
#12919=CARTESIAN_POINT('Origin',(189.263,-50.6505,10.));
#12920=CARTESIAN_POINT('',(189.263,-50.6505,10.));
#12921=CARTESIAN_POINT('Origin',(189.263,-51.1505,10.));
#12922=CARTESIAN_POINT('',(188.763,-51.1505,10.));
#12923=CARTESIAN_POINT('Origin',(188.763,-64.1505,10.));
#12924=CARTESIAN_POINT('Origin',(198.788,-121.3005,10.));
#12925=CARTESIAN_POINT('',(198.288,-121.3005,10.));
#12926=CARTESIAN_POINT('',(198.788,-121.8005,10.));
#12927=CARTESIAN_POINT('Origin',(211.788,-121.8005,10.));
#12928=CARTESIAN_POINT('',(211.788,-121.8005,10.));
#12929=CARTESIAN_POINT('Origin',(211.788,-121.3005,10.));
#12930=CARTESIAN_POINT('',(212.288,-121.3005,10.));
#12931=CARTESIAN_POINT('Origin',(212.288,-108.3005,10.));
#12932=CARTESIAN_POINT('',(212.288,-108.3005,10.));
#12933=CARTESIAN_POINT('Origin',(211.788,-108.3005,10.));
#12934=CARTESIAN_POINT('',(211.788,-107.8005,10.));
#12935=CARTESIAN_POINT('Origin',(198.788,-107.8005,10.));
#12936=CARTESIAN_POINT('',(198.788,-107.8005,10.));
#12937=CARTESIAN_POINT('Origin',(198.788,-108.3005,10.));
#12938=CARTESIAN_POINT('',(198.288,-108.3005,10.));
#12939=CARTESIAN_POINT('Origin',(198.288,-121.3005,10.));
#12940=CARTESIAN_POINT('Origin',(213.0755,-21.288,10.));
#12941=CARTESIAN_POINT('',(212.5755,-21.288,10.));
#12942=CARTESIAN_POINT('',(213.0755,-21.788,10.));
#12943=CARTESIAN_POINT('Origin',(226.0755,-21.788,10.));
#12944=CARTESIAN_POINT('',(226.0755,-21.788,10.));
#12945=CARTESIAN_POINT('Origin',(226.0755,-21.288,10.));
#12946=CARTESIAN_POINT('',(226.5755,-21.288,10.));
#12947=CARTESIAN_POINT('Origin',(226.5755,-8.28800000000001,10.));
#12948=CARTESIAN_POINT('',(226.5755,-8.28800000000001,10.));
#12949=CARTESIAN_POINT('Origin',(226.0755,-8.28800000000001,10.));
#12950=CARTESIAN_POINT('',(226.0755,-7.788,10.));
#12951=CARTESIAN_POINT('Origin',(213.0755,-7.78799999999999,10.));
#12952=CARTESIAN_POINT('',(213.0755,-7.788,10.));
#12953=CARTESIAN_POINT('Origin',(213.0755,-8.288,10.));
#12954=CARTESIAN_POINT('',(212.5755,-8.288,10.));
#12955=CARTESIAN_POINT('Origin',(212.5755,-21.288,10.));
#12956=CARTESIAN_POINT('Origin',(279.7505,-126.063,10.));
#12957=CARTESIAN_POINT('',(279.2505,-126.063,10.));
#12958=CARTESIAN_POINT('',(279.7505,-126.563,10.));
#12959=CARTESIAN_POINT('Origin',(292.7505,-126.563,10.));
#12960=CARTESIAN_POINT('',(292.7505,-126.563,10.));
#12961=CARTESIAN_POINT('Origin',(292.7505,-126.063,10.));
#12962=CARTESIAN_POINT('',(293.2505,-126.063,10.));
#12963=CARTESIAN_POINT('Origin',(293.2505,-113.063,10.));
#12964=CARTESIAN_POINT('',(293.2505,-113.063,10.));
#12965=CARTESIAN_POINT('Origin',(292.7505,-113.063,10.));
#12966=CARTESIAN_POINT('',(292.7505,-112.563,10.));
#12967=CARTESIAN_POINT('Origin',(279.7505,-112.563,10.));
#12968=CARTESIAN_POINT('',(279.7505,-112.563,10.));
#12969=CARTESIAN_POINT('Origin',(279.7505,-113.063,10.));
#12970=CARTESIAN_POINT('',(279.2505,-113.063,10.));
#12971=CARTESIAN_POINT('Origin',(279.2505,-126.063,10.));
#12972=CARTESIAN_POINT('Origin',(302.563,-22.288,10.));
#12973=CARTESIAN_POINT('',(302.063,-22.288,10.));
#12974=CARTESIAN_POINT('',(302.563,-22.788,10.));
#12975=CARTESIAN_POINT('Origin',(317.563,-22.788,10.));
#12976=CARTESIAN_POINT('',(317.563,-22.788,10.));
#12977=CARTESIAN_POINT('Origin',(317.563,-22.288,10.));
#12978=CARTESIAN_POINT('',(318.063,-22.288,10.));
#12979=CARTESIAN_POINT('Origin',(318.063,-7.288,10.));
#12980=CARTESIAN_POINT('',(318.063,-7.288,10.));
#12981=CARTESIAN_POINT('Origin',(317.563,-7.288,10.));
#12982=CARTESIAN_POINT('',(317.563,-6.78799999999996,10.));
#12983=CARTESIAN_POINT('Origin',(302.563,-6.788,10.));
#12984=CARTESIAN_POINT('',(302.563,-6.788,10.));
#12985=CARTESIAN_POINT('Origin',(302.563,-7.288,10.));
#12986=CARTESIAN_POINT('',(302.063,-7.288,10.));
#12987=CARTESIAN_POINT('Origin',(302.063,-22.288,10.));
#12988=CARTESIAN_POINT('Origin',(260.7005,-126.063,10.));
#12989=CARTESIAN_POINT('',(260.2005,-126.063,10.));
#12990=CARTESIAN_POINT('',(260.7005,-126.563,10.));
#12991=CARTESIAN_POINT('Origin',(273.7005,-126.563,10.));
#12992=CARTESIAN_POINT('',(273.7005,-126.563,10.));
#12993=CARTESIAN_POINT('Origin',(273.7005,-126.063,10.));
#12994=CARTESIAN_POINT('',(274.2005,-126.063,10.));
#12995=CARTESIAN_POINT('Origin',(274.2005,-113.063,10.));
#12996=CARTESIAN_POINT('',(274.2005,-113.063,10.));
#12997=CARTESIAN_POINT('Origin',(273.7005,-113.063,10.));
#12998=CARTESIAN_POINT('',(273.7005,-112.563,10.));
#12999=CARTESIAN_POINT('Origin',(260.7005,-112.563,10.));
#13000=CARTESIAN_POINT('',(260.7005,-112.563,10.));
#13001=CARTESIAN_POINT('Origin',(260.7005,-113.063,10.));
#13002=CARTESIAN_POINT('',(260.2005,-113.063,10.));
#13003=CARTESIAN_POINT('Origin',(260.2005,-126.063,10.));
#13004=CARTESIAN_POINT('Origin',(183.23175,-123.3005,10.));
#13005=CARTESIAN_POINT('',(182.73175,-123.3005,10.));
#13006=CARTESIAN_POINT('',(183.23175,-123.8005,10.));
#13007=CARTESIAN_POINT('Origin',(189.23175,-123.8005,10.));
#13008=CARTESIAN_POINT('',(189.23175,-123.8005,10.));
#13009=CARTESIAN_POINT('Origin',(189.23175,-123.3005,10.));
#13010=CARTESIAN_POINT('',(189.73175,-123.3005,10.));
#13011=CARTESIAN_POINT('Origin',(189.73175,-109.3005,10.));
#13012=CARTESIAN_POINT('',(189.73175,-109.3005,10.));
#13013=CARTESIAN_POINT('Origin',(189.23175,-109.3005,10.));
#13014=CARTESIAN_POINT('',(189.23175,-108.8005,10.));
#13015=CARTESIAN_POINT('Origin',(183.23175,-108.8005,10.));
#13016=CARTESIAN_POINT('',(183.23175,-108.8005,10.));
#13017=CARTESIAN_POINT('Origin',(183.23175,-109.3005,10.));
#13018=CARTESIAN_POINT('',(182.73175,-109.3005,10.));
#13019=CARTESIAN_POINT('Origin',(182.73175,-123.3005,10.));
#13020=CARTESIAN_POINT('Origin',(155.9255,-83.2005,10.));
#13021=CARTESIAN_POINT('',(155.4255,-83.2005,10.));
#13022=CARTESIAN_POINT('',(155.9255,-83.7005,10.));
#13023=CARTESIAN_POINT('Origin',(168.9255,-83.7005,10.));
#13024=CARTESIAN_POINT('',(168.9255,-83.7005,10.));
#13025=CARTESIAN_POINT('Origin',(168.9255,-83.2005,10.));
#13026=CARTESIAN_POINT('',(169.4255,-83.2005,10.));
#13027=CARTESIAN_POINT('Origin',(169.4255,-70.2005,10.));
#13028=CARTESIAN_POINT('',(169.4255,-70.2005,10.));
#13029=CARTESIAN_POINT('Origin',(168.9255,-70.2005,10.));
#13030=CARTESIAN_POINT('',(168.9255,-69.7005,10.));
#13031=CARTESIAN_POINT('Origin',(155.9255,-69.7005,10.));
#13032=CARTESIAN_POINT('',(155.9255,-69.7005,10.));
#13033=CARTESIAN_POINT('Origin',(155.9255,-70.2005,10.));
#13034=CARTESIAN_POINT('',(155.4255,-70.2005,10.));
#13035=CARTESIAN_POINT('Origin',(155.4255,-83.2005,10.));
#13036=CARTESIAN_POINT('Origin',(170.213,-64.1505,10.));
#13037=CARTESIAN_POINT('',(169.713,-64.1505,10.));
#13038=CARTESIAN_POINT('',(170.213,-64.6505,10.));
#13039=CARTESIAN_POINT('Origin',(183.213,-64.6505,10.));
#13040=CARTESIAN_POINT('',(183.213,-64.6505,10.));
#13041=CARTESIAN_POINT('Origin',(183.213,-64.1505,10.));
#13042=CARTESIAN_POINT('',(183.713,-64.1505,10.));
#13043=CARTESIAN_POINT('Origin',(183.713,-51.1505,10.));
#13044=CARTESIAN_POINT('',(183.713,-51.1505,10.));
#13045=CARTESIAN_POINT('Origin',(183.213,-51.1505,10.));
#13046=CARTESIAN_POINT('',(183.213,-50.6505,10.));
#13047=CARTESIAN_POINT('Origin',(170.213,-50.6505,10.));
#13048=CARTESIAN_POINT('',(170.213,-50.6505,10.));
#13049=CARTESIAN_POINT('Origin',(170.213,-51.1505,10.));
#13050=CARTESIAN_POINT('',(169.713,-51.1505,10.));
#13051=CARTESIAN_POINT('Origin',(169.713,-64.1505,10.));
#13052=CARTESIAN_POINT('Origin',(329.851,4.999,10.));
#13053=CARTESIAN_POINT('',(328.151,4.999,10.));
#13054=CARTESIAN_POINT('Origin',(179.738,-45.1005,10.));
#13055=CARTESIAN_POINT('',(179.238,-45.1005,10.));
#13056=CARTESIAN_POINT('',(179.738,-45.6005,10.));
#13057=CARTESIAN_POINT('Origin',(192.738,-45.6005,10.));
#13058=CARTESIAN_POINT('',(192.738,-45.6005,10.));
#13059=CARTESIAN_POINT('Origin',(192.738,-45.1005,10.));
#13060=CARTESIAN_POINT('',(193.238,-45.1005,10.));
#13061=CARTESIAN_POINT('Origin',(193.238,-32.1005,10.));
#13062=CARTESIAN_POINT('',(193.238,-32.1005,10.));
#13063=CARTESIAN_POINT('Origin',(192.738,-32.1005,10.));
#13064=CARTESIAN_POINT('',(192.738,-31.6005,10.));
#13065=CARTESIAN_POINT('Origin',(179.738,-31.6005,10.));
#13066=CARTESIAN_POINT('',(179.738,-31.6005,10.));
#13067=CARTESIAN_POINT('Origin',(179.738,-32.1005,10.));
#13068=CARTESIAN_POINT('',(179.238,-32.1005,10.));
#13069=CARTESIAN_POINT('Origin',(179.238,-45.1005,10.));
#13070=CARTESIAN_POINT('Origin',(236.888,-121.3005,10.));
#13071=CARTESIAN_POINT('',(236.388,-121.3005,10.));
#13072=CARTESIAN_POINT('',(236.888,-121.8005,10.));
#13073=CARTESIAN_POINT('Origin',(249.888,-121.8005,10.));
#13074=CARTESIAN_POINT('',(249.888,-121.8005,10.));
#13075=CARTESIAN_POINT('Origin',(249.888,-121.3005,10.));
#13076=CARTESIAN_POINT('',(250.388,-121.3005,10.));
#13077=CARTESIAN_POINT('Origin',(250.388,-108.3005,10.));
#13078=CARTESIAN_POINT('',(250.388,-108.3005,10.));
#13079=CARTESIAN_POINT('Origin',(249.888,-108.3005,10.));
#13080=CARTESIAN_POINT('',(249.888,-107.8005,10.));
#13081=CARTESIAN_POINT('Origin',(236.888,-107.8005,10.));
#13082=CARTESIAN_POINT('',(236.888,-107.8005,10.));
#13083=CARTESIAN_POINT('Origin',(236.888,-108.3005,10.));
#13084=CARTESIAN_POINT('',(236.388,-108.3005,10.));
#13085=CARTESIAN_POINT('Origin',(236.388,-121.3005,10.));
#13086=CARTESIAN_POINT('Origin',(254.64375,-85.2005,10.));
#13087=CARTESIAN_POINT('',(254.14375,-85.2005,10.));
#13088=CARTESIAN_POINT('',(254.64375,-85.7005,10.));
#13089=CARTESIAN_POINT('Origin',(260.64375,-85.7005,10.));
#13090=CARTESIAN_POINT('',(260.64375,-85.7005,10.));
#13091=CARTESIAN_POINT('Origin',(260.64375,-85.2005,10.));
#13092=CARTESIAN_POINT('',(261.14375,-85.2005,10.));
#13093=CARTESIAN_POINT('Origin',(261.14375,-71.2005,10.));
#13094=CARTESIAN_POINT('',(261.14375,-71.2005,10.));
#13095=CARTESIAN_POINT('Origin',(260.64375,-71.2005,10.));
#13096=CARTESIAN_POINT('',(260.64375,-70.7005,10.));
#13097=CARTESIAN_POINT('Origin',(254.64375,-70.7005,10.));
#13098=CARTESIAN_POINT('',(254.64375,-70.7005,10.));
#13099=CARTESIAN_POINT('Origin',(254.64375,-71.2005,10.));
#13100=CARTESIAN_POINT('',(254.14375,-71.2005,10.));
#13101=CARTESIAN_POINT('Origin',(254.14375,-85.2005,10.));
#13102=CARTESIAN_POINT('Origin',(162.426,-136.97,10.));
#13103=CARTESIAN_POINT('',(160.726,-136.97,10.));
#13104=CARTESIAN_POINT('Origin',(160.688,-45.1005,10.));
#13105=CARTESIAN_POINT('',(160.188,-45.1005,10.));
#13106=CARTESIAN_POINT('',(160.688,-45.6005,10.));
#13107=CARTESIAN_POINT('Origin',(173.688,-45.6005,10.));
#13108=CARTESIAN_POINT('',(173.688,-45.6005,10.));
#13109=CARTESIAN_POINT('Origin',(173.688,-45.1005,10.));
#13110=CARTESIAN_POINT('',(174.188,-45.1005,10.));
#13111=CARTESIAN_POINT('Origin',(174.188,-32.1005,10.));
#13112=CARTESIAN_POINT('',(174.188,-32.1005,10.));
#13113=CARTESIAN_POINT('Origin',(173.688,-32.1005,10.));
#13114=CARTESIAN_POINT('',(173.688,-31.6005,10.));
#13115=CARTESIAN_POINT('Origin',(160.688,-31.6005,10.));
#13116=CARTESIAN_POINT('',(160.688,-31.6005,10.));
#13117=CARTESIAN_POINT('Origin',(160.688,-32.1005,10.));
#13118=CARTESIAN_POINT('',(160.188,-32.1005,10.));
#13119=CARTESIAN_POINT('Origin',(160.188,-45.1005,10.));
#13120=CARTESIAN_POINT('Origin',(279.7505,-107.013,10.));
#13121=CARTESIAN_POINT('',(279.2505,-107.013,10.));
#13122=CARTESIAN_POINT('',(279.7505,-107.513,10.));
#13123=CARTESIAN_POINT('Origin',(292.7505,-107.513,10.));
#13124=CARTESIAN_POINT('',(292.7505,-107.513,10.));
#13125=CARTESIAN_POINT('Origin',(292.7505,-107.013,10.));
#13126=CARTESIAN_POINT('',(293.2505,-107.013,10.));
#13127=CARTESIAN_POINT('Origin',(293.2505,-94.013,10.));
#13128=CARTESIAN_POINT('',(293.2505,-94.013,10.));
#13129=CARTESIAN_POINT('Origin',(292.7505,-94.013,10.));
#13130=CARTESIAN_POINT('',(292.7505,-93.513,10.));
#13131=CARTESIAN_POINT('Origin',(279.7505,-93.513,10.));
#13132=CARTESIAN_POINT('',(279.7505,-93.513,10.));
#13133=CARTESIAN_POINT('Origin',(279.7505,-94.013,10.));
#13134=CARTESIAN_POINT('',(279.2505,-94.013,10.));
#13135=CARTESIAN_POINT('Origin',(279.2505,-107.013,10.));
#13136=CARTESIAN_POINT('Origin',(303.563,-45.1005,10.));
#13137=CARTESIAN_POINT('',(303.063,-45.1005,10.));
#13138=CARTESIAN_POINT('',(303.563,-45.6005,10.));
#13139=CARTESIAN_POINT('Origin',(316.563,-45.6005,10.));
#13140=CARTESIAN_POINT('',(316.563,-45.6005,10.));
#13141=CARTESIAN_POINT('Origin',(316.563,-45.1005,10.));
#13142=CARTESIAN_POINT('',(317.063,-45.1005,10.));
#13143=CARTESIAN_POINT('Origin',(317.063,-32.1005,10.));
#13144=CARTESIAN_POINT('',(317.063,-32.1005,10.));
#13145=CARTESIAN_POINT('Origin',(316.563,-32.1005,10.));
#13146=CARTESIAN_POINT('',(316.563,-31.6005,10.));
#13147=CARTESIAN_POINT('Origin',(303.563,-31.6005,10.));
#13148=CARTESIAN_POINT('',(303.563,-31.6005,10.));
#13149=CARTESIAN_POINT('Origin',(303.563,-32.1005,10.));
#13150=CARTESIAN_POINT('',(303.063,-32.1005,10.));
#13151=CARTESIAN_POINT('Origin',(303.063,-45.1005,10.));
#13152=CARTESIAN_POINT('Origin',(265.463,-45.1005,10.));
#13153=CARTESIAN_POINT('',(264.963,-45.1005,10.));
#13154=CARTESIAN_POINT('',(265.463,-45.6005,10.));
#13155=CARTESIAN_POINT('Origin',(278.463,-45.6005,10.));
#13156=CARTESIAN_POINT('',(278.463,-45.6005,10.));
#13157=CARTESIAN_POINT('Origin',(278.463,-45.1005,10.));
#13158=CARTESIAN_POINT('',(278.963,-45.1005,10.));
#13159=CARTESIAN_POINT('Origin',(278.963,-32.1005,10.));
#13160=CARTESIAN_POINT('',(278.963,-32.1005,10.));
#13161=CARTESIAN_POINT('Origin',(278.463,-32.1005,10.));
#13162=CARTESIAN_POINT('',(278.463,-31.6005,10.));
#13163=CARTESIAN_POINT('Origin',(265.463,-31.6005,10.));
#13164=CARTESIAN_POINT('',(265.463,-31.6005,10.));
#13165=CARTESIAN_POINT('Origin',(265.463,-32.1005,10.));
#13166=CARTESIAN_POINT('',(264.963,-32.1005,10.));
#13167=CARTESIAN_POINT('Origin',(264.963,-45.1005,10.));
#13168=CARTESIAN_POINT('Origin',(248.79425,-102.2505,10.));
#13169=CARTESIAN_POINT('',(248.29425,-102.2505,10.));
#13170=CARTESIAN_POINT('',(248.79425,-102.7505,10.));
#13171=CARTESIAN_POINT('Origin',(261.79425,-102.7505,10.));
#13172=CARTESIAN_POINT('',(261.79425,-102.7505,10.));
#13173=CARTESIAN_POINT('Origin',(261.79425,-102.2505,10.));
#13174=CARTESIAN_POINT('',(262.29425,-102.2505,10.));
#13175=CARTESIAN_POINT('Origin',(262.29425,-89.2505,10.));
#13176=CARTESIAN_POINT('',(262.29425,-89.2505,10.));
#13177=CARTESIAN_POINT('Origin',(261.79425,-89.2505,10.));
#13178=CARTESIAN_POINT('',(261.79425,-88.7505,10.));
#13179=CARTESIAN_POINT('Origin',(248.79425,-88.7505,10.));
#13180=CARTESIAN_POINT('',(248.79425,-88.7505,10.));
#13181=CARTESIAN_POINT('Origin',(248.79425,-89.2505,10.));
#13182=CARTESIAN_POINT('',(248.29425,-89.2505,10.));
#13183=CARTESIAN_POINT('Origin',(248.29425,-102.2505,10.));
#13184=CARTESIAN_POINT('Origin',(203.5505,-102.2505,10.));
#13185=CARTESIAN_POINT('',(203.0505,-102.2505,10.));
#13186=CARTESIAN_POINT('',(203.5505,-102.7505,10.));
#13187=CARTESIAN_POINT('Origin',(216.5505,-102.7505,10.));
#13188=CARTESIAN_POINT('',(216.5505,-102.7505,10.));
#13189=CARTESIAN_POINT('Origin',(216.5505,-102.2505,10.));
#13190=CARTESIAN_POINT('',(217.0505,-102.2505,10.));
#13191=CARTESIAN_POINT('Origin',(217.0505,-89.2505,10.));
#13192=CARTESIAN_POINT('',(217.0505,-89.2505,10.));
#13193=CARTESIAN_POINT('Origin',(216.5505,-89.2505,10.));
#13194=CARTESIAN_POINT('',(216.5505,-88.7505,10.));
#13195=CARTESIAN_POINT('Origin',(203.5505,-88.7505,10.));
#13196=CARTESIAN_POINT('',(203.5505,-88.7505,10.));
#13197=CARTESIAN_POINT('Origin',(203.5505,-89.2505,10.));
#13198=CARTESIAN_POINT('',(203.0505,-89.2505,10.));
#13199=CARTESIAN_POINT('Origin',(203.0505,-102.2505,10.));
#13200=CARTESIAN_POINT('Origin',(232.1255,-21.288,10.));
#13201=CARTESIAN_POINT('',(231.6255,-21.288,10.));
#13202=CARTESIAN_POINT('',(232.1255,-21.788,10.));
#13203=CARTESIAN_POINT('Origin',(245.1255,-21.788,10.));
#13204=CARTESIAN_POINT('',(245.1255,-21.788,10.));
#13205=CARTESIAN_POINT('Origin',(245.1255,-21.288,10.));
#13206=CARTESIAN_POINT('',(245.6255,-21.288,10.));
#13207=CARTESIAN_POINT('Origin',(245.6255,-8.28800000000001,10.));
#13208=CARTESIAN_POINT('',(245.6255,-8.28800000000001,10.));
#13209=CARTESIAN_POINT('Origin',(245.1255,-8.28800000000001,10.));
#13210=CARTESIAN_POINT('',(245.1255,-7.788,10.));
#13211=CARTESIAN_POINT('Origin',(232.1255,-7.78799999999999,10.));
#13212=CARTESIAN_POINT('',(232.1255,-7.788,10.));
#13213=CARTESIAN_POINT('Origin',(232.1255,-8.288,10.));
#13214=CARTESIAN_POINT('',(231.6255,-8.288,10.));
#13215=CARTESIAN_POINT('Origin',(231.6255,-21.288,10.));
#13216=CARTESIAN_POINT('Origin',(170.213,-21.288,10.));
#13217=CARTESIAN_POINT('',(169.713,-21.288,10.));
#13218=CARTESIAN_POINT('',(170.213,-21.788,10.));
#13219=CARTESIAN_POINT('Origin',(183.213,-21.788,10.));
#13220=CARTESIAN_POINT('',(183.213,-21.788,10.));
#13221=CARTESIAN_POINT('Origin',(183.213,-21.288,10.));
#13222=CARTESIAN_POINT('',(183.713,-21.288,10.));
#13223=CARTESIAN_POINT('Origin',(183.713,-8.28800000000001,10.));
#13224=CARTESIAN_POINT('',(183.713,-8.28800000000001,10.));
#13225=CARTESIAN_POINT('Origin',(183.213,-8.28800000000001,10.));
#13226=CARTESIAN_POINT('',(183.213,-7.788,10.));
#13227=CARTESIAN_POINT('Origin',(170.213,-7.78799999999999,10.));
#13228=CARTESIAN_POINT('',(170.213,-7.788,10.));
#13229=CARTESIAN_POINT('Origin',(170.213,-8.288,10.));
#13230=CARTESIAN_POINT('',(169.713,-8.288,10.));
#13231=CARTESIAN_POINT('Origin',(169.713,-21.288,10.));
#13232=CARTESIAN_POINT('Origin',(217.838,-121.3005,10.));
#13233=CARTESIAN_POINT('',(217.338,-121.3005,10.));
#13234=CARTESIAN_POINT('',(217.838,-121.8005,10.));
#13235=CARTESIAN_POINT('Origin',(230.838,-121.8005,10.));
#13236=CARTESIAN_POINT('',(230.838,-121.8005,10.));
#13237=CARTESIAN_POINT('Origin',(230.838,-121.3005,10.));
#13238=CARTESIAN_POINT('',(231.338,-121.3005,10.));
#13239=CARTESIAN_POINT('Origin',(231.338,-108.3005,10.));
#13240=CARTESIAN_POINT('',(231.338,-108.3005,10.));
#13241=CARTESIAN_POINT('Origin',(230.838,-108.3005,10.));
#13242=CARTESIAN_POINT('',(230.838,-107.8005,10.));
#13243=CARTESIAN_POINT('Origin',(217.838,-107.8005,10.));
#13244=CARTESIAN_POINT('',(217.838,-107.8005,10.));
#13245=CARTESIAN_POINT('Origin',(217.838,-108.3005,10.));
#13246=CARTESIAN_POINT('',(217.338,-108.3005,10.));
#13247=CARTESIAN_POINT('Origin',(217.338,-121.3005,10.));
#13248=CARTESIAN_POINT('Origin',(174.9755,-83.2005,10.));
#13249=CARTESIAN_POINT('',(174.4755,-83.2005,10.));
#13250=CARTESIAN_POINT('',(174.9755,-83.7005,10.));
#13251=CARTESIAN_POINT('Origin',(187.9755,-83.7005,10.));
#13252=CARTESIAN_POINT('',(187.9755,-83.7005,10.));
#13253=CARTESIAN_POINT('Origin',(187.9755,-83.2005,10.));
#13254=CARTESIAN_POINT('',(188.4755,-83.2005,10.));
#13255=CARTESIAN_POINT('Origin',(188.4755,-70.2005,10.));
#13256=CARTESIAN_POINT('',(188.4755,-70.2005,10.));
#13257=CARTESIAN_POINT('Origin',(187.9755,-70.2005,10.));
#13258=CARTESIAN_POINT('',(187.9755,-69.7005,10.));
#13259=CARTESIAN_POINT('Origin',(174.9755,-69.7005,10.));
#13260=CARTESIAN_POINT('',(174.9755,-69.7005,10.));
#13261=CARTESIAN_POINT('Origin',(174.9755,-70.2005,10.));
#13262=CARTESIAN_POINT('',(174.4755,-70.2005,10.));
#13263=CARTESIAN_POINT('Origin',(174.4755,-83.2005,10.));
#13264=CARTESIAN_POINT('Origin',(184.5005,-102.2505,10.));
#13265=CARTESIAN_POINT('',(184.0005,-102.2505,10.));
#13266=CARTESIAN_POINT('',(184.5005,-102.7505,10.));
#13267=CARTESIAN_POINT('Origin',(197.5005,-102.7505,10.));
#13268=CARTESIAN_POINT('',(197.5005,-102.7505,10.));
#13269=CARTESIAN_POINT('Origin',(197.5005,-102.2505,10.));
#13270=CARTESIAN_POINT('',(198.0005,-102.2505,10.));
#13271=CARTESIAN_POINT('Origin',(198.0005,-89.2505,10.));
#13272=CARTESIAN_POINT('',(198.0005,-89.2505,10.));
#13273=CARTESIAN_POINT('Origin',(197.5005,-89.2505,10.));
#13274=CARTESIAN_POINT('',(197.5005,-88.7505,10.));
#13275=CARTESIAN_POINT('Origin',(184.5005,-88.7505,10.));
#13276=CARTESIAN_POINT('',(184.5005,-88.7505,10.));
#13277=CARTESIAN_POINT('Origin',(184.5005,-89.2505,10.));
#13278=CARTESIAN_POINT('',(184.0005,-89.2505,10.));
#13279=CARTESIAN_POINT('Origin',(184.0005,-102.2505,10.));
#13280=CARTESIAN_POINT('Origin',(303.563,-102.2505,10.));
#13281=CARTESIAN_POINT('',(303.063,-102.2505,10.));
#13282=CARTESIAN_POINT('',(303.563,-102.7505,10.));
#13283=CARTESIAN_POINT('Origin',(316.563,-102.7505,10.));
#13284=CARTESIAN_POINT('',(316.563,-102.7505,10.));
#13285=CARTESIAN_POINT('Origin',(316.563,-102.2505,10.));
#13286=CARTESIAN_POINT('',(317.063,-102.2505,10.));
#13287=CARTESIAN_POINT('Origin',(317.063,-89.2505,10.));
#13288=CARTESIAN_POINT('',(317.063,-89.2505,10.));
#13289=CARTESIAN_POINT('Origin',(316.563,-89.2505,10.));
#13290=CARTESIAN_POINT('',(316.563,-88.7505,10.));
#13291=CARTESIAN_POINT('Origin',(303.563,-88.7505,10.));
#13292=CARTESIAN_POINT('',(303.563,-88.7505,10.));
#13293=CARTESIAN_POINT('Origin',(303.563,-89.2505,10.));
#13294=CARTESIAN_POINT('',(303.063,-89.2505,10.));
#13295=CARTESIAN_POINT('Origin',(303.063,-102.2505,10.));
#13296=CARTESIAN_POINT('Origin',(270.2255,-64.1505,10.));
#13297=CARTESIAN_POINT('',(269.7255,-64.1505,10.));
#13298=CARTESIAN_POINT('',(270.2255,-64.6505,10.));
#13299=CARTESIAN_POINT('Origin',(283.2255,-64.6505,10.));
#13300=CARTESIAN_POINT('',(283.2255,-64.6505,10.));
#13301=CARTESIAN_POINT('Origin',(283.2255,-64.1505,10.));
#13302=CARTESIAN_POINT('',(283.7255,-64.1505,10.));
#13303=CARTESIAN_POINT('Origin',(283.7255,-51.1505,10.));
#13304=CARTESIAN_POINT('',(283.7255,-51.1505,10.));
#13305=CARTESIAN_POINT('Origin',(283.2255,-51.1505,10.));
#13306=CARTESIAN_POINT('',(283.2255,-50.6505,10.));
#13307=CARTESIAN_POINT('Origin',(270.2255,-50.6505,10.));
#13308=CARTESIAN_POINT('',(270.2255,-50.6505,10.));
#13309=CARTESIAN_POINT('Origin',(270.2255,-51.1505,10.));
#13310=CARTESIAN_POINT('',(269.7255,-51.1505,10.));
#13311=CARTESIAN_POINT('Origin',(269.7255,-64.1505,10.));
#13312=CARTESIAN_POINT('Origin',(236.888,-45.1005,10.));
#13313=CARTESIAN_POINT('',(236.388,-45.1005,10.));
#13314=CARTESIAN_POINT('',(236.888,-45.6005,10.));
#13315=CARTESIAN_POINT('Origin',(249.888,-45.6005,10.));
#13316=CARTESIAN_POINT('',(249.888,-45.6005,10.));
#13317=CARTESIAN_POINT('Origin',(249.888,-45.1005,10.));
#13318=CARTESIAN_POINT('',(250.388,-45.1005,10.));
#13319=CARTESIAN_POINT('Origin',(250.388,-32.1005,10.));
#13320=CARTESIAN_POINT('',(250.388,-32.1005,10.));
#13321=CARTESIAN_POINT('Origin',(249.888,-32.1005,10.));
#13322=CARTESIAN_POINT('',(249.888,-31.6005,10.));
#13323=CARTESIAN_POINT('Origin',(236.888,-31.6005,10.));
#13324=CARTESIAN_POINT('',(236.888,-31.6005,10.));
#13325=CARTESIAN_POINT('Origin',(236.888,-32.1005,10.));
#13326=CARTESIAN_POINT('',(236.388,-32.1005,10.));
#13327=CARTESIAN_POINT('Origin',(236.388,-45.1005,10.));
#13328=CARTESIAN_POINT('Origin',(329.851,-136.97,10.));
#13329=CARTESIAN_POINT('',(328.151,-136.97,10.));
#13330=CARTESIAN_POINT('Origin',(217.838,-45.1005,10.));
#13331=CARTESIAN_POINT('',(217.338,-45.1005,10.));
#13332=CARTESIAN_POINT('',(217.838,-45.6005,10.));
#13333=CARTESIAN_POINT('Origin',(230.838,-45.6005,10.));
#13334=CARTESIAN_POINT('',(230.838,-45.6005,10.));
#13335=CARTESIAN_POINT('Origin',(230.838,-45.1005,10.));
#13336=CARTESIAN_POINT('',(231.338,-45.1005,10.));
#13337=CARTESIAN_POINT('Origin',(231.338,-32.1005,10.));
#13338=CARTESIAN_POINT('',(231.338,-32.1005,10.));
#13339=CARTESIAN_POINT('Origin',(230.838,-32.1005,10.));
#13340=CARTESIAN_POINT('',(230.838,-31.6005,10.));
#13341=CARTESIAN_POINT('Origin',(217.838,-31.6005,10.));
#13342=CARTESIAN_POINT('',(217.838,-31.6005,10.));
#13343=CARTESIAN_POINT('Origin',(217.838,-32.1005,10.));
#13344=CARTESIAN_POINT('',(217.338,-32.1005,10.));
#13345=CARTESIAN_POINT('Origin',(217.338,-45.1005,10.));
#13346=CARTESIAN_POINT('Origin',(303.563,-83.2005,10.));
#13347=CARTESIAN_POINT('',(303.063,-83.2005,10.));
#13348=CARTESIAN_POINT('',(303.563,-83.7005,10.));
#13349=CARTESIAN_POINT('Origin',(316.563,-83.7005,10.));
#13350=CARTESIAN_POINT('',(316.563,-83.7005,10.));
#13351=CARTESIAN_POINT('Origin',(316.563,-83.2005,10.));
#13352=CARTESIAN_POINT('',(317.063,-83.2005,10.));
#13353=CARTESIAN_POINT('Origin',(317.063,-70.2005,10.));
#13354=CARTESIAN_POINT('',(317.063,-70.2005,10.));
#13355=CARTESIAN_POINT('Origin',(316.563,-70.2005,10.));
#13356=CARTESIAN_POINT('',(316.563,-69.7005,10.));
#13357=CARTESIAN_POINT('Origin',(303.563,-69.7005,10.));
#13358=CARTESIAN_POINT('',(303.563,-69.7005,10.));
#13359=CARTESIAN_POINT('Origin',(303.563,-70.2005,10.));
#13360=CARTESIAN_POINT('',(303.063,-70.2005,10.));
#13361=CARTESIAN_POINT('Origin',(303.063,-83.2005,10.));
#13362=CARTESIAN_POINT('Origin',(194.0255,-21.288,10.));
#13363=CARTESIAN_POINT('',(193.5255,-21.288,10.));
#13364=CARTESIAN_POINT('',(194.0255,-21.788,10.));
#13365=CARTESIAN_POINT('Origin',(207.0255,-21.788,10.));
#13366=CARTESIAN_POINT('',(207.0255,-21.788,10.));
#13367=CARTESIAN_POINT('Origin',(207.0255,-21.288,10.));
#13368=CARTESIAN_POINT('',(207.5255,-21.288,10.));
#13369=CARTESIAN_POINT('Origin',(207.5255,-8.28800000000001,10.));
#13370=CARTESIAN_POINT('',(207.5255,-8.28800000000001,10.));
#13371=CARTESIAN_POINT('Origin',(207.0255,-8.28800000000001,10.));
#13372=CARTESIAN_POINT('',(207.0255,-7.788,10.));
#13373=CARTESIAN_POINT('Origin',(194.0255,-7.78799999999999,10.));
#13374=CARTESIAN_POINT('',(194.0255,-7.788,10.));
#13375=CARTESIAN_POINT('Origin',(194.0255,-8.288,10.));
#13376=CARTESIAN_POINT('',(193.5255,-8.288,10.));
#13377=CARTESIAN_POINT('Origin',(193.5255,-21.288,10.));
#13378=CARTESIAN_POINT('Origin',(227.363,-64.1505,10.));
#13379=CARTESIAN_POINT('',(226.863,-64.1505,10.));
#13380=CARTESIAN_POINT('',(227.363,-64.6505,10.));
#13381=CARTESIAN_POINT('Origin',(240.363,-64.6505,10.));
#13382=CARTESIAN_POINT('',(240.363,-64.6505,10.));
#13383=CARTESIAN_POINT('Origin',(240.363,-64.1505,10.));
#13384=CARTESIAN_POINT('',(240.863,-64.1505,10.));
#13385=CARTESIAN_POINT('Origin',(240.863,-51.1505,10.));
#13386=CARTESIAN_POINT('',(240.863,-51.1505,10.));
#13387=CARTESIAN_POINT('Origin',(240.363,-51.1505,10.));
#13388=CARTESIAN_POINT('',(240.363,-50.6505,10.));
#13389=CARTESIAN_POINT('Origin',(227.363,-50.6505,10.));
#13390=CARTESIAN_POINT('',(227.363,-50.6505,10.));
#13391=CARTESIAN_POINT('Origin',(227.363,-51.1505,10.));
#13392=CARTESIAN_POINT('',(226.863,-51.1505,10.));
#13393=CARTESIAN_POINT('Origin',(226.863,-64.1505,10.));
#13394=CARTESIAN_POINT('Origin',(278.51975,-85.2005,10.));
#13395=CARTESIAN_POINT('',(278.01975,-85.2005,10.));
#13396=CARTESIAN_POINT('',(278.51975,-85.7005,10.));
#13397=CARTESIAN_POINT('Origin',(284.51975,-85.7005,10.));
#13398=CARTESIAN_POINT('',(284.51975,-85.7005,10.));
#13399=CARTESIAN_POINT('Origin',(284.51975,-85.2005,10.));
#13400=CARTESIAN_POINT('',(285.01975,-85.2005,10.));
#13401=CARTESIAN_POINT('Origin',(285.01975,-71.2005,10.));
#13402=CARTESIAN_POINT('',(285.01975,-71.2005,10.));
#13403=CARTESIAN_POINT('Origin',(284.51975,-71.2005,10.));
#13404=CARTESIAN_POINT('',(284.51975,-70.7005,10.));
#13405=CARTESIAN_POINT('Origin',(278.51975,-70.7005,10.));
#13406=CARTESIAN_POINT('',(278.51975,-70.7005,10.));
#13407=CARTESIAN_POINT('Origin',(278.51975,-71.2005,10.));
#13408=CARTESIAN_POINT('',(278.01975,-71.2005,10.));
#13409=CARTESIAN_POINT('Origin',(278.01975,-85.2005,10.));
#13410=CARTESIAN_POINT('Origin',(194.0255,-83.2005,10.));
#13411=CARTESIAN_POINT('',(193.5255,-83.2005,10.));
#13412=CARTESIAN_POINT('',(194.0255,-83.7005,10.));
#13413=CARTESIAN_POINT('Origin',(207.0255,-83.7005,10.));
#13414=CARTESIAN_POINT('',(207.0255,-83.7005,10.));
#13415=CARTESIAN_POINT('Origin',(207.0255,-83.2005,10.));
#13416=CARTESIAN_POINT('',(207.5255,-83.2005,10.));
#13417=CARTESIAN_POINT('Origin',(207.5255,-70.2005,10.));
#13418=CARTESIAN_POINT('',(207.5255,-70.2005,10.));
#13419=CARTESIAN_POINT('Origin',(207.0255,-70.2005,10.));
#13420=CARTESIAN_POINT('',(207.0255,-69.7005,10.));
#13421=CARTESIAN_POINT('Origin',(194.0255,-69.7005,10.));
#13422=CARTESIAN_POINT('',(194.0255,-69.7005,10.));
#13423=CARTESIAN_POINT('Origin',(194.0255,-70.2005,10.));
#13424=CARTESIAN_POINT('',(193.5255,-70.2005,10.));
#13425=CARTESIAN_POINT('Origin',(193.5255,-83.2005,10.));
#13426=CARTESIAN_POINT('Origin',(303.563,-64.1505,10.));
#13427=CARTESIAN_POINT('',(303.063,-64.1505,10.));
#13428=CARTESIAN_POINT('',(303.563,-64.6505,10.));
#13429=CARTESIAN_POINT('Origin',(316.563,-64.6505,10.));
#13430=CARTESIAN_POINT('',(316.563,-64.6505,10.));
#13431=CARTESIAN_POINT('Origin',(316.563,-64.1505,10.));
#13432=CARTESIAN_POINT('',(317.063,-64.1505,10.));
#13433=CARTESIAN_POINT('Origin',(317.063,-51.1505,10.));
#13434=CARTESIAN_POINT('',(317.063,-51.1505,10.));
#13435=CARTESIAN_POINT('Origin',(316.563,-51.1505,10.));
#13436=CARTESIAN_POINT('',(316.563,-50.6505,10.));
#13437=CARTESIAN_POINT('Origin',(303.563,-50.6505,10.));
#13438=CARTESIAN_POINT('',(303.563,-50.6505,10.));
#13439=CARTESIAN_POINT('Origin',(303.563,-51.1505,10.));
#13440=CARTESIAN_POINT('',(303.063,-51.1505,10.));
#13441=CARTESIAN_POINT('Origin',(303.063,-64.1505,10.));
#13442=CARTESIAN_POINT('Origin',(208.313,-64.1505,10.));
#13443=CARTESIAN_POINT('',(207.813,-64.1505,10.));
#13444=CARTESIAN_POINT('',(208.313,-64.6505,10.));
#13445=CARTESIAN_POINT('Origin',(221.313,-64.6505,10.));
#13446=CARTESIAN_POINT('',(221.313,-64.6505,10.));
#13447=CARTESIAN_POINT('Origin',(221.313,-64.1505,10.));
#13448=CARTESIAN_POINT('',(221.813,-64.1505,10.));
#13449=CARTESIAN_POINT('Origin',(221.813,-51.1505,10.));
#13450=CARTESIAN_POINT('',(221.813,-51.1505,10.));
#13451=CARTESIAN_POINT('Origin',(221.313,-51.1505,10.));
#13452=CARTESIAN_POINT('',(221.313,-50.6505,10.));
#13453=CARTESIAN_POINT('Origin',(208.313,-50.6505,10.));
#13454=CARTESIAN_POINT('',(208.313,-50.6505,10.));
#13455=CARTESIAN_POINT('Origin',(208.313,-51.1505,10.));
#13456=CARTESIAN_POINT('',(207.813,-51.1505,10.));
#13457=CARTESIAN_POINT('Origin',(207.813,-64.1505,10.));
#13458=CARTESIAN_POINT('Origin',(334.851,9.999,10.));
#13459=UNCERTAINTY_MEASURE_WITH_UNIT(LENGTH_MEASURE(0.01),#13463,
'DISTANCE_ACCURACY_VALUE',
'Maximum model space distance between geometric entities at asserted c
onnectivities');
#13460=UNCERTAINTY_MEASURE_WITH_UNIT(LENGTH_MEASURE(0.01),#13463,
'DISTANCE_ACCURACY_VALUE',
'Maximum model space distance between geometric entities at asserted c
onnectivities');
#13461=(
GEOMETRIC_REPRESENTATION_CONTEXT(3)
GLOBAL_UNCERTAINTY_ASSIGNED_CONTEXT((#13459))
GLOBAL_UNIT_ASSIGNED_CONTEXT((#13463,#13465,#13466))
REPRESENTATION_CONTEXT('','3D')
);
#13462=(
GEOMETRIC_REPRESENTATION_CONTEXT(3)
GLOBAL_UNCERTAINTY_ASSIGNED_CONTEXT((#13460))
GLOBAL_UNIT_ASSIGNED_CONTEXT((#13463,#13465,#13466))
REPRESENTATION_CONTEXT('','3D')
);
#13463=(
LENGTH_UNIT()
NAMED_UNIT(*)
SI_UNIT(.MILLI.,.METRE.)
);
#13464=(
LENGTH_UNIT()
NAMED_UNIT(*)
SI_UNIT($,.METRE.)
);
#13465=(
NAMED_UNIT(*)
PLANE_ANGLE_UNIT()
SI_UNIT($,.RADIAN.)
);
#13466=(
NAMED_UNIT(*)
SI_UNIT($,.STERADIAN.)
SOLID_ANGLE_UNIT()
);
#13467=SHAPE_DEFINITION_REPRESENTATION(#13468,#13469);
#13468=PRODUCT_DEFINITION_SHAPE('',$,#13471);
#13469=SHAPE_REPRESENTATION('',(#8023),#13461);
#13470=PRODUCT_DEFINITION_CONTEXT('part definition',#13475,'design');
#13471=PRODUCT_DEFINITION('Plate Left','Plate Left',#13472,#13470);
#13472=PRODUCT_DEFINITION_FORMATION('',$,#13477);
#13473=PRODUCT_RELATED_PRODUCT_CATEGORY('Plate Left','Plate Left',(#13477));
#13474=APPLICATION_PROTOCOL_DEFINITION('international standard',
'automotive_design',2009,#13475);
#13475=APPLICATION_CONTEXT(
'Core Data for Automotive Mechanical Design Process');
#13476=PRODUCT_CONTEXT('part definition',#13475,'mechanical');
#13477=PRODUCT('Plate Left','Plate Left',$,(#13476));
#13478=PRESENTATION_STYLE_ASSIGNMENT((#13480));
#13479=PRESENTATION_STYLE_ASSIGNMENT((#13481));
#13480=SURFACE_STYLE_USAGE(.BOTH.,#13482);
#13481=SURFACE_STYLE_USAGE(.BOTH.,#13483);
#13482=SURFACE_SIDE_STYLE('',(#13484));
#13483=SURFACE_SIDE_STYLE('',(#13485));
#13484=SURFACE_STYLE_FILL_AREA(#13486);
#13485=SURFACE_STYLE_FILL_AREA(#13487);
#13486=FILL_AREA_STYLE('Steel - Satin',(#13488));
#13487=FILL_AREA_STYLE('Plastic - Matte (White)',(#13489));
#13488=FILL_AREA_STYLE_COLOUR('Steel - Satin',#13490);
#13489=FILL_AREA_STYLE_COLOUR('Plastic - Matte (White)',#13491);
#13490=COLOUR_RGB('Steel - Satin',0.627450980392157,0.627450980392157,0.627450980392157);
#13491=COLOUR_RGB('Plastic - Matte (White)',0.964705882352941,0.964705882352941,
0.952941176470588);
ENDSEC;
END-ISO-10303-21;
