ISO-10303-21;
HEADER;
/* Generated by software containing ST-Developer
 * from STEP Tools, Inc. (www.steptools.com) 
 */

FILE_DESCRIPTION(
/* description */ (''),
/* implementation_level */ '2;1');

FILE_NAME(
/* name */ 'Top_Right.step',
/* time_stamp */ '2026-07-31T15:21:18+05:30',
/* author */ (''),
/* organization */ (''),
/* preprocessor_version */ 'ST-DEVELOPER v20.1',
/* originating_system */ 'Autodesk Translation Framework v15.8.0.0',
/* authorisation */ '');

FILE_SCHEMA (('AUTOMOTIVE_DESIGN { 1 0 10303 214 3 1 1 }'));
ENDSEC;

DATA;
#10=MECHANICAL_DESIGN_GEOMETRIC_PRESENTATION_REPRESENTATION('',(#13),#4470);
#11=SHAPE_REPRESENTATION_RELATIONSHIP('SRR','None',#4477,#12);
#12=ADVANCED_BREP_SHAPE_REPRESENTATION('',(#14),#4469);
#13=STYLED_ITEM('',(#4487),#14);
#14=MANIFOLD_SOLID_BREP('Top Right',#2623);
#15=B_SPLINE_SURFACE_WITH_KNOTS('',3,3,((#4325,#4326,#4327,#4328,#4329),
(#4330,#4331,#4332,#4333,#4334),(#4335,#4336,#4337,#4338,#4339),(#4340,
#4341,#4342,#4343,#4344)),.UNSPECIFIED.,.F.,.F.,.F.,(4,4),(4,1,4),(0.,1.),
(-1.53170708350663,-0.875261190575218,8.88178419700125E-16),
 .UNSPECIFIED.);
#16=B_SPLINE_SURFACE_WITH_KNOTS('',3,3,((#4360,#4361,#4362,#4363),(#4364,
#4365,#4366,#4367),(#4368,#4369,#4370,#4371),(#4372,#4373,#4374,#4375)),
 .UNSPECIFIED.,.F.,.F.,.F.,(4,4),(4,4),(0.,1.),(1.53170708350663,1.5707963267949),
 .UNSPECIFIED.);
#17=CYLINDRICAL_SURFACE('',#2717,2.00000000000003);
#18=CYLINDRICAL_SURFACE('',#2721,1.99999999999999);
#19=CYLINDRICAL_SURFACE('',#2725,2.00000000000003);
#20=CYLINDRICAL_SURFACE('',#2742,0.500000000000007);
#21=CYLINDRICAL_SURFACE('',#2744,0.500000000000007);
#22=CYLINDRICAL_SURFACE('',#2770,0.500000000000007);
#23=CYLINDRICAL_SURFACE('',#2772,0.499999999999972);
#24=CYLINDRICAL_SURFACE('',#2774,0.500000000000007);
#25=CYLINDRICAL_SURFACE('',#2776,0.500000000000007);
#26=CYLINDRICAL_SURFACE('',#2796,0.500000000000025);
#27=CYLINDRICAL_SURFACE('',#2798,0.500000000000007);
#28=CYLINDRICAL_SURFACE('',#2800,0.499999999999989);
#29=CYLINDRICAL_SURFACE('',#2802,0.500000000000007);
#30=CYLINDRICAL_SURFACE('',#2816,0.499999999999998);
#31=CYLINDRICAL_SURFACE('',#2818,0.500000000000007);
#32=CYLINDRICAL_SURFACE('',#2832,0.499999999999998);
#33=CYLINDRICAL_SURFACE('',#2834,0.500000000000007);
#34=CYLINDRICAL_SURFACE('',#2842,0.499999999999998);
#35=CYLINDRICAL_SURFACE('',#2844,0.500000000000007);
#36=CYLINDRICAL_SURFACE('',#2850,4.);
#37=CYLINDRICAL_SURFACE('',#2852,4.);
#38=CYLINDRICAL_SURFACE('',#2853,0.500000000000043);
#39=CYLINDRICAL_SURFACE('',#2856,0.499999999999998);
#40=CYLINDRICAL_SURFACE('',#2859,0.499999999999972);
#41=CYLINDRICAL_SURFACE('',#2862,0.5);
#42=CYLINDRICAL_SURFACE('',#2867,3.99999999999999);
#43=CYLINDRICAL_SURFACE('',#2868,0.499999999999972);
#44=CYLINDRICAL_SURFACE('',#2870,0.499999999999998);
#45=CYLINDRICAL_SURFACE('',#2872,0.5);
#46=CYLINDRICAL_SURFACE('',#2874,0.500000000000007);
#47=CYLINDRICAL_SURFACE('',#2876,0.500000000000025);
#48=CYLINDRICAL_SURFACE('',#2878,0.500000000000007);
#49=CYLINDRICAL_SURFACE('',#2880,0.500000000000007);
#50=CYLINDRICAL_SURFACE('',#2882,0.499999999999972);
#51=CYLINDRICAL_SURFACE('',#2884,0.499999999999989);
#52=CYLINDRICAL_SURFACE('',#2886,0.500000000000007);
#53=CYLINDRICAL_SURFACE('',#2888,0.5);
#54=CYLINDRICAL_SURFACE('',#2890,0.500000000000007);
#55=CONICAL_SURFACE('',#2715,2.15000000000003,0.785398163397467);
#56=CONICAL_SURFACE('',#2719,2.15,0.785398163397467);
#57=CONICAL_SURFACE('',#2723,2.15000000000003,0.785398163397467);
#58=CONICAL_SURFACE('',#2731,0.700000000000002,0.785398163397434);
#59=CONICAL_SURFACE('',#2734,0.700000000000002,0.785398163397434);
#60=CONICAL_SURFACE('',#2737,0.699999999999993,0.785398163397434);
#61=CONICAL_SURFACE('',#2740,0.699999999999968,0.785398163397438);
#62=CONICAL_SURFACE('',#2747,0.300000000000013,0.785398163397434);
#63=CONICAL_SURFACE('',#2750,0.700000000000002,0.785398163397434);
#64=CONICAL_SURFACE('',#2753,0.699999999999966,0.785398163397434);
#65=CONICAL_SURFACE('',#2756,0.300000000000013,0.785398163397434);
#66=CONICAL_SURFACE('',#2759,0.699999999999966,0.785398163397434);
#67=CONICAL_SURFACE('',#2762,0.700000000000002,0.785398163397434);
#68=CONICAL_SURFACE('',#2765,0.700000000000002,0.785398163397434);
#69=CONICAL_SURFACE('',#2768,0.700000000000019,0.785398163397434);
#70=CONICAL_SURFACE('',#2779,0.700000000000008,0.78539816339745);
#71=CONICAL_SURFACE('',#2782,0.699999999999984,0.785398163397434);
#72=CONICAL_SURFACE('',#2785,0.300000000000013,0.785398163397434);
#73=CONICAL_SURFACE('',#2788,0.700000000000026,0.78539816339745);
#74=CONICAL_SURFACE('',#2791,0.300000000000006,0.78539816339745);
#75=CONICAL_SURFACE('',#2794,0.699999999999984,0.785398163397434);
#76=CONICAL_SURFACE('',#2805,0.700000000000005,0.785398163397442);
#77=CONICAL_SURFACE('',#2808,0.699999999999993,0.785398163397434);
#78=CONICAL_SURFACE('',#2811,0.700000000000005,0.785398163397442);
#79=CONICAL_SURFACE('',#2814,0.699999999999998,0.785398163397443);
#80=CONICAL_SURFACE('',#2821,0.700000000000005,0.785398163397442);
#81=CONICAL_SURFACE('',#2824,0.699999999999993,0.785398163397434);
#82=CONICAL_SURFACE('',#2827,0.700000000000005,0.785398163397442);
#83=CONICAL_SURFACE('',#2830,0.699999999999998,0.785398163397443);
#84=CONICAL_SURFACE('',#2837,0.700000000000005,0.785398163397442);
#85=CONICAL_SURFACE('',#2840,0.699999999999993,0.785398163397434);
#86=CONICAL_SURFACE('',#2848,3.49999999999998,0.785398163397466);
#87=B_SPLINE_CURVE_WITH_KNOTS('',3,(#3912,#3913,#3914,#3915,#3916),
 .UNSPECIFIED.,.F.,.F.,(4,1,4),(-1.53170708350663,-0.875261190575218,8.88178419700125E-16),
 .UNSPECIFIED.);
#88=B_SPLINE_CURVE_WITH_KNOTS('',3,(#3918,#3919,#3920,#3921),
 .UNSPECIFIED.,.F.,.F.,(4,4),(-1.5707963267949,-1.53170708350663),
 .UNSPECIFIED.);
#89=B_SPLINE_CURVE_WITH_KNOTS('',3,(#4347,#4348,#4349,#4350,#4351),
 .UNSPECIFIED.,.F.,.F.,(4,1,4),(-8.88178419700125E-16,0.875261190575218,
1.53170708350663),.UNSPECIFIED.);
#90=B_SPLINE_CURVE_WITH_KNOTS('',3,(#4376,#4377,#4378,#4379),
 .UNSPECIFIED.,.F.,.F.,(4,4),(1.53170708350663,1.5707963267949),
 .UNSPECIFIED.);
#91=FACE_BOUND('',#372,.T.);
#92=FACE_BOUND('',#373,.T.);
#93=FACE_BOUND('',#374,.T.);
#94=FACE_BOUND('',#375,.T.);
#95=FACE_BOUND('',#376,.T.);
#96=FACE_BOUND('',#377,.T.);
#97=FACE_BOUND('',#378,.T.);
#98=FACE_BOUND('',#379,.T.);
#99=FACE_BOUND('',#382,.T.);
#100=FACE_BOUND('',#383,.T.);
#101=FACE_BOUND('',#384,.T.);
#102=FACE_BOUND('',#385,.T.);
#103=FACE_BOUND('',#386,.T.);
#104=FACE_BOUND('',#501,.T.);
#105=ELLIPSE('',#2647,4.04986050315201,4.);
#106=CIRCLE('',#2646,4.);
#107=CIRCLE('',#2648,0.499999999999989);
#108=CIRCLE('',#2649,0.500000000000007);
#109=CIRCLE('',#2650,0.500000000000025);
#110=CIRCLE('',#2651,0.500000000000007);
#111=CIRCLE('',#2652,0.499999999999989);
#112=CIRCLE('',#2653,0.500000000000007);
#113=CIRCLE('',#2654,0.499999999999998);
#114=CIRCLE('',#2655,0.500000000000007);
#115=CIRCLE('',#2656,2.30000000000004);
#116=CIRCLE('',#2657,2.3);
#117=CIRCLE('',#2658,0.500000000000007);
#118=CIRCLE('',#2659,0.500000000000007);
#119=CIRCLE('',#2660,0.499999999999972);
#120=CIRCLE('',#2661,0.499999999999998);
#121=CIRCLE('',#2662,0.5);
#122=CIRCLE('',#2663,0.500000000000007);
#123=CIRCLE('',#2664,0.499999999999998);
#124=CIRCLE('',#2665,0.500000000000007);
#125=CIRCLE('',#2666,0.500000000000007);
#126=CIRCLE('',#2667,0.500000000000007);
#127=CIRCLE('',#2668,0.500000000000025);
#128=CIRCLE('',#2669,0.500000000000007);
#129=CIRCLE('',#2670,0.500000000000007);
#130=CIRCLE('',#2671,0.499999999999972);
#131=CIRCLE('',#2672,0.500000000000007);
#132=CIRCLE('',#2673,0.499999999999972);
#133=CIRCLE('',#2674,0.499999999999998);
#134=CIRCLE('',#2675,0.500000000000007);
#135=CIRCLE('',#2676,0.5);
#136=CIRCLE('',#2677,0.500000000000007);
#137=CIRCLE('',#2678,0.500000000000043);
#138=CIRCLE('',#2679,0.5);
#139=CIRCLE('',#2680,0.499999999999972);
#140=CIRCLE('',#2681,0.499999999999998);
#141=CIRCLE('',#2682,2.30000000000004);
#142=CIRCLE('',#2685,0.900000000000002);
#143=CIRCLE('',#2686,0.899999999999987);
#144=CIRCLE('',#2687,0.900000000000009);
#145=CIRCLE('',#2688,0.899999999999978);
#146=CIRCLE('',#2689,0.100000000000018);
#147=CIRCLE('',#2690,0.900000000000027);
#148=CIRCLE('',#2691,0.100000000000005);
#149=CIRCLE('',#2692,0.899999999999978);
#150=CIRCLE('',#2693,2.99999999999996);
#151=CIRCLE('',#2694,0.899999999999996);
#152=CIRCLE('',#2695,0.899999999999996);
#153=CIRCLE('',#2696,0.899999999999987);
#154=CIRCLE('',#2697,0.899999999999964);
#155=CIRCLE('',#2698,0.900000000000002);
#156=CIRCLE('',#2699,0.899999999999987);
#157=CIRCLE('',#2700,0.900000000000003);
#158=CIRCLE('',#2701,0.899999999999996);
#159=CIRCLE('',#2702,3.99999999999999);
#160=CIRCLE('',#2703,0.900000000000002);
#161=CIRCLE('',#2704,0.899999999999987);
#162=CIRCLE('',#2705,0.900000000000003);
#163=CIRCLE('',#2706,0.899999999999996);
#164=CIRCLE('',#2707,0.100000000000018);
#165=CIRCLE('',#2708,0.899999999999996);
#166=CIRCLE('',#2709,0.899999999999961);
#167=CIRCLE('',#2710,0.100000000000018);
#168=CIRCLE('',#2711,0.899999999999961);
#169=CIRCLE('',#2712,0.899999999999996);
#170=CIRCLE('',#2713,0.899999999999996);
#171=CIRCLE('',#2714,0.900000000000014);
#172=CIRCLE('',#2716,2.00000000000003);
#173=CIRCLE('',#2718,2.00000000000003);
#174=CIRCLE('',#2720,1.99999999999999);
#175=CIRCLE('',#2722,1.99999999999999);
#176=CIRCLE('',#2724,2.00000000000003);
#177=CIRCLE('',#2726,2.00000000000003);
#178=CIRCLE('',#2732,0.500000000000007);
#179=CIRCLE('',#2735,0.500000000000007);
#180=CIRCLE('',#2738,0.499999999999998);
#181=CIRCLE('',#2741,0.499999999999972);
#182=CIRCLE('',#2748,0.500000000000007);
#183=CIRCLE('',#2751,0.500000000000007);
#184=CIRCLE('',#2754,0.499999999999972);
#185=CIRCLE('',#2757,0.500000000000007);
#186=CIRCLE('',#2760,0.499999999999972);
#187=CIRCLE('',#2763,0.500000000000007);
#188=CIRCLE('',#2766,0.500000000000007);
#189=CIRCLE('',#2769,0.500000000000025);
#190=CIRCLE('',#2780,0.500000000000007);
#191=CIRCLE('',#2783,0.499999999999989);
#192=CIRCLE('',#2786,0.500000000000007);
#193=CIRCLE('',#2789,0.500000000000025);
#194=CIRCLE('',#2792,0.500000000000007);
#195=CIRCLE('',#2795,0.499999999999989);
#196=CIRCLE('',#2806,0.500000000000007);
#197=CIRCLE('',#2809,0.499999999999998);
#198=CIRCLE('',#2812,0.500000000000007);
#199=CIRCLE('',#2815,0.5);
#200=CIRCLE('',#2822,0.500000000000007);
#201=CIRCLE('',#2825,0.499999999999998);
#202=CIRCLE('',#2828,0.500000000000007);
#203=CIRCLE('',#2831,0.5);
#204=CIRCLE('',#2838,0.500000000000007);
#205=CIRCLE('',#2841,0.499999999999998);
#206=CIRCLE('',#2849,4.);
#207=CIRCLE('',#2854,0.500000000000043);
#208=CIRCLE('',#2857,0.499999999999998);
#209=CIRCLE('',#2860,0.499999999999972);
#210=CIRCLE('',#2863,0.5);
#211=CIRCLE('',#2866,3.99999999999999);
#212=FACE_OUTER_BOUND('',#363,.T.);
#213=FACE_OUTER_BOUND('',#364,.T.);
#214=FACE_OUTER_BOUND('',#365,.T.);
#215=FACE_OUTER_BOUND('',#366,.T.);
#216=FACE_OUTER_BOUND('',#367,.T.);
#217=FACE_OUTER_BOUND('',#368,.T.);
#218=FACE_OUTER_BOUND('',#369,.T.);
#219=FACE_OUTER_BOUND('',#370,.T.);
#220=FACE_OUTER_BOUND('',#371,.T.);
#221=FACE_OUTER_BOUND('',#380,.T.);
#222=FACE_OUTER_BOUND('',#381,.T.);
#223=FACE_OUTER_BOUND('',#387,.T.);
#224=FACE_OUTER_BOUND('',#388,.T.);
#225=FACE_OUTER_BOUND('',#389,.T.);
#226=FACE_OUTER_BOUND('',#390,.T.);
#227=FACE_OUTER_BOUND('',#391,.T.);
#228=FACE_OUTER_BOUND('',#392,.T.);
#229=FACE_OUTER_BOUND('',#393,.T.);
#230=FACE_OUTER_BOUND('',#394,.T.);
#231=FACE_OUTER_BOUND('',#395,.T.);
#232=FACE_OUTER_BOUND('',#396,.T.);
#233=FACE_OUTER_BOUND('',#397,.T.);
#234=FACE_OUTER_BOUND('',#398,.T.);
#235=FACE_OUTER_BOUND('',#399,.T.);
#236=FACE_OUTER_BOUND('',#400,.T.);
#237=FACE_OUTER_BOUND('',#401,.T.);
#238=FACE_OUTER_BOUND('',#402,.T.);
#239=FACE_OUTER_BOUND('',#403,.T.);
#240=FACE_OUTER_BOUND('',#404,.T.);
#241=FACE_OUTER_BOUND('',#405,.T.);
#242=FACE_OUTER_BOUND('',#406,.T.);
#243=FACE_OUTER_BOUND('',#407,.T.);
#244=FACE_OUTER_BOUND('',#408,.T.);
#245=FACE_OUTER_BOUND('',#409,.T.);
#246=FACE_OUTER_BOUND('',#410,.T.);
#247=FACE_OUTER_BOUND('',#411,.T.);
#248=FACE_OUTER_BOUND('',#412,.T.);
#249=FACE_OUTER_BOUND('',#413,.T.);
#250=FACE_OUTER_BOUND('',#414,.T.);
#251=FACE_OUTER_BOUND('',#415,.T.);
#252=FACE_OUTER_BOUND('',#416,.T.);
#253=FACE_OUTER_BOUND('',#417,.T.);
#254=FACE_OUTER_BOUND('',#418,.T.);
#255=FACE_OUTER_BOUND('',#419,.T.);
#256=FACE_OUTER_BOUND('',#420,.T.);
#257=FACE_OUTER_BOUND('',#421,.T.);
#258=FACE_OUTER_BOUND('',#422,.T.);
#259=FACE_OUTER_BOUND('',#423,.T.);
#260=FACE_OUTER_BOUND('',#424,.T.);
#261=FACE_OUTER_BOUND('',#425,.T.);
#262=FACE_OUTER_BOUND('',#426,.T.);
#263=FACE_OUTER_BOUND('',#427,.T.);
#264=FACE_OUTER_BOUND('',#428,.T.);
#265=FACE_OUTER_BOUND('',#429,.T.);
#266=FACE_OUTER_BOUND('',#430,.T.);
#267=FACE_OUTER_BOUND('',#431,.T.);
#268=FACE_OUTER_BOUND('',#432,.T.);
#269=FACE_OUTER_BOUND('',#433,.T.);
#270=FACE_OUTER_BOUND('',#434,.T.);
#271=FACE_OUTER_BOUND('',#435,.T.);
#272=FACE_OUTER_BOUND('',#436,.T.);
#273=FACE_OUTER_BOUND('',#437,.T.);
#274=FACE_OUTER_BOUND('',#438,.T.);
#275=FACE_OUTER_BOUND('',#439,.T.);
#276=FACE_OUTER_BOUND('',#440,.T.);
#277=FACE_OUTER_BOUND('',#441,.T.);
#278=FACE_OUTER_BOUND('',#442,.T.);
#279=FACE_OUTER_BOUND('',#443,.T.);
#280=FACE_OUTER_BOUND('',#444,.T.);
#281=FACE_OUTER_BOUND('',#445,.T.);
#282=FACE_OUTER_BOUND('',#446,.T.);
#283=FACE_OUTER_BOUND('',#447,.T.);
#284=FACE_OUTER_BOUND('',#448,.T.);
#285=FACE_OUTER_BOUND('',#449,.T.);
#286=FACE_OUTER_BOUND('',#450,.T.);
#287=FACE_OUTER_BOUND('',#451,.T.);
#288=FACE_OUTER_BOUND('',#452,.T.);
#289=FACE_OUTER_BOUND('',#453,.T.);
#290=FACE_OUTER_BOUND('',#454,.T.);
#291=FACE_OUTER_BOUND('',#455,.T.);
#292=FACE_OUTER_BOUND('',#456,.T.);
#293=FACE_OUTER_BOUND('',#457,.T.);
#294=FACE_OUTER_BOUND('',#458,.T.);
#295=FACE_OUTER_BOUND('',#459,.T.);
#296=FACE_OUTER_BOUND('',#460,.T.);
#297=FACE_OUTER_BOUND('',#461,.T.);
#298=FACE_OUTER_BOUND('',#462,.T.);
#299=FACE_OUTER_BOUND('',#463,.T.);
#300=FACE_OUTER_BOUND('',#464,.T.);
#301=FACE_OUTER_BOUND('',#465,.T.);
#302=FACE_OUTER_BOUND('',#466,.T.);
#303=FACE_OUTER_BOUND('',#467,.T.);
#304=FACE_OUTER_BOUND('',#468,.T.);
#305=FACE_OUTER_BOUND('',#469,.T.);
#306=FACE_OUTER_BOUND('',#470,.T.);
#307=FACE_OUTER_BOUND('',#471,.T.);
#308=FACE_OUTER_BOUND('',#472,.T.);
#309=FACE_OUTER_BOUND('',#473,.T.);
#310=FACE_OUTER_BOUND('',#474,.T.);
#311=FACE_OUTER_BOUND('',#475,.T.);
#312=FACE_OUTER_BOUND('',#476,.T.);
#313=FACE_OUTER_BOUND('',#477,.T.);
#314=FACE_OUTER_BOUND('',#478,.T.);
#315=FACE_OUTER_BOUND('',#479,.T.);
#316=FACE_OUTER_BOUND('',#480,.T.);
#317=FACE_OUTER_BOUND('',#481,.T.);
#318=FACE_OUTER_BOUND('',#482,.T.);
#319=FACE_OUTER_BOUND('',#483,.T.);
#320=FACE_OUTER_BOUND('',#484,.T.);
#321=FACE_OUTER_BOUND('',#485,.T.);
#322=FACE_OUTER_BOUND('',#486,.T.);
#323=FACE_OUTER_BOUND('',#487,.T.);
#324=FACE_OUTER_BOUND('',#488,.T.);
#325=FACE_OUTER_BOUND('',#489,.T.);
#326=FACE_OUTER_BOUND('',#490,.T.);
#327=FACE_OUTER_BOUND('',#491,.T.);
#328=FACE_OUTER_BOUND('',#492,.T.);
#329=FACE_OUTER_BOUND('',#493,.T.);
#330=FACE_OUTER_BOUND('',#494,.T.);
#331=FACE_OUTER_BOUND('',#495,.T.);
#332=FACE_OUTER_BOUND('',#496,.T.);
#333=FACE_OUTER_BOUND('',#497,.T.);
#334=FACE_OUTER_BOUND('',#498,.T.);
#335=FACE_OUTER_BOUND('',#499,.T.);
#336=FACE_OUTER_BOUND('',#500,.T.);
#337=FACE_OUTER_BOUND('',#502,.T.);
#338=FACE_OUTER_BOUND('',#503,.T.);
#339=FACE_OUTER_BOUND('',#504,.T.);
#340=FACE_OUTER_BOUND('',#505,.T.);
#341=FACE_OUTER_BOUND('',#506,.T.);
#342=FACE_OUTER_BOUND('',#507,.T.);
#343=FACE_OUTER_BOUND('',#508,.T.);
#344=FACE_OUTER_BOUND('',#509,.T.);
#345=FACE_OUTER_BOUND('',#510,.T.);
#346=FACE_OUTER_BOUND('',#511,.T.);
#347=FACE_OUTER_BOUND('',#512,.T.);
#348=FACE_OUTER_BOUND('',#513,.T.);
#349=FACE_OUTER_BOUND('',#514,.T.);
#350=FACE_OUTER_BOUND('',#515,.T.);
#351=FACE_OUTER_BOUND('',#516,.T.);
#352=FACE_OUTER_BOUND('',#517,.T.);
#353=FACE_OUTER_BOUND('',#518,.T.);
#354=FACE_OUTER_BOUND('',#519,.T.);
#355=FACE_OUTER_BOUND('',#520,.T.);
#356=FACE_OUTER_BOUND('',#521,.T.);
#357=FACE_OUTER_BOUND('',#522,.T.);
#358=FACE_OUTER_BOUND('',#523,.T.);
#359=FACE_OUTER_BOUND('',#524,.T.);
#360=FACE_OUTER_BOUND('',#525,.T.);
#361=FACE_OUTER_BOUND('',#526,.T.);
#362=FACE_OUTER_BOUND('',#527,.T.);
#363=EDGE_LOOP('',(#1649,#1650,#1651,#1652,#1653,#1654));
#364=EDGE_LOOP('',(#1655,#1656,#1657,#1658,#1659,#1660));
#365=EDGE_LOOP('',(#1661,#1662,#1663,#1664,#1665,#1666));
#366=EDGE_LOOP('',(#1667,#1668,#1669,#1670));
#367=EDGE_LOOP('',(#1671,#1672,#1673,#1674));
#368=EDGE_LOOP('',(#1675,#1676,#1677,#1678));
#369=EDGE_LOOP('',(#1679,#1680,#1681,#1682));
#370=EDGE_LOOP('',(#1683,#1684,#1685,#1686));
#371=EDGE_LOOP('',(#1687,#1688,#1689,#1690,#1691,#1692,#1693,#1694,#1695,
#1696,#1697,#1698,#1699,#1700,#1701,#1702,#1703,#1704,#1705,#1706,#1707,
#1708,#1709,#1710,#1711,#1712));
#372=EDGE_LOOP('',(#1713));
#373=EDGE_LOOP('',(#1714));
#374=EDGE_LOOP('',(#1715,#1716,#1717,#1718,#1719,#1720,#1721,#1722));
#375=EDGE_LOOP('',(#1723,#1724,#1725,#1726,#1727,#1728,#1729,#1730));
#376=EDGE_LOOP('',(#1731,#1732,#1733,#1734,#1735,#1736,#1737,#1738,#1739,
#1740,#1741,#1742,#1743,#1744,#1745,#1746));
#377=EDGE_LOOP('',(#1747,#1748,#1749,#1750,#1751,#1752,#1753,#1754));
#378=EDGE_LOOP('',(#1755,#1756,#1757,#1758,#1759,#1760,#1761,#1762));
#379=EDGE_LOOP('',(#1763));
#380=EDGE_LOOP('',(#1764,#1765,#1766,#1767));
#381=EDGE_LOOP('',(#1768,#1769,#1770,#1771,#1772,#1773,#1774,#1775,#1776,
#1777,#1778,#1779,#1780,#1781,#1782,#1783,#1784,#1785,#1786,#1787,#1788,
#1789,#1790,#1791,#1792,#1793,#1794));
#382=EDGE_LOOP('',(#1795,#1796,#1797,#1798,#1799,#1800,#1801,#1802));
#383=EDGE_LOOP('',(#1803,#1804,#1805,#1806,#1807,#1808,#1809,#1810));
#384=EDGE_LOOP('',(#1811));
#385=EDGE_LOOP('',(#1812,#1813,#1814,#1815,#1816,#1817,#1818,#1819));
#386=EDGE_LOOP('',(#1820,#1821,#1822,#1823,#1824,#1825,#1826,#1827,#1828,
#1829,#1830,#1831,#1832,#1833,#1834,#1835));
#387=EDGE_LOOP('',(#1836,#1837,#1838,#1839));
#388=EDGE_LOOP('',(#1840,#1841,#1842,#1843));
#389=EDGE_LOOP('',(#1844,#1845,#1846,#1847));
#390=EDGE_LOOP('',(#1848,#1849,#1850,#1851));
#391=EDGE_LOOP('',(#1852,#1853,#1854,#1855));
#392=EDGE_LOOP('',(#1856,#1857,#1858,#1859));
#393=EDGE_LOOP('',(#1860));
#394=EDGE_LOOP('',(#1861));
#395=EDGE_LOOP('',(#1862));
#396=EDGE_LOOP('',(#1863,#1864,#1865,#1866));
#397=EDGE_LOOP('',(#1867,#1868,#1869,#1870));
#398=EDGE_LOOP('',(#1871,#1872,#1873,#1874));
#399=EDGE_LOOP('',(#1875,#1876,#1877,#1878));
#400=EDGE_LOOP('',(#1879,#1880,#1881,#1882));
#401=EDGE_LOOP('',(#1883,#1884,#1885,#1886));
#402=EDGE_LOOP('',(#1887,#1888,#1889,#1890));
#403=EDGE_LOOP('',(#1891,#1892,#1893,#1894));
#404=EDGE_LOOP('',(#1895,#1896,#1897,#1898));
#405=EDGE_LOOP('',(#1899,#1900,#1901,#1902));
#406=EDGE_LOOP('',(#1903,#1904,#1905,#1906));
#407=EDGE_LOOP('',(#1907,#1908,#1909,#1910));
#408=EDGE_LOOP('',(#1911,#1912,#1913,#1914));
#409=EDGE_LOOP('',(#1915,#1916,#1917,#1918));
#410=EDGE_LOOP('',(#1919,#1920,#1921,#1922));
#411=EDGE_LOOP('',(#1923,#1924,#1925,#1926));
#412=EDGE_LOOP('',(#1927,#1928,#1929,#1930));
#413=EDGE_LOOP('',(#1931,#1932,#1933,#1934));
#414=EDGE_LOOP('',(#1935,#1936,#1937,#1938));
#415=EDGE_LOOP('',(#1939,#1940,#1941,#1942));
#416=EDGE_LOOP('',(#1943,#1944,#1945,#1946));
#417=EDGE_LOOP('',(#1947,#1948,#1949,#1950));
#418=EDGE_LOOP('',(#1951,#1952,#1953,#1954));
#419=EDGE_LOOP('',(#1955,#1956,#1957,#1958));
#420=EDGE_LOOP('',(#1959,#1960,#1961,#1962));
#421=EDGE_LOOP('',(#1963,#1964,#1965,#1966));
#422=EDGE_LOOP('',(#1967,#1968,#1969,#1970));
#423=EDGE_LOOP('',(#1971,#1972,#1973,#1974));
#424=EDGE_LOOP('',(#1975,#1976,#1977,#1978));
#425=EDGE_LOOP('',(#1979,#1980,#1981,#1982));
#426=EDGE_LOOP('',(#1983,#1984,#1985,#1986));
#427=EDGE_LOOP('',(#1987,#1988,#1989,#1990));
#428=EDGE_LOOP('',(#1991,#1992,#1993,#1994));
#429=EDGE_LOOP('',(#1995,#1996,#1997,#1998));
#430=EDGE_LOOP('',(#1999,#2000,#2001,#2002));
#431=EDGE_LOOP('',(#2003,#2004,#2005,#2006));
#432=EDGE_LOOP('',(#2007,#2008,#2009,#2010));
#433=EDGE_LOOP('',(#2011,#2012,#2013,#2014));
#434=EDGE_LOOP('',(#2015,#2016,#2017,#2018));
#435=EDGE_LOOP('',(#2019,#2020,#2021,#2022));
#436=EDGE_LOOP('',(#2023,#2024,#2025,#2026));
#437=EDGE_LOOP('',(#2027,#2028,#2029,#2030));
#438=EDGE_LOOP('',(#2031,#2032,#2033,#2034));
#439=EDGE_LOOP('',(#2035,#2036,#2037,#2038));
#440=EDGE_LOOP('',(#2039,#2040,#2041,#2042));
#441=EDGE_LOOP('',(#2043,#2044,#2045,#2046));
#442=EDGE_LOOP('',(#2047,#2048,#2049,#2050));
#443=EDGE_LOOP('',(#2051,#2052,#2053,#2054));
#444=EDGE_LOOP('',(#2055,#2056,#2057,#2058));
#445=EDGE_LOOP('',(#2059,#2060,#2061,#2062));
#446=EDGE_LOOP('',(#2063,#2064,#2065,#2066));
#447=EDGE_LOOP('',(#2067,#2068,#2069,#2070));
#448=EDGE_LOOP('',(#2071,#2072,#2073,#2074));
#449=EDGE_LOOP('',(#2075,#2076,#2077,#2078));
#450=EDGE_LOOP('',(#2079,#2080,#2081,#2082));
#451=EDGE_LOOP('',(#2083,#2084,#2085,#2086));
#452=EDGE_LOOP('',(#2087,#2088,#2089,#2090));
#453=EDGE_LOOP('',(#2091,#2092,#2093,#2094));
#454=EDGE_LOOP('',(#2095,#2096,#2097,#2098));
#455=EDGE_LOOP('',(#2099,#2100,#2101,#2102));
#456=EDGE_LOOP('',(#2103,#2104,#2105,#2106));
#457=EDGE_LOOP('',(#2107,#2108,#2109,#2110));
#458=EDGE_LOOP('',(#2111,#2112,#2113,#2114));
#459=EDGE_LOOP('',(#2115,#2116,#2117,#2118));
#460=EDGE_LOOP('',(#2119,#2120,#2121,#2122));
#461=EDGE_LOOP('',(#2123,#2124,#2125,#2126));
#462=EDGE_LOOP('',(#2127,#2128,#2129,#2130));
#463=EDGE_LOOP('',(#2131,#2132,#2133,#2134));
#464=EDGE_LOOP('',(#2135,#2136,#2137,#2138));
#465=EDGE_LOOP('',(#2139,#2140,#2141,#2142));
#466=EDGE_LOOP('',(#2143,#2144,#2145,#2146));
#467=EDGE_LOOP('',(#2147,#2148,#2149,#2150));
#468=EDGE_LOOP('',(#2151,#2152,#2153,#2154));
#469=EDGE_LOOP('',(#2155,#2156,#2157,#2158));
#470=EDGE_LOOP('',(#2159,#2160,#2161,#2162));
#471=EDGE_LOOP('',(#2163,#2164,#2165,#2166));
#472=EDGE_LOOP('',(#2167,#2168,#2169,#2170));
#473=EDGE_LOOP('',(#2171,#2172,#2173,#2174));
#474=EDGE_LOOP('',(#2175,#2176,#2177,#2178));
#475=EDGE_LOOP('',(#2179,#2180,#2181,#2182));
#476=EDGE_LOOP('',(#2183,#2184,#2185,#2186));
#477=EDGE_LOOP('',(#2187,#2188,#2189,#2190));
#478=EDGE_LOOP('',(#2191,#2192,#2193,#2194));
#479=EDGE_LOOP('',(#2195,#2196,#2197,#2198));
#480=EDGE_LOOP('',(#2199,#2200,#2201,#2202));
#481=EDGE_LOOP('',(#2203,#2204,#2205,#2206));
#482=EDGE_LOOP('',(#2207,#2208,#2209,#2210));
#483=EDGE_LOOP('',(#2211,#2212,#2213,#2214));
#484=EDGE_LOOP('',(#2215,#2216,#2217,#2218));
#485=EDGE_LOOP('',(#2219,#2220,#2221,#2222));
#486=EDGE_LOOP('',(#2223,#2224,#2225,#2226));
#487=EDGE_LOOP('',(#2227,#2228,#2229,#2230));
#488=EDGE_LOOP('',(#2231,#2232,#2233,#2234));
#489=EDGE_LOOP('',(#2235,#2236,#2237,#2238));
#490=EDGE_LOOP('',(#2239,#2240,#2241,#2242));
#491=EDGE_LOOP('',(#2243,#2244,#2245,#2246));
#492=EDGE_LOOP('',(#2247,#2248,#2249,#2250));
#493=EDGE_LOOP('',(#2251,#2252,#2253,#2254));
#494=EDGE_LOOP('',(#2255,#2256,#2257,#2258));
#495=EDGE_LOOP('',(#2259,#2260,#2261,#2262));
#496=EDGE_LOOP('',(#2263,#2264,#2265,#2266));
#497=EDGE_LOOP('',(#2267,#2268,#2269,#2270));
#498=EDGE_LOOP('',(#2271,#2272,#2273,#2274));
#499=EDGE_LOOP('',(#2275,#2276,#2277,#2278));
#500=EDGE_LOOP('',(#2279,#2280,#2281,#2282,#2283,#2284,#2285,#2286));
#501=EDGE_LOOP('',(#2287));
#502=EDGE_LOOP('',(#2288,#2289,#2290,#2291));
#503=EDGE_LOOP('',(#2292,#2293,#2294,#2295));
#504=EDGE_LOOP('',(#2296,#2297,#2298,#2299));
#505=EDGE_LOOP('',(#2300,#2301,#2302,#2303));
#506=EDGE_LOOP('',(#2304,#2305,#2306,#2307));
#507=EDGE_LOOP('',(#2308,#2309,#2310,#2311));
#508=EDGE_LOOP('',(#2312,#2313,#2314,#2315));
#509=EDGE_LOOP('',(#2316,#2317,#2318,#2319));
#510=EDGE_LOOP('',(#2320,#2321,#2322,#2323));
#511=EDGE_LOOP('',(#2324,#2325,#2326,#2327));
#512=EDGE_LOOP('',(#2328,#2329,#2330,#2331));
#513=EDGE_LOOP('',(#2332,#2333,#2334,#2335));
#514=EDGE_LOOP('',(#2336,#2337,#2338,#2339));
#515=EDGE_LOOP('',(#2340,#2341,#2342,#2343));
#516=EDGE_LOOP('',(#2344,#2345,#2346,#2347));
#517=EDGE_LOOP('',(#2348,#2349,#2350,#2351));
#518=EDGE_LOOP('',(#2352,#2353,#2354,#2355));
#519=EDGE_LOOP('',(#2356,#2357,#2358,#2359));
#520=EDGE_LOOP('',(#2360,#2361,#2362,#2363));
#521=EDGE_LOOP('',(#2364,#2365,#2366,#2367));
#522=EDGE_LOOP('',(#2368,#2369,#2370,#2371));
#523=EDGE_LOOP('',(#2372,#2373,#2374,#2375));
#524=EDGE_LOOP('',(#2376,#2377,#2378,#2379));
#525=EDGE_LOOP('',(#2380,#2381,#2382,#2383));
#526=EDGE_LOOP('',(#2384,#2385,#2386,#2387));
#527=EDGE_LOOP('',(#2388,#2389,#2390,#2391,#2392));
#528=LINE('',#3672,#789);
#529=LINE('',#3674,#790);
#530=LINE('',#3676,#791);
#531=LINE('',#3678,#792);
#532=LINE('',#3680,#793);
#533=LINE('',#3681,#794);
#534=LINE('',#3685,#795);
#535=LINE('',#3687,#796);
#536=LINE('',#3689,#797);
#537=LINE('',#3691,#798);
#538=LINE('',#3693,#799);
#539=LINE('',#3694,#800);
#540=LINE('',#3698,#801);
#541=LINE('',#3700,#802);
#542=LINE('',#3702,#803);
#543=LINE('',#3704,#804);
#544=LINE('',#3706,#805);
#545=LINE('',#3707,#806);
#546=LINE('',#3710,#807);
#547=LINE('',#3712,#808);
#548=LINE('',#3713,#809);
#549=LINE('',#3716,#810);
#550=LINE('',#3717,#811);
#551=LINE('',#3720,#812);
#552=LINE('',#3722,#813);
#553=LINE('',#3723,#814);
#554=LINE('',#3726,#815);
#555=LINE('',#3727,#816);
#556=LINE('',#3730,#817);
#557=LINE('',#3732,#818);
#558=LINE('',#3733,#819);
#559=LINE('',#3738,#820);
#560=LINE('',#3741,#821);
#561=LINE('',#3745,#822);
#562=LINE('',#3749,#823);
#563=LINE('',#3753,#824);
#564=LINE('',#3757,#825);
#565=LINE('',#3761,#826);
#566=LINE('',#3764,#827);
#567=LINE('',#3768,#828);
#568=LINE('',#3771,#829);
#569=LINE('',#3778,#830);
#570=LINE('',#3782,#831);
#571=LINE('',#3786,#832);
#572=LINE('',#3790,#833);
#573=LINE('',#3794,#834);
#574=LINE('',#3798,#835);
#575=LINE('',#3802,#836);
#576=LINE('',#3806,#837);
#577=LINE('',#3810,#838);
#578=LINE('',#3814,#839);
#579=LINE('',#3818,#840);
#580=LINE('',#3822,#841);
#581=LINE('',#3826,#842);
#582=LINE('',#3830,#843);
#583=LINE('',#3834,#844);
#584=LINE('',#3838,#845);
#585=LINE('',#3842,#846);
#586=LINE('',#3846,#847);
#587=LINE('',#3850,#848);
#588=LINE('',#3854,#849);
#589=LINE('',#3860,#850);
#590=LINE('',#3864,#851);
#591=LINE('',#3868,#852);
#592=LINE('',#3871,#853);
#593=LINE('',#3876,#854);
#594=LINE('',#3877,#855);
#595=LINE('',#3880,#856);
#596=LINE('',#3884,#857);
#597=LINE('',#3887,#858);
#598=LINE('',#3891,#859);
#599=LINE('',#3895,#860);
#600=LINE('',#3899,#861);
#601=LINE('',#3903,#862);
#602=LINE('',#3907,#863);
#603=LINE('',#3910,#864);
#604=LINE('',#3923,#865);
#605=LINE('',#3927,#866);
#606=LINE('',#3931,#867);
#607=LINE('',#3935,#868);
#608=LINE('',#3939,#869);
#609=LINE('',#3943,#870);
#610=LINE('',#3947,#871);
#611=LINE('',#3951,#872);
#612=LINE('',#3955,#873);
#613=LINE('',#3961,#874);
#614=LINE('',#3965,#875);
#615=LINE('',#3969,#876);
#616=LINE('',#3973,#877);
#617=LINE('',#3977,#878);
#618=LINE('',#3981,#879);
#619=LINE('',#3985,#880);
#620=LINE('',#3989,#881);
#621=LINE('',#3993,#882);
#622=LINE('',#3997,#883);
#623=LINE('',#4001,#884);
#624=LINE('',#4005,#885);
#625=LINE('',#4009,#886);
#626=LINE('',#4013,#887);
#627=LINE('',#4017,#888);
#628=LINE('',#4021,#889);
#629=LINE('',#4025,#890);
#630=LINE('',#4029,#891);
#631=LINE('',#4036,#892);
#632=LINE('',#4038,#893);
#633=LINE('',#4039,#894);
#634=LINE('',#4042,#895);
#635=LINE('',#4046,#896);
#636=LINE('',#4047,#897);
#637=LINE('',#4050,#898);
#638=LINE('',#4054,#899);
#639=LINE('',#4055,#900);
#640=LINE('',#4058,#901);
#641=LINE('',#4062,#902);
#642=LINE('',#4063,#903);
#643=LINE('',#4067,#904);
#644=LINE('',#4068,#905);
#645=LINE('',#4070,#906);
#646=LINE('',#4072,#907);
#647=LINE('',#4074,#908);
#648=LINE('',#4077,#909);
#649=LINE('',#4079,#910);
#650=LINE('',#4080,#911);
#651=LINE('',#4083,#912);
#652=LINE('',#4087,#913);
#653=LINE('',#4088,#914);
#654=LINE('',#4091,#915);
#655=LINE('',#4095,#916);
#656=LINE('',#4096,#917);
#657=LINE('',#4099,#918);
#658=LINE('',#4103,#919);
#659=LINE('',#4104,#920);
#660=LINE('',#4107,#921);
#661=LINE('',#4111,#922);
#662=LINE('',#4112,#923);
#663=LINE('',#4115,#924);
#664=LINE('',#4119,#925);
#665=LINE('',#4120,#926);
#666=LINE('',#4123,#927);
#667=LINE('',#4127,#928);
#668=LINE('',#4128,#929);
#669=LINE('',#4131,#930);
#670=LINE('',#4135,#931);
#671=LINE('',#4136,#932);
#672=LINE('',#4140,#933);
#673=LINE('',#4141,#934);
#674=LINE('',#4143,#935);
#675=LINE('',#4145,#936);
#676=LINE('',#4147,#937);
#677=LINE('',#4149,#938);
#678=LINE('',#4151,#939);
#679=LINE('',#4153,#940);
#680=LINE('',#4155,#941);
#681=LINE('',#4158,#942);
#682=LINE('',#4159,#943);
#683=LINE('',#4162,#944);
#684=LINE('',#4166,#945);
#685=LINE('',#4167,#946);
#686=LINE('',#4170,#947);
#687=LINE('',#4174,#948);
#688=LINE('',#4175,#949);
#689=LINE('',#4178,#950);
#690=LINE('',#4182,#951);
#691=LINE('',#4183,#952);
#692=LINE('',#4186,#953);
#693=LINE('',#4190,#954);
#694=LINE('',#4191,#955);
#695=LINE('',#4194,#956);
#696=LINE('',#4198,#957);
#697=LINE('',#4199,#958);
#698=LINE('',#4203,#959);
#699=LINE('',#4204,#960);
#700=LINE('',#4206,#961);
#701=LINE('',#4208,#962);
#702=LINE('',#4210,#963);
#703=LINE('',#4212,#964);
#704=LINE('',#4214,#965);
#705=LINE('',#4216,#966);
#706=LINE('',#4220,#967);
#707=LINE('',#4222,#968);
#708=LINE('',#4223,#969);
#709=LINE('',#4226,#970);
#710=LINE('',#4230,#971);
#711=LINE('',#4231,#972);
#712=LINE('',#4234,#973);
#713=LINE('',#4238,#974);
#714=LINE('',#4239,#975);
#715=LINE('',#4242,#976);
#716=LINE('',#4246,#977);
#717=LINE('',#4247,#978);
#718=LINE('',#4251,#979);
#719=LINE('',#4252,#980);
#720=LINE('',#4254,#981);
#721=LINE('',#4256,#982);
#722=LINE('',#4258,#983);
#723=LINE('',#4261,#984);
#724=LINE('',#4263,#985);
#725=LINE('',#4264,#986);
#726=LINE('',#4267,#987);
#727=LINE('',#4271,#988);
#728=LINE('',#4272,#989);
#729=LINE('',#4275,#990);
#730=LINE('',#4279,#991);
#731=LINE('',#4280,#992);
#732=LINE('',#4283,#993);
#733=LINE('',#4287,#994);
#734=LINE('',#4288,#995);
#735=LINE('',#4292,#996);
#736=LINE('',#4293,#997);
#737=LINE('',#4295,#998);
#738=LINE('',#4297,#999);
#739=LINE('',#4299,#1000);
#740=LINE('',#4302,#1001);
#741=LINE('',#4303,#1002);
#742=LINE('',#4306,#1003);
#743=LINE('',#4310,#1004);
#744=LINE('',#4311,#1005);
#745=LINE('',#4315,#1006);
#746=LINE('',#4317,#1007);
#747=LINE('',#4319,#1008);
#748=LINE('',#4323,#1009);
#749=LINE('',#4324,#1010);
#750=LINE('',#4346,#1011);
#751=LINE('',#4354,#1012);
#752=LINE('',#4356,#1013);
#753=LINE('',#4357,#1014);
#754=LINE('',#4381,#1015);
#755=LINE('',#4383,#1016);
#756=LINE('',#4385,#1017);
#757=LINE('',#4388,#1018);
#758=LINE('',#4391,#1019);
#759=LINE('',#4394,#1020);
#760=LINE('',#4395,#1021);
#761=LINE('',#4398,#1022);
#762=LINE('',#4402,#1023);
#763=LINE('',#4403,#1024);
#764=LINE('',#4406,#1025);
#765=LINE('',#4410,#1026);
#766=LINE('',#4411,#1027);
#767=LINE('',#4414,#1028);
#768=LINE('',#4417,#1029);
#769=LINE('',#4422,#1030);
#770=LINE('',#4424,#1031);
#771=LINE('',#4426,#1032);
#772=LINE('',#4428,#1033);
#773=LINE('',#4431,#1034);
#774=LINE('',#4433,#1035);
#775=LINE('',#4435,#1036);
#776=LINE('',#4438,#1037);
#777=LINE('',#4440,#1038);
#778=LINE('',#4442,#1039);
#779=LINE('',#4444,#1040);
#780=LINE('',#4446,#1041);
#781=LINE('',#4448,#1042);
#782=LINE('',#4450,#1043);
#783=LINE('',#4453,#1044);
#784=LINE('',#4455,#1045);
#785=LINE('',#4457,#1046);
#786=LINE('',#4460,#1047);
#787=LINE('',#4462,#1048);
#788=LINE('',#4464,#1049);
#789=VECTOR('',#2897,10.);
#790=VECTOR('',#2898,10.);
#791=VECTOR('',#2899,10.);
#792=VECTOR('',#2900,10.);
#793=VECTOR('',#2901,10.);
#794=VECTOR('',#2902,10.);
#795=VECTOR('',#2905,10.);
#796=VECTOR('',#2906,10.);
#797=VECTOR('',#2907,10.);
#798=VECTOR('',#2908,10.);
#799=VECTOR('',#2909,10.);
#800=VECTOR('',#2910,10.);
#801=VECTOR('',#2913,10.);
#802=VECTOR('',#2914,10.);
#803=VECTOR('',#2915,10.);
#804=VECTOR('',#2916,10.);
#805=VECTOR('',#2917,10.);
#806=VECTOR('',#2918,10.);
#807=VECTOR('',#2921,10.);
#808=VECTOR('',#2922,10.);
#809=VECTOR('',#2923,10.);
#810=VECTOR('',#2926,10.);
#811=VECTOR('',#2927,10.);
#812=VECTOR('',#2930,10.);
#813=VECTOR('',#2931,10.);
#814=VECTOR('',#2932,10.);
#815=VECTOR('',#2935,10.);
#816=VECTOR('',#2936,10.);
#817=VECTOR('',#2939,10.);
#818=VECTOR('',#2940,10.);
#819=VECTOR('',#2941,10.);
#820=VECTOR('',#2946,10.);
#821=VECTOR('',#2949,10.);
#822=VECTOR('',#2952,10.);
#823=VECTOR('',#2955,10.);
#824=VECTOR('',#2958,10.);
#825=VECTOR('',#2961,10.);
#826=VECTOR('',#2964,10.);
#827=VECTOR('',#2967,10.);
#828=VECTOR('',#2970,10.);
#829=VECTOR('',#2973,10.);
#830=VECTOR('',#2978,10.);
#831=VECTOR('',#2981,10.);
#832=VECTOR('',#2984,10.);
#833=VECTOR('',#2987,10.);
#834=VECTOR('',#2990,10.);
#835=VECTOR('',#2993,10.);
#836=VECTOR('',#2996,10.);
#837=VECTOR('',#2999,10.);
#838=VECTOR('',#3002,10.);
#839=VECTOR('',#3005,10.);
#840=VECTOR('',#3008,10.);
#841=VECTOR('',#3011,10.);
#842=VECTOR('',#3014,10.);
#843=VECTOR('',#3017,10.);
#844=VECTOR('',#3020,10.);
#845=VECTOR('',#3023,10.);
#846=VECTOR('',#3026,10.);
#847=VECTOR('',#3029,10.);
#848=VECTOR('',#3032,10.);
#849=VECTOR('',#3035,10.);
#850=VECTOR('',#3040,10.);
#851=VECTOR('',#3043,10.);
#852=VECTOR('',#3046,10.);
#853=VECTOR('',#3049,10.);
#854=VECTOR('',#3054,10.);
#855=VECTOR('',#3055,10.);
#856=VECTOR('',#3058,10.);
#857=VECTOR('',#3061,10.);
#858=VECTOR('',#3064,10.);
#859=VECTOR('',#3067,10.);
#860=VECTOR('',#3070,10.);
#861=VECTOR('',#3073,10.);
#862=VECTOR('',#3076,10.);
#863=VECTOR('',#3079,10.);
#864=VECTOR('',#3082,10.);
#865=VECTOR('',#3083,10.);
#866=VECTOR('',#3086,10.);
#867=VECTOR('',#3089,10.);
#868=VECTOR('',#3092,10.);
#869=VECTOR('',#3095,10.);
#870=VECTOR('',#3098,10.);
#871=VECTOR('',#3101,10.);
#872=VECTOR('',#3104,10.);
#873=VECTOR('',#3107,10.);
#874=VECTOR('',#3112,10.);
#875=VECTOR('',#3115,10.);
#876=VECTOR('',#3118,10.);
#877=VECTOR('',#3121,10.);
#878=VECTOR('',#3124,10.);
#879=VECTOR('',#3127,10.);
#880=VECTOR('',#3130,10.);
#881=VECTOR('',#3133,10.);
#882=VECTOR('',#3136,10.);
#883=VECTOR('',#3139,10.);
#884=VECTOR('',#3142,10.);
#885=VECTOR('',#3145,10.);
#886=VECTOR('',#3150,2.15000000000003);
#887=VECTOR('',#3155,2.00000000000003);
#888=VECTOR('',#3160,2.15);
#889=VECTOR('',#3165,1.99999999999999);
#890=VECTOR('',#3170,2.15000000000003);
#891=VECTOR('',#3175,2.00000000000003);
#892=VECTOR('',#3186,10.);
#893=VECTOR('',#3187,10.);
#894=VECTOR('',#3188,10.);
#895=VECTOR('',#3191,10.);
#896=VECTOR('',#3196,10.);
#897=VECTOR('',#3197,10.);
#898=VECTOR('',#3200,10.);
#899=VECTOR('',#3205,10.);
#900=VECTOR('',#3206,10.);
#901=VECTOR('',#3209,10.);
#902=VECTOR('',#3214,10.);
#903=VECTOR('',#3215,10.);
#904=VECTOR('',#3222,10.);
#905=VECTOR('',#3223,10.);
#906=VECTOR('',#3226,10.);
#907=VECTOR('',#3229,10.);
#908=VECTOR('',#3232,10.);
#909=VECTOR('',#3235,10.);
#910=VECTOR('',#3236,10.);
#911=VECTOR('',#3237,10.);
#912=VECTOR('',#3240,10.);
#913=VECTOR('',#3245,10.);
#914=VECTOR('',#3246,10.);
#915=VECTOR('',#3249,10.);
#916=VECTOR('',#3254,10.);
#917=VECTOR('',#3255,10.);
#918=VECTOR('',#3258,10.);
#919=VECTOR('',#3263,10.);
#920=VECTOR('',#3264,10.);
#921=VECTOR('',#3267,10.);
#922=VECTOR('',#3272,10.);
#923=VECTOR('',#3273,10.);
#924=VECTOR('',#3276,10.);
#925=VECTOR('',#3281,10.);
#926=VECTOR('',#3282,10.);
#927=VECTOR('',#3285,10.);
#928=VECTOR('',#3290,10.);
#929=VECTOR('',#3291,10.);
#930=VECTOR('',#3294,10.);
#931=VECTOR('',#3299,10.);
#932=VECTOR('',#3300,10.);
#933=VECTOR('',#3307,10.);
#934=VECTOR('',#3308,10.);
#935=VECTOR('',#3311,10.);
#936=VECTOR('',#3314,10.);
#937=VECTOR('',#3317,10.);
#938=VECTOR('',#3320,10.);
#939=VECTOR('',#3323,10.);
#940=VECTOR('',#3326,10.);
#941=VECTOR('',#3329,10.);
#942=VECTOR('',#3332,10.);
#943=VECTOR('',#3333,10.);
#944=VECTOR('',#3336,10.);
#945=VECTOR('',#3341,10.);
#946=VECTOR('',#3342,10.);
#947=VECTOR('',#3345,10.);
#948=VECTOR('',#3350,10.);
#949=VECTOR('',#3351,10.);
#950=VECTOR('',#3354,10.);
#951=VECTOR('',#3359,10.);
#952=VECTOR('',#3360,10.);
#953=VECTOR('',#3363,10.);
#954=VECTOR('',#3368,10.);
#955=VECTOR('',#3369,10.);
#956=VECTOR('',#3372,10.);
#957=VECTOR('',#3377,10.);
#958=VECTOR('',#3378,10.);
#959=VECTOR('',#3385,10.);
#960=VECTOR('',#3386,10.);
#961=VECTOR('',#3389,10.);
#962=VECTOR('',#3392,10.);
#963=VECTOR('',#3395,10.);
#964=VECTOR('',#3398,10.);
#965=VECTOR('',#3401,10.);
#966=VECTOR('',#3404,10.);
#967=VECTOR('',#3409,10.);
#968=VECTOR('',#3410,10.);
#969=VECTOR('',#3411,10.);
#970=VECTOR('',#3414,10.);
#971=VECTOR('',#3419,10.);
#972=VECTOR('',#3420,10.);
#973=VECTOR('',#3423,10.);
#974=VECTOR('',#3428,10.);
#975=VECTOR('',#3429,10.);
#976=VECTOR('',#3432,10.);
#977=VECTOR('',#3437,10.);
#978=VECTOR('',#3438,10.);
#979=VECTOR('',#3445,10.);
#980=VECTOR('',#3446,10.);
#981=VECTOR('',#3449,10.);
#982=VECTOR('',#3452,10.);
#983=VECTOR('',#3455,10.);
#984=VECTOR('',#3458,10.);
#985=VECTOR('',#3459,10.);
#986=VECTOR('',#3460,10.);
#987=VECTOR('',#3463,10.);
#988=VECTOR('',#3468,10.);
#989=VECTOR('',#3469,10.);
#990=VECTOR('',#3472,10.);
#991=VECTOR('',#3477,10.);
#992=VECTOR('',#3478,10.);
#993=VECTOR('',#3481,10.);
#994=VECTOR('',#3486,10.);
#995=VECTOR('',#3487,10.);
#996=VECTOR('',#3494,10.);
#997=VECTOR('',#3495,10.);
#998=VECTOR('',#3498,10.);
#999=VECTOR('',#3501,10.);
#1000=VECTOR('',#3504,10.);
#1001=VECTOR('',#3507,10.);
#1002=VECTOR('',#3508,10.);
#1003=VECTOR('',#3511,10.);
#1004=VECTOR('',#3516,10.);
#1005=VECTOR('',#3517,10.);
#1006=VECTOR('',#3524,10.);
#1007=VECTOR('',#3527,10.);
#1008=VECTOR('',#3530,10.);
#1009=VECTOR('',#3535,10.);
#1010=VECTOR('',#3536,10.);
#1011=VECTOR('',#3537,10.);
#1012=VECTOR('',#3540,10.);
#1013=VECTOR('',#3541,10.);
#1014=VECTOR('',#3542,10.);
#1015=VECTOR('',#3549,10.);
#1016=VECTOR('',#3552,10.);
#1017=VECTOR('',#3555,10.);
#1018=VECTOR('',#3558,10.);
#1019=VECTOR('',#3561,10.);
#1020=VECTOR('',#3564,10.);
#1021=VECTOR('',#3565,10.);
#1022=VECTOR('',#3568,10.);
#1023=VECTOR('',#3573,10.);
#1024=VECTOR('',#3574,10.);
#1025=VECTOR('',#3577,10.);
#1026=VECTOR('',#3582,10.);
#1027=VECTOR('',#3583,10.);
#1028=VECTOR('',#3586,10.);
#1029=VECTOR('',#3591,10.);
#1030=VECTOR('',#3598,3.99999999999999);
#1031=VECTOR('',#3601,10.);
#1032=VECTOR('',#3604,10.);
#1033=VECTOR('',#3607,10.);
#1034=VECTOR('',#3612,10.);
#1035=VECTOR('',#3615,10.);
#1036=VECTOR('',#3618,10.);
#1037=VECTOR('',#3623,10.);
#1038=VECTOR('',#3626,10.);
#1039=VECTOR('',#3629,10.);
#1040=VECTOR('',#3632,10.);
#1041=VECTOR('',#3635,10.);
#1042=VECTOR('',#3638,10.);
#1043=VECTOR('',#3641,10.);
#1044=VECTOR('',#3646,10.);
#1045=VECTOR('',#3649,10.);
#1046=VECTOR('',#3652,10.);
#1047=VECTOR('',#3657,10.);
#1048=VECTOR('',#3660,10.);
#1049=VECTOR('',#3663,10.);
#1050=VERTEX_POINT('',#3670);
#1051=VERTEX_POINT('',#3671);
#1052=VERTEX_POINT('',#3673);
#1053=VERTEX_POINT('',#3675);
#1054=VERTEX_POINT('',#3677);
#1055=VERTEX_POINT('',#3679);
#1056=VERTEX_POINT('',#3683);
#1057=VERTEX_POINT('',#3684);
#1058=VERTEX_POINT('',#3686);
#1059=VERTEX_POINT('',#3688);
#1060=VERTEX_POINT('',#3690);
#1061=VERTEX_POINT('',#3692);
#1062=VERTEX_POINT('',#3696);
#1063=VERTEX_POINT('',#3697);
#1064=VERTEX_POINT('',#3699);
#1065=VERTEX_POINT('',#3701);
#1066=VERTEX_POINT('',#3703);
#1067=VERTEX_POINT('',#3705);
#1068=VERTEX_POINT('',#3709);
#1069=VERTEX_POINT('',#3711);
#1070=VERTEX_POINT('',#3715);
#1071=VERTEX_POINT('',#3719);
#1072=VERTEX_POINT('',#3721);
#1073=VERTEX_POINT('',#3725);
#1074=VERTEX_POINT('',#3729);
#1075=VERTEX_POINT('',#3731);
#1076=VERTEX_POINT('',#3735);
#1077=VERTEX_POINT('',#3737);
#1078=VERTEX_POINT('',#3739);
#1079=VERTEX_POINT('',#3742);
#1080=VERTEX_POINT('',#3744);
#1081=VERTEX_POINT('',#3746);
#1082=VERTEX_POINT('',#3748);
#1083=VERTEX_POINT('',#3750);
#1084=VERTEX_POINT('',#3752);
#1085=VERTEX_POINT('',#3754);
#1086=VERTEX_POINT('',#3756);
#1087=VERTEX_POINT('',#3758);
#1088=VERTEX_POINT('',#3760);
#1089=VERTEX_POINT('',#3762);
#1090=VERTEX_POINT('',#3765);
#1091=VERTEX_POINT('',#3767);
#1092=VERTEX_POINT('',#3769);
#1093=VERTEX_POINT('',#3772);
#1094=VERTEX_POINT('',#3774);
#1095=VERTEX_POINT('',#3776);
#1096=VERTEX_POINT('',#3777);
#1097=VERTEX_POINT('',#3779);
#1098=VERTEX_POINT('',#3781);
#1099=VERTEX_POINT('',#3783);
#1100=VERTEX_POINT('',#3785);
#1101=VERTEX_POINT('',#3787);
#1102=VERTEX_POINT('',#3789);
#1103=VERTEX_POINT('',#3792);
#1104=VERTEX_POINT('',#3793);
#1105=VERTEX_POINT('',#3795);
#1106=VERTEX_POINT('',#3797);
#1107=VERTEX_POINT('',#3799);
#1108=VERTEX_POINT('',#3801);
#1109=VERTEX_POINT('',#3803);
#1110=VERTEX_POINT('',#3805);
#1111=VERTEX_POINT('',#3808);
#1112=VERTEX_POINT('',#3809);
#1113=VERTEX_POINT('',#3811);
#1114=VERTEX_POINT('',#3813);
#1115=VERTEX_POINT('',#3815);
#1116=VERTEX_POINT('',#3817);
#1117=VERTEX_POINT('',#3819);
#1118=VERTEX_POINT('',#3821);
#1119=VERTEX_POINT('',#3823);
#1120=VERTEX_POINT('',#3825);
#1121=VERTEX_POINT('',#3827);
#1122=VERTEX_POINT('',#3829);
#1123=VERTEX_POINT('',#3831);
#1124=VERTEX_POINT('',#3833);
#1125=VERTEX_POINT('',#3835);
#1126=VERTEX_POINT('',#3837);
#1127=VERTEX_POINT('',#3840);
#1128=VERTEX_POINT('',#3841);
#1129=VERTEX_POINT('',#3843);
#1130=VERTEX_POINT('',#3845);
#1131=VERTEX_POINT('',#3847);
#1132=VERTEX_POINT('',#3849);
#1133=VERTEX_POINT('',#3851);
#1134=VERTEX_POINT('',#3853);
#1135=VERTEX_POINT('',#3856);
#1136=VERTEX_POINT('',#3857);
#1137=VERTEX_POINT('',#3859);
#1138=VERTEX_POINT('',#3861);
#1139=VERTEX_POINT('',#3863);
#1140=VERTEX_POINT('',#3865);
#1141=VERTEX_POINT('',#3867);
#1142=VERTEX_POINT('',#3869);
#1143=VERTEX_POINT('',#3872);
#1144=VERTEX_POINT('',#3875);
#1145=VERTEX_POINT('',#3879);
#1146=VERTEX_POINT('',#3881);
#1147=VERTEX_POINT('',#3883);
#1148=VERTEX_POINT('',#3886);
#1149=VERTEX_POINT('',#3888);
#1150=VERTEX_POINT('',#3890);
#1151=VERTEX_POINT('',#3892);
#1152=VERTEX_POINT('',#3894);
#1153=VERTEX_POINT('',#3896);
#1154=VERTEX_POINT('',#3898);
#1155=VERTEX_POINT('',#3900);
#1156=VERTEX_POINT('',#3902);
#1157=VERTEX_POINT('',#3904);
#1158=VERTEX_POINT('',#3906);
#1159=VERTEX_POINT('',#3909);
#1160=VERTEX_POINT('',#3911);
#1161=VERTEX_POINT('',#3917);
#1162=VERTEX_POINT('',#3922);
#1163=VERTEX_POINT('',#3925);
#1164=VERTEX_POINT('',#3926);
#1165=VERTEX_POINT('',#3928);
#1166=VERTEX_POINT('',#3930);
#1167=VERTEX_POINT('',#3932);
#1168=VERTEX_POINT('',#3934);
#1169=VERTEX_POINT('',#3936);
#1170=VERTEX_POINT('',#3938);
#1171=VERTEX_POINT('',#3941);
#1172=VERTEX_POINT('',#3942);
#1173=VERTEX_POINT('',#3944);
#1174=VERTEX_POINT('',#3946);
#1175=VERTEX_POINT('',#3948);
#1176=VERTEX_POINT('',#3950);
#1177=VERTEX_POINT('',#3952);
#1178=VERTEX_POINT('',#3954);
#1179=VERTEX_POINT('',#3957);
#1180=VERTEX_POINT('',#3959);
#1181=VERTEX_POINT('',#3960);
#1182=VERTEX_POINT('',#3962);
#1183=VERTEX_POINT('',#3964);
#1184=VERTEX_POINT('',#3966);
#1185=VERTEX_POINT('',#3968);
#1186=VERTEX_POINT('',#3970);
#1187=VERTEX_POINT('',#3972);
#1188=VERTEX_POINT('',#3975);
#1189=VERTEX_POINT('',#3976);
#1190=VERTEX_POINT('',#3978);
#1191=VERTEX_POINT('',#3980);
#1192=VERTEX_POINT('',#3982);
#1193=VERTEX_POINT('',#3984);
#1194=VERTEX_POINT('',#3986);
#1195=VERTEX_POINT('',#3988);
#1196=VERTEX_POINT('',#3990);
#1197=VERTEX_POINT('',#3992);
#1198=VERTEX_POINT('',#3994);
#1199=VERTEX_POINT('',#3996);
#1200=VERTEX_POINT('',#3998);
#1201=VERTEX_POINT('',#4000);
#1202=VERTEX_POINT('',#4002);
#1203=VERTEX_POINT('',#4004);
#1204=VERTEX_POINT('',#4008);
#1205=VERTEX_POINT('',#4012);
#1206=VERTEX_POINT('',#4016);
#1207=VERTEX_POINT('',#4020);
#1208=VERTEX_POINT('',#4024);
#1209=VERTEX_POINT('',#4028);
#1210=VERTEX_POINT('',#4035);
#1211=VERTEX_POINT('',#4037);
#1212=VERTEX_POINT('',#4041);
#1213=VERTEX_POINT('',#4045);
#1214=VERTEX_POINT('',#4049);
#1215=VERTEX_POINT('',#4053);
#1216=VERTEX_POINT('',#4057);
#1217=VERTEX_POINT('',#4061);
#1218=VERTEX_POINT('',#4076);
#1219=VERTEX_POINT('',#4078);
#1220=VERTEX_POINT('',#4082);
#1221=VERTEX_POINT('',#4086);
#1222=VERTEX_POINT('',#4090);
#1223=VERTEX_POINT('',#4094);
#1224=VERTEX_POINT('',#4098);
#1225=VERTEX_POINT('',#4102);
#1226=VERTEX_POINT('',#4106);
#1227=VERTEX_POINT('',#4110);
#1228=VERTEX_POINT('',#4114);
#1229=VERTEX_POINT('',#4118);
#1230=VERTEX_POINT('',#4122);
#1231=VERTEX_POINT('',#4126);
#1232=VERTEX_POINT('',#4130);
#1233=VERTEX_POINT('',#4134);
#1234=VERTEX_POINT('',#4157);
#1235=VERTEX_POINT('',#4161);
#1236=VERTEX_POINT('',#4165);
#1237=VERTEX_POINT('',#4169);
#1238=VERTEX_POINT('',#4173);
#1239=VERTEX_POINT('',#4177);
#1240=VERTEX_POINT('',#4181);
#1241=VERTEX_POINT('',#4185);
#1242=VERTEX_POINT('',#4189);
#1243=VERTEX_POINT('',#4193);
#1244=VERTEX_POINT('',#4197);
#1245=VERTEX_POINT('',#4219);
#1246=VERTEX_POINT('',#4221);
#1247=VERTEX_POINT('',#4225);
#1248=VERTEX_POINT('',#4229);
#1249=VERTEX_POINT('',#4233);
#1250=VERTEX_POINT('',#4237);
#1251=VERTEX_POINT('',#4241);
#1252=VERTEX_POINT('',#4245);
#1253=VERTEX_POINT('',#4260);
#1254=VERTEX_POINT('',#4262);
#1255=VERTEX_POINT('',#4266);
#1256=VERTEX_POINT('',#4270);
#1257=VERTEX_POINT('',#4274);
#1258=VERTEX_POINT('',#4278);
#1259=VERTEX_POINT('',#4282);
#1260=VERTEX_POINT('',#4286);
#1261=VERTEX_POINT('',#4301);
#1262=VERTEX_POINT('',#4305);
#1263=VERTEX_POINT('',#4309);
#1264=VERTEX_POINT('',#4322);
#1265=VERTEX_POINT('',#4345);
#1266=VERTEX_POINT('',#4353);
#1267=VERTEX_POINT('',#4355);
#1268=VERTEX_POINT('',#4387);
#1269=VERTEX_POINT('',#4389);
#1270=VERTEX_POINT('',#4393);
#1271=VERTEX_POINT('',#4397);
#1272=VERTEX_POINT('',#4401);
#1273=VERTEX_POINT('',#4405);
#1274=VERTEX_POINT('',#4409);
#1275=VERTEX_POINT('',#4413);
#1276=VERTEX_POINT('',#4419);
#1277=EDGE_CURVE('',#1050,#1051,#528,.T.);
#1278=EDGE_CURVE('',#1052,#1050,#529,.T.);
#1279=EDGE_CURVE('',#1053,#1052,#530,.T.);
#1280=EDGE_CURVE('',#1054,#1053,#531,.T.);
#1281=EDGE_CURVE('',#1055,#1054,#532,.T.);
#1282=EDGE_CURVE('',#1051,#1055,#533,.T.);
#1283=EDGE_CURVE('',#1056,#1057,#534,.T.);
#1284=EDGE_CURVE('',#1058,#1056,#535,.T.);
#1285=EDGE_CURVE('',#1059,#1058,#536,.T.);
#1286=EDGE_CURVE('',#1060,#1059,#537,.T.);
#1287=EDGE_CURVE('',#1061,#1060,#538,.T.);
#1288=EDGE_CURVE('',#1057,#1061,#539,.T.);
#1289=EDGE_CURVE('',#1062,#1063,#540,.T.);
#1290=EDGE_CURVE('',#1064,#1062,#541,.T.);
#1291=EDGE_CURVE('',#1065,#1064,#542,.T.);
#1292=EDGE_CURVE('',#1066,#1065,#543,.T.);
#1293=EDGE_CURVE('',#1067,#1066,#544,.T.);
#1294=EDGE_CURVE('',#1063,#1067,#545,.T.);
#1295=EDGE_CURVE('',#1068,#1052,#546,.T.);
#1296=EDGE_CURVE('',#1069,#1068,#547,.T.);
#1297=EDGE_CURVE('',#1053,#1069,#548,.T.);
#1298=EDGE_CURVE('',#1050,#1070,#549,.T.);
#1299=EDGE_CURVE('',#1068,#1070,#550,.T.);
#1300=EDGE_CURVE('',#1071,#1058,#551,.T.);
#1301=EDGE_CURVE('',#1072,#1071,#552,.T.);
#1302=EDGE_CURVE('',#1059,#1072,#553,.T.);
#1303=EDGE_CURVE('',#1056,#1073,#554,.T.);
#1304=EDGE_CURVE('',#1071,#1073,#555,.T.);
#1305=EDGE_CURVE('',#1074,#1064,#556,.T.);
#1306=EDGE_CURVE('',#1075,#1074,#557,.T.);
#1307=EDGE_CURVE('',#1065,#1075,#558,.T.);
#1308=EDGE_CURVE('',#1076,#1069,#106,.T.);
#1309=EDGE_CURVE('',#1076,#1077,#559,.T.);
#1310=EDGE_CURVE('',#1078,#1077,#105,.T.);
#1311=EDGE_CURVE('',#1078,#1066,#560,.T.);
#1312=EDGE_CURVE('',#1075,#1079,#107,.T.);
#1313=EDGE_CURVE('',#1079,#1080,#561,.T.);
#1314=EDGE_CURVE('',#1080,#1081,#108,.T.);
#1315=EDGE_CURVE('',#1081,#1082,#562,.T.);
#1316=EDGE_CURVE('',#1082,#1083,#109,.T.);
#1317=EDGE_CURVE('',#1083,#1084,#563,.T.);
#1318=EDGE_CURVE('',#1084,#1085,#110,.T.);
#1319=EDGE_CURVE('',#1085,#1086,#564,.T.);
#1320=EDGE_CURVE('',#1086,#1087,#111,.T.);
#1321=EDGE_CURVE('',#1087,#1088,#565,.T.);
#1322=EDGE_CURVE('',#1088,#1089,#112,.T.);
#1323=EDGE_CURVE('',#1089,#1060,#566,.T.);
#1324=EDGE_CURVE('',#1072,#1090,#113,.T.);
#1325=EDGE_CURVE('',#1090,#1091,#567,.T.);
#1326=EDGE_CURVE('',#1091,#1092,#114,.T.);
#1327=EDGE_CURVE('',#1092,#1054,#568,.T.);
#1328=EDGE_CURVE('',#1093,#1093,#115,.T.);
#1329=EDGE_CURVE('',#1094,#1094,#116,.T.);
#1330=EDGE_CURVE('',#1095,#1096,#569,.T.);
#1331=EDGE_CURVE('',#1096,#1097,#117,.T.);
#1332=EDGE_CURVE('',#1097,#1098,#570,.T.);
#1333=EDGE_CURVE('',#1098,#1099,#118,.T.);
#1334=EDGE_CURVE('',#1099,#1100,#571,.T.);
#1335=EDGE_CURVE('',#1100,#1101,#119,.T.);
#1336=EDGE_CURVE('',#1101,#1102,#572,.T.);
#1337=EDGE_CURVE('',#1102,#1095,#120,.T.);
#1338=EDGE_CURVE('',#1103,#1104,#573,.T.);
#1339=EDGE_CURVE('',#1104,#1105,#121,.T.);
#1340=EDGE_CURVE('',#1105,#1106,#574,.T.);
#1341=EDGE_CURVE('',#1106,#1107,#122,.T.);
#1342=EDGE_CURVE('',#1107,#1108,#575,.T.);
#1343=EDGE_CURVE('',#1108,#1109,#123,.T.);
#1344=EDGE_CURVE('',#1109,#1110,#576,.T.);
#1345=EDGE_CURVE('',#1110,#1103,#124,.T.);
#1346=EDGE_CURVE('',#1111,#1112,#577,.T.);
#1347=EDGE_CURVE('',#1112,#1113,#125,.T.);
#1348=EDGE_CURVE('',#1113,#1114,#578,.T.);
#1349=EDGE_CURVE('',#1114,#1115,#126,.T.);
#1350=EDGE_CURVE('',#1115,#1116,#579,.T.);
#1351=EDGE_CURVE('',#1116,#1117,#127,.T.);
#1352=EDGE_CURVE('',#1117,#1118,#580,.T.);
#1353=EDGE_CURVE('',#1118,#1119,#128,.T.);
#1354=EDGE_CURVE('',#1119,#1120,#581,.T.);
#1355=EDGE_CURVE('',#1120,#1121,#129,.T.);
#1356=EDGE_CURVE('',#1121,#1122,#582,.T.);
#1357=EDGE_CURVE('',#1122,#1123,#130,.T.);
#1358=EDGE_CURVE('',#1123,#1124,#583,.T.);
#1359=EDGE_CURVE('',#1124,#1125,#131,.T.);
#1360=EDGE_CURVE('',#1125,#1126,#584,.T.);
#1361=EDGE_CURVE('',#1126,#1111,#132,.T.);
#1362=EDGE_CURVE('',#1127,#1128,#585,.T.);
#1363=EDGE_CURVE('',#1128,#1129,#133,.T.);
#1364=EDGE_CURVE('',#1129,#1130,#586,.T.);
#1365=EDGE_CURVE('',#1130,#1131,#134,.T.);
#1366=EDGE_CURVE('',#1131,#1132,#587,.T.);
#1367=EDGE_CURVE('',#1132,#1133,#135,.T.);
#1368=EDGE_CURVE('',#1133,#1134,#588,.T.);
#1369=EDGE_CURVE('',#1134,#1127,#136,.T.);
#1370=EDGE_CURVE('',#1135,#1136,#137,.T.);
#1371=EDGE_CURVE('',#1136,#1137,#589,.T.);
#1372=EDGE_CURVE('',#1137,#1138,#138,.T.);
#1373=EDGE_CURVE('',#1138,#1139,#590,.T.);
#1374=EDGE_CURVE('',#1139,#1140,#139,.T.);
#1375=EDGE_CURVE('',#1140,#1141,#591,.T.);
#1376=EDGE_CURVE('',#1141,#1142,#140,.T.);
#1377=EDGE_CURVE('',#1142,#1135,#592,.T.);
#1378=EDGE_CURVE('',#1143,#1143,#141,.T.);
#1379=EDGE_CURVE('',#1062,#1144,#593,.T.);
#1380=EDGE_CURVE('',#1074,#1144,#594,.T.);
#1381=EDGE_CURVE('',#1145,#1051,#595,.T.);
#1382=EDGE_CURVE('',#1146,#1145,#142,.T.);
#1383=EDGE_CURVE('',#1147,#1146,#596,.T.);
#1384=EDGE_CURVE('',#1073,#1147,#143,.T.);
#1385=EDGE_CURVE('',#1148,#1057,#597,.T.);
#1386=EDGE_CURVE('',#1149,#1148,#144,.T.);
#1387=EDGE_CURVE('',#1150,#1149,#598,.T.);
#1388=EDGE_CURVE('',#1151,#1150,#145,.T.);
#1389=EDGE_CURVE('',#1152,#1151,#599,.T.);
#1390=EDGE_CURVE('',#1153,#1152,#146,.T.);
#1391=EDGE_CURVE('',#1154,#1153,#600,.T.);
#1392=EDGE_CURVE('',#1155,#1154,#147,.T.);
#1393=EDGE_CURVE('',#1156,#1155,#601,.T.);
#1394=EDGE_CURVE('',#1157,#1156,#148,.T.);
#1395=EDGE_CURVE('',#1158,#1157,#602,.T.);
#1396=EDGE_CURVE('',#1144,#1158,#149,.T.);
#1397=EDGE_CURVE('',#1159,#1063,#603,.T.);
#1398=EDGE_CURVE('',#1160,#1159,#87,.T.);
#1399=EDGE_CURVE('',#1161,#1160,#88,.T.);
#1400=EDGE_CURVE('',#1162,#1161,#604,.T.);
#1401=EDGE_CURVE('',#1070,#1162,#150,.T.);
#1402=EDGE_CURVE('',#1163,#1164,#605,.T.);
#1403=EDGE_CURVE('',#1165,#1163,#151,.T.);
#1404=EDGE_CURVE('',#1166,#1165,#606,.T.);
#1405=EDGE_CURVE('',#1167,#1166,#152,.T.);
#1406=EDGE_CURVE('',#1168,#1167,#607,.T.);
#1407=EDGE_CURVE('',#1169,#1168,#153,.T.);
#1408=EDGE_CURVE('',#1170,#1169,#608,.T.);
#1409=EDGE_CURVE('',#1164,#1170,#154,.T.);
#1410=EDGE_CURVE('',#1171,#1172,#609,.T.);
#1411=EDGE_CURVE('',#1173,#1171,#155,.T.);
#1412=EDGE_CURVE('',#1174,#1173,#610,.T.);
#1413=EDGE_CURVE('',#1175,#1174,#156,.T.);
#1414=EDGE_CURVE('',#1176,#1175,#611,.T.);
#1415=EDGE_CURVE('',#1177,#1176,#157,.T.);
#1416=EDGE_CURVE('',#1178,#1177,#612,.T.);
#1417=EDGE_CURVE('',#1172,#1178,#158,.T.);
#1418=EDGE_CURVE('',#1179,#1179,#159,.T.);
#1419=EDGE_CURVE('',#1180,#1181,#613,.T.);
#1420=EDGE_CURVE('',#1182,#1180,#160,.T.);
#1421=EDGE_CURVE('',#1183,#1182,#614,.T.);
#1422=EDGE_CURVE('',#1184,#1183,#161,.T.);
#1423=EDGE_CURVE('',#1185,#1184,#615,.T.);
#1424=EDGE_CURVE('',#1186,#1185,#162,.T.);
#1425=EDGE_CURVE('',#1187,#1186,#616,.T.);
#1426=EDGE_CURVE('',#1181,#1187,#163,.T.);
#1427=EDGE_CURVE('',#1188,#1189,#617,.T.);
#1428=EDGE_CURVE('',#1190,#1188,#164,.T.);
#1429=EDGE_CURVE('',#1191,#1190,#618,.T.);
#1430=EDGE_CURVE('',#1192,#1191,#165,.T.);
#1431=EDGE_CURVE('',#1193,#1192,#619,.T.);
#1432=EDGE_CURVE('',#1194,#1193,#166,.T.);
#1433=EDGE_CURVE('',#1195,#1194,#620,.T.);
#1434=EDGE_CURVE('',#1196,#1195,#167,.T.);
#1435=EDGE_CURVE('',#1197,#1196,#621,.T.);
#1436=EDGE_CURVE('',#1198,#1197,#168,.T.);
#1437=EDGE_CURVE('',#1199,#1198,#622,.T.);
#1438=EDGE_CURVE('',#1200,#1199,#169,.T.);
#1439=EDGE_CURVE('',#1201,#1200,#623,.T.);
#1440=EDGE_CURVE('',#1202,#1201,#170,.T.);
#1441=EDGE_CURVE('',#1203,#1202,#624,.T.);
#1442=EDGE_CURVE('',#1189,#1203,#171,.T.);
#1443=EDGE_CURVE('',#1093,#1204,#625,.T.);
#1444=EDGE_CURVE('',#1204,#1204,#172,.T.);
#1445=EDGE_CURVE('',#1204,#1205,#626,.T.);
#1446=EDGE_CURVE('',#1205,#1205,#173,.T.);
#1447=EDGE_CURVE('',#1094,#1206,#627,.T.);
#1448=EDGE_CURVE('',#1206,#1206,#174,.T.);
#1449=EDGE_CURVE('',#1206,#1207,#628,.T.);
#1450=EDGE_CURVE('',#1207,#1207,#175,.T.);
#1451=EDGE_CURVE('',#1143,#1208,#629,.T.);
#1452=EDGE_CURVE('',#1208,#1208,#176,.T.);
#1453=EDGE_CURVE('',#1208,#1209,#630,.T.);
#1454=EDGE_CURVE('',#1209,#1209,#177,.T.);
#1455=EDGE_CURVE('',#1210,#1163,#631,.T.);
#1456=EDGE_CURVE('',#1164,#1211,#632,.T.);
#1457=EDGE_CURVE('',#1211,#1210,#633,.T.);
#1458=EDGE_CURVE('',#1212,#1165,#634,.T.);
#1459=EDGE_CURVE('',#1210,#1212,#178,.T.);
#1460=EDGE_CURVE('',#1213,#1166,#635,.T.);
#1461=EDGE_CURVE('',#1212,#1213,#636,.T.);
#1462=EDGE_CURVE('',#1214,#1167,#637,.T.);
#1463=EDGE_CURVE('',#1213,#1214,#179,.T.);
#1464=EDGE_CURVE('',#1215,#1168,#638,.T.);
#1465=EDGE_CURVE('',#1214,#1215,#639,.T.);
#1466=EDGE_CURVE('',#1216,#1169,#640,.T.);
#1467=EDGE_CURVE('',#1215,#1216,#180,.T.);
#1468=EDGE_CURVE('',#1217,#1170,#641,.T.);
#1469=EDGE_CURVE('',#1216,#1217,#642,.T.);
#1470=EDGE_CURVE('',#1217,#1211,#181,.T.);
#1471=EDGE_CURVE('',#1097,#1213,#643,.T.);
#1472=EDGE_CURVE('',#1096,#1214,#644,.T.);
#1473=EDGE_CURVE('',#1098,#1212,#645,.T.);
#1474=EDGE_CURVE('',#1099,#1210,#646,.T.);
#1475=EDGE_CURVE('',#1100,#1211,#647,.T.);
#1476=EDGE_CURVE('',#1218,#1188,#648,.T.);
#1477=EDGE_CURVE('',#1189,#1219,#649,.T.);
#1478=EDGE_CURVE('',#1219,#1218,#650,.T.);
#1479=EDGE_CURVE('',#1220,#1190,#651,.T.);
#1480=EDGE_CURVE('',#1218,#1220,#182,.T.);
#1481=EDGE_CURVE('',#1221,#1191,#652,.T.);
#1482=EDGE_CURVE('',#1220,#1221,#653,.T.);
#1483=EDGE_CURVE('',#1222,#1192,#654,.T.);
#1484=EDGE_CURVE('',#1221,#1222,#183,.T.);
#1485=EDGE_CURVE('',#1223,#1193,#655,.T.);
#1486=EDGE_CURVE('',#1222,#1223,#656,.T.);
#1487=EDGE_CURVE('',#1224,#1194,#657,.T.);
#1488=EDGE_CURVE('',#1223,#1224,#184,.T.);
#1489=EDGE_CURVE('',#1225,#1195,#658,.T.);
#1490=EDGE_CURVE('',#1224,#1225,#659,.T.);
#1491=EDGE_CURVE('',#1226,#1196,#660,.T.);
#1492=EDGE_CURVE('',#1225,#1226,#185,.T.);
#1493=EDGE_CURVE('',#1227,#1197,#661,.T.);
#1494=EDGE_CURVE('',#1226,#1227,#662,.T.);
#1495=EDGE_CURVE('',#1228,#1198,#663,.T.);
#1496=EDGE_CURVE('',#1227,#1228,#186,.T.);
#1497=EDGE_CURVE('',#1229,#1199,#664,.T.);
#1498=EDGE_CURVE('',#1228,#1229,#665,.T.);
#1499=EDGE_CURVE('',#1230,#1200,#666,.T.);
#1500=EDGE_CURVE('',#1229,#1230,#187,.T.);
#1501=EDGE_CURVE('',#1231,#1201,#667,.T.);
#1502=EDGE_CURVE('',#1230,#1231,#668,.T.);
#1503=EDGE_CURVE('',#1232,#1202,#669,.T.);
#1504=EDGE_CURVE('',#1231,#1232,#188,.T.);
#1505=EDGE_CURVE('',#1233,#1203,#670,.T.);
#1506=EDGE_CURVE('',#1232,#1233,#671,.T.);
#1507=EDGE_CURVE('',#1233,#1219,#189,.T.);
#1508=EDGE_CURVE('',#1125,#1225,#672,.T.);
#1509=EDGE_CURVE('',#1124,#1226,#673,.T.);
#1510=EDGE_CURVE('',#1126,#1224,#674,.T.);
#1511=EDGE_CURVE('',#1111,#1223,#675,.T.);
#1512=EDGE_CURVE('',#1112,#1222,#676,.T.);
#1513=EDGE_CURVE('',#1113,#1221,#677,.T.);
#1514=EDGE_CURVE('',#1114,#1220,#678,.T.);
#1515=EDGE_CURVE('',#1115,#1218,#679,.T.);
#1516=EDGE_CURVE('',#1116,#1219,#680,.T.);
#1517=EDGE_CURVE('',#1061,#1234,#681,.T.);
#1518=EDGE_CURVE('',#1234,#1148,#682,.T.);
#1519=EDGE_CURVE('',#1235,#1149,#683,.T.);
#1520=EDGE_CURVE('',#1234,#1235,#190,.T.);
#1521=EDGE_CURVE('',#1236,#1150,#684,.T.);
#1522=EDGE_CURVE('',#1235,#1236,#685,.T.);
#1523=EDGE_CURVE('',#1237,#1151,#686,.T.);
#1524=EDGE_CURVE('',#1236,#1237,#191,.T.);
#1525=EDGE_CURVE('',#1238,#1152,#687,.T.);
#1526=EDGE_CURVE('',#1237,#1238,#688,.T.);
#1527=EDGE_CURVE('',#1239,#1153,#689,.T.);
#1528=EDGE_CURVE('',#1238,#1239,#192,.T.);
#1529=EDGE_CURVE('',#1240,#1154,#690,.T.);
#1530=EDGE_CURVE('',#1239,#1240,#691,.T.);
#1531=EDGE_CURVE('',#1241,#1155,#692,.T.);
#1532=EDGE_CURVE('',#1240,#1241,#193,.T.);
#1533=EDGE_CURVE('',#1242,#1156,#693,.T.);
#1534=EDGE_CURVE('',#1241,#1242,#694,.T.);
#1535=EDGE_CURVE('',#1243,#1157,#695,.T.);
#1536=EDGE_CURVE('',#1242,#1243,#194,.T.);
#1537=EDGE_CURVE('',#1244,#1158,#696,.T.);
#1538=EDGE_CURVE('',#1243,#1244,#697,.T.);
#1539=EDGE_CURVE('',#1244,#1074,#195,.T.);
#1540=EDGE_CURVE('',#1083,#1240,#698,.T.);
#1541=EDGE_CURVE('',#1082,#1241,#699,.T.);
#1542=EDGE_CURVE('',#1084,#1239,#700,.T.);
#1543=EDGE_CURVE('',#1085,#1238,#701,.T.);
#1544=EDGE_CURVE('',#1086,#1237,#702,.T.);
#1545=EDGE_CURVE('',#1087,#1236,#703,.T.);
#1546=EDGE_CURVE('',#1088,#1235,#704,.T.);
#1547=EDGE_CURVE('',#1089,#1234,#705,.T.);
#1548=EDGE_CURVE('',#1245,#1180,#706,.T.);
#1549=EDGE_CURVE('',#1181,#1246,#707,.T.);
#1550=EDGE_CURVE('',#1246,#1245,#708,.T.);
#1551=EDGE_CURVE('',#1247,#1182,#709,.T.);
#1552=EDGE_CURVE('',#1245,#1247,#196,.T.);
#1553=EDGE_CURVE('',#1248,#1183,#710,.T.);
#1554=EDGE_CURVE('',#1247,#1248,#711,.T.);
#1555=EDGE_CURVE('',#1249,#1184,#712,.T.);
#1556=EDGE_CURVE('',#1248,#1249,#197,.T.);
#1557=EDGE_CURVE('',#1250,#1185,#713,.T.);
#1558=EDGE_CURVE('',#1249,#1250,#714,.T.);
#1559=EDGE_CURVE('',#1251,#1186,#715,.T.);
#1560=EDGE_CURVE('',#1250,#1251,#198,.T.);
#1561=EDGE_CURVE('',#1252,#1187,#716,.T.);
#1562=EDGE_CURVE('',#1251,#1252,#717,.T.);
#1563=EDGE_CURVE('',#1252,#1246,#199,.T.);
#1564=EDGE_CURVE('',#1129,#1248,#718,.T.);
#1565=EDGE_CURVE('',#1128,#1249,#719,.T.);
#1566=EDGE_CURVE('',#1130,#1247,#720,.T.);
#1567=EDGE_CURVE('',#1131,#1245,#721,.T.);
#1568=EDGE_CURVE('',#1132,#1246,#722,.T.);
#1569=EDGE_CURVE('',#1253,#1171,#723,.T.);
#1570=EDGE_CURVE('',#1172,#1254,#724,.T.);
#1571=EDGE_CURVE('',#1254,#1253,#725,.T.);
#1572=EDGE_CURVE('',#1255,#1173,#726,.T.);
#1573=EDGE_CURVE('',#1253,#1255,#200,.T.);
#1574=EDGE_CURVE('',#1256,#1174,#727,.T.);
#1575=EDGE_CURVE('',#1255,#1256,#728,.T.);
#1576=EDGE_CURVE('',#1257,#1175,#729,.T.);
#1577=EDGE_CURVE('',#1256,#1257,#201,.T.);
#1578=EDGE_CURVE('',#1258,#1176,#730,.T.);
#1579=EDGE_CURVE('',#1257,#1258,#731,.T.);
#1580=EDGE_CURVE('',#1259,#1177,#732,.T.);
#1581=EDGE_CURVE('',#1258,#1259,#202,.T.);
#1582=EDGE_CURVE('',#1260,#1178,#733,.T.);
#1583=EDGE_CURVE('',#1259,#1260,#734,.T.);
#1584=EDGE_CURVE('',#1260,#1254,#203,.T.);
#1585=EDGE_CURVE('',#1109,#1256,#735,.T.);
#1586=EDGE_CURVE('',#1108,#1257,#736,.T.);
#1587=EDGE_CURVE('',#1110,#1255,#737,.T.);
#1588=EDGE_CURVE('',#1103,#1253,#738,.T.);
#1589=EDGE_CURVE('',#1104,#1254,#739,.T.);
#1590=EDGE_CURVE('',#1055,#1261,#740,.T.);
#1591=EDGE_CURVE('',#1261,#1145,#741,.T.);
#1592=EDGE_CURVE('',#1262,#1146,#742,.T.);
#1593=EDGE_CURVE('',#1261,#1262,#204,.T.);
#1594=EDGE_CURVE('',#1263,#1147,#743,.T.);
#1595=EDGE_CURVE('',#1262,#1263,#744,.T.);
#1596=EDGE_CURVE('',#1263,#1071,#205,.T.);
#1597=EDGE_CURVE('',#1090,#1263,#745,.T.);
#1598=EDGE_CURVE('',#1091,#1262,#746,.T.);
#1599=EDGE_CURVE('',#1092,#1261,#747,.T.);
#1600=EDGE_CURVE('',#1067,#1264,#748,.T.);
#1601=EDGE_CURVE('',#1264,#1159,#749,.T.);
#1602=EDGE_CURVE('',#1265,#1160,#750,.T.);
#1603=EDGE_CURVE('',#1264,#1265,#89,.T.);
#1604=EDGE_CURVE('',#1266,#1162,#751,.T.);
#1605=EDGE_CURVE('',#1161,#1267,#752,.T.);
#1606=EDGE_CURVE('',#1267,#1266,#753,.T.);
#1607=EDGE_CURVE('',#1266,#1068,#206,.T.);
#1608=EDGE_CURVE('',#1265,#1267,#90,.T.);
#1609=EDGE_CURVE('',#1266,#1076,#754,.T.);
#1610=EDGE_CURVE('',#1264,#1078,#755,.T.);
#1611=EDGE_CURVE('',#1077,#1265,#756,.T.);
#1612=EDGE_CURVE('',#1135,#1268,#757,.T.);
#1613=EDGE_CURVE('',#1268,#1269,#207,.T.);
#1614=EDGE_CURVE('',#1136,#1269,#758,.T.);
#1615=EDGE_CURVE('',#1142,#1270,#759,.T.);
#1616=EDGE_CURVE('',#1270,#1268,#760,.T.);
#1617=EDGE_CURVE('',#1141,#1271,#761,.T.);
#1618=EDGE_CURVE('',#1271,#1270,#208,.T.);
#1619=EDGE_CURVE('',#1140,#1272,#762,.T.);
#1620=EDGE_CURVE('',#1272,#1271,#763,.T.);
#1621=EDGE_CURVE('',#1139,#1273,#764,.T.);
#1622=EDGE_CURVE('',#1273,#1272,#209,.T.);
#1623=EDGE_CURVE('',#1138,#1274,#765,.T.);
#1624=EDGE_CURVE('',#1274,#1273,#766,.T.);
#1625=EDGE_CURVE('',#1137,#1275,#767,.T.);
#1626=EDGE_CURVE('',#1275,#1274,#210,.T.);
#1627=EDGE_CURVE('',#1269,#1275,#768,.T.);
#1628=EDGE_CURVE('',#1276,#1276,#211,.T.);
#1629=EDGE_CURVE('',#1179,#1276,#769,.T.);
#1630=EDGE_CURVE('',#1101,#1217,#770,.T.);
#1631=EDGE_CURVE('',#1102,#1216,#771,.T.);
#1632=EDGE_CURVE('',#1095,#1215,#772,.T.);
#1633=EDGE_CURVE('',#1105,#1260,#773,.T.);
#1634=EDGE_CURVE('',#1106,#1259,#774,.T.);
#1635=EDGE_CURVE('',#1107,#1258,#775,.T.);
#1636=EDGE_CURVE('',#1117,#1233,#776,.T.);
#1637=EDGE_CURVE('',#1118,#1232,#777,.T.);
#1638=EDGE_CURVE('',#1119,#1231,#778,.T.);
#1639=EDGE_CURVE('',#1120,#1230,#779,.T.);
#1640=EDGE_CURVE('',#1121,#1229,#780,.T.);
#1641=EDGE_CURVE('',#1122,#1228,#781,.T.);
#1642=EDGE_CURVE('',#1123,#1227,#782,.T.);
#1643=EDGE_CURVE('',#1079,#1244,#783,.T.);
#1644=EDGE_CURVE('',#1080,#1243,#784,.T.);
#1645=EDGE_CURVE('',#1081,#1242,#785,.T.);
#1646=EDGE_CURVE('',#1133,#1252,#786,.T.);
#1647=EDGE_CURVE('',#1134,#1251,#787,.T.);
#1648=EDGE_CURVE('',#1127,#1250,#788,.T.);
#1649=ORIENTED_EDGE('',*,*,#1277,.F.);
#1650=ORIENTED_EDGE('',*,*,#1278,.F.);
#1651=ORIENTED_EDGE('',*,*,#1279,.F.);
#1652=ORIENTED_EDGE('',*,*,#1280,.F.);
#1653=ORIENTED_EDGE('',*,*,#1281,.F.);
#1654=ORIENTED_EDGE('',*,*,#1282,.F.);
#1655=ORIENTED_EDGE('',*,*,#1283,.F.);
#1656=ORIENTED_EDGE('',*,*,#1284,.F.);
#1657=ORIENTED_EDGE('',*,*,#1285,.F.);
#1658=ORIENTED_EDGE('',*,*,#1286,.F.);
#1659=ORIENTED_EDGE('',*,*,#1287,.F.);
#1660=ORIENTED_EDGE('',*,*,#1288,.F.);
#1661=ORIENTED_EDGE('',*,*,#1289,.F.);
#1662=ORIENTED_EDGE('',*,*,#1290,.F.);
#1663=ORIENTED_EDGE('',*,*,#1291,.F.);
#1664=ORIENTED_EDGE('',*,*,#1292,.F.);
#1665=ORIENTED_EDGE('',*,*,#1293,.F.);
#1666=ORIENTED_EDGE('',*,*,#1294,.F.);
#1667=ORIENTED_EDGE('',*,*,#1279,.T.);
#1668=ORIENTED_EDGE('',*,*,#1295,.F.);
#1669=ORIENTED_EDGE('',*,*,#1296,.F.);
#1670=ORIENTED_EDGE('',*,*,#1297,.F.);
#1671=ORIENTED_EDGE('',*,*,#1278,.T.);
#1672=ORIENTED_EDGE('',*,*,#1298,.T.);
#1673=ORIENTED_EDGE('',*,*,#1299,.F.);
#1674=ORIENTED_EDGE('',*,*,#1295,.T.);
#1675=ORIENTED_EDGE('',*,*,#1285,.T.);
#1676=ORIENTED_EDGE('',*,*,#1300,.F.);
#1677=ORIENTED_EDGE('',*,*,#1301,.F.);
#1678=ORIENTED_EDGE('',*,*,#1302,.F.);
#1679=ORIENTED_EDGE('',*,*,#1284,.T.);
#1680=ORIENTED_EDGE('',*,*,#1303,.T.);
#1681=ORIENTED_EDGE('',*,*,#1304,.F.);
#1682=ORIENTED_EDGE('',*,*,#1300,.T.);
#1683=ORIENTED_EDGE('',*,*,#1291,.T.);
#1684=ORIENTED_EDGE('',*,*,#1305,.F.);
#1685=ORIENTED_EDGE('',*,*,#1306,.F.);
#1686=ORIENTED_EDGE('',*,*,#1307,.F.);
#1687=ORIENTED_EDGE('',*,*,#1280,.T.);
#1688=ORIENTED_EDGE('',*,*,#1297,.T.);
#1689=ORIENTED_EDGE('',*,*,#1308,.F.);
#1690=ORIENTED_EDGE('',*,*,#1309,.T.);
#1691=ORIENTED_EDGE('',*,*,#1310,.F.);
#1692=ORIENTED_EDGE('',*,*,#1311,.T.);
#1693=ORIENTED_EDGE('',*,*,#1292,.T.);
#1694=ORIENTED_EDGE('',*,*,#1307,.T.);
#1695=ORIENTED_EDGE('',*,*,#1312,.T.);
#1696=ORIENTED_EDGE('',*,*,#1313,.T.);
#1697=ORIENTED_EDGE('',*,*,#1314,.T.);
#1698=ORIENTED_EDGE('',*,*,#1315,.T.);
#1699=ORIENTED_EDGE('',*,*,#1316,.T.);
#1700=ORIENTED_EDGE('',*,*,#1317,.T.);
#1701=ORIENTED_EDGE('',*,*,#1318,.T.);
#1702=ORIENTED_EDGE('',*,*,#1319,.T.);
#1703=ORIENTED_EDGE('',*,*,#1320,.T.);
#1704=ORIENTED_EDGE('',*,*,#1321,.T.);
#1705=ORIENTED_EDGE('',*,*,#1322,.T.);
#1706=ORIENTED_EDGE('',*,*,#1323,.T.);
#1707=ORIENTED_EDGE('',*,*,#1286,.T.);
#1708=ORIENTED_EDGE('',*,*,#1302,.T.);
#1709=ORIENTED_EDGE('',*,*,#1324,.T.);
#1710=ORIENTED_EDGE('',*,*,#1325,.T.);
#1711=ORIENTED_EDGE('',*,*,#1326,.T.);
#1712=ORIENTED_EDGE('',*,*,#1327,.T.);
#1713=ORIENTED_EDGE('',*,*,#1328,.F.);
#1714=ORIENTED_EDGE('',*,*,#1329,.F.);
#1715=ORIENTED_EDGE('',*,*,#1330,.T.);
#1716=ORIENTED_EDGE('',*,*,#1331,.T.);
#1717=ORIENTED_EDGE('',*,*,#1332,.T.);
#1718=ORIENTED_EDGE('',*,*,#1333,.T.);
#1719=ORIENTED_EDGE('',*,*,#1334,.T.);
#1720=ORIENTED_EDGE('',*,*,#1335,.T.);
#1721=ORIENTED_EDGE('',*,*,#1336,.T.);
#1722=ORIENTED_EDGE('',*,*,#1337,.T.);
#1723=ORIENTED_EDGE('',*,*,#1338,.T.);
#1724=ORIENTED_EDGE('',*,*,#1339,.T.);
#1725=ORIENTED_EDGE('',*,*,#1340,.T.);
#1726=ORIENTED_EDGE('',*,*,#1341,.T.);
#1727=ORIENTED_EDGE('',*,*,#1342,.T.);
#1728=ORIENTED_EDGE('',*,*,#1343,.T.);
#1729=ORIENTED_EDGE('',*,*,#1344,.T.);
#1730=ORIENTED_EDGE('',*,*,#1345,.T.);
#1731=ORIENTED_EDGE('',*,*,#1346,.T.);
#1732=ORIENTED_EDGE('',*,*,#1347,.T.);
#1733=ORIENTED_EDGE('',*,*,#1348,.T.);
#1734=ORIENTED_EDGE('',*,*,#1349,.T.);
#1735=ORIENTED_EDGE('',*,*,#1350,.T.);
#1736=ORIENTED_EDGE('',*,*,#1351,.T.);
#1737=ORIENTED_EDGE('',*,*,#1352,.T.);
#1738=ORIENTED_EDGE('',*,*,#1353,.T.);
#1739=ORIENTED_EDGE('',*,*,#1354,.T.);
#1740=ORIENTED_EDGE('',*,*,#1355,.T.);
#1741=ORIENTED_EDGE('',*,*,#1356,.T.);
#1742=ORIENTED_EDGE('',*,*,#1357,.T.);
#1743=ORIENTED_EDGE('',*,*,#1358,.T.);
#1744=ORIENTED_EDGE('',*,*,#1359,.T.);
#1745=ORIENTED_EDGE('',*,*,#1360,.T.);
#1746=ORIENTED_EDGE('',*,*,#1361,.T.);
#1747=ORIENTED_EDGE('',*,*,#1362,.T.);
#1748=ORIENTED_EDGE('',*,*,#1363,.T.);
#1749=ORIENTED_EDGE('',*,*,#1364,.T.);
#1750=ORIENTED_EDGE('',*,*,#1365,.T.);
#1751=ORIENTED_EDGE('',*,*,#1366,.T.);
#1752=ORIENTED_EDGE('',*,*,#1367,.T.);
#1753=ORIENTED_EDGE('',*,*,#1368,.T.);
#1754=ORIENTED_EDGE('',*,*,#1369,.T.);
#1755=ORIENTED_EDGE('',*,*,#1370,.T.);
#1756=ORIENTED_EDGE('',*,*,#1371,.T.);
#1757=ORIENTED_EDGE('',*,*,#1372,.T.);
#1758=ORIENTED_EDGE('',*,*,#1373,.T.);
#1759=ORIENTED_EDGE('',*,*,#1374,.T.);
#1760=ORIENTED_EDGE('',*,*,#1375,.T.);
#1761=ORIENTED_EDGE('',*,*,#1376,.T.);
#1762=ORIENTED_EDGE('',*,*,#1377,.T.);
#1763=ORIENTED_EDGE('',*,*,#1378,.F.);
#1764=ORIENTED_EDGE('',*,*,#1290,.T.);
#1765=ORIENTED_EDGE('',*,*,#1379,.T.);
#1766=ORIENTED_EDGE('',*,*,#1380,.F.);
#1767=ORIENTED_EDGE('',*,*,#1305,.T.);
#1768=ORIENTED_EDGE('',*,*,#1277,.T.);
#1769=ORIENTED_EDGE('',*,*,#1381,.F.);
#1770=ORIENTED_EDGE('',*,*,#1382,.F.);
#1771=ORIENTED_EDGE('',*,*,#1383,.F.);
#1772=ORIENTED_EDGE('',*,*,#1384,.F.);
#1773=ORIENTED_EDGE('',*,*,#1303,.F.);
#1774=ORIENTED_EDGE('',*,*,#1283,.T.);
#1775=ORIENTED_EDGE('',*,*,#1385,.F.);
#1776=ORIENTED_EDGE('',*,*,#1386,.F.);
#1777=ORIENTED_EDGE('',*,*,#1387,.F.);
#1778=ORIENTED_EDGE('',*,*,#1388,.F.);
#1779=ORIENTED_EDGE('',*,*,#1389,.F.);
#1780=ORIENTED_EDGE('',*,*,#1390,.F.);
#1781=ORIENTED_EDGE('',*,*,#1391,.F.);
#1782=ORIENTED_EDGE('',*,*,#1392,.F.);
#1783=ORIENTED_EDGE('',*,*,#1393,.F.);
#1784=ORIENTED_EDGE('',*,*,#1394,.F.);
#1785=ORIENTED_EDGE('',*,*,#1395,.F.);
#1786=ORIENTED_EDGE('',*,*,#1396,.F.);
#1787=ORIENTED_EDGE('',*,*,#1379,.F.);
#1788=ORIENTED_EDGE('',*,*,#1289,.T.);
#1789=ORIENTED_EDGE('',*,*,#1397,.F.);
#1790=ORIENTED_EDGE('',*,*,#1398,.F.);
#1791=ORIENTED_EDGE('',*,*,#1399,.F.);
#1792=ORIENTED_EDGE('',*,*,#1400,.F.);
#1793=ORIENTED_EDGE('',*,*,#1401,.F.);
#1794=ORIENTED_EDGE('',*,*,#1298,.F.);
#1795=ORIENTED_EDGE('',*,*,#1402,.F.);
#1796=ORIENTED_EDGE('',*,*,#1403,.F.);
#1797=ORIENTED_EDGE('',*,*,#1404,.F.);
#1798=ORIENTED_EDGE('',*,*,#1405,.F.);
#1799=ORIENTED_EDGE('',*,*,#1406,.F.);
#1800=ORIENTED_EDGE('',*,*,#1407,.F.);
#1801=ORIENTED_EDGE('',*,*,#1408,.F.);
#1802=ORIENTED_EDGE('',*,*,#1409,.F.);
#1803=ORIENTED_EDGE('',*,*,#1410,.F.);
#1804=ORIENTED_EDGE('',*,*,#1411,.F.);
#1805=ORIENTED_EDGE('',*,*,#1412,.F.);
#1806=ORIENTED_EDGE('',*,*,#1413,.F.);
#1807=ORIENTED_EDGE('',*,*,#1414,.F.);
#1808=ORIENTED_EDGE('',*,*,#1415,.F.);
#1809=ORIENTED_EDGE('',*,*,#1416,.F.);
#1810=ORIENTED_EDGE('',*,*,#1417,.F.);
#1811=ORIENTED_EDGE('',*,*,#1418,.T.);
#1812=ORIENTED_EDGE('',*,*,#1419,.F.);
#1813=ORIENTED_EDGE('',*,*,#1420,.F.);
#1814=ORIENTED_EDGE('',*,*,#1421,.F.);
#1815=ORIENTED_EDGE('',*,*,#1422,.F.);
#1816=ORIENTED_EDGE('',*,*,#1423,.F.);
#1817=ORIENTED_EDGE('',*,*,#1424,.F.);
#1818=ORIENTED_EDGE('',*,*,#1425,.F.);
#1819=ORIENTED_EDGE('',*,*,#1426,.F.);
#1820=ORIENTED_EDGE('',*,*,#1427,.F.);
#1821=ORIENTED_EDGE('',*,*,#1428,.F.);
#1822=ORIENTED_EDGE('',*,*,#1429,.F.);
#1823=ORIENTED_EDGE('',*,*,#1430,.F.);
#1824=ORIENTED_EDGE('',*,*,#1431,.F.);
#1825=ORIENTED_EDGE('',*,*,#1432,.F.);
#1826=ORIENTED_EDGE('',*,*,#1433,.F.);
#1827=ORIENTED_EDGE('',*,*,#1434,.F.);
#1828=ORIENTED_EDGE('',*,*,#1435,.F.);
#1829=ORIENTED_EDGE('',*,*,#1436,.F.);
#1830=ORIENTED_EDGE('',*,*,#1437,.F.);
#1831=ORIENTED_EDGE('',*,*,#1438,.F.);
#1832=ORIENTED_EDGE('',*,*,#1439,.F.);
#1833=ORIENTED_EDGE('',*,*,#1440,.F.);
#1834=ORIENTED_EDGE('',*,*,#1441,.F.);
#1835=ORIENTED_EDGE('',*,*,#1442,.F.);
#1836=ORIENTED_EDGE('',*,*,#1328,.T.);
#1837=ORIENTED_EDGE('',*,*,#1443,.T.);
#1838=ORIENTED_EDGE('',*,*,#1444,.T.);
#1839=ORIENTED_EDGE('',*,*,#1443,.F.);
#1840=ORIENTED_EDGE('',*,*,#1444,.F.);
#1841=ORIENTED_EDGE('',*,*,#1445,.T.);
#1842=ORIENTED_EDGE('',*,*,#1446,.T.);
#1843=ORIENTED_EDGE('',*,*,#1445,.F.);
#1844=ORIENTED_EDGE('',*,*,#1329,.T.);
#1845=ORIENTED_EDGE('',*,*,#1447,.T.);
#1846=ORIENTED_EDGE('',*,*,#1448,.T.);
#1847=ORIENTED_EDGE('',*,*,#1447,.F.);
#1848=ORIENTED_EDGE('',*,*,#1448,.F.);
#1849=ORIENTED_EDGE('',*,*,#1449,.T.);
#1850=ORIENTED_EDGE('',*,*,#1450,.T.);
#1851=ORIENTED_EDGE('',*,*,#1449,.F.);
#1852=ORIENTED_EDGE('',*,*,#1378,.T.);
#1853=ORIENTED_EDGE('',*,*,#1451,.T.);
#1854=ORIENTED_EDGE('',*,*,#1452,.T.);
#1855=ORIENTED_EDGE('',*,*,#1451,.F.);
#1856=ORIENTED_EDGE('',*,*,#1452,.F.);
#1857=ORIENTED_EDGE('',*,*,#1453,.T.);
#1858=ORIENTED_EDGE('',*,*,#1454,.T.);
#1859=ORIENTED_EDGE('',*,*,#1453,.F.);
#1860=ORIENTED_EDGE('',*,*,#1446,.F.);
#1861=ORIENTED_EDGE('',*,*,#1454,.F.);
#1862=ORIENTED_EDGE('',*,*,#1450,.F.);
#1863=ORIENTED_EDGE('',*,*,#1455,.T.);
#1864=ORIENTED_EDGE('',*,*,#1402,.T.);
#1865=ORIENTED_EDGE('',*,*,#1456,.T.);
#1866=ORIENTED_EDGE('',*,*,#1457,.T.);
#1867=ORIENTED_EDGE('',*,*,#1458,.T.);
#1868=ORIENTED_EDGE('',*,*,#1403,.T.);
#1869=ORIENTED_EDGE('',*,*,#1455,.F.);
#1870=ORIENTED_EDGE('',*,*,#1459,.T.);
#1871=ORIENTED_EDGE('',*,*,#1460,.T.);
#1872=ORIENTED_EDGE('',*,*,#1404,.T.);
#1873=ORIENTED_EDGE('',*,*,#1458,.F.);
#1874=ORIENTED_EDGE('',*,*,#1461,.T.);
#1875=ORIENTED_EDGE('',*,*,#1462,.T.);
#1876=ORIENTED_EDGE('',*,*,#1405,.T.);
#1877=ORIENTED_EDGE('',*,*,#1460,.F.);
#1878=ORIENTED_EDGE('',*,*,#1463,.T.);
#1879=ORIENTED_EDGE('',*,*,#1464,.T.);
#1880=ORIENTED_EDGE('',*,*,#1406,.T.);
#1881=ORIENTED_EDGE('',*,*,#1462,.F.);
#1882=ORIENTED_EDGE('',*,*,#1465,.T.);
#1883=ORIENTED_EDGE('',*,*,#1466,.T.);
#1884=ORIENTED_EDGE('',*,*,#1407,.T.);
#1885=ORIENTED_EDGE('',*,*,#1464,.F.);
#1886=ORIENTED_EDGE('',*,*,#1467,.T.);
#1887=ORIENTED_EDGE('',*,*,#1468,.T.);
#1888=ORIENTED_EDGE('',*,*,#1408,.T.);
#1889=ORIENTED_EDGE('',*,*,#1466,.F.);
#1890=ORIENTED_EDGE('',*,*,#1469,.T.);
#1891=ORIENTED_EDGE('',*,*,#1456,.F.);
#1892=ORIENTED_EDGE('',*,*,#1409,.T.);
#1893=ORIENTED_EDGE('',*,*,#1468,.F.);
#1894=ORIENTED_EDGE('',*,*,#1470,.T.);
#1895=ORIENTED_EDGE('',*,*,#1463,.F.);
#1896=ORIENTED_EDGE('',*,*,#1471,.F.);
#1897=ORIENTED_EDGE('',*,*,#1331,.F.);
#1898=ORIENTED_EDGE('',*,*,#1472,.T.);
#1899=ORIENTED_EDGE('',*,*,#1461,.F.);
#1900=ORIENTED_EDGE('',*,*,#1473,.F.);
#1901=ORIENTED_EDGE('',*,*,#1332,.F.);
#1902=ORIENTED_EDGE('',*,*,#1471,.T.);
#1903=ORIENTED_EDGE('',*,*,#1459,.F.);
#1904=ORIENTED_EDGE('',*,*,#1474,.F.);
#1905=ORIENTED_EDGE('',*,*,#1333,.F.);
#1906=ORIENTED_EDGE('',*,*,#1473,.T.);
#1907=ORIENTED_EDGE('',*,*,#1457,.F.);
#1908=ORIENTED_EDGE('',*,*,#1475,.F.);
#1909=ORIENTED_EDGE('',*,*,#1334,.F.);
#1910=ORIENTED_EDGE('',*,*,#1474,.T.);
#1911=ORIENTED_EDGE('',*,*,#1476,.T.);
#1912=ORIENTED_EDGE('',*,*,#1427,.T.);
#1913=ORIENTED_EDGE('',*,*,#1477,.T.);
#1914=ORIENTED_EDGE('',*,*,#1478,.T.);
#1915=ORIENTED_EDGE('',*,*,#1479,.T.);
#1916=ORIENTED_EDGE('',*,*,#1428,.T.);
#1917=ORIENTED_EDGE('',*,*,#1476,.F.);
#1918=ORIENTED_EDGE('',*,*,#1480,.T.);
#1919=ORIENTED_EDGE('',*,*,#1481,.T.);
#1920=ORIENTED_EDGE('',*,*,#1429,.T.);
#1921=ORIENTED_EDGE('',*,*,#1479,.F.);
#1922=ORIENTED_EDGE('',*,*,#1482,.T.);
#1923=ORIENTED_EDGE('',*,*,#1483,.T.);
#1924=ORIENTED_EDGE('',*,*,#1430,.T.);
#1925=ORIENTED_EDGE('',*,*,#1481,.F.);
#1926=ORIENTED_EDGE('',*,*,#1484,.T.);
#1927=ORIENTED_EDGE('',*,*,#1485,.T.);
#1928=ORIENTED_EDGE('',*,*,#1431,.T.);
#1929=ORIENTED_EDGE('',*,*,#1483,.F.);
#1930=ORIENTED_EDGE('',*,*,#1486,.T.);
#1931=ORIENTED_EDGE('',*,*,#1487,.T.);
#1932=ORIENTED_EDGE('',*,*,#1432,.T.);
#1933=ORIENTED_EDGE('',*,*,#1485,.F.);
#1934=ORIENTED_EDGE('',*,*,#1488,.T.);
#1935=ORIENTED_EDGE('',*,*,#1489,.T.);
#1936=ORIENTED_EDGE('',*,*,#1433,.T.);
#1937=ORIENTED_EDGE('',*,*,#1487,.F.);
#1938=ORIENTED_EDGE('',*,*,#1490,.T.);
#1939=ORIENTED_EDGE('',*,*,#1491,.T.);
#1940=ORIENTED_EDGE('',*,*,#1434,.T.);
#1941=ORIENTED_EDGE('',*,*,#1489,.F.);
#1942=ORIENTED_EDGE('',*,*,#1492,.T.);
#1943=ORIENTED_EDGE('',*,*,#1493,.T.);
#1944=ORIENTED_EDGE('',*,*,#1435,.T.);
#1945=ORIENTED_EDGE('',*,*,#1491,.F.);
#1946=ORIENTED_EDGE('',*,*,#1494,.T.);
#1947=ORIENTED_EDGE('',*,*,#1495,.T.);
#1948=ORIENTED_EDGE('',*,*,#1436,.T.);
#1949=ORIENTED_EDGE('',*,*,#1493,.F.);
#1950=ORIENTED_EDGE('',*,*,#1496,.T.);
#1951=ORIENTED_EDGE('',*,*,#1497,.T.);
#1952=ORIENTED_EDGE('',*,*,#1437,.T.);
#1953=ORIENTED_EDGE('',*,*,#1495,.F.);
#1954=ORIENTED_EDGE('',*,*,#1498,.T.);
#1955=ORIENTED_EDGE('',*,*,#1499,.T.);
#1956=ORIENTED_EDGE('',*,*,#1438,.T.);
#1957=ORIENTED_EDGE('',*,*,#1497,.F.);
#1958=ORIENTED_EDGE('',*,*,#1500,.T.);
#1959=ORIENTED_EDGE('',*,*,#1501,.T.);
#1960=ORIENTED_EDGE('',*,*,#1439,.T.);
#1961=ORIENTED_EDGE('',*,*,#1499,.F.);
#1962=ORIENTED_EDGE('',*,*,#1502,.T.);
#1963=ORIENTED_EDGE('',*,*,#1503,.T.);
#1964=ORIENTED_EDGE('',*,*,#1440,.T.);
#1965=ORIENTED_EDGE('',*,*,#1501,.F.);
#1966=ORIENTED_EDGE('',*,*,#1504,.T.);
#1967=ORIENTED_EDGE('',*,*,#1505,.T.);
#1968=ORIENTED_EDGE('',*,*,#1441,.T.);
#1969=ORIENTED_EDGE('',*,*,#1503,.F.);
#1970=ORIENTED_EDGE('',*,*,#1506,.T.);
#1971=ORIENTED_EDGE('',*,*,#1477,.F.);
#1972=ORIENTED_EDGE('',*,*,#1442,.T.);
#1973=ORIENTED_EDGE('',*,*,#1505,.F.);
#1974=ORIENTED_EDGE('',*,*,#1507,.T.);
#1975=ORIENTED_EDGE('',*,*,#1492,.F.);
#1976=ORIENTED_EDGE('',*,*,#1508,.F.);
#1977=ORIENTED_EDGE('',*,*,#1359,.F.);
#1978=ORIENTED_EDGE('',*,*,#1509,.T.);
#1979=ORIENTED_EDGE('',*,*,#1490,.F.);
#1980=ORIENTED_EDGE('',*,*,#1510,.F.);
#1981=ORIENTED_EDGE('',*,*,#1360,.F.);
#1982=ORIENTED_EDGE('',*,*,#1508,.T.);
#1983=ORIENTED_EDGE('',*,*,#1488,.F.);
#1984=ORIENTED_EDGE('',*,*,#1511,.F.);
#1985=ORIENTED_EDGE('',*,*,#1361,.F.);
#1986=ORIENTED_EDGE('',*,*,#1510,.T.);
#1987=ORIENTED_EDGE('',*,*,#1486,.F.);
#1988=ORIENTED_EDGE('',*,*,#1512,.F.);
#1989=ORIENTED_EDGE('',*,*,#1346,.F.);
#1990=ORIENTED_EDGE('',*,*,#1511,.T.);
#1991=ORIENTED_EDGE('',*,*,#1484,.F.);
#1992=ORIENTED_EDGE('',*,*,#1513,.F.);
#1993=ORIENTED_EDGE('',*,*,#1347,.F.);
#1994=ORIENTED_EDGE('',*,*,#1512,.T.);
#1995=ORIENTED_EDGE('',*,*,#1482,.F.);
#1996=ORIENTED_EDGE('',*,*,#1514,.F.);
#1997=ORIENTED_EDGE('',*,*,#1348,.F.);
#1998=ORIENTED_EDGE('',*,*,#1513,.T.);
#1999=ORIENTED_EDGE('',*,*,#1480,.F.);
#2000=ORIENTED_EDGE('',*,*,#1515,.F.);
#2001=ORIENTED_EDGE('',*,*,#1349,.F.);
#2002=ORIENTED_EDGE('',*,*,#1514,.T.);
#2003=ORIENTED_EDGE('',*,*,#1478,.F.);
#2004=ORIENTED_EDGE('',*,*,#1516,.F.);
#2005=ORIENTED_EDGE('',*,*,#1350,.F.);
#2006=ORIENTED_EDGE('',*,*,#1515,.T.);
#2007=ORIENTED_EDGE('',*,*,#1288,.T.);
#2008=ORIENTED_EDGE('',*,*,#1517,.T.);
#2009=ORIENTED_EDGE('',*,*,#1518,.T.);
#2010=ORIENTED_EDGE('',*,*,#1385,.T.);
#2011=ORIENTED_EDGE('',*,*,#1519,.T.);
#2012=ORIENTED_EDGE('',*,*,#1386,.T.);
#2013=ORIENTED_EDGE('',*,*,#1518,.F.);
#2014=ORIENTED_EDGE('',*,*,#1520,.T.);
#2015=ORIENTED_EDGE('',*,*,#1521,.T.);
#2016=ORIENTED_EDGE('',*,*,#1387,.T.);
#2017=ORIENTED_EDGE('',*,*,#1519,.F.);
#2018=ORIENTED_EDGE('',*,*,#1522,.T.);
#2019=ORIENTED_EDGE('',*,*,#1523,.T.);
#2020=ORIENTED_EDGE('',*,*,#1388,.T.);
#2021=ORIENTED_EDGE('',*,*,#1521,.F.);
#2022=ORIENTED_EDGE('',*,*,#1524,.T.);
#2023=ORIENTED_EDGE('',*,*,#1525,.T.);
#2024=ORIENTED_EDGE('',*,*,#1389,.T.);
#2025=ORIENTED_EDGE('',*,*,#1523,.F.);
#2026=ORIENTED_EDGE('',*,*,#1526,.T.);
#2027=ORIENTED_EDGE('',*,*,#1527,.T.);
#2028=ORIENTED_EDGE('',*,*,#1390,.T.);
#2029=ORIENTED_EDGE('',*,*,#1525,.F.);
#2030=ORIENTED_EDGE('',*,*,#1528,.T.);
#2031=ORIENTED_EDGE('',*,*,#1529,.T.);
#2032=ORIENTED_EDGE('',*,*,#1391,.T.);
#2033=ORIENTED_EDGE('',*,*,#1527,.F.);
#2034=ORIENTED_EDGE('',*,*,#1530,.T.);
#2035=ORIENTED_EDGE('',*,*,#1531,.T.);
#2036=ORIENTED_EDGE('',*,*,#1392,.T.);
#2037=ORIENTED_EDGE('',*,*,#1529,.F.);
#2038=ORIENTED_EDGE('',*,*,#1532,.T.);
#2039=ORIENTED_EDGE('',*,*,#1533,.T.);
#2040=ORIENTED_EDGE('',*,*,#1393,.T.);
#2041=ORIENTED_EDGE('',*,*,#1531,.F.);
#2042=ORIENTED_EDGE('',*,*,#1534,.T.);
#2043=ORIENTED_EDGE('',*,*,#1535,.T.);
#2044=ORIENTED_EDGE('',*,*,#1394,.T.);
#2045=ORIENTED_EDGE('',*,*,#1533,.F.);
#2046=ORIENTED_EDGE('',*,*,#1536,.T.);
#2047=ORIENTED_EDGE('',*,*,#1537,.T.);
#2048=ORIENTED_EDGE('',*,*,#1395,.T.);
#2049=ORIENTED_EDGE('',*,*,#1535,.F.);
#2050=ORIENTED_EDGE('',*,*,#1538,.T.);
#2051=ORIENTED_EDGE('',*,*,#1380,.T.);
#2052=ORIENTED_EDGE('',*,*,#1396,.T.);
#2053=ORIENTED_EDGE('',*,*,#1537,.F.);
#2054=ORIENTED_EDGE('',*,*,#1539,.T.);
#2055=ORIENTED_EDGE('',*,*,#1532,.F.);
#2056=ORIENTED_EDGE('',*,*,#1540,.F.);
#2057=ORIENTED_EDGE('',*,*,#1316,.F.);
#2058=ORIENTED_EDGE('',*,*,#1541,.T.);
#2059=ORIENTED_EDGE('',*,*,#1530,.F.);
#2060=ORIENTED_EDGE('',*,*,#1542,.F.);
#2061=ORIENTED_EDGE('',*,*,#1317,.F.);
#2062=ORIENTED_EDGE('',*,*,#1540,.T.);
#2063=ORIENTED_EDGE('',*,*,#1528,.F.);
#2064=ORIENTED_EDGE('',*,*,#1543,.F.);
#2065=ORIENTED_EDGE('',*,*,#1318,.F.);
#2066=ORIENTED_EDGE('',*,*,#1542,.T.);
#2067=ORIENTED_EDGE('',*,*,#1526,.F.);
#2068=ORIENTED_EDGE('',*,*,#1544,.F.);
#2069=ORIENTED_EDGE('',*,*,#1319,.F.);
#2070=ORIENTED_EDGE('',*,*,#1543,.T.);
#2071=ORIENTED_EDGE('',*,*,#1524,.F.);
#2072=ORIENTED_EDGE('',*,*,#1545,.F.);
#2073=ORIENTED_EDGE('',*,*,#1320,.F.);
#2074=ORIENTED_EDGE('',*,*,#1544,.T.);
#2075=ORIENTED_EDGE('',*,*,#1522,.F.);
#2076=ORIENTED_EDGE('',*,*,#1546,.F.);
#2077=ORIENTED_EDGE('',*,*,#1321,.F.);
#2078=ORIENTED_EDGE('',*,*,#1545,.T.);
#2079=ORIENTED_EDGE('',*,*,#1520,.F.);
#2080=ORIENTED_EDGE('',*,*,#1547,.F.);
#2081=ORIENTED_EDGE('',*,*,#1322,.F.);
#2082=ORIENTED_EDGE('',*,*,#1546,.T.);
#2083=ORIENTED_EDGE('',*,*,#1287,.T.);
#2084=ORIENTED_EDGE('',*,*,#1323,.F.);
#2085=ORIENTED_EDGE('',*,*,#1547,.T.);
#2086=ORIENTED_EDGE('',*,*,#1517,.F.);
#2087=ORIENTED_EDGE('',*,*,#1548,.T.);
#2088=ORIENTED_EDGE('',*,*,#1419,.T.);
#2089=ORIENTED_EDGE('',*,*,#1549,.T.);
#2090=ORIENTED_EDGE('',*,*,#1550,.T.);
#2091=ORIENTED_EDGE('',*,*,#1551,.T.);
#2092=ORIENTED_EDGE('',*,*,#1420,.T.);
#2093=ORIENTED_EDGE('',*,*,#1548,.F.);
#2094=ORIENTED_EDGE('',*,*,#1552,.T.);
#2095=ORIENTED_EDGE('',*,*,#1553,.T.);
#2096=ORIENTED_EDGE('',*,*,#1421,.T.);
#2097=ORIENTED_EDGE('',*,*,#1551,.F.);
#2098=ORIENTED_EDGE('',*,*,#1554,.T.);
#2099=ORIENTED_EDGE('',*,*,#1555,.T.);
#2100=ORIENTED_EDGE('',*,*,#1422,.T.);
#2101=ORIENTED_EDGE('',*,*,#1553,.F.);
#2102=ORIENTED_EDGE('',*,*,#1556,.T.);
#2103=ORIENTED_EDGE('',*,*,#1557,.T.);
#2104=ORIENTED_EDGE('',*,*,#1423,.T.);
#2105=ORIENTED_EDGE('',*,*,#1555,.F.);
#2106=ORIENTED_EDGE('',*,*,#1558,.T.);
#2107=ORIENTED_EDGE('',*,*,#1559,.T.);
#2108=ORIENTED_EDGE('',*,*,#1424,.T.);
#2109=ORIENTED_EDGE('',*,*,#1557,.F.);
#2110=ORIENTED_EDGE('',*,*,#1560,.T.);
#2111=ORIENTED_EDGE('',*,*,#1561,.T.);
#2112=ORIENTED_EDGE('',*,*,#1425,.T.);
#2113=ORIENTED_EDGE('',*,*,#1559,.F.);
#2114=ORIENTED_EDGE('',*,*,#1562,.T.);
#2115=ORIENTED_EDGE('',*,*,#1549,.F.);
#2116=ORIENTED_EDGE('',*,*,#1426,.T.);
#2117=ORIENTED_EDGE('',*,*,#1561,.F.);
#2118=ORIENTED_EDGE('',*,*,#1563,.T.);
#2119=ORIENTED_EDGE('',*,*,#1556,.F.);
#2120=ORIENTED_EDGE('',*,*,#1564,.F.);
#2121=ORIENTED_EDGE('',*,*,#1363,.F.);
#2122=ORIENTED_EDGE('',*,*,#1565,.T.);
#2123=ORIENTED_EDGE('',*,*,#1554,.F.);
#2124=ORIENTED_EDGE('',*,*,#1566,.F.);
#2125=ORIENTED_EDGE('',*,*,#1364,.F.);
#2126=ORIENTED_EDGE('',*,*,#1564,.T.);
#2127=ORIENTED_EDGE('',*,*,#1552,.F.);
#2128=ORIENTED_EDGE('',*,*,#1567,.F.);
#2129=ORIENTED_EDGE('',*,*,#1365,.F.);
#2130=ORIENTED_EDGE('',*,*,#1566,.T.);
#2131=ORIENTED_EDGE('',*,*,#1550,.F.);
#2132=ORIENTED_EDGE('',*,*,#1568,.F.);
#2133=ORIENTED_EDGE('',*,*,#1366,.F.);
#2134=ORIENTED_EDGE('',*,*,#1567,.T.);
#2135=ORIENTED_EDGE('',*,*,#1569,.T.);
#2136=ORIENTED_EDGE('',*,*,#1410,.T.);
#2137=ORIENTED_EDGE('',*,*,#1570,.T.);
#2138=ORIENTED_EDGE('',*,*,#1571,.T.);
#2139=ORIENTED_EDGE('',*,*,#1572,.T.);
#2140=ORIENTED_EDGE('',*,*,#1411,.T.);
#2141=ORIENTED_EDGE('',*,*,#1569,.F.);
#2142=ORIENTED_EDGE('',*,*,#1573,.T.);
#2143=ORIENTED_EDGE('',*,*,#1574,.T.);
#2144=ORIENTED_EDGE('',*,*,#1412,.T.);
#2145=ORIENTED_EDGE('',*,*,#1572,.F.);
#2146=ORIENTED_EDGE('',*,*,#1575,.T.);
#2147=ORIENTED_EDGE('',*,*,#1576,.T.);
#2148=ORIENTED_EDGE('',*,*,#1413,.T.);
#2149=ORIENTED_EDGE('',*,*,#1574,.F.);
#2150=ORIENTED_EDGE('',*,*,#1577,.T.);
#2151=ORIENTED_EDGE('',*,*,#1578,.T.);
#2152=ORIENTED_EDGE('',*,*,#1414,.T.);
#2153=ORIENTED_EDGE('',*,*,#1576,.F.);
#2154=ORIENTED_EDGE('',*,*,#1579,.T.);
#2155=ORIENTED_EDGE('',*,*,#1580,.T.);
#2156=ORIENTED_EDGE('',*,*,#1415,.T.);
#2157=ORIENTED_EDGE('',*,*,#1578,.F.);
#2158=ORIENTED_EDGE('',*,*,#1581,.T.);
#2159=ORIENTED_EDGE('',*,*,#1582,.T.);
#2160=ORIENTED_EDGE('',*,*,#1416,.T.);
#2161=ORIENTED_EDGE('',*,*,#1580,.F.);
#2162=ORIENTED_EDGE('',*,*,#1583,.T.);
#2163=ORIENTED_EDGE('',*,*,#1570,.F.);
#2164=ORIENTED_EDGE('',*,*,#1417,.T.);
#2165=ORIENTED_EDGE('',*,*,#1582,.F.);
#2166=ORIENTED_EDGE('',*,*,#1584,.T.);
#2167=ORIENTED_EDGE('',*,*,#1577,.F.);
#2168=ORIENTED_EDGE('',*,*,#1585,.F.);
#2169=ORIENTED_EDGE('',*,*,#1343,.F.);
#2170=ORIENTED_EDGE('',*,*,#1586,.T.);
#2171=ORIENTED_EDGE('',*,*,#1575,.F.);
#2172=ORIENTED_EDGE('',*,*,#1587,.F.);
#2173=ORIENTED_EDGE('',*,*,#1344,.F.);
#2174=ORIENTED_EDGE('',*,*,#1585,.T.);
#2175=ORIENTED_EDGE('',*,*,#1573,.F.);
#2176=ORIENTED_EDGE('',*,*,#1588,.F.);
#2177=ORIENTED_EDGE('',*,*,#1345,.F.);
#2178=ORIENTED_EDGE('',*,*,#1587,.T.);
#2179=ORIENTED_EDGE('',*,*,#1571,.F.);
#2180=ORIENTED_EDGE('',*,*,#1589,.F.);
#2181=ORIENTED_EDGE('',*,*,#1338,.F.);
#2182=ORIENTED_EDGE('',*,*,#1588,.T.);
#2183=ORIENTED_EDGE('',*,*,#1282,.T.);
#2184=ORIENTED_EDGE('',*,*,#1590,.T.);
#2185=ORIENTED_EDGE('',*,*,#1591,.T.);
#2186=ORIENTED_EDGE('',*,*,#1381,.T.);
#2187=ORIENTED_EDGE('',*,*,#1592,.T.);
#2188=ORIENTED_EDGE('',*,*,#1382,.T.);
#2189=ORIENTED_EDGE('',*,*,#1591,.F.);
#2190=ORIENTED_EDGE('',*,*,#1593,.T.);
#2191=ORIENTED_EDGE('',*,*,#1594,.T.);
#2192=ORIENTED_EDGE('',*,*,#1383,.T.);
#2193=ORIENTED_EDGE('',*,*,#1592,.F.);
#2194=ORIENTED_EDGE('',*,*,#1595,.T.);
#2195=ORIENTED_EDGE('',*,*,#1304,.T.);
#2196=ORIENTED_EDGE('',*,*,#1384,.T.);
#2197=ORIENTED_EDGE('',*,*,#1594,.F.);
#2198=ORIENTED_EDGE('',*,*,#1596,.T.);
#2199=ORIENTED_EDGE('',*,*,#1596,.F.);
#2200=ORIENTED_EDGE('',*,*,#1597,.F.);
#2201=ORIENTED_EDGE('',*,*,#1324,.F.);
#2202=ORIENTED_EDGE('',*,*,#1301,.T.);
#2203=ORIENTED_EDGE('',*,*,#1595,.F.);
#2204=ORIENTED_EDGE('',*,*,#1598,.F.);
#2205=ORIENTED_EDGE('',*,*,#1325,.F.);
#2206=ORIENTED_EDGE('',*,*,#1597,.T.);
#2207=ORIENTED_EDGE('',*,*,#1593,.F.);
#2208=ORIENTED_EDGE('',*,*,#1599,.F.);
#2209=ORIENTED_EDGE('',*,*,#1326,.F.);
#2210=ORIENTED_EDGE('',*,*,#1598,.T.);
#2211=ORIENTED_EDGE('',*,*,#1281,.T.);
#2212=ORIENTED_EDGE('',*,*,#1327,.F.);
#2213=ORIENTED_EDGE('',*,*,#1599,.T.);
#2214=ORIENTED_EDGE('',*,*,#1590,.F.);
#2215=ORIENTED_EDGE('',*,*,#1294,.T.);
#2216=ORIENTED_EDGE('',*,*,#1600,.T.);
#2217=ORIENTED_EDGE('',*,*,#1601,.T.);
#2218=ORIENTED_EDGE('',*,*,#1397,.T.);
#2219=ORIENTED_EDGE('',*,*,#1602,.T.);
#2220=ORIENTED_EDGE('',*,*,#1398,.T.);
#2221=ORIENTED_EDGE('',*,*,#1601,.F.);
#2222=ORIENTED_EDGE('',*,*,#1603,.T.);
#2223=ORIENTED_EDGE('',*,*,#1604,.T.);
#2224=ORIENTED_EDGE('',*,*,#1400,.T.);
#2225=ORIENTED_EDGE('',*,*,#1605,.T.);
#2226=ORIENTED_EDGE('',*,*,#1606,.T.);
#2227=ORIENTED_EDGE('',*,*,#1604,.F.);
#2228=ORIENTED_EDGE('',*,*,#1607,.T.);
#2229=ORIENTED_EDGE('',*,*,#1299,.T.);
#2230=ORIENTED_EDGE('',*,*,#1401,.T.);
#2231=ORIENTED_EDGE('',*,*,#1605,.F.);
#2232=ORIENTED_EDGE('',*,*,#1399,.T.);
#2233=ORIENTED_EDGE('',*,*,#1602,.F.);
#2234=ORIENTED_EDGE('',*,*,#1608,.T.);
#2235=ORIENTED_EDGE('',*,*,#1607,.F.);
#2236=ORIENTED_EDGE('',*,*,#1609,.T.);
#2237=ORIENTED_EDGE('',*,*,#1308,.T.);
#2238=ORIENTED_EDGE('',*,*,#1296,.T.);
#2239=ORIENTED_EDGE('',*,*,#1293,.T.);
#2240=ORIENTED_EDGE('',*,*,#1311,.F.);
#2241=ORIENTED_EDGE('',*,*,#1610,.F.);
#2242=ORIENTED_EDGE('',*,*,#1600,.F.);
#2243=ORIENTED_EDGE('',*,*,#1603,.F.);
#2244=ORIENTED_EDGE('',*,*,#1610,.T.);
#2245=ORIENTED_EDGE('',*,*,#1310,.T.);
#2246=ORIENTED_EDGE('',*,*,#1611,.T.);
#2247=ORIENTED_EDGE('',*,*,#1370,.F.);
#2248=ORIENTED_EDGE('',*,*,#1612,.T.);
#2249=ORIENTED_EDGE('',*,*,#1613,.T.);
#2250=ORIENTED_EDGE('',*,*,#1614,.F.);
#2251=ORIENTED_EDGE('',*,*,#1377,.F.);
#2252=ORIENTED_EDGE('',*,*,#1615,.T.);
#2253=ORIENTED_EDGE('',*,*,#1616,.T.);
#2254=ORIENTED_EDGE('',*,*,#1612,.F.);
#2255=ORIENTED_EDGE('',*,*,#1376,.F.);
#2256=ORIENTED_EDGE('',*,*,#1617,.T.);
#2257=ORIENTED_EDGE('',*,*,#1618,.T.);
#2258=ORIENTED_EDGE('',*,*,#1615,.F.);
#2259=ORIENTED_EDGE('',*,*,#1375,.F.);
#2260=ORIENTED_EDGE('',*,*,#1619,.T.);
#2261=ORIENTED_EDGE('',*,*,#1620,.T.);
#2262=ORIENTED_EDGE('',*,*,#1617,.F.);
#2263=ORIENTED_EDGE('',*,*,#1374,.F.);
#2264=ORIENTED_EDGE('',*,*,#1621,.T.);
#2265=ORIENTED_EDGE('',*,*,#1622,.T.);
#2266=ORIENTED_EDGE('',*,*,#1619,.F.);
#2267=ORIENTED_EDGE('',*,*,#1373,.F.);
#2268=ORIENTED_EDGE('',*,*,#1623,.T.);
#2269=ORIENTED_EDGE('',*,*,#1624,.T.);
#2270=ORIENTED_EDGE('',*,*,#1621,.F.);
#2271=ORIENTED_EDGE('',*,*,#1372,.F.);
#2272=ORIENTED_EDGE('',*,*,#1625,.T.);
#2273=ORIENTED_EDGE('',*,*,#1626,.T.);
#2274=ORIENTED_EDGE('',*,*,#1623,.F.);
#2275=ORIENTED_EDGE('',*,*,#1371,.F.);
#2276=ORIENTED_EDGE('',*,*,#1614,.T.);
#2277=ORIENTED_EDGE('',*,*,#1627,.T.);
#2278=ORIENTED_EDGE('',*,*,#1625,.F.);
#2279=ORIENTED_EDGE('',*,*,#1627,.F.);
#2280=ORIENTED_EDGE('',*,*,#1613,.F.);
#2281=ORIENTED_EDGE('',*,*,#1616,.F.);
#2282=ORIENTED_EDGE('',*,*,#1618,.F.);
#2283=ORIENTED_EDGE('',*,*,#1620,.F.);
#2284=ORIENTED_EDGE('',*,*,#1622,.F.);
#2285=ORIENTED_EDGE('',*,*,#1624,.F.);
#2286=ORIENTED_EDGE('',*,*,#1626,.F.);
#2287=ORIENTED_EDGE('',*,*,#1628,.F.);
#2288=ORIENTED_EDGE('',*,*,#1418,.F.);
#2289=ORIENTED_EDGE('',*,*,#1629,.T.);
#2290=ORIENTED_EDGE('',*,*,#1628,.T.);
#2291=ORIENTED_EDGE('',*,*,#1629,.F.);
#2292=ORIENTED_EDGE('',*,*,#1470,.F.);
#2293=ORIENTED_EDGE('',*,*,#1630,.F.);
#2294=ORIENTED_EDGE('',*,*,#1335,.F.);
#2295=ORIENTED_EDGE('',*,*,#1475,.T.);
#2296=ORIENTED_EDGE('',*,*,#1469,.F.);
#2297=ORIENTED_EDGE('',*,*,#1631,.F.);
#2298=ORIENTED_EDGE('',*,*,#1336,.F.);
#2299=ORIENTED_EDGE('',*,*,#1630,.T.);
#2300=ORIENTED_EDGE('',*,*,#1467,.F.);
#2301=ORIENTED_EDGE('',*,*,#1632,.F.);
#2302=ORIENTED_EDGE('',*,*,#1337,.F.);
#2303=ORIENTED_EDGE('',*,*,#1631,.T.);
#2304=ORIENTED_EDGE('',*,*,#1465,.F.);
#2305=ORIENTED_EDGE('',*,*,#1472,.F.);
#2306=ORIENTED_EDGE('',*,*,#1330,.F.);
#2307=ORIENTED_EDGE('',*,*,#1632,.T.);
#2308=ORIENTED_EDGE('',*,*,#1584,.F.);
#2309=ORIENTED_EDGE('',*,*,#1633,.F.);
#2310=ORIENTED_EDGE('',*,*,#1339,.F.);
#2311=ORIENTED_EDGE('',*,*,#1589,.T.);
#2312=ORIENTED_EDGE('',*,*,#1583,.F.);
#2313=ORIENTED_EDGE('',*,*,#1634,.F.);
#2314=ORIENTED_EDGE('',*,*,#1340,.F.);
#2315=ORIENTED_EDGE('',*,*,#1633,.T.);
#2316=ORIENTED_EDGE('',*,*,#1581,.F.);
#2317=ORIENTED_EDGE('',*,*,#1635,.F.);
#2318=ORIENTED_EDGE('',*,*,#1341,.F.);
#2319=ORIENTED_EDGE('',*,*,#1634,.T.);
#2320=ORIENTED_EDGE('',*,*,#1579,.F.);
#2321=ORIENTED_EDGE('',*,*,#1586,.F.);
#2322=ORIENTED_EDGE('',*,*,#1342,.F.);
#2323=ORIENTED_EDGE('',*,*,#1635,.T.);
#2324=ORIENTED_EDGE('',*,*,#1507,.F.);
#2325=ORIENTED_EDGE('',*,*,#1636,.F.);
#2326=ORIENTED_EDGE('',*,*,#1351,.F.);
#2327=ORIENTED_EDGE('',*,*,#1516,.T.);
#2328=ORIENTED_EDGE('',*,*,#1506,.F.);
#2329=ORIENTED_EDGE('',*,*,#1637,.F.);
#2330=ORIENTED_EDGE('',*,*,#1352,.F.);
#2331=ORIENTED_EDGE('',*,*,#1636,.T.);
#2332=ORIENTED_EDGE('',*,*,#1504,.F.);
#2333=ORIENTED_EDGE('',*,*,#1638,.F.);
#2334=ORIENTED_EDGE('',*,*,#1353,.F.);
#2335=ORIENTED_EDGE('',*,*,#1637,.T.);
#2336=ORIENTED_EDGE('',*,*,#1502,.F.);
#2337=ORIENTED_EDGE('',*,*,#1639,.F.);
#2338=ORIENTED_EDGE('',*,*,#1354,.F.);
#2339=ORIENTED_EDGE('',*,*,#1638,.T.);
#2340=ORIENTED_EDGE('',*,*,#1500,.F.);
#2341=ORIENTED_EDGE('',*,*,#1640,.F.);
#2342=ORIENTED_EDGE('',*,*,#1355,.F.);
#2343=ORIENTED_EDGE('',*,*,#1639,.T.);
#2344=ORIENTED_EDGE('',*,*,#1498,.F.);
#2345=ORIENTED_EDGE('',*,*,#1641,.F.);
#2346=ORIENTED_EDGE('',*,*,#1356,.F.);
#2347=ORIENTED_EDGE('',*,*,#1640,.T.);
#2348=ORIENTED_EDGE('',*,*,#1496,.F.);
#2349=ORIENTED_EDGE('',*,*,#1642,.F.);
#2350=ORIENTED_EDGE('',*,*,#1357,.F.);
#2351=ORIENTED_EDGE('',*,*,#1641,.T.);
#2352=ORIENTED_EDGE('',*,*,#1494,.F.);
#2353=ORIENTED_EDGE('',*,*,#1509,.F.);
#2354=ORIENTED_EDGE('',*,*,#1358,.F.);
#2355=ORIENTED_EDGE('',*,*,#1642,.T.);
#2356=ORIENTED_EDGE('',*,*,#1539,.F.);
#2357=ORIENTED_EDGE('',*,*,#1643,.F.);
#2358=ORIENTED_EDGE('',*,*,#1312,.F.);
#2359=ORIENTED_EDGE('',*,*,#1306,.T.);
#2360=ORIENTED_EDGE('',*,*,#1538,.F.);
#2361=ORIENTED_EDGE('',*,*,#1644,.F.);
#2362=ORIENTED_EDGE('',*,*,#1313,.F.);
#2363=ORIENTED_EDGE('',*,*,#1643,.T.);
#2364=ORIENTED_EDGE('',*,*,#1536,.F.);
#2365=ORIENTED_EDGE('',*,*,#1645,.F.);
#2366=ORIENTED_EDGE('',*,*,#1314,.F.);
#2367=ORIENTED_EDGE('',*,*,#1644,.T.);
#2368=ORIENTED_EDGE('',*,*,#1534,.F.);
#2369=ORIENTED_EDGE('',*,*,#1541,.F.);
#2370=ORIENTED_EDGE('',*,*,#1315,.F.);
#2371=ORIENTED_EDGE('',*,*,#1645,.T.);
#2372=ORIENTED_EDGE('',*,*,#1563,.F.);
#2373=ORIENTED_EDGE('',*,*,#1646,.F.);
#2374=ORIENTED_EDGE('',*,*,#1367,.F.);
#2375=ORIENTED_EDGE('',*,*,#1568,.T.);
#2376=ORIENTED_EDGE('',*,*,#1562,.F.);
#2377=ORIENTED_EDGE('',*,*,#1647,.F.);
#2378=ORIENTED_EDGE('',*,*,#1368,.F.);
#2379=ORIENTED_EDGE('',*,*,#1646,.T.);
#2380=ORIENTED_EDGE('',*,*,#1560,.F.);
#2381=ORIENTED_EDGE('',*,*,#1648,.F.);
#2382=ORIENTED_EDGE('',*,*,#1369,.F.);
#2383=ORIENTED_EDGE('',*,*,#1647,.T.);
#2384=ORIENTED_EDGE('',*,*,#1558,.F.);
#2385=ORIENTED_EDGE('',*,*,#1565,.F.);
#2386=ORIENTED_EDGE('',*,*,#1362,.F.);
#2387=ORIENTED_EDGE('',*,*,#1648,.T.);
#2388=ORIENTED_EDGE('',*,*,#1608,.F.);
#2389=ORIENTED_EDGE('',*,*,#1611,.F.);
#2390=ORIENTED_EDGE('',*,*,#1309,.F.);
#2391=ORIENTED_EDGE('',*,*,#1609,.F.);
#2392=ORIENTED_EDGE('',*,*,#1606,.F.);
#2393=PLANE('',#2637);
#2394=PLANE('',#2638);
#2395=PLANE('',#2639);
#2396=PLANE('',#2640);
#2397=PLANE('',#2641);
#2398=PLANE('',#2642);
#2399=PLANE('',#2643);
#2400=PLANE('',#2644);
#2401=PLANE('',#2645);
#2402=PLANE('',#2683);
#2403=PLANE('',#2684);
#2404=PLANE('',#2727);
#2405=PLANE('',#2728);
#2406=PLANE('',#2729);
#2407=PLANE('',#2730);
#2408=PLANE('',#2733);
#2409=PLANE('',#2736);
#2410=PLANE('',#2739);
#2411=PLANE('',#2743);
#2412=PLANE('',#2745);
#2413=PLANE('',#2746);
#2414=PLANE('',#2749);
#2415=PLANE('',#2752);
#2416=PLANE('',#2755);
#2417=PLANE('',#2758);
#2418=PLANE('',#2761);
#2419=PLANE('',#2764);
#2420=PLANE('',#2767);
#2421=PLANE('',#2771);
#2422=PLANE('',#2773);
#2423=PLANE('',#2775);
#2424=PLANE('',#2777);
#2425=PLANE('',#2778);
#2426=PLANE('',#2781);
#2427=PLANE('',#2784);
#2428=PLANE('',#2787);
#2429=PLANE('',#2790);
#2430=PLANE('',#2793);
#2431=PLANE('',#2797);
#2432=PLANE('',#2799);
#2433=PLANE('',#2801);
#2434=PLANE('',#2803);
#2435=PLANE('',#2804);
#2436=PLANE('',#2807);
#2437=PLANE('',#2810);
#2438=PLANE('',#2813);
#2439=PLANE('',#2817);
#2440=PLANE('',#2819);
#2441=PLANE('',#2820);
#2442=PLANE('',#2823);
#2443=PLANE('',#2826);
#2444=PLANE('',#2829);
#2445=PLANE('',#2833);
#2446=PLANE('',#2835);
#2447=PLANE('',#2836);
#2448=PLANE('',#2839);
#2449=PLANE('',#2843);
#2450=PLANE('',#2845);
#2451=PLANE('',#2846);
#2452=PLANE('',#2847);
#2453=PLANE('',#2851);
#2454=PLANE('',#2855);
#2455=PLANE('',#2858);
#2456=PLANE('',#2861);
#2457=PLANE('',#2864);
#2458=PLANE('',#2865);
#2459=PLANE('',#2869);
#2460=PLANE('',#2871);
#2461=PLANE('',#2873);
#2462=PLANE('',#2875);
#2463=PLANE('',#2877);
#2464=PLANE('',#2879);
#2465=PLANE('',#2881);
#2466=PLANE('',#2883);
#2467=PLANE('',#2885);
#2468=PLANE('',#2887);
#2469=PLANE('',#2889);
#2470=PLANE('',#2891);
#2471=PLANE('',#2892);
#2472=ADVANCED_FACE('',(#212),#2393,.F.);
#2473=ADVANCED_FACE('',(#213),#2394,.F.);
#2474=ADVANCED_FACE('',(#214),#2395,.F.);
#2475=ADVANCED_FACE('',(#215),#2396,.T.);
#2476=ADVANCED_FACE('',(#216),#2397,.T.);
#2477=ADVANCED_FACE('',(#217),#2398,.T.);
#2478=ADVANCED_FACE('',(#218),#2399,.T.);
#2479=ADVANCED_FACE('',(#219),#2400,.T.);
#2480=ADVANCED_FACE('',(#220,#91,#92,#93,#94,#95,#96,#97,#98),#2401,.F.);
#2481=ADVANCED_FACE('',(#221),#2402,.T.);
#2482=ADVANCED_FACE('',(#222,#99,#100,#101,#102,#103),#2403,.T.);
#2483=ADVANCED_FACE('',(#223),#55,.F.);
#2484=ADVANCED_FACE('',(#224),#17,.F.);
#2485=ADVANCED_FACE('',(#225),#56,.F.);
#2486=ADVANCED_FACE('',(#226),#18,.F.);
#2487=ADVANCED_FACE('',(#227),#57,.F.);
#2488=ADVANCED_FACE('',(#228),#19,.F.);
#2489=ADVANCED_FACE('',(#229),#2404,.T.);
#2490=ADVANCED_FACE('',(#230),#2405,.T.);
#2491=ADVANCED_FACE('',(#231),#2406,.T.);
#2492=ADVANCED_FACE('',(#232),#2407,.T.);
#2493=ADVANCED_FACE('',(#233),#58,.F.);
#2494=ADVANCED_FACE('',(#234),#2408,.T.);
#2495=ADVANCED_FACE('',(#235),#59,.F.);
#2496=ADVANCED_FACE('',(#236),#2409,.T.);
#2497=ADVANCED_FACE('',(#237),#60,.F.);
#2498=ADVANCED_FACE('',(#238),#2410,.T.);
#2499=ADVANCED_FACE('',(#239),#61,.F.);
#2500=ADVANCED_FACE('',(#240),#20,.F.);
#2501=ADVANCED_FACE('',(#241),#2411,.T.);
#2502=ADVANCED_FACE('',(#242),#21,.F.);
#2503=ADVANCED_FACE('',(#243),#2412,.T.);
#2504=ADVANCED_FACE('',(#244),#2413,.T.);
#2505=ADVANCED_FACE('',(#245),#62,.T.);
#2506=ADVANCED_FACE('',(#246),#2414,.T.);
#2507=ADVANCED_FACE('',(#247),#63,.F.);
#2508=ADVANCED_FACE('',(#248),#2415,.T.);
#2509=ADVANCED_FACE('',(#249),#64,.F.);
#2510=ADVANCED_FACE('',(#250),#2416,.T.);
#2511=ADVANCED_FACE('',(#251),#65,.T.);
#2512=ADVANCED_FACE('',(#252),#2417,.T.);
#2513=ADVANCED_FACE('',(#253),#66,.F.);
#2514=ADVANCED_FACE('',(#254),#2418,.T.);
#2515=ADVANCED_FACE('',(#255),#67,.F.);
#2516=ADVANCED_FACE('',(#256),#2419,.T.);
#2517=ADVANCED_FACE('',(#257),#68,.F.);
#2518=ADVANCED_FACE('',(#258),#2420,.T.);
#2519=ADVANCED_FACE('',(#259),#69,.F.);
#2520=ADVANCED_FACE('',(#260),#22,.T.);
#2521=ADVANCED_FACE('',(#261),#2421,.T.);
#2522=ADVANCED_FACE('',(#262),#23,.F.);
#2523=ADVANCED_FACE('',(#263),#2422,.T.);
#2524=ADVANCED_FACE('',(#264),#24,.F.);
#2525=ADVANCED_FACE('',(#265),#2423,.T.);
#2526=ADVANCED_FACE('',(#266),#25,.T.);
#2527=ADVANCED_FACE('',(#267),#2424,.T.);
#2528=ADVANCED_FACE('',(#268),#2425,.T.);
#2529=ADVANCED_FACE('',(#269),#70,.F.);
#2530=ADVANCED_FACE('',(#270),#2426,.T.);
#2531=ADVANCED_FACE('',(#271),#71,.F.);
#2532=ADVANCED_FACE('',(#272),#2427,.T.);
#2533=ADVANCED_FACE('',(#273),#72,.T.);
#2534=ADVANCED_FACE('',(#274),#2428,.T.);
#2535=ADVANCED_FACE('',(#275),#73,.F.);
#2536=ADVANCED_FACE('',(#276),#2429,.T.);
#2537=ADVANCED_FACE('',(#277),#74,.T.);
#2538=ADVANCED_FACE('',(#278),#2430,.T.);
#2539=ADVANCED_FACE('',(#279),#75,.F.);
#2540=ADVANCED_FACE('',(#280),#26,.F.);
#2541=ADVANCED_FACE('',(#281),#2431,.T.);
#2542=ADVANCED_FACE('',(#282),#27,.T.);
#2543=ADVANCED_FACE('',(#283),#2432,.T.);
#2544=ADVANCED_FACE('',(#284),#28,.F.);
#2545=ADVANCED_FACE('',(#285),#2433,.T.);
#2546=ADVANCED_FACE('',(#286),#29,.F.);
#2547=ADVANCED_FACE('',(#287),#2434,.T.);
#2548=ADVANCED_FACE('',(#288),#2435,.T.);
#2549=ADVANCED_FACE('',(#289),#76,.F.);
#2550=ADVANCED_FACE('',(#290),#2436,.T.);
#2551=ADVANCED_FACE('',(#291),#77,.F.);
#2552=ADVANCED_FACE('',(#292),#2437,.T.);
#2553=ADVANCED_FACE('',(#293),#78,.F.);
#2554=ADVANCED_FACE('',(#294),#2438,.T.);
#2555=ADVANCED_FACE('',(#295),#79,.F.);
#2556=ADVANCED_FACE('',(#296),#30,.F.);
#2557=ADVANCED_FACE('',(#297),#2439,.T.);
#2558=ADVANCED_FACE('',(#298),#31,.F.);
#2559=ADVANCED_FACE('',(#299),#2440,.T.);
#2560=ADVANCED_FACE('',(#300),#2441,.T.);
#2561=ADVANCED_FACE('',(#301),#80,.F.);
#2562=ADVANCED_FACE('',(#302),#2442,.T.);
#2563=ADVANCED_FACE('',(#303),#81,.F.);
#2564=ADVANCED_FACE('',(#304),#2443,.T.);
#2565=ADVANCED_FACE('',(#305),#82,.F.);
#2566=ADVANCED_FACE('',(#306),#2444,.T.);
#2567=ADVANCED_FACE('',(#307),#83,.F.);
#2568=ADVANCED_FACE('',(#308),#32,.F.);
#2569=ADVANCED_FACE('',(#309),#2445,.T.);
#2570=ADVANCED_FACE('',(#310),#33,.F.);
#2571=ADVANCED_FACE('',(#311),#2446,.T.);
#2572=ADVANCED_FACE('',(#312),#2447,.T.);
#2573=ADVANCED_FACE('',(#313),#84,.F.);
#2574=ADVANCED_FACE('',(#314),#2448,.T.);
#2575=ADVANCED_FACE('',(#315),#85,.F.);
#2576=ADVANCED_FACE('',(#316),#34,.F.);
#2577=ADVANCED_FACE('',(#317),#2449,.T.);
#2578=ADVANCED_FACE('',(#318),#35,.F.);
#2579=ADVANCED_FACE('',(#319),#2450,.T.);
#2580=ADVANCED_FACE('',(#320),#2451,.T.);
#2581=ADVANCED_FACE('',(#321),#15,.T.);
#2582=ADVANCED_FACE('',(#322),#2452,.T.);
#2583=ADVANCED_FACE('',(#323),#86,.T.);
#2584=ADVANCED_FACE('',(#324),#16,.T.);
#2585=ADVANCED_FACE('',(#325),#36,.T.);
#2586=ADVANCED_FACE('',(#326),#2453,.T.);
#2587=ADVANCED_FACE('',(#327),#37,.T.);
#2588=ADVANCED_FACE('',(#328),#38,.F.);
#2589=ADVANCED_FACE('',(#329),#2454,.F.);
#2590=ADVANCED_FACE('',(#330),#39,.F.);
#2591=ADVANCED_FACE('',(#331),#2455,.F.);
#2592=ADVANCED_FACE('',(#332),#40,.F.);
#2593=ADVANCED_FACE('',(#333),#2456,.F.);
#2594=ADVANCED_FACE('',(#334),#41,.F.);
#2595=ADVANCED_FACE('',(#335),#2457,.F.);
#2596=ADVANCED_FACE('',(#336,#104),#2458,.F.);
#2597=ADVANCED_FACE('',(#337),#42,.F.);
#2598=ADVANCED_FACE('',(#338),#43,.F.);
#2599=ADVANCED_FACE('',(#339),#2459,.T.);
#2600=ADVANCED_FACE('',(#340),#44,.F.);
#2601=ADVANCED_FACE('',(#341),#2460,.T.);
#2602=ADVANCED_FACE('',(#342),#45,.F.);
#2603=ADVANCED_FACE('',(#343),#2461,.T.);
#2604=ADVANCED_FACE('',(#344),#46,.F.);
#2605=ADVANCED_FACE('',(#345),#2462,.T.);
#2606=ADVANCED_FACE('',(#346),#47,.F.);
#2607=ADVANCED_FACE('',(#347),#2463,.T.);
#2608=ADVANCED_FACE('',(#348),#48,.F.);
#2609=ADVANCED_FACE('',(#349),#2464,.T.);
#2610=ADVANCED_FACE('',(#350),#49,.F.);
#2611=ADVANCED_FACE('',(#351),#2465,.T.);
#2612=ADVANCED_FACE('',(#352),#50,.F.);
#2613=ADVANCED_FACE('',(#353),#2466,.T.);
#2614=ADVANCED_FACE('',(#354),#51,.F.);
#2615=ADVANCED_FACE('',(#355),#2467,.T.);
#2616=ADVANCED_FACE('',(#356),#52,.T.);
#2617=ADVANCED_FACE('',(#357),#2468,.T.);
#2618=ADVANCED_FACE('',(#358),#53,.F.);
#2619=ADVANCED_FACE('',(#359),#2469,.T.);
#2620=ADVANCED_FACE('',(#360),#54,.F.);
#2621=ADVANCED_FACE('',(#361),#2470,.T.);
#2622=ADVANCED_FACE('',(#362),#2471,.T.);
#2623=CLOSED_SHELL('',(#2472,#2473,#2474,#2475,#2476,#2477,#2478,#2479,
#2480,#2481,#2482,#2483,#2484,#2485,#2486,#2487,#2488,#2489,#2490,#2491,
#2492,#2493,#2494,#2495,#2496,#2497,#2498,#2499,#2500,#2501,#2502,#2503,
#2504,#2505,#2506,#2507,#2508,#2509,#2510,#2511,#2512,#2513,#2514,#2515,
#2516,#2517,#2518,#2519,#2520,#2521,#2522,#2523,#2524,#2525,#2526,#2527,
#2528,#2529,#2530,#2531,#2532,#2533,#2534,#2535,#2536,#2537,#2538,#2539,
#2540,#2541,#2542,#2543,#2544,#2545,#2546,#2547,#2548,#2549,#2550,#2551,
#2552,#2553,#2554,#2555,#2556,#2557,#2558,#2559,#2560,#2561,#2562,#2563,
#2564,#2565,#2566,#2567,#2568,#2569,#2570,#2571,#2572,#2573,#2574,#2575,
#2576,#2577,#2578,#2579,#2580,#2581,#2582,#2583,#2584,#2585,#2586,#2587,
#2588,#2589,#2590,#2591,#2592,#2593,#2594,#2595,#2596,#2597,#2598,#2599,
#2600,#2601,#2602,#2603,#2604,#2605,#2606,#2607,#2608,#2609,#2610,#2611,
#2612,#2613,#2614,#2615,#2616,#2617,#2618,#2619,#2620,#2621,#2622));
#2624=DERIVED_UNIT_ELEMENT(#2626,1.);
#2625=DERIVED_UNIT_ELEMENT(#4472,-3.);
#2626=(
MASS_UNIT()
NAMED_UNIT(*)
SI_UNIT(.KILO.,.GRAM.)
);
#2627=DERIVED_UNIT((#2624,#2625));
#2628=MEASURE_REPRESENTATION_ITEM('density measure',
POSITIVE_RATIO_MEASURE(7850.),#2627);
#2629=PROPERTY_DEFINITION_REPRESENTATION(#2634,#2631);
#2630=PROPERTY_DEFINITION_REPRESENTATION(#2635,#2632);
#2631=REPRESENTATION('material name',(#2633),#4469);
#2632=REPRESENTATION('density',(#2628),#4469);
#2633=DESCRIPTIVE_REPRESENTATION_ITEM('Steel','Steel');
#2634=PROPERTY_DEFINITION('material property','material name',#4479);
#2635=PROPERTY_DEFINITION('material property','density of part',#4479);
#2636=AXIS2_PLACEMENT_3D('',#3668,#2893,#2894);
#2637=AXIS2_PLACEMENT_3D('',#3669,#2895,#2896);
#2638=AXIS2_PLACEMENT_3D('',#3682,#2903,#2904);
#2639=AXIS2_PLACEMENT_3D('',#3695,#2911,#2912);
#2640=AXIS2_PLACEMENT_3D('',#3708,#2919,#2920);
#2641=AXIS2_PLACEMENT_3D('',#3714,#2924,#2925);
#2642=AXIS2_PLACEMENT_3D('',#3718,#2928,#2929);
#2643=AXIS2_PLACEMENT_3D('',#3724,#2933,#2934);
#2644=AXIS2_PLACEMENT_3D('',#3728,#2937,#2938);
#2645=AXIS2_PLACEMENT_3D('',#3734,#2942,#2943);
#2646=AXIS2_PLACEMENT_3D('',#3736,#2944,#2945);
#2647=AXIS2_PLACEMENT_3D('',#3740,#2947,#2948);
#2648=AXIS2_PLACEMENT_3D('',#3743,#2950,#2951);
#2649=AXIS2_PLACEMENT_3D('',#3747,#2953,#2954);
#2650=AXIS2_PLACEMENT_3D('',#3751,#2956,#2957);
#2651=AXIS2_PLACEMENT_3D('',#3755,#2959,#2960);
#2652=AXIS2_PLACEMENT_3D('',#3759,#2962,#2963);
#2653=AXIS2_PLACEMENT_3D('',#3763,#2965,#2966);
#2654=AXIS2_PLACEMENT_3D('',#3766,#2968,#2969);
#2655=AXIS2_PLACEMENT_3D('',#3770,#2971,#2972);
#2656=AXIS2_PLACEMENT_3D('',#3773,#2974,#2975);
#2657=AXIS2_PLACEMENT_3D('',#3775,#2976,#2977);
#2658=AXIS2_PLACEMENT_3D('',#3780,#2979,#2980);
#2659=AXIS2_PLACEMENT_3D('',#3784,#2982,#2983);
#2660=AXIS2_PLACEMENT_3D('',#3788,#2985,#2986);
#2661=AXIS2_PLACEMENT_3D('',#3791,#2988,#2989);
#2662=AXIS2_PLACEMENT_3D('',#3796,#2991,#2992);
#2663=AXIS2_PLACEMENT_3D('',#3800,#2994,#2995);
#2664=AXIS2_PLACEMENT_3D('',#3804,#2997,#2998);
#2665=AXIS2_PLACEMENT_3D('',#3807,#3000,#3001);
#2666=AXIS2_PLACEMENT_3D('',#3812,#3003,#3004);
#2667=AXIS2_PLACEMENT_3D('',#3816,#3006,#3007);
#2668=AXIS2_PLACEMENT_3D('',#3820,#3009,#3010);
#2669=AXIS2_PLACEMENT_3D('',#3824,#3012,#3013);
#2670=AXIS2_PLACEMENT_3D('',#3828,#3015,#3016);
#2671=AXIS2_PLACEMENT_3D('',#3832,#3018,#3019);
#2672=AXIS2_PLACEMENT_3D('',#3836,#3021,#3022);
#2673=AXIS2_PLACEMENT_3D('',#3839,#3024,#3025);
#2674=AXIS2_PLACEMENT_3D('',#3844,#3027,#3028);
#2675=AXIS2_PLACEMENT_3D('',#3848,#3030,#3031);
#2676=AXIS2_PLACEMENT_3D('',#3852,#3033,#3034);
#2677=AXIS2_PLACEMENT_3D('',#3855,#3036,#3037);
#2678=AXIS2_PLACEMENT_3D('',#3858,#3038,#3039);
#2679=AXIS2_PLACEMENT_3D('',#3862,#3041,#3042);
#2680=AXIS2_PLACEMENT_3D('',#3866,#3044,#3045);
#2681=AXIS2_PLACEMENT_3D('',#3870,#3047,#3048);
#2682=AXIS2_PLACEMENT_3D('',#3873,#3050,#3051);
#2683=AXIS2_PLACEMENT_3D('',#3874,#3052,#3053);
#2684=AXIS2_PLACEMENT_3D('',#3878,#3056,#3057);
#2685=AXIS2_PLACEMENT_3D('',#3882,#3059,#3060);
#2686=AXIS2_PLACEMENT_3D('',#3885,#3062,#3063);
#2687=AXIS2_PLACEMENT_3D('',#3889,#3065,#3066);
#2688=AXIS2_PLACEMENT_3D('',#3893,#3068,#3069);
#2689=AXIS2_PLACEMENT_3D('',#3897,#3071,#3072);
#2690=AXIS2_PLACEMENT_3D('',#3901,#3074,#3075);
#2691=AXIS2_PLACEMENT_3D('',#3905,#3077,#3078);
#2692=AXIS2_PLACEMENT_3D('',#3908,#3080,#3081);
#2693=AXIS2_PLACEMENT_3D('',#3924,#3084,#3085);
#2694=AXIS2_PLACEMENT_3D('',#3929,#3087,#3088);
#2695=AXIS2_PLACEMENT_3D('',#3933,#3090,#3091);
#2696=AXIS2_PLACEMENT_3D('',#3937,#3093,#3094);
#2697=AXIS2_PLACEMENT_3D('',#3940,#3096,#3097);
#2698=AXIS2_PLACEMENT_3D('',#3945,#3099,#3100);
#2699=AXIS2_PLACEMENT_3D('',#3949,#3102,#3103);
#2700=AXIS2_PLACEMENT_3D('',#3953,#3105,#3106);
#2701=AXIS2_PLACEMENT_3D('',#3956,#3108,#3109);
#2702=AXIS2_PLACEMENT_3D('',#3958,#3110,#3111);
#2703=AXIS2_PLACEMENT_3D('',#3963,#3113,#3114);
#2704=AXIS2_PLACEMENT_3D('',#3967,#3116,#3117);
#2705=AXIS2_PLACEMENT_3D('',#3971,#3119,#3120);
#2706=AXIS2_PLACEMENT_3D('',#3974,#3122,#3123);
#2707=AXIS2_PLACEMENT_3D('',#3979,#3125,#3126);
#2708=AXIS2_PLACEMENT_3D('',#3983,#3128,#3129);
#2709=AXIS2_PLACEMENT_3D('',#3987,#3131,#3132);
#2710=AXIS2_PLACEMENT_3D('',#3991,#3134,#3135);
#2711=AXIS2_PLACEMENT_3D('',#3995,#3137,#3138);
#2712=AXIS2_PLACEMENT_3D('',#3999,#3140,#3141);
#2713=AXIS2_PLACEMENT_3D('',#4003,#3143,#3144);
#2714=AXIS2_PLACEMENT_3D('',#4006,#3146,#3147);
#2715=AXIS2_PLACEMENT_3D('',#4007,#3148,#3149);
#2716=AXIS2_PLACEMENT_3D('',#4010,#3151,#3152);
#2717=AXIS2_PLACEMENT_3D('',#4011,#3153,#3154);
#2718=AXIS2_PLACEMENT_3D('',#4014,#3156,#3157);
#2719=AXIS2_PLACEMENT_3D('',#4015,#3158,#3159);
#2720=AXIS2_PLACEMENT_3D('',#4018,#3161,#3162);
#2721=AXIS2_PLACEMENT_3D('',#4019,#3163,#3164);
#2722=AXIS2_PLACEMENT_3D('',#4022,#3166,#3167);
#2723=AXIS2_PLACEMENT_3D('',#4023,#3168,#3169);
#2724=AXIS2_PLACEMENT_3D('',#4026,#3171,#3172);
#2725=AXIS2_PLACEMENT_3D('',#4027,#3173,#3174);
#2726=AXIS2_PLACEMENT_3D('',#4030,#3176,#3177);
#2727=AXIS2_PLACEMENT_3D('',#4031,#3178,#3179);
#2728=AXIS2_PLACEMENT_3D('',#4032,#3180,#3181);
#2729=AXIS2_PLACEMENT_3D('',#4033,#3182,#3183);
#2730=AXIS2_PLACEMENT_3D('',#4034,#3184,#3185);
#2731=AXIS2_PLACEMENT_3D('',#4040,#3189,#3190);
#2732=AXIS2_PLACEMENT_3D('',#4043,#3192,#3193);
#2733=AXIS2_PLACEMENT_3D('',#4044,#3194,#3195);
#2734=AXIS2_PLACEMENT_3D('',#4048,#3198,#3199);
#2735=AXIS2_PLACEMENT_3D('',#4051,#3201,#3202);
#2736=AXIS2_PLACEMENT_3D('',#4052,#3203,#3204);
#2737=AXIS2_PLACEMENT_3D('',#4056,#3207,#3208);
#2738=AXIS2_PLACEMENT_3D('',#4059,#3210,#3211);
#2739=AXIS2_PLACEMENT_3D('',#4060,#3212,#3213);
#2740=AXIS2_PLACEMENT_3D('',#4064,#3216,#3217);
#2741=AXIS2_PLACEMENT_3D('',#4065,#3218,#3219);
#2742=AXIS2_PLACEMENT_3D('',#4066,#3220,#3221);
#2743=AXIS2_PLACEMENT_3D('',#4069,#3224,#3225);
#2744=AXIS2_PLACEMENT_3D('',#4071,#3227,#3228);
#2745=AXIS2_PLACEMENT_3D('',#4073,#3230,#3231);
#2746=AXIS2_PLACEMENT_3D('',#4075,#3233,#3234);
#2747=AXIS2_PLACEMENT_3D('',#4081,#3238,#3239);
#2748=AXIS2_PLACEMENT_3D('',#4084,#3241,#3242);
#2749=AXIS2_PLACEMENT_3D('',#4085,#3243,#3244);
#2750=AXIS2_PLACEMENT_3D('',#4089,#3247,#3248);
#2751=AXIS2_PLACEMENT_3D('',#4092,#3250,#3251);
#2752=AXIS2_PLACEMENT_3D('',#4093,#3252,#3253);
#2753=AXIS2_PLACEMENT_3D('',#4097,#3256,#3257);
#2754=AXIS2_PLACEMENT_3D('',#4100,#3259,#3260);
#2755=AXIS2_PLACEMENT_3D('',#4101,#3261,#3262);
#2756=AXIS2_PLACEMENT_3D('',#4105,#3265,#3266);
#2757=AXIS2_PLACEMENT_3D('',#4108,#3268,#3269);
#2758=AXIS2_PLACEMENT_3D('',#4109,#3270,#3271);
#2759=AXIS2_PLACEMENT_3D('',#4113,#3274,#3275);
#2760=AXIS2_PLACEMENT_3D('',#4116,#3277,#3278);
#2761=AXIS2_PLACEMENT_3D('',#4117,#3279,#3280);
#2762=AXIS2_PLACEMENT_3D('',#4121,#3283,#3284);
#2763=AXIS2_PLACEMENT_3D('',#4124,#3286,#3287);
#2764=AXIS2_PLACEMENT_3D('',#4125,#3288,#3289);
#2765=AXIS2_PLACEMENT_3D('',#4129,#3292,#3293);
#2766=AXIS2_PLACEMENT_3D('',#4132,#3295,#3296);
#2767=AXIS2_PLACEMENT_3D('',#4133,#3297,#3298);
#2768=AXIS2_PLACEMENT_3D('',#4137,#3301,#3302);
#2769=AXIS2_PLACEMENT_3D('',#4138,#3303,#3304);
#2770=AXIS2_PLACEMENT_3D('',#4139,#3305,#3306);
#2771=AXIS2_PLACEMENT_3D('',#4142,#3309,#3310);
#2772=AXIS2_PLACEMENT_3D('',#4144,#3312,#3313);
#2773=AXIS2_PLACEMENT_3D('',#4146,#3315,#3316);
#2774=AXIS2_PLACEMENT_3D('',#4148,#3318,#3319);
#2775=AXIS2_PLACEMENT_3D('',#4150,#3321,#3322);
#2776=AXIS2_PLACEMENT_3D('',#4152,#3324,#3325);
#2777=AXIS2_PLACEMENT_3D('',#4154,#3327,#3328);
#2778=AXIS2_PLACEMENT_3D('',#4156,#3330,#3331);
#2779=AXIS2_PLACEMENT_3D('',#4160,#3334,#3335);
#2780=AXIS2_PLACEMENT_3D('',#4163,#3337,#3338);
#2781=AXIS2_PLACEMENT_3D('',#4164,#3339,#3340);
#2782=AXIS2_PLACEMENT_3D('',#4168,#3343,#3344);
#2783=AXIS2_PLACEMENT_3D('',#4171,#3346,#3347);
#2784=AXIS2_PLACEMENT_3D('',#4172,#3348,#3349);
#2785=AXIS2_PLACEMENT_3D('',#4176,#3352,#3353);
#2786=AXIS2_PLACEMENT_3D('',#4179,#3355,#3356);
#2787=AXIS2_PLACEMENT_3D('',#4180,#3357,#3358);
#2788=AXIS2_PLACEMENT_3D('',#4184,#3361,#3362);
#2789=AXIS2_PLACEMENT_3D('',#4187,#3364,#3365);
#2790=AXIS2_PLACEMENT_3D('',#4188,#3366,#3367);
#2791=AXIS2_PLACEMENT_3D('',#4192,#3370,#3371);
#2792=AXIS2_PLACEMENT_3D('',#4195,#3373,#3374);
#2793=AXIS2_PLACEMENT_3D('',#4196,#3375,#3376);
#2794=AXIS2_PLACEMENT_3D('',#4200,#3379,#3380);
#2795=AXIS2_PLACEMENT_3D('',#4201,#3381,#3382);
#2796=AXIS2_PLACEMENT_3D('',#4202,#3383,#3384);
#2797=AXIS2_PLACEMENT_3D('',#4205,#3387,#3388);
#2798=AXIS2_PLACEMENT_3D('',#4207,#3390,#3391);
#2799=AXIS2_PLACEMENT_3D('',#4209,#3393,#3394);
#2800=AXIS2_PLACEMENT_3D('',#4211,#3396,#3397);
#2801=AXIS2_PLACEMENT_3D('',#4213,#3399,#3400);
#2802=AXIS2_PLACEMENT_3D('',#4215,#3402,#3403);
#2803=AXIS2_PLACEMENT_3D('',#4217,#3405,#3406);
#2804=AXIS2_PLACEMENT_3D('',#4218,#3407,#3408);
#2805=AXIS2_PLACEMENT_3D('',#4224,#3412,#3413);
#2806=AXIS2_PLACEMENT_3D('',#4227,#3415,#3416);
#2807=AXIS2_PLACEMENT_3D('',#4228,#3417,#3418);
#2808=AXIS2_PLACEMENT_3D('',#4232,#3421,#3422);
#2809=AXIS2_PLACEMENT_3D('',#4235,#3424,#3425);
#2810=AXIS2_PLACEMENT_3D('',#4236,#3426,#3427);
#2811=AXIS2_PLACEMENT_3D('',#4240,#3430,#3431);
#2812=AXIS2_PLACEMENT_3D('',#4243,#3433,#3434);
#2813=AXIS2_PLACEMENT_3D('',#4244,#3435,#3436);
#2814=AXIS2_PLACEMENT_3D('',#4248,#3439,#3440);
#2815=AXIS2_PLACEMENT_3D('',#4249,#3441,#3442);
#2816=AXIS2_PLACEMENT_3D('',#4250,#3443,#3444);
#2817=AXIS2_PLACEMENT_3D('',#4253,#3447,#3448);
#2818=AXIS2_PLACEMENT_3D('',#4255,#3450,#3451);
#2819=AXIS2_PLACEMENT_3D('',#4257,#3453,#3454);
#2820=AXIS2_PLACEMENT_3D('',#4259,#3456,#3457);
#2821=AXIS2_PLACEMENT_3D('',#4265,#3461,#3462);
#2822=AXIS2_PLACEMENT_3D('',#4268,#3464,#3465);
#2823=AXIS2_PLACEMENT_3D('',#4269,#3466,#3467);
#2824=AXIS2_PLACEMENT_3D('',#4273,#3470,#3471);
#2825=AXIS2_PLACEMENT_3D('',#4276,#3473,#3474);
#2826=AXIS2_PLACEMENT_3D('',#4277,#3475,#3476);
#2827=AXIS2_PLACEMENT_3D('',#4281,#3479,#3480);
#2828=AXIS2_PLACEMENT_3D('',#4284,#3482,#3483);
#2829=AXIS2_PLACEMENT_3D('',#4285,#3484,#3485);
#2830=AXIS2_PLACEMENT_3D('',#4289,#3488,#3489);
#2831=AXIS2_PLACEMENT_3D('',#4290,#3490,#3491);
#2832=AXIS2_PLACEMENT_3D('',#4291,#3492,#3493);
#2833=AXIS2_PLACEMENT_3D('',#4294,#3496,#3497);
#2834=AXIS2_PLACEMENT_3D('',#4296,#3499,#3500);
#2835=AXIS2_PLACEMENT_3D('',#4298,#3502,#3503);
#2836=AXIS2_PLACEMENT_3D('',#4300,#3505,#3506);
#2837=AXIS2_PLACEMENT_3D('',#4304,#3509,#3510);
#2838=AXIS2_PLACEMENT_3D('',#4307,#3512,#3513);
#2839=AXIS2_PLACEMENT_3D('',#4308,#3514,#3515);
#2840=AXIS2_PLACEMENT_3D('',#4312,#3518,#3519);
#2841=AXIS2_PLACEMENT_3D('',#4313,#3520,#3521);
#2842=AXIS2_PLACEMENT_3D('',#4314,#3522,#3523);
#2843=AXIS2_PLACEMENT_3D('',#4316,#3525,#3526);
#2844=AXIS2_PLACEMENT_3D('',#4318,#3528,#3529);
#2845=AXIS2_PLACEMENT_3D('',#4320,#3531,#3532);
#2846=AXIS2_PLACEMENT_3D('',#4321,#3533,#3534);
#2847=AXIS2_PLACEMENT_3D('',#4352,#3538,#3539);
#2848=AXIS2_PLACEMENT_3D('',#4358,#3543,#3544);
#2849=AXIS2_PLACEMENT_3D('',#4359,#3545,#3546);
#2850=AXIS2_PLACEMENT_3D('',#4380,#3547,#3548);
#2851=AXIS2_PLACEMENT_3D('',#4382,#3550,#3551);
#2852=AXIS2_PLACEMENT_3D('',#4384,#3553,#3554);
#2853=AXIS2_PLACEMENT_3D('',#4386,#3556,#3557);
#2854=AXIS2_PLACEMENT_3D('',#4390,#3559,#3560);
#2855=AXIS2_PLACEMENT_3D('',#4392,#3562,#3563);
#2856=AXIS2_PLACEMENT_3D('',#4396,#3566,#3567);
#2857=AXIS2_PLACEMENT_3D('',#4399,#3569,#3570);
#2858=AXIS2_PLACEMENT_3D('',#4400,#3571,#3572);
#2859=AXIS2_PLACEMENT_3D('',#4404,#3575,#3576);
#2860=AXIS2_PLACEMENT_3D('',#4407,#3578,#3579);
#2861=AXIS2_PLACEMENT_3D('',#4408,#3580,#3581);
#2862=AXIS2_PLACEMENT_3D('',#4412,#3584,#3585);
#2863=AXIS2_PLACEMENT_3D('',#4415,#3587,#3588);
#2864=AXIS2_PLACEMENT_3D('',#4416,#3589,#3590);
#2865=AXIS2_PLACEMENT_3D('',#4418,#3592,#3593);
#2866=AXIS2_PLACEMENT_3D('',#4420,#3594,#3595);
#2867=AXIS2_PLACEMENT_3D('',#4421,#3596,#3597);
#2868=AXIS2_PLACEMENT_3D('',#4423,#3599,#3600);
#2869=AXIS2_PLACEMENT_3D('',#4425,#3602,#3603);
#2870=AXIS2_PLACEMENT_3D('',#4427,#3605,#3606);
#2871=AXIS2_PLACEMENT_3D('',#4429,#3608,#3609);
#2872=AXIS2_PLACEMENT_3D('',#4430,#3610,#3611);
#2873=AXIS2_PLACEMENT_3D('',#4432,#3613,#3614);
#2874=AXIS2_PLACEMENT_3D('',#4434,#3616,#3617);
#2875=AXIS2_PLACEMENT_3D('',#4436,#3619,#3620);
#2876=AXIS2_PLACEMENT_3D('',#4437,#3621,#3622);
#2877=AXIS2_PLACEMENT_3D('',#4439,#3624,#3625);
#2878=AXIS2_PLACEMENT_3D('',#4441,#3627,#3628);
#2879=AXIS2_PLACEMENT_3D('',#4443,#3630,#3631);
#2880=AXIS2_PLACEMENT_3D('',#4445,#3633,#3634);
#2881=AXIS2_PLACEMENT_3D('',#4447,#3636,#3637);
#2882=AXIS2_PLACEMENT_3D('',#4449,#3639,#3640);
#2883=AXIS2_PLACEMENT_3D('',#4451,#3642,#3643);
#2884=AXIS2_PLACEMENT_3D('',#4452,#3644,#3645);
#2885=AXIS2_PLACEMENT_3D('',#4454,#3647,#3648);
#2886=AXIS2_PLACEMENT_3D('',#4456,#3650,#3651);
#2887=AXIS2_PLACEMENT_3D('',#4458,#3653,#3654);
#2888=AXIS2_PLACEMENT_3D('',#4459,#3655,#3656);
#2889=AXIS2_PLACEMENT_3D('',#4461,#3658,#3659);
#2890=AXIS2_PLACEMENT_3D('',#4463,#3661,#3662);
#2891=AXIS2_PLACEMENT_3D('',#4465,#3664,#3665);
#2892=AXIS2_PLACEMENT_3D('',#4466,#3666,#3667);
#2893=DIRECTION('axis',(0.,0.,1.));
#2894=DIRECTION('refdir',(1.,0.,0.));
#2895=DIRECTION('center_axis',(1.,0.,0.));
#2896=DIRECTION('ref_axis',(0.,1.,0.));
#2897=DIRECTION('',(0.,-1.,0.));
#2898=DIRECTION('',(0.,-0.707106781186548,0.707106781186548));
#2899=DIRECTION('',(0.,0.,1.));
#2900=DIRECTION('',(0.,1.,0.));
#2901=DIRECTION('',(0.,0.,-1.));
#2902=DIRECTION('',(0.,-0.707106781186548,-0.707106781186548));
#2903=DIRECTION('center_axis',(1.,0.,0.));
#2904=DIRECTION('ref_axis',(0.,1.,0.));
#2905=DIRECTION('',(0.,-1.,0.));
#2906=DIRECTION('',(0.,-0.707106781186548,0.707106781186548));
#2907=DIRECTION('',(0.,0.,1.));
#2908=DIRECTION('',(0.,1.,0.));
#2909=DIRECTION('',(0.,0.,-1.));
#2910=DIRECTION('',(0.,-0.707106781186548,-0.707106781186548));
#2911=DIRECTION('center_axis',(1.,0.,0.));
#2912=DIRECTION('ref_axis',(0.,1.,0.));
#2913=DIRECTION('',(0.,-1.,0.));
#2914=DIRECTION('',(0.,-0.70710678118654,0.707106781186555));
#2915=DIRECTION('',(0.,0.,1.));
#2916=DIRECTION('',(0.,1.,0.));
#2917=DIRECTION('',(0.,-0.156434465040231,-0.987688340595138));
#2918=DIRECTION('',(0.,-0.76040596560003,-0.649448048330185));
#2919=DIRECTION('center_axis',(0.,1.,0.));
#2920=DIRECTION('ref_axis',(-1.,0.,0.));
#2921=DIRECTION('',(-1.,0.,0.));
#2922=DIRECTION('',(0.,0.,1.));
#2923=DIRECTION('',(1.,0.,0.));
#2924=DIRECTION('center_axis',(0.,0.707106781186548,0.707106781186548));
#2925=DIRECTION('ref_axis',(1.,0.,0.));
#2926=DIRECTION('',(1.,0.,0.));
#2927=DIRECTION('',(0.,-0.707106781186561,0.707106781186534));
#2928=DIRECTION('center_axis',(0.,1.,0.));
#2929=DIRECTION('ref_axis',(-1.,0.,0.));
#2930=DIRECTION('',(-1.,0.,0.));
#2931=DIRECTION('',(0.,0.,1.));
#2932=DIRECTION('',(1.,0.,0.));
#2933=DIRECTION('center_axis',(0.,0.707106781186548,0.707106781186548));
#2934=DIRECTION('ref_axis',(1.,0.,0.));
#2935=DIRECTION('',(1.,0.,0.));
#2936=DIRECTION('',(0.,-0.70710678118654,0.707106781186555));
#2937=DIRECTION('center_axis',(0.,1.,0.));
#2938=DIRECTION('ref_axis',(-1.,0.,0.));
#2939=DIRECTION('',(-1.,0.,0.));
#2940=DIRECTION('',(0.,0.,1.));
#2941=DIRECTION('',(1.,0.,0.));
#2942=DIRECTION('center_axis',(0.,0.,1.));
#2943=DIRECTION('ref_axis',(1.,0.,0.));
#2944=DIRECTION('center_axis',(0.,0.,1.));
#2945=DIRECTION('ref_axis',(0.707106781186552,0.707106781186543,0.));
#2946=DIRECTION('',(0.,-1.,0.));
#2947=DIRECTION('center_axis',(0.,0.,1.));
#2948=DIRECTION('ref_axis',(7.53881106606743E-16,-1.,0.));
#2949=DIRECTION('',(-1.,0.,0.));
#2950=DIRECTION('center_axis',(0.,0.,1.));
#2951=DIRECTION('ref_axis',(0.,-1.,0.));
#2952=DIRECTION('',(1.96826242592825E-15,1.,0.));
#2953=DIRECTION('center_axis',(0.,0.,-1.));
#2954=DIRECTION('ref_axis',(0.,1.,0.));
#2955=DIRECTION('',(1.,9.84131212964128E-16,0.));
#2956=DIRECTION('center_axis',(0.,0.,1.));
#2957=DIRECTION('ref_axis',(0.,-1.,0.));
#2958=DIRECTION('',(-1.96826242592826E-15,1.,0.));
#2959=DIRECTION('center_axis',(0.,0.,-1.));
#2960=DIRECTION('ref_axis',(0.,1.,0.));
#2961=DIRECTION('',(1.,-9.84131212964128E-16,0.));
#2962=DIRECTION('center_axis',(0.,0.,1.));
#2963=DIRECTION('ref_axis',(0.,-1.,0.));
#2964=DIRECTION('',(6.27687929116696E-16,1.,0.));
#2965=DIRECTION('center_axis',(0.,0.,1.));
#2966=DIRECTION('ref_axis',(1.,8.88178419700113E-15,0.));
#2967=DIRECTION('',(-1.,0.,0.));
#2968=DIRECTION('center_axis',(0.,0.,1.));
#2969=DIRECTION('ref_axis',(0.,-1.,0.));
#2970=DIRECTION('',(0.,1.,0.));
#2971=DIRECTION('center_axis',(0.,0.,1.));
#2972=DIRECTION('ref_axis',(1.,0.,0.));
#2973=DIRECTION('',(-1.,0.,0.));
#2974=DIRECTION('center_axis',(0.,0.,-1.));
#2975=DIRECTION('ref_axis',(1.,0.,0.));
#2976=DIRECTION('center_axis',(0.,0.,-1.));
#2977=DIRECTION('ref_axis',(1.,0.,0.));
#2978=DIRECTION('',(0.,-1.,0.));
#2979=DIRECTION('center_axis',(0.,0.,1.));
#2980=DIRECTION('ref_axis',(-1.,0.,0.));
#2981=DIRECTION('',(1.,0.,0.));
#2982=DIRECTION('center_axis',(0.,0.,1.));
#2983=DIRECTION('ref_axis',(0.,-1.,0.));
#2984=DIRECTION('',(0.,1.,0.));
#2985=DIRECTION('center_axis',(0.,0.,1.));
#2986=DIRECTION('ref_axis',(1.,0.,0.));
#2987=DIRECTION('',(-1.,0.,0.));
#2988=DIRECTION('center_axis',(0.,0.,1.));
#2989=DIRECTION('ref_axis',(0.,1.,0.));
#2990=DIRECTION('',(-1.,0.,0.));
#2991=DIRECTION('center_axis',(0.,0.,1.));
#2992=DIRECTION('ref_axis',(0.,1.,0.));
#2993=DIRECTION('',(0.,-1.,0.));
#2994=DIRECTION('center_axis',(0.,0.,1.));
#2995=DIRECTION('ref_axis',(-1.,0.,0.));
#2996=DIRECTION('',(1.,0.,0.));
#2997=DIRECTION('center_axis',(0.,0.,1.));
#2998=DIRECTION('ref_axis',(0.,-1.,0.));
#2999=DIRECTION('',(0.,1.,0.));
#3000=DIRECTION('center_axis',(0.,0.,1.));
#3001=DIRECTION('ref_axis',(1.,0.,0.));
#3002=DIRECTION('',(-1.,0.,0.));
#3003=DIRECTION('center_axis',(0.,0.,1.));
#3004=DIRECTION('ref_axis',(0.,1.,0.));
#3005=DIRECTION('',(0.,-1.,0.));
#3006=DIRECTION('center_axis',(0.,0.,-1.));
#3007=DIRECTION('ref_axis',(0.,-1.,0.));
#3008=DIRECTION('',(-1.,9.84131212964128E-16,0.));
#3009=DIRECTION('center_axis',(0.,0.,1.));
#3010=DIRECTION('ref_axis',(0.,1.,0.));
#3011=DIRECTION('',(0.,-1.,0.));
#3012=DIRECTION('center_axis',(0.,0.,1.));
#3013=DIRECTION('ref_axis',(-1.,0.,0.));
#3014=DIRECTION('',(1.,0.,0.));
#3015=DIRECTION('center_axis',(0.,0.,1.));
#3016=DIRECTION('ref_axis',(0.,-1.,0.));
#3017=DIRECTION('',(0.,1.,0.));
#3018=DIRECTION('center_axis',(0.,0.,1.));
#3019=DIRECTION('ref_axis',(1.,0.,0.));
#3020=DIRECTION('',(-1.,0.,0.));
#3021=DIRECTION('center_axis',(0.,0.,-1.));
#3022=DIRECTION('ref_axis',(-1.,0.,0.));
#3023=DIRECTION('',(0.,1.,0.));
#3024=DIRECTION('center_axis',(0.,0.,1.));
#3025=DIRECTION('ref_axis',(1.,0.,0.));
#3026=DIRECTION('',(1.,0.,0.));
#3027=DIRECTION('center_axis',(0.,0.,1.));
#3028=DIRECTION('ref_axis',(0.,-1.,0.));
#3029=DIRECTION('',(0.,1.,0.));
#3030=DIRECTION('center_axis',(0.,0.,1.));
#3031=DIRECTION('ref_axis',(1.,0.,0.));
#3032=DIRECTION('',(-1.,0.,0.));
#3033=DIRECTION('center_axis',(0.,0.,1.));
#3034=DIRECTION('ref_axis',(0.,1.,0.));
#3035=DIRECTION('',(0.,-1.,0.));
#3036=DIRECTION('center_axis',(0.,0.,1.));
#3037=DIRECTION('ref_axis',(-1.,0.,0.));
#3038=DIRECTION('center_axis',(0.,0.,1.));
#3039=DIRECTION('ref_axis',(1.,2.22044604925012E-15,0.));
#3040=DIRECTION('',(-1.,0.,0.));
#3041=DIRECTION('center_axis',(0.,0.,1.));
#3042=DIRECTION('ref_axis',(0.,1.,0.));
#3043=DIRECTION('',(0.,-1.,0.));
#3044=DIRECTION('center_axis',(0.,0.,1.));
#3045=DIRECTION('ref_axis',(-1.,4.44089209850088E-14,0.));
#3046=DIRECTION('',(1.,-8.88178419700125E-16,0.));
#3047=DIRECTION('center_axis',(0.,0.,1.));
#3048=DIRECTION('ref_axis',(0.,-1.,0.));
#3049=DIRECTION('',(2.368475785867E-15,1.,0.));
#3050=DIRECTION('center_axis',(0.,0.,-1.));
#3051=DIRECTION('ref_axis',(1.,0.,0.));
#3052=DIRECTION('center_axis',(0.,0.707106781186555,0.70710678118654));
#3053=DIRECTION('ref_axis',(1.,0.,0.));
#3054=DIRECTION('',(1.,0.,0.));
#3055=DIRECTION('',(0.,-0.70710678118654,0.707106781186555));
#3056=DIRECTION('center_axis',(0.,0.,1.));
#3057=DIRECTION('ref_axis',(1.,0.,0.));
#3058=DIRECTION('',(-1.,0.,0.));
#3059=DIRECTION('center_axis',(0.,0.,1.));
#3060=DIRECTION('ref_axis',(1.,0.,0.));
#3061=DIRECTION('',(0.,1.,0.));
#3062=DIRECTION('center_axis',(0.,0.,1.));
#3063=DIRECTION('ref_axis',(0.,-1.,0.));
#3064=DIRECTION('',(-1.,0.,0.));
#3065=DIRECTION('center_axis',(0.,0.,1.));
#3066=DIRECTION('ref_axis',(1.,8.88178419700113E-15,0.));
#3067=DIRECTION('',(6.27687929116696E-16,1.,0.));
#3068=DIRECTION('center_axis',(0.,0.,1.));
#3069=DIRECTION('ref_axis',(0.,-1.,0.));
#3070=DIRECTION('',(1.,-9.84131212964128E-16,0.));
#3071=DIRECTION('center_axis',(0.,0.,-1.));
#3072=DIRECTION('ref_axis',(0.,1.,0.));
#3073=DIRECTION('',(-1.96826242592826E-15,1.,0.));
#3074=DIRECTION('center_axis',(0.,0.,1.));
#3075=DIRECTION('ref_axis',(0.,-1.,0.));
#3076=DIRECTION('',(1.,9.84131212964128E-16,0.));
#3077=DIRECTION('center_axis',(0.,0.,-1.));
#3078=DIRECTION('ref_axis',(0.,1.,0.));
#3079=DIRECTION('',(1.96826242592825E-15,1.,0.));
#3080=DIRECTION('center_axis',(0.,0.,1.));
#3081=DIRECTION('ref_axis',(0.,-1.,0.));
#3082=DIRECTION('',(-1.,0.,0.));
#3083=DIRECTION('',(0.,-1.,0.));
#3084=DIRECTION('center_axis',(0.,0.,-1.));
#3085=DIRECTION('ref_axis',(0.707106781186552,0.707106781186543,0.));
#3086=DIRECTION('',(0.,1.,0.));
#3087=DIRECTION('center_axis',(0.,0.,1.));
#3088=DIRECTION('ref_axis',(0.,-1.,0.));
#3089=DIRECTION('',(1.,0.,0.));
#3090=DIRECTION('center_axis',(0.,0.,1.));
#3091=DIRECTION('ref_axis',(-1.,0.,0.));
#3092=DIRECTION('',(0.,-1.,0.));
#3093=DIRECTION('center_axis',(0.,0.,1.));
#3094=DIRECTION('ref_axis',(0.,1.,0.));
#3095=DIRECTION('',(-1.,0.,0.));
#3096=DIRECTION('center_axis',(0.,0.,1.));
#3097=DIRECTION('ref_axis',(1.,0.,0.));
#3098=DIRECTION('',(-1.,0.,0.));
#3099=DIRECTION('center_axis',(0.,0.,1.));
#3100=DIRECTION('ref_axis',(1.,0.,0.));
#3101=DIRECTION('',(0.,1.,0.));
#3102=DIRECTION('center_axis',(0.,0.,1.));
#3103=DIRECTION('ref_axis',(0.,-1.,0.));
#3104=DIRECTION('',(1.,0.,0.));
#3105=DIRECTION('center_axis',(0.,0.,1.));
#3106=DIRECTION('ref_axis',(-1.,0.,0.));
#3107=DIRECTION('',(0.,-1.,0.));
#3108=DIRECTION('center_axis',(0.,0.,1.));
#3109=DIRECTION('ref_axis',(0.,1.,0.));
#3110=DIRECTION('center_axis',(0.,0.,-1.));
#3111=DIRECTION('ref_axis',(1.,0.,0.));
#3112=DIRECTION('',(-1.,0.,0.));
#3113=DIRECTION('center_axis',(0.,0.,1.));
#3114=DIRECTION('ref_axis',(1.,0.,0.));
#3115=DIRECTION('',(0.,1.,0.));
#3116=DIRECTION('center_axis',(0.,0.,1.));
#3117=DIRECTION('ref_axis',(0.,-1.,0.));
#3118=DIRECTION('',(1.,0.,0.));
#3119=DIRECTION('center_axis',(0.,0.,1.));
#3120=DIRECTION('ref_axis',(-1.,0.,0.));
#3121=DIRECTION('',(0.,-1.,0.));
#3122=DIRECTION('center_axis',(0.,0.,1.));
#3123=DIRECTION('ref_axis',(0.,1.,0.));
#3124=DIRECTION('',(-1.,9.84131212964128E-16,0.));
#3125=DIRECTION('center_axis',(0.,0.,-1.));
#3126=DIRECTION('ref_axis',(0.,-1.,0.));
#3127=DIRECTION('',(0.,-1.,0.));
#3128=DIRECTION('center_axis',(0.,0.,1.));
#3129=DIRECTION('ref_axis',(0.,1.,0.));
#3130=DIRECTION('',(-1.,0.,0.));
#3131=DIRECTION('center_axis',(0.,0.,1.));
#3132=DIRECTION('ref_axis',(1.,0.,0.));
#3133=DIRECTION('',(0.,1.,0.));
#3134=DIRECTION('center_axis',(0.,0.,-1.));
#3135=DIRECTION('ref_axis',(-1.,0.,0.));
#3136=DIRECTION('',(-1.,0.,0.));
#3137=DIRECTION('center_axis',(0.,0.,1.));
#3138=DIRECTION('ref_axis',(1.,0.,0.));
#3139=DIRECTION('',(0.,1.,0.));
#3140=DIRECTION('center_axis',(0.,0.,1.));
#3141=DIRECTION('ref_axis',(0.,-1.,0.));
#3142=DIRECTION('',(1.,0.,0.));
#3143=DIRECTION('center_axis',(0.,0.,1.));
#3144=DIRECTION('ref_axis',(-1.,0.,0.));
#3145=DIRECTION('',(0.,-1.,0.));
#3146=DIRECTION('center_axis',(0.,0.,1.));
#3147=DIRECTION('ref_axis',(0.,1.,0.));
#3148=DIRECTION('center_axis',(0.,0.,-1.));
#3149=DIRECTION('ref_axis',(1.,0.,0.));
#3150=DIRECTION('',(0.707106781186561,-8.65956056235509E-17,0.707106781186534));
#3151=DIRECTION('center_axis',(0.,0.,1.));
#3152=DIRECTION('ref_axis',(1.,0.,0.));
#3153=DIRECTION('center_axis',(0.,0.,1.));
#3154=DIRECTION('ref_axis',(1.,0.,0.));
#3155=DIRECTION('',(0.,0.,1.));
#3156=DIRECTION('center_axis',(0.,0.,1.));
#3157=DIRECTION('ref_axis',(1.,0.,0.));
#3158=DIRECTION('center_axis',(0.,0.,-1.));
#3159=DIRECTION('ref_axis',(1.,0.,0.));
#3160=DIRECTION('',(0.707106781186561,-8.65956056235509E-17,0.707106781186534));
#3161=DIRECTION('center_axis',(0.,0.,1.));
#3162=DIRECTION('ref_axis',(1.,0.,0.));
#3163=DIRECTION('center_axis',(0.,0.,1.));
#3164=DIRECTION('ref_axis',(1.,0.,0.));
#3165=DIRECTION('',(0.,0.,1.));
#3166=DIRECTION('center_axis',(0.,0.,1.));
#3167=DIRECTION('ref_axis',(1.,0.,0.));
#3168=DIRECTION('center_axis',(0.,0.,-1.));
#3169=DIRECTION('ref_axis',(1.,0.,0.));
#3170=DIRECTION('',(0.707106781186561,-8.65956056235509E-17,0.707106781186534));
#3171=DIRECTION('center_axis',(0.,0.,1.));
#3172=DIRECTION('ref_axis',(1.,0.,0.));
#3173=DIRECTION('center_axis',(0.,0.,1.));
#3174=DIRECTION('ref_axis',(1.,0.,0.));
#3175=DIRECTION('',(0.,0.,1.));
#3176=DIRECTION('center_axis',(0.,0.,1.));
#3177=DIRECTION('ref_axis',(1.,0.,0.));
#3178=DIRECTION('center_axis',(0.,0.,-1.));
#3179=DIRECTION('ref_axis',(-1.,0.,0.));
#3180=DIRECTION('center_axis',(0.,0.,-1.));
#3181=DIRECTION('ref_axis',(-1.,0.,0.));
#3182=DIRECTION('center_axis',(0.,0.,-1.));
#3183=DIRECTION('ref_axis',(-1.,0.,0.));
#3184=DIRECTION('center_axis',(-0.707106781186555,0.,0.70710678118654));
#3185=DIRECTION('ref_axis',(0.70710678118654,0.,0.707106781186555));
#3186=DIRECTION('',(0.70710678118654,0.,0.707106781186555));
#3187=DIRECTION('',(-0.70710678118654,0.,-0.707106781186555));
#3188=DIRECTION('',(0.,-1.,0.));
#3189=DIRECTION('center_axis',(0.,0.,1.));
#3190=DIRECTION('ref_axis',(0.,-1.,0.));
#3191=DIRECTION('',(0.,-0.70710678118654,0.707106781186555));
#3192=DIRECTION('center_axis',(0.,0.,-1.));
#3193=DIRECTION('ref_axis',(0.,-1.,0.));
#3194=DIRECTION('center_axis',(0.,0.707106781186555,0.70710678118654));
#3195=DIRECTION('ref_axis',(1.,0.,0.));
#3196=DIRECTION('',(0.,-0.70710678118654,0.707106781186555));
#3197=DIRECTION('',(-1.,0.,0.));
#3198=DIRECTION('center_axis',(0.,0.,1.));
#3199=DIRECTION('ref_axis',(-1.,0.,0.));
#3200=DIRECTION('',(-0.70710678118654,0.,0.707106781186555));
#3201=DIRECTION('center_axis',(0.,0.,-1.));
#3202=DIRECTION('ref_axis',(-1.,0.,0.));
#3203=DIRECTION('center_axis',(0.707106781186555,0.,0.70710678118654));
#3204=DIRECTION('ref_axis',(0.70710678118654,0.,-0.707106781186555));
#3205=DIRECTION('',(-0.70710678118654,0.,0.707106781186555));
#3206=DIRECTION('',(0.,1.,0.));
#3207=DIRECTION('center_axis',(0.,0.,1.));
#3208=DIRECTION('ref_axis',(0.,1.,0.));
#3209=DIRECTION('',(0.,0.70710678118654,0.707106781186555));
#3210=DIRECTION('center_axis',(0.,0.,-1.));
#3211=DIRECTION('ref_axis',(0.,1.,0.));
#3212=DIRECTION('center_axis',(0.,-0.707106781186548,0.707106781186548));
#3213=DIRECTION('ref_axis',(1.,0.,0.));
#3214=DIRECTION('',(0.,0.707106781186551,0.707106781186544));
#3215=DIRECTION('',(1.,0.,0.));
#3216=DIRECTION('center_axis',(0.,0.,1.));
#3217=DIRECTION('ref_axis',(1.,0.,0.));
#3218=DIRECTION('center_axis',(0.,0.,-1.));
#3219=DIRECTION('ref_axis',(1.,0.,0.));
#3220=DIRECTION('center_axis',(0.,0.,1.));
#3221=DIRECTION('ref_axis',(-1.,0.,0.));
#3222=DIRECTION('',(0.,0.,1.));
#3223=DIRECTION('',(0.,0.,1.));
#3224=DIRECTION('center_axis',(0.,1.,0.));
#3225=DIRECTION('ref_axis',(-1.,0.,0.));
#3226=DIRECTION('',(0.,0.,1.));
#3227=DIRECTION('center_axis',(0.,0.,1.));
#3228=DIRECTION('ref_axis',(0.,-1.,0.));
#3229=DIRECTION('',(0.,0.,1.));
#3230=DIRECTION('center_axis',(-1.,0.,0.));
#3231=DIRECTION('ref_axis',(0.,-1.,0.));
#3232=DIRECTION('',(0.,0.,1.));
#3233=DIRECTION('center_axis',(-6.95885854264285E-16,-0.707106781186555,
0.70710678118654));
#3234=DIRECTION('ref_axis',(1.,0.,9.84131212964149E-16));
#3235=DIRECTION('',(0.,0.70710678118654,0.707106781186555));
#3236=DIRECTION('',(0.,-0.70710678118654,-0.707106781186555));
#3237=DIRECTION('',(1.,-9.84131212964128E-16,0.));
#3238=DIRECTION('center_axis',(0.,0.,-1.));
#3239=DIRECTION('ref_axis',(0.,-1.,0.));
#3240=DIRECTION('',(-0.70710678118654,-3.14018491736758E-14,0.707106781186555));
#3241=DIRECTION('center_axis',(0.,0.,1.));
#3242=DIRECTION('ref_axis',(0.,-1.,0.));
#3243=DIRECTION('center_axis',(0.707106781186555,0.,0.70710678118654));
#3244=DIRECTION('ref_axis',(0.70710678118654,0.,-0.707106781186555));
#3245=DIRECTION('',(-0.70710678118654,0.,0.707106781186555));
#3246=DIRECTION('',(0.,1.,0.));
#3247=DIRECTION('center_axis',(0.,0.,1.));
#3248=DIRECTION('ref_axis',(0.,1.,0.));
#3249=DIRECTION('',(0.,0.70710678118654,0.707106781186555));
#3250=DIRECTION('center_axis',(0.,0.,-1.));
#3251=DIRECTION('ref_axis',(0.,1.,0.));
#3252=DIRECTION('center_axis',(0.,-0.707106781186555,0.70710678118654));
#3253=DIRECTION('ref_axis',(1.,0.,0.));
#3254=DIRECTION('',(0.,0.70710678118654,0.707106781186555));
#3255=DIRECTION('',(1.,0.,0.));
#3256=DIRECTION('center_axis',(0.,0.,1.));
#3257=DIRECTION('ref_axis',(1.,0.,0.));
#3258=DIRECTION('',(0.70710678118654,0.,0.707106781186555));
#3259=DIRECTION('center_axis',(0.,0.,-1.));
#3260=DIRECTION('ref_axis',(1.,0.,0.));
#3261=DIRECTION('center_axis',(-0.707106781186555,0.,0.70710678118654));
#3262=DIRECTION('ref_axis',(0.70710678118654,0.,0.707106781186555));
#3263=DIRECTION('',(0.70710678118654,0.,0.707106781186555));
#3264=DIRECTION('',(0.,-1.,0.));
#3265=DIRECTION('center_axis',(0.,0.,-1.));
#3266=DIRECTION('ref_axis',(-1.,0.,0.));
#3267=DIRECTION('',(0.,0.70710678118654,0.707106781186555));
#3268=DIRECTION('center_axis',(0.,0.,1.));
#3269=DIRECTION('ref_axis',(-1.,0.,0.));
#3270=DIRECTION('center_axis',(0.,-0.707106781186555,0.70710678118654));
#3271=DIRECTION('ref_axis',(1.,0.,0.));
#3272=DIRECTION('',(0.,0.707106781186555,0.70710678118654));
#3273=DIRECTION('',(1.,0.,0.));
#3274=DIRECTION('center_axis',(0.,0.,1.));
#3275=DIRECTION('ref_axis',(1.,0.,0.));
#3276=DIRECTION('',(0.70710678118654,0.,0.707106781186555));
#3277=DIRECTION('center_axis',(0.,0.,-1.));
#3278=DIRECTION('ref_axis',(1.,0.,0.));
#3279=DIRECTION('center_axis',(-0.707106781186555,0.,0.70710678118654));
#3280=DIRECTION('ref_axis',(0.70710678118654,0.,0.707106781186555));
#3281=DIRECTION('',(0.70710678118654,0.,0.707106781186555));
#3282=DIRECTION('',(0.,-1.,0.));
#3283=DIRECTION('center_axis',(0.,0.,1.));
#3284=DIRECTION('ref_axis',(0.,-1.,0.));
#3285=DIRECTION('',(0.,-0.70710678118654,0.707106781186555));
#3286=DIRECTION('center_axis',(0.,0.,-1.));
#3287=DIRECTION('ref_axis',(0.,-1.,0.));
#3288=DIRECTION('center_axis',(0.,0.707106781186555,0.70710678118654));
#3289=DIRECTION('ref_axis',(1.,0.,0.));
#3290=DIRECTION('',(0.,-0.707106781186555,0.70710678118654));
#3291=DIRECTION('',(-1.,0.,0.));
#3292=DIRECTION('center_axis',(0.,0.,1.));
#3293=DIRECTION('ref_axis',(-1.,0.,0.));
#3294=DIRECTION('',(-0.70710678118654,0.,0.707106781186555));
#3295=DIRECTION('center_axis',(0.,0.,-1.));
#3296=DIRECTION('ref_axis',(-1.,0.,0.));
#3297=DIRECTION('center_axis',(0.707106781186555,0.,0.70710678118654));
#3298=DIRECTION('ref_axis',(0.70710678118654,0.,-0.707106781186555));
#3299=DIRECTION('',(-0.70710678118654,0.,0.707106781186555));
#3300=DIRECTION('',(0.,1.,0.));
#3301=DIRECTION('center_axis',(0.,0.,1.));
#3302=DIRECTION('ref_axis',(0.,1.,0.));
#3303=DIRECTION('center_axis',(0.,0.,-1.));
#3304=DIRECTION('ref_axis',(0.,1.,0.));
#3305=DIRECTION('center_axis',(0.,0.,1.));
#3306=DIRECTION('ref_axis',(-1.,0.,0.));
#3307=DIRECTION('',(0.,0.,1.));
#3308=DIRECTION('',(0.,0.,1.));
#3309=DIRECTION('center_axis',(-1.,0.,0.));
#3310=DIRECTION('ref_axis',(0.,-1.,0.));
#3311=DIRECTION('',(0.,0.,1.));
#3312=DIRECTION('center_axis',(0.,0.,1.));
#3313=DIRECTION('ref_axis',(1.,0.,0.));
#3314=DIRECTION('',(0.,0.,1.));
#3315=DIRECTION('center_axis',(0.,-1.,0.));
#3316=DIRECTION('ref_axis',(1.,0.,0.));
#3317=DIRECTION('',(0.,0.,1.));
#3318=DIRECTION('center_axis',(0.,0.,1.));
#3319=DIRECTION('ref_axis',(0.,1.,0.));
#3320=DIRECTION('',(0.,0.,1.));
#3321=DIRECTION('center_axis',(1.,0.,0.));
#3322=DIRECTION('ref_axis',(0.,1.,0.));
#3323=DIRECTION('',(0.,0.,1.));
#3324=DIRECTION('center_axis',(0.,0.,1.));
#3325=DIRECTION('ref_axis',(0.,-1.,0.));
#3326=DIRECTION('',(0.,0.,1.));
#3327=DIRECTION('center_axis',(-9.84131212964128E-16,-1.,0.));
#3328=DIRECTION('ref_axis',(1.,-9.84131212964128E-16,0.));
#3329=DIRECTION('',(0.,0.,1.));
#3330=DIRECTION('center_axis',(0.,-0.707106781186548,0.707106781186548));
#3331=DIRECTION('ref_axis',(1.,0.,0.));
#3332=DIRECTION('',(1.,0.,0.));
#3333=DIRECTION('',(0.,0.707106781186548,0.707106781186548));
#3334=DIRECTION('center_axis',(0.,0.,1.));
#3335=DIRECTION('ref_axis',(1.,8.88178419700113E-15,0.));
#3336=DIRECTION('',(0.70710678118654,7.85046229341895E-15,0.707106781186555));
#3337=DIRECTION('center_axis',(0.,0.,-1.));
#3338=DIRECTION('ref_axis',(1.,8.88178419700113E-15,0.));
#3339=DIRECTION('center_axis',(-0.707106781186524,4.43842391147342E-16,
0.707106781186571));
#3340=DIRECTION('ref_axis',(0.707106781186571,0.,0.707106781186524));
#3341=DIRECTION('',(0.707106781186571,0.,0.707106781186524));
#3342=DIRECTION('',(-6.27687929116696E-16,-1.,0.));
#3343=DIRECTION('center_axis',(0.,0.,1.));
#3344=DIRECTION('ref_axis',(0.,-1.,0.));
#3345=DIRECTION('',(0.,-0.70710678118654,0.707106781186555));
#3346=DIRECTION('center_axis',(0.,0.,-1.));
#3347=DIRECTION('ref_axis',(0.,-1.,0.));
#3348=DIRECTION('center_axis',(6.95885854264285E-16,0.707106781186555,0.70710678118654));
#3349=DIRECTION('ref_axis',(1.,0.,-9.84131212964149E-16));
#3350=DIRECTION('',(0.,-0.70710678118654,0.707106781186555));
#3351=DIRECTION('',(-1.,9.84131212964128E-16,0.));
#3352=DIRECTION('center_axis',(0.,0.,-1.));
#3353=DIRECTION('ref_axis',(0.,1.,0.));
#3354=DIRECTION('',(0.70710678118654,3.14018491736758E-14,0.707106781186555));
#3355=DIRECTION('center_axis',(0.,0.,1.));
#3356=DIRECTION('ref_axis',(0.,1.,0.));
#3357=DIRECTION('center_axis',(-0.707106781186555,-1.39177170852857E-15,
0.70710678118654));
#3358=DIRECTION('ref_axis',(0.70710678118654,0.,0.707106781186555));
#3359=DIRECTION('',(0.70710678118654,0.,0.707106781186555));
#3360=DIRECTION('',(1.96826242592826E-15,-1.,0.));
#3361=DIRECTION('center_axis',(0.,0.,1.));
#3362=DIRECTION('ref_axis',(0.,-1.,0.));
#3363=DIRECTION('',(0.,-0.707106781186555,0.70710678118654));
#3364=DIRECTION('center_axis',(0.,0.,-1.));
#3365=DIRECTION('ref_axis',(0.,-1.,0.));
#3366=DIRECTION('center_axis',(-6.95885854264285E-16,0.707106781186555,
0.70710678118654));
#3367=DIRECTION('ref_axis',(1.,0.,9.84131212964149E-16));
#3368=DIRECTION('',(0.,-0.70710678118654,0.707106781186555));
#3369=DIRECTION('',(-1.,-9.84131212964128E-16,0.));
#3370=DIRECTION('center_axis',(0.,0.,-1.));
#3371=DIRECTION('ref_axis',(0.,1.,0.));
#3372=DIRECTION('',(0.70710678118654,-3.14018491736758E-14,0.707106781186555));
#3373=DIRECTION('center_axis',(0.,0.,1.));
#3374=DIRECTION('ref_axis',(0.,1.,0.));
#3375=DIRECTION('center_axis',(-0.707106781186555,1.39177170852857E-15,
0.70710678118654));
#3376=DIRECTION('ref_axis',(0.70710678118654,0.,0.707106781186555));
#3377=DIRECTION('',(0.70710678118654,0.,0.707106781186555));
#3378=DIRECTION('',(-1.96826242592825E-15,-1.,0.));
#3379=DIRECTION('center_axis',(0.,0.,1.));
#3380=DIRECTION('ref_axis',(0.,-1.,0.));
#3381=DIRECTION('center_axis',(0.,0.,-1.));
#3382=DIRECTION('ref_axis',(0.,-1.,0.));
#3383=DIRECTION('center_axis',(0.,0.,1.));
#3384=DIRECTION('ref_axis',(0.,-1.,0.));
#3385=DIRECTION('',(0.,0.,1.));
#3386=DIRECTION('',(0.,0.,1.));
#3387=DIRECTION('center_axis',(-1.,-1.96826242592826E-15,0.));
#3388=DIRECTION('ref_axis',(1.96826242592826E-15,-1.,0.));
#3389=DIRECTION('',(0.,0.,1.));
#3390=DIRECTION('center_axis',(0.,0.,1.));
#3391=DIRECTION('ref_axis',(0.,1.,0.));
#3392=DIRECTION('',(0.,0.,1.));
#3393=DIRECTION('center_axis',(9.84131212964128E-16,1.,0.));
#3394=DIRECTION('ref_axis',(-1.,9.84131212964128E-16,0.));
#3395=DIRECTION('',(0.,0.,1.));
#3396=DIRECTION('center_axis',(0.,0.,1.));
#3397=DIRECTION('ref_axis',(0.,-1.,0.));
#3398=DIRECTION('',(0.,0.,1.));
#3399=DIRECTION('center_axis',(-1.,6.27687929116696E-16,0.));
#3400=DIRECTION('ref_axis',(-6.27687929116696E-16,-1.,0.));
#3401=DIRECTION('',(0.,0.,1.));
#3402=DIRECTION('center_axis',(0.,0.,1.));
#3403=DIRECTION('ref_axis',(1.,8.88178419700113E-15,0.));
#3404=DIRECTION('',(0.,0.,1.));
#3405=DIRECTION('center_axis',(0.,-1.,0.));
#3406=DIRECTION('ref_axis',(1.,0.,0.));
#3407=DIRECTION('center_axis',(0.,-0.707106781186548,0.707106781186548));
#3408=DIRECTION('ref_axis',(1.,0.,0.));
#3409=DIRECTION('',(0.,0.707106781186548,0.707106781186548));
#3410=DIRECTION('',(0.,-0.707106781186548,-0.707106781186548));
#3411=DIRECTION('',(1.,0.,0.));
#3412=DIRECTION('center_axis',(0.,0.,1.));
#3413=DIRECTION('ref_axis',(1.,0.,0.));
#3414=DIRECTION('',(0.70710678118654,0.,0.707106781186555));
#3415=DIRECTION('center_axis',(0.,0.,-1.));
#3416=DIRECTION('ref_axis',(1.,0.,0.));
#3417=DIRECTION('center_axis',(-0.707106781186555,0.,0.70710678118654));
#3418=DIRECTION('ref_axis',(0.70710678118654,0.,0.707106781186555));
#3419=DIRECTION('',(0.70710678118654,0.,0.707106781186555));
#3420=DIRECTION('',(0.,-1.,0.));
#3421=DIRECTION('center_axis',(0.,0.,1.));
#3422=DIRECTION('ref_axis',(0.,-1.,0.));
#3423=DIRECTION('',(0.,-0.70710678118654,0.707106781186555));
#3424=DIRECTION('center_axis',(0.,0.,-1.));
#3425=DIRECTION('ref_axis',(0.,-1.,0.));
#3426=DIRECTION('center_axis',(0.,0.707106781186548,0.707106781186548));
#3427=DIRECTION('ref_axis',(1.,0.,0.));
#3428=DIRECTION('',(0.,-0.707106781186551,0.707106781186544));
#3429=DIRECTION('',(-1.,0.,0.));
#3430=DIRECTION('center_axis',(0.,0.,1.));
#3431=DIRECTION('ref_axis',(-1.,0.,0.));
#3432=DIRECTION('',(-0.70710678118654,0.,0.707106781186555));
#3433=DIRECTION('center_axis',(0.,0.,-1.));
#3434=DIRECTION('ref_axis',(-1.,0.,0.));
#3435=DIRECTION('center_axis',(0.707106781186555,0.,0.70710678118654));
#3436=DIRECTION('ref_axis',(0.70710678118654,0.,-0.707106781186555));
#3437=DIRECTION('',(-0.70710678118654,3.92523114670948E-15,0.707106781186555));
#3438=DIRECTION('',(0.,1.,0.));
#3439=DIRECTION('center_axis',(0.,0.,1.));
#3440=DIRECTION('ref_axis',(0.,1.,0.));
#3441=DIRECTION('center_axis',(0.,0.,-1.));
#3442=DIRECTION('ref_axis',(0.,1.,0.));
#3443=DIRECTION('center_axis',(0.,0.,1.));
#3444=DIRECTION('ref_axis',(0.,-1.,0.));
#3445=DIRECTION('',(0.,0.,1.));
#3446=DIRECTION('',(0.,0.,1.));
#3447=DIRECTION('center_axis',(-1.,0.,0.));
#3448=DIRECTION('ref_axis',(0.,-1.,0.));
#3449=DIRECTION('',(0.,0.,1.));
#3450=DIRECTION('center_axis',(0.,0.,1.));
#3451=DIRECTION('ref_axis',(1.,0.,0.));
#3452=DIRECTION('',(0.,0.,1.));
#3453=DIRECTION('center_axis',(0.,-1.,0.));
#3454=DIRECTION('ref_axis',(1.,0.,0.));
#3455=DIRECTION('',(0.,0.,1.));
#3456=DIRECTION('center_axis',(0.,-0.707106781186548,0.707106781186548));
#3457=DIRECTION('ref_axis',(1.,0.,0.));
#3458=DIRECTION('',(0.,0.707106781186548,0.707106781186548));
#3459=DIRECTION('',(0.,-0.707106781186548,-0.707106781186548));
#3460=DIRECTION('',(1.,0.,0.));
#3461=DIRECTION('center_axis',(0.,0.,1.));
#3462=DIRECTION('ref_axis',(1.,0.,0.));
#3463=DIRECTION('',(0.70710678118654,0.,0.707106781186555));
#3464=DIRECTION('center_axis',(0.,0.,-1.));
#3465=DIRECTION('ref_axis',(1.,0.,0.));
#3466=DIRECTION('center_axis',(-0.707106781186555,0.,0.70710678118654));
#3467=DIRECTION('ref_axis',(0.70710678118654,0.,0.707106781186555));
#3468=DIRECTION('',(0.70710678118654,0.,0.707106781186555));
#3469=DIRECTION('',(0.,-1.,0.));
#3470=DIRECTION('center_axis',(0.,0.,1.));
#3471=DIRECTION('ref_axis',(0.,-1.,0.));
#3472=DIRECTION('',(0.,-0.70710678118654,0.707106781186555));
#3473=DIRECTION('center_axis',(0.,0.,-1.));
#3474=DIRECTION('ref_axis',(0.,-1.,0.));
#3475=DIRECTION('center_axis',(0.,0.707106781186548,0.707106781186548));
#3476=DIRECTION('ref_axis',(1.,0.,0.));
#3477=DIRECTION('',(0.,-0.707106781186551,0.707106781186544));
#3478=DIRECTION('',(-1.,0.,0.));
#3479=DIRECTION('center_axis',(0.,0.,1.));
#3480=DIRECTION('ref_axis',(-1.,0.,0.));
#3481=DIRECTION('',(-0.70710678118654,0.,0.707106781186555));
#3482=DIRECTION('center_axis',(0.,0.,-1.));
#3483=DIRECTION('ref_axis',(-1.,0.,0.));
#3484=DIRECTION('center_axis',(0.707106781186555,0.,0.70710678118654));
#3485=DIRECTION('ref_axis',(0.70710678118654,0.,-0.707106781186555));
#3486=DIRECTION('',(-0.70710678118654,3.92523114670948E-15,0.707106781186555));
#3487=DIRECTION('',(0.,1.,0.));
#3488=DIRECTION('center_axis',(0.,0.,1.));
#3489=DIRECTION('ref_axis',(0.,1.,0.));
#3490=DIRECTION('center_axis',(0.,0.,-1.));
#3491=DIRECTION('ref_axis',(0.,1.,0.));
#3492=DIRECTION('center_axis',(0.,0.,1.));
#3493=DIRECTION('ref_axis',(0.,-1.,0.));
#3494=DIRECTION('',(0.,0.,1.));
#3495=DIRECTION('',(0.,0.,1.));
#3496=DIRECTION('center_axis',(-1.,0.,0.));
#3497=DIRECTION('ref_axis',(0.,-1.,0.));
#3498=DIRECTION('',(0.,0.,1.));
#3499=DIRECTION('center_axis',(0.,0.,1.));
#3500=DIRECTION('ref_axis',(1.,0.,0.));
#3501=DIRECTION('',(0.,0.,1.));
#3502=DIRECTION('center_axis',(0.,-1.,0.));
#3503=DIRECTION('ref_axis',(1.,0.,0.));
#3504=DIRECTION('',(0.,0.,1.));
#3505=DIRECTION('center_axis',(0.,-0.707106781186548,0.707106781186548));
#3506=DIRECTION('ref_axis',(1.,0.,0.));
#3507=DIRECTION('',(1.,0.,0.));
#3508=DIRECTION('',(0.,0.707106781186548,0.707106781186548));
#3509=DIRECTION('center_axis',(0.,0.,1.));
#3510=DIRECTION('ref_axis',(1.,0.,0.));
#3511=DIRECTION('',(0.70710678118654,0.,0.707106781186555));
#3512=DIRECTION('center_axis',(0.,0.,-1.));
#3513=DIRECTION('ref_axis',(1.,0.,0.));
#3514=DIRECTION('center_axis',(-0.707106781186555,0.,0.70710678118654));
#3515=DIRECTION('ref_axis',(0.70710678118654,0.,0.707106781186555));
#3516=DIRECTION('',(0.70710678118654,0.,0.707106781186555));
#3517=DIRECTION('',(0.,-1.,0.));
#3518=DIRECTION('center_axis',(0.,0.,1.));
#3519=DIRECTION('ref_axis',(0.,-1.,0.));
#3520=DIRECTION('center_axis',(0.,0.,-1.));
#3521=DIRECTION('ref_axis',(0.,-1.,0.));
#3522=DIRECTION('center_axis',(0.,0.,1.));
#3523=DIRECTION('ref_axis',(0.,-1.,0.));
#3524=DIRECTION('',(0.,0.,1.));
#3525=DIRECTION('center_axis',(-1.,0.,0.));
#3526=DIRECTION('ref_axis',(0.,-1.,0.));
#3527=DIRECTION('',(0.,0.,1.));
#3528=DIRECTION('center_axis',(0.,0.,1.));
#3529=DIRECTION('ref_axis',(1.,0.,0.));
#3530=DIRECTION('',(0.,0.,1.));
#3531=DIRECTION('center_axis',(0.,-1.,0.));
#3532=DIRECTION('ref_axis',(1.,0.,0.));
#3533=DIRECTION('center_axis',(0.,-0.649448048330185,0.76040596560003));
#3534=DIRECTION('ref_axis',(1.,0.,0.));
#3535=DIRECTION('',(1.,0.,0.));
#3536=DIRECTION('',(0.,0.76040596560003,0.649448048330185));
#3537=DIRECTION('',(-0.707659310055893,0.0273352273296238,0.706024848173246));
#3538=DIRECTION('center_axis',(0.707106781186543,0.,0.707106781186552));
#3539=DIRECTION('ref_axis',(0.707106781186552,0.,-0.707106781186543));
#3540=DIRECTION('',(-0.707106781186552,0.,0.707106781186543));
#3541=DIRECTION('',(0.707106781186552,0.,-0.707106781186543));
#3542=DIRECTION('',(0.,1.,0.));
#3543=DIRECTION('center_axis',(0.,0.,-1.));
#3544=DIRECTION('ref_axis',(0.707106781186552,0.707106781186543,0.));
#3545=DIRECTION('center_axis',(0.,0.,1.));
#3546=DIRECTION('ref_axis',(0.707106781186552,0.707106781186543,0.));
#3547=DIRECTION('center_axis',(0.,0.,1.));
#3548=DIRECTION('ref_axis',(0.707106781186552,0.707106781186543,0.));
#3549=DIRECTION('',(0.,0.,-1.));
#3550=DIRECTION('center_axis',(0.,-0.987688340595138,0.156434465040231));
#3551=DIRECTION('ref_axis',(1.,0.,0.));
#3552=DIRECTION('',(0.,-0.156434465040231,-0.987688340595138));
#3553=DIRECTION('center_axis',(0.,0.156434465040231,0.987688340595138));
#3554=DIRECTION('ref_axis',(0.707106781186553,-0.698401123333705,0.110615871041236));
#3555=DIRECTION('',(0.,0.156434465040231,0.987688340595138));
#3556=DIRECTION('center_axis',(0.,0.,1.));
#3557=DIRECTION('ref_axis',(1.,2.22044604925012E-15,0.));
#3558=DIRECTION('',(0.,0.,1.));
#3559=DIRECTION('center_axis',(0.,0.,1.));
#3560=DIRECTION('ref_axis',(1.,2.22044604925012E-15,0.));
#3561=DIRECTION('',(0.,0.,1.));
#3562=DIRECTION('center_axis',(1.,-2.368475785867E-15,0.));
#3563=DIRECTION('ref_axis',(2.368475785867E-15,1.,0.));
#3564=DIRECTION('',(0.,0.,1.));
#3565=DIRECTION('',(2.368475785867E-15,1.,0.));
#3566=DIRECTION('center_axis',(0.,0.,1.));
#3567=DIRECTION('ref_axis',(0.,-1.,0.));
#3568=DIRECTION('',(0.,0.,1.));
#3569=DIRECTION('center_axis',(0.,0.,1.));
#3570=DIRECTION('ref_axis',(0.,-1.,0.));
#3571=DIRECTION('center_axis',(-8.88178419700125E-16,-1.,0.));
#3572=DIRECTION('ref_axis',(1.,-8.88178419700125E-16,0.));
#3573=DIRECTION('',(0.,0.,1.));
#3574=DIRECTION('',(1.,-8.88178419700125E-16,0.));
#3575=DIRECTION('center_axis',(0.,0.,1.));
#3576=DIRECTION('ref_axis',(-1.,4.44089209850088E-14,0.));
#3577=DIRECTION('',(0.,0.,1.));
#3578=DIRECTION('center_axis',(0.,0.,1.));
#3579=DIRECTION('ref_axis',(-1.,4.44089209850088E-14,0.));
#3580=DIRECTION('center_axis',(-1.,0.,0.));
#3581=DIRECTION('ref_axis',(0.,-1.,0.));
#3582=DIRECTION('',(0.,0.,1.));
#3583=DIRECTION('',(0.,-1.,0.));
#3584=DIRECTION('center_axis',(0.,0.,1.));
#3585=DIRECTION('ref_axis',(0.,1.,0.));
#3586=DIRECTION('',(0.,0.,1.));
#3587=DIRECTION('center_axis',(0.,0.,1.));
#3588=DIRECTION('ref_axis',(0.,1.,0.));
#3589=DIRECTION('center_axis',(0.,1.,0.));
#3590=DIRECTION('ref_axis',(-1.,0.,0.));
#3591=DIRECTION('',(-1.,0.,0.));
#3592=DIRECTION('center_axis',(0.,0.,1.));
#3593=DIRECTION('ref_axis',(1.,0.,0.));
#3594=DIRECTION('center_axis',(0.,0.,-1.));
#3595=DIRECTION('ref_axis',(1.,0.,0.));
#3596=DIRECTION('center_axis',(0.,0.,1.));
#3597=DIRECTION('ref_axis',(1.,0.,0.));
#3598=DIRECTION('',(0.,0.,-1.));
#3599=DIRECTION('center_axis',(0.,0.,1.));
#3600=DIRECTION('ref_axis',(1.,0.,0.));
#3601=DIRECTION('',(0.,0.,1.));
#3602=DIRECTION('center_axis',(0.,-1.,0.));
#3603=DIRECTION('ref_axis',(1.,0.,0.));
#3604=DIRECTION('',(0.,0.,1.));
#3605=DIRECTION('center_axis',(0.,0.,1.));
#3606=DIRECTION('ref_axis',(0.,1.,0.));
#3607=DIRECTION('',(0.,0.,1.));
#3608=DIRECTION('center_axis',(1.,0.,0.));
#3609=DIRECTION('ref_axis',(0.,1.,0.));
#3610=DIRECTION('center_axis',(0.,0.,1.));
#3611=DIRECTION('ref_axis',(0.,1.,0.));
#3612=DIRECTION('',(0.,0.,1.));
#3613=DIRECTION('center_axis',(1.,0.,0.));
#3614=DIRECTION('ref_axis',(0.,1.,0.));
#3615=DIRECTION('',(0.,0.,1.));
#3616=DIRECTION('center_axis',(0.,0.,1.));
#3617=DIRECTION('ref_axis',(-1.,0.,0.));
#3618=DIRECTION('',(0.,0.,1.));
#3619=DIRECTION('center_axis',(0.,1.,0.));
#3620=DIRECTION('ref_axis',(-1.,0.,0.));
#3621=DIRECTION('center_axis',(0.,0.,1.));
#3622=DIRECTION('ref_axis',(0.,1.,0.));
#3623=DIRECTION('',(0.,0.,1.));
#3624=DIRECTION('center_axis',(1.,0.,0.));
#3625=DIRECTION('ref_axis',(0.,1.,0.));
#3626=DIRECTION('',(0.,0.,1.));
#3627=DIRECTION('center_axis',(0.,0.,1.));
#3628=DIRECTION('ref_axis',(-1.,0.,0.));
#3629=DIRECTION('',(0.,0.,1.));
#3630=DIRECTION('center_axis',(0.,1.,0.));
#3631=DIRECTION('ref_axis',(-1.,0.,0.));
#3632=DIRECTION('',(0.,0.,1.));
#3633=DIRECTION('center_axis',(0.,0.,1.));
#3634=DIRECTION('ref_axis',(0.,-1.,0.));
#3635=DIRECTION('',(0.,0.,1.));
#3636=DIRECTION('center_axis',(-1.,0.,0.));
#3637=DIRECTION('ref_axis',(0.,-1.,0.));
#3638=DIRECTION('',(0.,0.,1.));
#3639=DIRECTION('center_axis',(0.,0.,1.));
#3640=DIRECTION('ref_axis',(1.,0.,0.));
#3641=DIRECTION('',(0.,0.,1.));
#3642=DIRECTION('center_axis',(0.,-1.,0.));
#3643=DIRECTION('ref_axis',(1.,0.,0.));
#3644=DIRECTION('center_axis',(0.,0.,1.));
#3645=DIRECTION('ref_axis',(0.,-1.,0.));
#3646=DIRECTION('',(0.,0.,1.));
#3647=DIRECTION('center_axis',(-1.,1.96826242592825E-15,0.));
#3648=DIRECTION('ref_axis',(-1.96826242592825E-15,-1.,0.));
#3649=DIRECTION('',(0.,0.,1.));
#3650=DIRECTION('center_axis',(0.,0.,1.));
#3651=DIRECTION('ref_axis',(0.,1.,0.));
#3652=DIRECTION('',(0.,0.,1.));
#3653=DIRECTION('center_axis',(-9.84131212964128E-16,1.,0.));
#3654=DIRECTION('ref_axis',(-1.,-9.84131212964128E-16,0.));
#3655=DIRECTION('center_axis',(0.,0.,1.));
#3656=DIRECTION('ref_axis',(0.,1.,0.));
#3657=DIRECTION('',(0.,0.,1.));
#3658=DIRECTION('center_axis',(1.,0.,0.));
#3659=DIRECTION('ref_axis',(0.,1.,0.));
#3660=DIRECTION('',(0.,0.,1.));
#3661=DIRECTION('center_axis',(0.,0.,1.));
#3662=DIRECTION('ref_axis',(-1.,0.,0.));
#3663=DIRECTION('',(0.,0.,1.));
#3664=DIRECTION('center_axis',(0.,1.,0.));
#3665=DIRECTION('ref_axis',(-1.,0.,0.));
#3666=DIRECTION('center_axis',(1.,0.,0.));
#3667=DIRECTION('ref_axis',(0.,1.,0.));
#3668=CARTESIAN_POINT('',(0.,0.,0.));
#3669=CARTESIAN_POINT('Origin',(150.576,-5.69075311395846,11.5));
#3670=CARTESIAN_POINT('',(150.576,8.999,18.5));
#3671=CARTESIAN_POINT('',(150.576,-4.638,18.5));
#3672=CARTESIAN_POINT('',(150.576,-35.8381265569792,18.5));
#3673=CARTESIAN_POINT('',(150.576,9.999,17.5));
#3674=CARTESIAN_POINT('',(150.576,7.32656172151039,20.1724382784896));
#3675=CARTESIAN_POINT('',(150.576,9.999,11.5));
#3676=CARTESIAN_POINT('',(150.576,9.999,11.5));
#3677=CARTESIAN_POINT('',(150.576,-5.038,11.5));
#3678=CARTESIAN_POINT('',(150.576,-35.8381265569792,11.5));
#3679=CARTESIAN_POINT('',(150.576,-5.038,18.1));
#3680=CARTESIAN_POINT('',(150.576,-5.038,11.5));
#3681=CARTESIAN_POINT('',(150.576,-6.75118827848961,16.3868117215104));
#3682=CARTESIAN_POINT('Origin',(162.576,-120.690753113958,11.5));
#3683=CARTESIAN_POINT('',(162.576,-24.938,18.5));
#3684=CARTESIAN_POINT('',(162.576,-28.4505,18.5));
#3685=CARTESIAN_POINT('',(162.576,-93.3381265569792,18.5));
#3686=CARTESIAN_POINT('',(162.576,-24.538,18.1));
#3687=CARTESIAN_POINT('',(162.576,-47.0261882784896,40.5881882784896));
#3688=CARTESIAN_POINT('',(162.576,-24.538,11.5));
#3689=CARTESIAN_POINT('',(162.576,-24.538,11.5));
#3690=CARTESIAN_POINT('',(162.576,-28.8505,11.5));
#3691=CARTESIAN_POINT('',(162.576,-93.3381265569792,11.5));
#3692=CARTESIAN_POINT('',(162.576,-28.8505,18.1));
#3693=CARTESIAN_POINT('',(162.576,-28.8505,11.5));
#3694=CARTESIAN_POINT('',(162.576,-53.3605632784896,-6.41006327848961));
#3695=CARTESIAN_POINT('Origin',(174.576,-145.690753113958,11.5));
#3696=CARTESIAN_POINT('',(174.576,-124.9505,18.5));
#3697=CARTESIAN_POINT('',(174.576,-140.97,18.5));
#3698=CARTESIAN_POINT('',(174.576,-105.838126556979,18.5));
#3699=CARTESIAN_POINT('',(174.576,-124.5505,18.1));
#3700=CARTESIAN_POINT('',(174.576,-128.28556327849,21.8350632784896));
#3701=CARTESIAN_POINT('',(174.576,-124.5505,11.5));
#3702=CARTESIAN_POINT('',(174.576,-124.5505,11.5));
#3703=CARTESIAN_POINT('',(174.576,-143.078691082272,11.5));
#3704=CARTESIAN_POINT('',(174.576,-105.838126556979,11.5));
#3705=CARTESIAN_POINT('',(174.576,-142.12643446504,17.5123116594049));
#3706=CARTESIAN_POINT('',(174.576,-143.103827022648,11.3412979183788));
#3707=CARTESIAN_POINT('',(174.576,-144.352373612783,15.6111800263004));
#3708=CARTESIAN_POINT('Origin',(334.851,9.999,11.5));
#3709=CARTESIAN_POINT('',(330.851,9.999,17.5));
#3710=CARTESIAN_POINT('',(248.6385,9.999,17.5));
#3711=CARTESIAN_POINT('',(330.851,9.999,11.5));
#3712=CARTESIAN_POINT('',(330.851,9.999,11.5));
#3713=CARTESIAN_POINT('',(248.6385,9.999,11.5));
#3714=CARTESIAN_POINT('Origin',(248.6385,9.499,18.));
#3715=CARTESIAN_POINT('',(330.851,8.99899999999996,18.5));
#3716=CARTESIAN_POINT('',(248.6385,8.999,18.5));
#3717=CARTESIAN_POINT('',(330.851,9.999,17.5));
#3718=CARTESIAN_POINT('Origin',(185.963,-24.538,11.5));
#3719=CARTESIAN_POINT('',(185.963,-24.538,18.1));
#3720=CARTESIAN_POINT('',(174.1945,-24.538,18.1));
#3721=CARTESIAN_POINT('',(185.963,-24.538,11.5));
#3722=CARTESIAN_POINT('',(185.963,-24.538,11.5));
#3723=CARTESIAN_POINT('',(174.1945,-24.538,11.5));
#3724=CARTESIAN_POINT('Origin',(174.1945,-24.738,18.3));
#3725=CARTESIAN_POINT('',(185.963,-24.938,18.5));
#3726=CARTESIAN_POINT('',(174.1945,-24.938,18.5));
#3727=CARTESIAN_POINT('',(185.963,-24.538,18.1));
#3728=CARTESIAN_POINT('Origin',(252.638,-124.5505,11.5));
#3729=CARTESIAN_POINT('',(252.638,-124.5505,18.1));
#3730=CARTESIAN_POINT('',(207.532,-124.5505,18.1));
#3731=CARTESIAN_POINT('',(252.638,-124.5505,11.5));
#3732=CARTESIAN_POINT('',(252.638,-124.5505,11.5));
#3733=CARTESIAN_POINT('',(207.532,-124.5505,11.5));
#3734=CARTESIAN_POINT('Origin',(162.426,-65.9855,11.5));
#3735=CARTESIAN_POINT('',(334.851,5.999,11.5));
#3736=CARTESIAN_POINT('Origin',(330.851,5.999,11.5));
#3737=CARTESIAN_POINT('',(334.851,-139.02883057912,11.5));
#3738=CARTESIAN_POINT('',(334.851,-103.97775,11.5));
#3739=CARTESIAN_POINT('',(330.851,-143.078691082272,11.5));
#3740=CARTESIAN_POINT('Origin',(330.851,-139.02883057912,11.5));
#3741=CARTESIAN_POINT('',(76.2135,-143.078691082272,11.5));
#3742=CARTESIAN_POINT('',(253.138,-124.0505,11.5));
#3743=CARTESIAN_POINT('Origin',(252.638,-124.0505,11.5));
#3744=CARTESIAN_POINT('',(253.138,-106.0005,11.5));
#3745=CARTESIAN_POINT('',(253.138,-85.9930000000001,11.5));
#3746=CARTESIAN_POINT('',(253.638,-105.5005,11.5));
#3747=CARTESIAN_POINT('Origin',(253.638,-106.0005,11.5));
#3748=CARTESIAN_POINT('',(271.688,-105.5005,11.5));
#3749=CARTESIAN_POINT('',(217.057,-105.5005,11.5));
#3750=CARTESIAN_POINT('',(272.188,-105.0005,11.5));
#3751=CARTESIAN_POINT('Origin',(271.688,-105.0005,11.5));
#3752=CARTESIAN_POINT('',(272.188,-86.9505,11.5));
#3753=CARTESIAN_POINT('',(272.188,-76.4679999999999,11.5));
#3754=CARTESIAN_POINT('',(272.688,-86.4505,11.5));
#3755=CARTESIAN_POINT('Origin',(272.688,-86.9505,11.5));
#3756=CARTESIAN_POINT('',(290.738,-86.4505,11.5));
#3757=CARTESIAN_POINT('',(226.582,-86.4504999999999,11.5));
#3758=CARTESIAN_POINT('',(291.238,-85.9505,11.5));
#3759=CARTESIAN_POINT('Origin',(290.738,-85.9505,11.5));
#3760=CARTESIAN_POINT('',(291.238,-29.3505,11.5));
#3761=CARTESIAN_POINT('',(291.238,-47.668,11.5));
#3762=CARTESIAN_POINT('',(290.738,-28.8505,11.5));
#3763=CARTESIAN_POINT('Origin',(290.738,-29.3505,11.5));
#3764=CARTESIAN_POINT('',(83.982,-28.8505,11.5));
#3765=CARTESIAN_POINT('',(186.463,-24.038,11.5));
#3766=CARTESIAN_POINT('Origin',(185.963,-24.038,11.5));
#3767=CARTESIAN_POINT('',(186.463,-5.53800000000001,11.5));
#3768=CARTESIAN_POINT('',(186.463,-35.76175,11.5));
#3769=CARTESIAN_POINT('',(185.963,-5.038,11.5));
#3770=CARTESIAN_POINT('Origin',(185.963,-5.53800000000001,11.5));
#3771=CARTESIAN_POINT('',(136.3695,-5.038,11.5));
#3772=CARTESIAN_POINT('',(327.551,-136.97,11.5));
#3773=CARTESIAN_POINT('Origin',(329.851,-136.97,11.5));
#3774=CARTESIAN_POINT('',(160.126,4.999,11.5));
#3775=CARTESIAN_POINT('Origin',(162.426,4.999,11.5));
#3776=CARTESIAN_POINT('',(300.313,-29.3505,11.5));
#3777=CARTESIAN_POINT('',(300.313,-105.0005,11.5));
#3778=CARTESIAN_POINT('',(300.313,-85.493,11.5));
#3779=CARTESIAN_POINT('',(300.813,-105.5005,11.5));
#3780=CARTESIAN_POINT('Origin',(300.813,-105.0005,11.5));
#3781=CARTESIAN_POINT('',(319.313,-105.5005,11.5));
#3782=CARTESIAN_POINT('',(240.8695,-105.5005,11.5));
#3783=CARTESIAN_POINT('',(319.813,-105.0005,11.5));
#3784=CARTESIAN_POINT('Origin',(319.313,-105.0005,11.5));
#3785=CARTESIAN_POINT('',(319.813,-29.3505,11.5));
#3786=CARTESIAN_POINT('',(319.813,-47.668,11.5));
#3787=CARTESIAN_POINT('',(319.313,-28.8505,11.5));
#3788=CARTESIAN_POINT('Origin',(319.313,-29.3505,11.5));
#3789=CARTESIAN_POINT('',(300.813,-28.8505,11.5));
#3790=CARTESIAN_POINT('',(231.6195,-28.8505,11.5));
#3791=CARTESIAN_POINT('Origin',(300.813,-29.3505,11.5));
#3792=CARTESIAN_POINT('',(266.9255,-5.038,11.5));
#3793=CARTESIAN_POINT('',(191.2755,-5.038,11.5));
#3794=CARTESIAN_POINT('',(176.85075,-5.038,11.5));
#3795=CARTESIAN_POINT('',(190.7755,-5.538,11.5));
#3796=CARTESIAN_POINT('Origin',(191.2755,-5.538,11.5));
#3797=CARTESIAN_POINT('',(190.7755,-24.038,11.5));
#3798=CARTESIAN_POINT('',(190.7755,-45.01175,11.5));
#3799=CARTESIAN_POINT('',(191.2755,-24.538,11.5));
#3800=CARTESIAN_POINT('Origin',(191.2755,-24.038,11.5));
#3801=CARTESIAN_POINT('',(266.9255,-24.538,11.5));
#3802=CARTESIAN_POINT('',(214.67575,-24.538,11.5));
#3803=CARTESIAN_POINT('',(267.4255,-24.038,11.5));
#3804=CARTESIAN_POINT('Origin',(266.9255,-24.038,11.5));
#3805=CARTESIAN_POINT('',(267.4255,-5.53800000000001,11.5));
#3806=CARTESIAN_POINT('',(267.4255,-35.76175,11.5));
#3807=CARTESIAN_POINT('Origin',(266.9255,-5.53800000000001,11.5));
#3808=CARTESIAN_POINT('',(295.5005,-90.763,11.5));
#3809=CARTESIAN_POINT('',(277.0005,-90.763,11.5));
#3810=CARTESIAN_POINT('',(219.71325,-90.763,11.5));
#3811=CARTESIAN_POINT('',(276.5005,-91.263,11.5));
#3812=CARTESIAN_POINT('Origin',(277.0005,-91.263,11.5));
#3813=CARTESIAN_POINT('',(276.5005,-109.313,11.5));
#3814=CARTESIAN_POINT('',(276.5005,-87.64925,11.5));
#3815=CARTESIAN_POINT('',(276.0005,-109.813,11.5));
#3816=CARTESIAN_POINT('Origin',(276.0005,-109.313,11.5));
#3817=CARTESIAN_POINT('',(257.9505,-109.813,11.5));
#3818=CARTESIAN_POINT('',(210.18825,-109.813,11.5));
#3819=CARTESIAN_POINT('',(257.4505,-110.313,11.5));
#3820=CARTESIAN_POINT('Origin',(257.9505,-110.313,11.5));
#3821=CARTESIAN_POINT('',(257.4505,-128.813,11.5));
#3822=CARTESIAN_POINT('',(257.4505,-97.39925,11.5));
#3823=CARTESIAN_POINT('',(257.9505,-129.313,11.5));
#3824=CARTESIAN_POINT('Origin',(257.9505,-128.813,11.5));
#3825=CARTESIAN_POINT('',(314.5505,-129.313,11.5));
#3826=CARTESIAN_POINT('',(238.48825,-129.313,11.5));
#3827=CARTESIAN_POINT('',(315.0505,-128.813,11.5));
#3828=CARTESIAN_POINT('Origin',(314.5505,-128.813,11.5));
#3829=CARTESIAN_POINT('',(315.0505,-110.313,11.5));
#3830=CARTESIAN_POINT('',(315.0505,-88.14925,11.5));
#3831=CARTESIAN_POINT('',(314.5505,-109.813,11.5));
#3832=CARTESIAN_POINT('Origin',(314.5505,-110.313,11.5));
#3833=CARTESIAN_POINT('',(296.5005,-109.813,11.5));
#3834=CARTESIAN_POINT('',(229.46325,-109.813,11.5));
#3835=CARTESIAN_POINT('',(296.0005,-109.313,11.5));
#3836=CARTESIAN_POINT('Origin',(296.5005,-109.313,11.5));
#3837=CARTESIAN_POINT('',(296.0005,-91.263,11.5));
#3838=CARTESIAN_POINT('',(296.0005,-78.62425,11.5));
#3839=CARTESIAN_POINT('Origin',(295.5005,-91.263,11.5));
#3840=CARTESIAN_POINT('',(272.238,-24.538,11.5));
#3841=CARTESIAN_POINT('',(290.738,-24.538,11.5));
#3842=CARTESIAN_POINT('',(226.582,-24.538,11.5));
#3843=CARTESIAN_POINT('',(291.238,-24.038,11.5));
#3844=CARTESIAN_POINT('Origin',(290.738,-24.038,11.5));
#3845=CARTESIAN_POINT('',(291.238,-5.53800000000001,11.5));
#3846=CARTESIAN_POINT('',(291.238,-35.76175,11.5));
#3847=CARTESIAN_POINT('',(290.738,-5.038,11.5));
#3848=CARTESIAN_POINT('Origin',(290.738,-5.53800000000001,11.5));
#3849=CARTESIAN_POINT('',(272.238,-5.038,11.5));
#3850=CARTESIAN_POINT('',(217.332,-5.038,11.5));
#3851=CARTESIAN_POINT('',(271.738,-5.538,11.5));
#3852=CARTESIAN_POINT('Origin',(272.238,-5.538,11.5));
#3853=CARTESIAN_POINT('',(271.738,-24.038,11.5));
#3854=CARTESIAN_POINT('',(271.738,-45.01175,11.5));
#3855=CARTESIAN_POINT('Origin',(272.238,-24.038,11.5));
#3856=CARTESIAN_POINT('',(318.063,-7.288,11.5));
#3857=CARTESIAN_POINT('',(317.563,-6.78799999999996,11.5));
#3858=CARTESIAN_POINT('Origin',(317.563,-7.288,11.5));
#3859=CARTESIAN_POINT('',(302.563,-6.788,11.5));
#3860=CARTESIAN_POINT('',(239.9945,-6.788,11.5));
#3861=CARTESIAN_POINT('',(302.063,-7.288,11.5));
#3862=CARTESIAN_POINT('Origin',(302.563,-7.288,11.5));
#3863=CARTESIAN_POINT('',(302.063,-22.288,11.5));
#3864=CARTESIAN_POINT('',(302.063,-36.63675,11.5));
#3865=CARTESIAN_POINT('',(302.563,-22.788,11.5));
#3866=CARTESIAN_POINT('Origin',(302.563,-22.288,11.5));
#3867=CARTESIAN_POINT('',(317.563,-22.788,11.5));
#3868=CARTESIAN_POINT('',(232.4945,-22.7879999999999,11.5));
#3869=CARTESIAN_POINT('',(318.063,-22.288,11.5));
#3870=CARTESIAN_POINT('Origin',(317.563,-22.288,11.5));
#3871=CARTESIAN_POINT('',(318.063,-44.1367500000002,11.5));
#3872=CARTESIAN_POINT('',(327.551,4.999,11.5));
#3873=CARTESIAN_POINT('Origin',(329.851,4.999,11.5));
#3874=CARTESIAN_POINT('Origin',(207.532,-124.7505,18.3));
#3875=CARTESIAN_POINT('',(252.638,-124.9505,18.5));
#3876=CARTESIAN_POINT('',(207.532,-124.9505,18.5));
#3877=CARTESIAN_POINT('',(252.638,-124.5505,18.1));
#3878=CARTESIAN_POINT('Origin',(162.426,-65.9855,18.5));
#3879=CARTESIAN_POINT('',(185.963,-4.638,18.5));
#3880=CARTESIAN_POINT('',(136.3695,-4.638,18.5));
#3881=CARTESIAN_POINT('',(186.863,-5.53800000000001,18.5));
#3882=CARTESIAN_POINT('Origin',(185.963,-5.53800000000001,18.5));
#3883=CARTESIAN_POINT('',(186.863,-24.038,18.5));
#3884=CARTESIAN_POINT('',(186.863,-35.76175,18.5));
#3885=CARTESIAN_POINT('Origin',(185.963,-24.038,18.5));
#3886=CARTESIAN_POINT('',(290.738,-28.4505,18.5));
#3887=CARTESIAN_POINT('',(83.982,-28.4505,18.5));
#3888=CARTESIAN_POINT('',(291.638,-29.3505,18.5));
#3889=CARTESIAN_POINT('Origin',(290.738,-29.3505,18.5));
#3890=CARTESIAN_POINT('',(291.638,-85.9505,18.5));
#3891=CARTESIAN_POINT('',(291.638,-47.668,18.5));
#3892=CARTESIAN_POINT('',(290.738,-86.8505,18.5));
#3893=CARTESIAN_POINT('Origin',(290.738,-85.9505,18.5));
#3894=CARTESIAN_POINT('',(272.688,-86.8505,18.5));
#3895=CARTESIAN_POINT('',(226.582,-86.8504999999999,18.5));
#3896=CARTESIAN_POINT('',(272.588,-86.9505,18.5));
#3897=CARTESIAN_POINT('Origin',(272.688,-86.9505,18.5));
#3898=CARTESIAN_POINT('',(272.588,-105.0005,18.5));
#3899=CARTESIAN_POINT('',(272.588,-76.4679999999999,18.5));
#3900=CARTESIAN_POINT('',(271.688,-105.9005,18.5));
#3901=CARTESIAN_POINT('Origin',(271.688,-105.0005,18.5));
#3902=CARTESIAN_POINT('',(253.638,-105.9005,18.5));
#3903=CARTESIAN_POINT('',(217.057,-105.9005,18.5));
#3904=CARTESIAN_POINT('',(253.538,-106.0005,18.5));
#3905=CARTESIAN_POINT('Origin',(253.638,-106.0005,18.5));
#3906=CARTESIAN_POINT('',(253.538,-124.0505,18.5));
#3907=CARTESIAN_POINT('',(253.538,-85.9930000000001,18.5));
#3908=CARTESIAN_POINT('Origin',(252.638,-124.0505,18.5));
#3909=CARTESIAN_POINT('',(330.851,-140.97,18.5));
#3910=CARTESIAN_POINT('',(76.2135,-140.97,18.5));
#3911=CARTESIAN_POINT('',(333.848689665651,-138.039806288075,18.5));
#3912=CARTESIAN_POINT('Ctrl Pts',(333.848689665651,-138.039806288075,18.5));
#3913=CARTESIAN_POINT('Ctrl Pts',(333.822827432762,-138.709332451589,18.5));
#3914=CARTESIAN_POINT('Ctrl Pts',(333.235935177036,-140.250727503107,18.5));
#3915=CARTESIAN_POINT('Ctrl Pts',(331.722624443629,-140.97,18.5));
#3916=CARTESIAN_POINT('Ctrl Pts',(330.851,-140.97,18.5));
#3917=CARTESIAN_POINT('',(333.851,-137.920139496848,18.5));
#3918=CARTESIAN_POINT('Ctrl Pts',(333.851,-137.920139496848,18.5));
#3919=CARTESIAN_POINT('Ctrl Pts',(333.851,-137.960038827732,18.5));
#3920=CARTESIAN_POINT('Ctrl Pts',(333.850229678505,-137.99993815671,18.5));
#3921=CARTESIAN_POINT('Ctrl Pts',(333.848689665651,-138.039806288075,18.5));
#3922=CARTESIAN_POINT('',(333.851,5.999,18.5));
#3923=CARTESIAN_POINT('',(333.851,-103.97775,18.5));
#3924=CARTESIAN_POINT('Origin',(330.851,5.999,18.5));
#3925=CARTESIAN_POINT('',(320.213,-105.0005,18.5));
#3926=CARTESIAN_POINT('',(320.213,-29.3505,18.5));
#3927=CARTESIAN_POINT('',(320.213,-47.668,18.5));
#3928=CARTESIAN_POINT('',(319.313,-105.9005,18.5));
#3929=CARTESIAN_POINT('Origin',(319.313,-105.0005,18.5));
#3930=CARTESIAN_POINT('',(300.813,-105.9005,18.5));
#3931=CARTESIAN_POINT('',(240.8695,-105.9005,18.5));
#3932=CARTESIAN_POINT('',(299.913,-105.0005,18.5));
#3933=CARTESIAN_POINT('Origin',(300.813,-105.0005,18.5));
#3934=CARTESIAN_POINT('',(299.913,-29.3505,18.5));
#3935=CARTESIAN_POINT('',(299.913,-85.493,18.5));
#3936=CARTESIAN_POINT('',(300.813,-28.4505,18.5));
#3937=CARTESIAN_POINT('Origin',(300.813,-29.3505,18.5));
#3938=CARTESIAN_POINT('',(319.313,-28.4505,18.5));
#3939=CARTESIAN_POINT('',(231.6195,-28.4505,18.5));
#3940=CARTESIAN_POINT('Origin',(319.313,-29.3505,18.5));
#3941=CARTESIAN_POINT('',(266.9255,-4.638,18.5));
#3942=CARTESIAN_POINT('',(191.2755,-4.638,18.5));
#3943=CARTESIAN_POINT('',(176.85075,-4.638,18.5));
#3944=CARTESIAN_POINT('',(267.8255,-5.53800000000001,18.5));
#3945=CARTESIAN_POINT('Origin',(266.9255,-5.53800000000001,18.5));
#3946=CARTESIAN_POINT('',(267.8255,-24.038,18.5));
#3947=CARTESIAN_POINT('',(267.8255,-35.76175,18.5));
#3948=CARTESIAN_POINT('',(266.9255,-24.938,18.5));
#3949=CARTESIAN_POINT('Origin',(266.9255,-24.038,18.5));
#3950=CARTESIAN_POINT('',(191.2755,-24.938,18.5));
#3951=CARTESIAN_POINT('',(214.67575,-24.938,18.5));
#3952=CARTESIAN_POINT('',(190.3755,-24.038,18.5));
#3953=CARTESIAN_POINT('Origin',(191.2755,-24.038,18.5));
#3954=CARTESIAN_POINT('',(190.3755,-5.538,18.5));
#3955=CARTESIAN_POINT('',(190.3755,-45.01175,18.5));
#3956=CARTESIAN_POINT('Origin',(191.2755,-5.538,18.5));
#3957=CARTESIAN_POINT('',(306.063,-14.788,18.5));
#3958=CARTESIAN_POINT('Origin',(310.063,-14.788,18.5));
#3959=CARTESIAN_POINT('',(290.738,-4.638,18.5));
#3960=CARTESIAN_POINT('',(272.238,-4.638,18.5));
#3961=CARTESIAN_POINT('',(217.332,-4.638,18.5));
#3962=CARTESIAN_POINT('',(291.638,-5.53800000000001,18.5));
#3963=CARTESIAN_POINT('Origin',(290.738,-5.53800000000001,18.5));
#3964=CARTESIAN_POINT('',(291.638,-24.038,18.5));
#3965=CARTESIAN_POINT('',(291.638,-35.76175,18.5));
#3966=CARTESIAN_POINT('',(290.738,-24.938,18.5));
#3967=CARTESIAN_POINT('Origin',(290.738,-24.038,18.5));
#3968=CARTESIAN_POINT('',(272.238,-24.938,18.5));
#3969=CARTESIAN_POINT('',(226.582,-24.938,18.5));
#3970=CARTESIAN_POINT('',(271.338,-24.038,18.5));
#3971=CARTESIAN_POINT('Origin',(272.238,-24.038,18.5));
#3972=CARTESIAN_POINT('',(271.338,-5.538,18.5));
#3973=CARTESIAN_POINT('',(271.338,-45.01175,18.5));
#3974=CARTESIAN_POINT('Origin',(272.238,-5.538,18.5));
#3975=CARTESIAN_POINT('',(276.0005,-109.413,18.5));
#3976=CARTESIAN_POINT('',(257.9505,-109.413,18.5));
#3977=CARTESIAN_POINT('',(210.18825,-109.413,18.5));
#3978=CARTESIAN_POINT('',(276.1005,-109.313,18.5));
#3979=CARTESIAN_POINT('Origin',(276.0005,-109.313,18.5));
#3980=CARTESIAN_POINT('',(276.1005,-91.263,18.5));
#3981=CARTESIAN_POINT('',(276.1005,-87.64925,18.5));
#3982=CARTESIAN_POINT('',(277.0005,-90.363,18.5));
#3983=CARTESIAN_POINT('Origin',(277.0005,-91.263,18.5));
#3984=CARTESIAN_POINT('',(295.5005,-90.363,18.5));
#3985=CARTESIAN_POINT('',(219.71325,-90.363,18.5));
#3986=CARTESIAN_POINT('',(296.4005,-91.263,18.5));
#3987=CARTESIAN_POINT('Origin',(295.5005,-91.263,18.5));
#3988=CARTESIAN_POINT('',(296.4005,-109.313,18.5));
#3989=CARTESIAN_POINT('',(296.4005,-78.62425,18.5));
#3990=CARTESIAN_POINT('',(296.5005,-109.413,18.5));
#3991=CARTESIAN_POINT('Origin',(296.5005,-109.313,18.5));
#3992=CARTESIAN_POINT('',(314.5505,-109.413,18.5));
#3993=CARTESIAN_POINT('',(229.46325,-109.413,18.5));
#3994=CARTESIAN_POINT('',(315.4505,-110.313,18.5));
#3995=CARTESIAN_POINT('Origin',(314.5505,-110.313,18.5));
#3996=CARTESIAN_POINT('',(315.4505,-128.813,18.5));
#3997=CARTESIAN_POINT('',(315.4505,-88.14925,18.5));
#3998=CARTESIAN_POINT('',(314.5505,-129.713,18.5));
#3999=CARTESIAN_POINT('Origin',(314.5505,-128.813,18.5));
#4000=CARTESIAN_POINT('',(257.9505,-129.713,18.5));
#4001=CARTESIAN_POINT('',(238.48825,-129.713,18.5));
#4002=CARTESIAN_POINT('',(257.0505,-128.813,18.5));
#4003=CARTESIAN_POINT('Origin',(257.9505,-128.813,18.5));
#4004=CARTESIAN_POINT('',(257.0505,-110.313,18.5));
#4005=CARTESIAN_POINT('',(257.0505,-97.39925,18.5));
#4006=CARTESIAN_POINT('Origin',(257.9505,-110.313,18.5));
#4007=CARTESIAN_POINT('Origin',(329.851,-136.97,11.65));
#4008=CARTESIAN_POINT('',(327.851,-136.97,11.8));
#4009=CARTESIAN_POINT('',(327.701,-136.97,11.65));
#4010=CARTESIAN_POINT('Origin',(329.851,-136.97,11.8));
#4011=CARTESIAN_POINT('Origin',(329.851,-136.97,11.5));
#4012=CARTESIAN_POINT('',(327.851,-136.97,15.5));
#4013=CARTESIAN_POINT('',(327.851,-136.97,11.5));
#4014=CARTESIAN_POINT('Origin',(329.851,-136.97,15.5));
#4015=CARTESIAN_POINT('Origin',(162.426,4.999,11.65));
#4016=CARTESIAN_POINT('',(160.426,4.999,11.8));
#4017=CARTESIAN_POINT('',(160.276,4.999,11.65));
#4018=CARTESIAN_POINT('Origin',(162.426,4.999,11.8));
#4019=CARTESIAN_POINT('Origin',(162.426,4.999,11.5));
#4020=CARTESIAN_POINT('',(160.426,4.999,15.5));
#4021=CARTESIAN_POINT('',(160.426,4.999,11.5));
#4022=CARTESIAN_POINT('Origin',(162.426,4.999,15.5));
#4023=CARTESIAN_POINT('Origin',(329.851,4.999,11.65));
#4024=CARTESIAN_POINT('',(327.851,4.999,11.8));
#4025=CARTESIAN_POINT('',(327.701,4.999,11.65));
#4026=CARTESIAN_POINT('Origin',(329.851,4.999,11.8));
#4027=CARTESIAN_POINT('Origin',(329.851,4.999,11.5));
#4028=CARTESIAN_POINT('',(327.851,4.999,15.5));
#4029=CARTESIAN_POINT('',(327.851,4.999,11.5));
#4030=CARTESIAN_POINT('Origin',(329.851,4.999,15.5));
#4031=CARTESIAN_POINT('Origin',(162.426,-65.9855,15.5));
#4032=CARTESIAN_POINT('Origin',(162.426,-65.9855,15.5));
#4033=CARTESIAN_POINT('Origin',(162.426,-65.9855,15.5));
#4034=CARTESIAN_POINT('Origin',(320.013,-47.668,18.3));
#4035=CARTESIAN_POINT('',(319.813,-105.0005,18.1));
#4036=CARTESIAN_POINT('',(319.813,-105.0005,18.1));
#4037=CARTESIAN_POINT('',(319.813,-29.3505,18.1));
#4038=CARTESIAN_POINT('',(320.213,-29.3505,18.5));
#4039=CARTESIAN_POINT('',(319.813,-47.668,18.1));
#4040=CARTESIAN_POINT('Origin',(319.313,-105.0005,18.3));
#4041=CARTESIAN_POINT('',(319.313,-105.5005,18.1));
#4042=CARTESIAN_POINT('',(319.313,-105.5005,18.1));
#4043=CARTESIAN_POINT('Origin',(319.313,-105.0005,18.1));
#4044=CARTESIAN_POINT('Origin',(240.8695,-105.7005,18.3));
#4045=CARTESIAN_POINT('',(300.813,-105.5005,18.1));
#4046=CARTESIAN_POINT('',(300.813,-105.5005,18.1));
#4047=CARTESIAN_POINT('',(240.8695,-105.5005,18.1));
#4048=CARTESIAN_POINT('Origin',(300.813,-105.0005,18.3));
#4049=CARTESIAN_POINT('',(300.313,-105.0005,18.1));
#4050=CARTESIAN_POINT('',(300.313,-105.0005,18.1));
#4051=CARTESIAN_POINT('Origin',(300.813,-105.0005,18.1));
#4052=CARTESIAN_POINT('Origin',(300.113,-85.493,18.3));
#4053=CARTESIAN_POINT('',(300.313,-29.3505,18.1));
#4054=CARTESIAN_POINT('',(300.313,-29.3505,18.1));
#4055=CARTESIAN_POINT('',(300.313,-85.493,18.1));
#4056=CARTESIAN_POINT('Origin',(300.813,-29.3505,18.3));
#4057=CARTESIAN_POINT('',(300.813,-28.8505,18.1));
#4058=CARTESIAN_POINT('',(300.813,-28.8505,18.1));
#4059=CARTESIAN_POINT('Origin',(300.813,-29.3505,18.1));
#4060=CARTESIAN_POINT('Origin',(231.6195,-28.6505,18.3));
#4061=CARTESIAN_POINT('',(319.313,-28.8505,18.1));
#4062=CARTESIAN_POINT('',(319.313,-28.8505,18.1));
#4063=CARTESIAN_POINT('',(231.6195,-28.8505,18.1));
#4064=CARTESIAN_POINT('Origin',(319.313,-29.3505,18.3));
#4065=CARTESIAN_POINT('Origin',(319.313,-29.3505,18.1));
#4066=CARTESIAN_POINT('Origin',(300.813,-105.0005,11.5));
#4067=CARTESIAN_POINT('',(300.813,-105.5005,11.5));
#4068=CARTESIAN_POINT('',(300.313,-105.0005,11.5));
#4069=CARTESIAN_POINT('Origin',(319.313,-105.5005,11.5));
#4070=CARTESIAN_POINT('',(319.313,-105.5005,11.5));
#4071=CARTESIAN_POINT('Origin',(319.313,-105.0005,11.5));
#4072=CARTESIAN_POINT('',(319.813,-105.0005,11.5));
#4073=CARTESIAN_POINT('Origin',(319.813,-29.3505,11.5));
#4074=CARTESIAN_POINT('',(319.813,-29.3505,11.5));
#4075=CARTESIAN_POINT('Origin',(210.18825,-109.613,18.3));
#4076=CARTESIAN_POINT('',(276.0005,-109.813,18.1));
#4077=CARTESIAN_POINT('',(276.0005,-109.813,18.1));
#4078=CARTESIAN_POINT('',(257.9505,-109.813,18.1));
#4079=CARTESIAN_POINT('',(257.9505,-109.413,18.5));
#4080=CARTESIAN_POINT('',(210.18825,-109.813,18.1));
#4081=CARTESIAN_POINT('Origin',(276.0005,-109.313,18.3));
#4082=CARTESIAN_POINT('',(276.5005,-109.313,18.1));
#4083=CARTESIAN_POINT('',(276.5005,-109.313,18.1));
#4084=CARTESIAN_POINT('Origin',(276.0005,-109.313,18.1));
#4085=CARTESIAN_POINT('Origin',(276.3005,-87.64925,18.3));
#4086=CARTESIAN_POINT('',(276.5005,-91.263,18.1));
#4087=CARTESIAN_POINT('',(276.5005,-91.263,18.1));
#4088=CARTESIAN_POINT('',(276.5005,-87.64925,18.1));
#4089=CARTESIAN_POINT('Origin',(277.0005,-91.263,18.3));
#4090=CARTESIAN_POINT('',(277.0005,-90.763,18.1));
#4091=CARTESIAN_POINT('',(277.0005,-90.763,18.1));
#4092=CARTESIAN_POINT('Origin',(277.0005,-91.263,18.1));
#4093=CARTESIAN_POINT('Origin',(219.71325,-90.563,18.3));
#4094=CARTESIAN_POINT('',(295.5005,-90.763,18.1));
#4095=CARTESIAN_POINT('',(295.5005,-90.763,18.1));
#4096=CARTESIAN_POINT('',(219.71325,-90.763,18.1));
#4097=CARTESIAN_POINT('Origin',(295.5005,-91.263,18.3));
#4098=CARTESIAN_POINT('',(296.0005,-91.263,18.1));
#4099=CARTESIAN_POINT('',(296.0005,-91.263,18.1));
#4100=CARTESIAN_POINT('Origin',(295.5005,-91.263,18.1));
#4101=CARTESIAN_POINT('Origin',(296.2005,-78.62425,18.3));
#4102=CARTESIAN_POINT('',(296.0005,-109.313,18.1));
#4103=CARTESIAN_POINT('',(296.0005,-109.313,18.1));
#4104=CARTESIAN_POINT('',(296.0005,-78.62425,18.1));
#4105=CARTESIAN_POINT('Origin',(296.5005,-109.313,18.3));
#4106=CARTESIAN_POINT('',(296.5005,-109.813,18.1));
#4107=CARTESIAN_POINT('',(296.5005,-109.813,18.1));
#4108=CARTESIAN_POINT('Origin',(296.5005,-109.313,18.1));
#4109=CARTESIAN_POINT('Origin',(229.46325,-109.613,18.3));
#4110=CARTESIAN_POINT('',(314.5505,-109.813,18.1));
#4111=CARTESIAN_POINT('',(314.5505,-109.813,18.1));
#4112=CARTESIAN_POINT('',(229.46325,-109.813,18.1));
#4113=CARTESIAN_POINT('Origin',(314.5505,-110.313,18.3));
#4114=CARTESIAN_POINT('',(315.0505,-110.313,18.1));
#4115=CARTESIAN_POINT('',(315.0505,-110.313,18.1));
#4116=CARTESIAN_POINT('Origin',(314.5505,-110.313,18.1));
#4117=CARTESIAN_POINT('Origin',(315.2505,-88.14925,18.3));
#4118=CARTESIAN_POINT('',(315.0505,-128.813,18.1));
#4119=CARTESIAN_POINT('',(315.0505,-128.813,18.1));
#4120=CARTESIAN_POINT('',(315.0505,-88.14925,18.1));
#4121=CARTESIAN_POINT('Origin',(314.5505,-128.813,18.3));
#4122=CARTESIAN_POINT('',(314.5505,-129.313,18.1));
#4123=CARTESIAN_POINT('',(314.5505,-129.313,18.1));
#4124=CARTESIAN_POINT('Origin',(314.5505,-128.813,18.1));
#4125=CARTESIAN_POINT('Origin',(238.48825,-129.513,18.3));
#4126=CARTESIAN_POINT('',(257.9505,-129.313,18.1));
#4127=CARTESIAN_POINT('',(257.9505,-129.313,18.1));
#4128=CARTESIAN_POINT('',(238.48825,-129.313,18.1));
#4129=CARTESIAN_POINT('Origin',(257.9505,-128.813,18.3));
#4130=CARTESIAN_POINT('',(257.4505,-128.813,18.1));
#4131=CARTESIAN_POINT('',(257.4505,-128.813,18.1));
#4132=CARTESIAN_POINT('Origin',(257.9505,-128.813,18.1));
#4133=CARTESIAN_POINT('Origin',(257.2505,-97.39925,18.3));
#4134=CARTESIAN_POINT('',(257.4505,-110.313,18.1));
#4135=CARTESIAN_POINT('',(257.4505,-110.313,18.1));
#4136=CARTESIAN_POINT('',(257.4505,-97.39925,18.1));
#4137=CARTESIAN_POINT('Origin',(257.9505,-110.313,18.3));
#4138=CARTESIAN_POINT('Origin',(257.9505,-110.313,18.1));
#4139=CARTESIAN_POINT('Origin',(296.5005,-109.313,11.5));
#4140=CARTESIAN_POINT('',(296.0005,-109.313,11.5));
#4141=CARTESIAN_POINT('',(296.5005,-109.813,11.5));
#4142=CARTESIAN_POINT('Origin',(296.0005,-91.263,11.5));
#4143=CARTESIAN_POINT('',(296.0005,-91.263,11.5));
#4144=CARTESIAN_POINT('Origin',(295.5005,-91.263,11.5));
#4145=CARTESIAN_POINT('',(295.5005,-90.763,11.5));
#4146=CARTESIAN_POINT('Origin',(277.0005,-90.763,11.5));
#4147=CARTESIAN_POINT('',(277.0005,-90.763,11.5));
#4148=CARTESIAN_POINT('Origin',(277.0005,-91.263,11.5));
#4149=CARTESIAN_POINT('',(276.5005,-91.263,11.5));
#4150=CARTESIAN_POINT('Origin',(276.5005,-109.313,11.5));
#4151=CARTESIAN_POINT('',(276.5005,-109.313,11.5));
#4152=CARTESIAN_POINT('Origin',(276.0005,-109.313,11.5));
#4153=CARTESIAN_POINT('',(276.0005,-109.813,11.5));
#4154=CARTESIAN_POINT('Origin',(257.9505,-109.813,11.5));
#4155=CARTESIAN_POINT('',(257.9505,-109.813,11.5));
#4156=CARTESIAN_POINT('Origin',(83.982,-28.6505,18.3));
#4157=CARTESIAN_POINT('',(290.738,-28.8505,18.1));
#4158=CARTESIAN_POINT('',(83.982,-28.8505,18.1));
#4159=CARTESIAN_POINT('',(290.738,-28.8505,18.1));
#4160=CARTESIAN_POINT('Origin',(290.738,-29.3505,18.3));
#4161=CARTESIAN_POINT('',(291.238,-29.3505,18.1));
#4162=CARTESIAN_POINT('',(291.238,-29.3505,18.1));
#4163=CARTESIAN_POINT('Origin',(290.738,-29.3505,18.1));
#4164=CARTESIAN_POINT('Origin',(291.438,-47.668,18.3));
#4165=CARTESIAN_POINT('',(291.238,-85.9505,18.1));
#4166=CARTESIAN_POINT('',(291.238,-85.9505,18.1));
#4167=CARTESIAN_POINT('',(291.238,-47.668,18.1));
#4168=CARTESIAN_POINT('Origin',(290.738,-85.9505,18.3));
#4169=CARTESIAN_POINT('',(290.738,-86.4505,18.1));
#4170=CARTESIAN_POINT('',(290.738,-86.4505,18.1));
#4171=CARTESIAN_POINT('Origin',(290.738,-85.9505,18.1));
#4172=CARTESIAN_POINT('Origin',(226.582,-86.6504999999999,18.3));
#4173=CARTESIAN_POINT('',(272.688,-86.4505,18.1));
#4174=CARTESIAN_POINT('',(272.688,-86.4505,18.1));
#4175=CARTESIAN_POINT('',(226.582,-86.4504999999999,18.1));
#4176=CARTESIAN_POINT('Origin',(272.688,-86.9505,18.3));
#4177=CARTESIAN_POINT('',(272.188,-86.9505,18.1));
#4178=CARTESIAN_POINT('',(272.188,-86.9505,18.1));
#4179=CARTESIAN_POINT('Origin',(272.688,-86.9505,18.1));
#4180=CARTESIAN_POINT('Origin',(272.388,-76.4679999999999,18.3));
#4181=CARTESIAN_POINT('',(272.188,-105.0005,18.1));
#4182=CARTESIAN_POINT('',(272.188,-105.0005,18.1));
#4183=CARTESIAN_POINT('',(272.188,-76.4679999999999,18.1));
#4184=CARTESIAN_POINT('Origin',(271.688,-105.0005,18.3));
#4185=CARTESIAN_POINT('',(271.688,-105.5005,18.1));
#4186=CARTESIAN_POINT('',(271.688,-105.5005,18.1));
#4187=CARTESIAN_POINT('Origin',(271.688,-105.0005,18.1));
#4188=CARTESIAN_POINT('Origin',(217.057,-105.7005,18.3));
#4189=CARTESIAN_POINT('',(253.638,-105.5005,18.1));
#4190=CARTESIAN_POINT('',(253.638,-105.5005,18.1));
#4191=CARTESIAN_POINT('',(217.057,-105.5005,18.1));
#4192=CARTESIAN_POINT('Origin',(253.638,-106.0005,18.3));
#4193=CARTESIAN_POINT('',(253.138,-106.0005,18.1));
#4194=CARTESIAN_POINT('',(253.138,-106.0005,18.1));
#4195=CARTESIAN_POINT('Origin',(253.638,-106.0005,18.1));
#4196=CARTESIAN_POINT('Origin',(253.338,-85.9930000000001,18.3));
#4197=CARTESIAN_POINT('',(253.138,-124.0505,18.1));
#4198=CARTESIAN_POINT('',(253.138,-124.0505,18.1));
#4199=CARTESIAN_POINT('',(253.138,-85.9930000000001,18.1));
#4200=CARTESIAN_POINT('Origin',(252.638,-124.0505,18.3));
#4201=CARTESIAN_POINT('Origin',(252.638,-124.0505,18.1));
#4202=CARTESIAN_POINT('Origin',(271.688,-105.0005,11.5));
#4203=CARTESIAN_POINT('',(272.188,-105.0005,11.5));
#4204=CARTESIAN_POINT('',(271.688,-105.5005,11.5));
#4205=CARTESIAN_POINT('Origin',(272.188,-86.9505,11.5));
#4206=CARTESIAN_POINT('',(272.188,-86.9505,11.5));
#4207=CARTESIAN_POINT('Origin',(272.688,-86.9505,11.5));
#4208=CARTESIAN_POINT('',(272.688,-86.4505,11.5));
#4209=CARTESIAN_POINT('Origin',(290.738,-86.4505,11.5));
#4210=CARTESIAN_POINT('',(290.738,-86.4505,11.5));
#4211=CARTESIAN_POINT('Origin',(290.738,-85.9505,11.5));
#4212=CARTESIAN_POINT('',(291.238,-85.9505,11.5));
#4213=CARTESIAN_POINT('Origin',(291.238,-29.3505,11.5));
#4214=CARTESIAN_POINT('',(291.238,-29.3505,11.5));
#4215=CARTESIAN_POINT('Origin',(290.738,-29.3505,11.5));
#4216=CARTESIAN_POINT('',(290.738,-28.8505,11.5));
#4217=CARTESIAN_POINT('Origin',(5.53800000000001,-28.8505,11.5));
#4218=CARTESIAN_POINT('Origin',(217.332,-4.838,18.3));
#4219=CARTESIAN_POINT('',(290.738,-5.038,18.1));
#4220=CARTESIAN_POINT('',(290.738,-5.038,18.1));
#4221=CARTESIAN_POINT('',(272.238,-5.038,18.1));
#4222=CARTESIAN_POINT('',(272.238,-4.638,18.5));
#4223=CARTESIAN_POINT('',(217.332,-5.038,18.1));
#4224=CARTESIAN_POINT('Origin',(290.738,-5.53800000000001,18.3));
#4225=CARTESIAN_POINT('',(291.238,-5.53800000000001,18.1));
#4226=CARTESIAN_POINT('',(291.238,-5.53800000000001,18.1));
#4227=CARTESIAN_POINT('Origin',(290.738,-5.53800000000001,18.1));
#4228=CARTESIAN_POINT('Origin',(291.438,-35.76175,18.3));
#4229=CARTESIAN_POINT('',(291.238,-24.038,18.1));
#4230=CARTESIAN_POINT('',(291.238,-24.038,18.1));
#4231=CARTESIAN_POINT('',(291.238,-35.76175,18.1));
#4232=CARTESIAN_POINT('Origin',(290.738,-24.038,18.3));
#4233=CARTESIAN_POINT('',(290.738,-24.538,18.1));
#4234=CARTESIAN_POINT('',(290.738,-24.538,18.1));
#4235=CARTESIAN_POINT('Origin',(290.738,-24.038,18.1));
#4236=CARTESIAN_POINT('Origin',(226.582,-24.738,18.3));
#4237=CARTESIAN_POINT('',(272.238,-24.538,18.1));
#4238=CARTESIAN_POINT('',(272.238,-24.538,18.1));
#4239=CARTESIAN_POINT('',(226.582,-24.538,18.1));
#4240=CARTESIAN_POINT('Origin',(272.238,-24.038,18.3));
#4241=CARTESIAN_POINT('',(271.738,-24.038,18.1));
#4242=CARTESIAN_POINT('',(271.738,-24.038,18.1));
#4243=CARTESIAN_POINT('Origin',(272.238,-24.038,18.1));
#4244=CARTESIAN_POINT('Origin',(271.538,-45.01175,18.3));
#4245=CARTESIAN_POINT('',(271.738,-5.538,18.1));
#4246=CARTESIAN_POINT('',(271.738,-5.538,18.1));
#4247=CARTESIAN_POINT('',(271.738,-45.01175,18.1));
#4248=CARTESIAN_POINT('Origin',(272.238,-5.538,18.3));
#4249=CARTESIAN_POINT('Origin',(272.238,-5.538,18.1));
#4250=CARTESIAN_POINT('Origin',(290.738,-24.038,11.5));
#4251=CARTESIAN_POINT('',(291.238,-24.038,11.5));
#4252=CARTESIAN_POINT('',(290.738,-24.538,11.5));
#4253=CARTESIAN_POINT('Origin',(291.238,-5.53800000000001,11.5));
#4254=CARTESIAN_POINT('',(291.238,-5.53800000000001,11.5));
#4255=CARTESIAN_POINT('Origin',(290.738,-5.53800000000001,11.5));
#4256=CARTESIAN_POINT('',(290.738,-5.038,11.5));
#4257=CARTESIAN_POINT('Origin',(272.238,-5.038,11.5));
#4258=CARTESIAN_POINT('',(272.238,-5.038,11.5));
#4259=CARTESIAN_POINT('Origin',(176.85075,-4.838,18.3));
#4260=CARTESIAN_POINT('',(266.9255,-5.038,18.1));
#4261=CARTESIAN_POINT('',(266.9255,-5.038,18.1));
#4262=CARTESIAN_POINT('',(191.2755,-5.038,18.1));
#4263=CARTESIAN_POINT('',(191.2755,-4.638,18.5));
#4264=CARTESIAN_POINT('',(176.85075,-5.038,18.1));
#4265=CARTESIAN_POINT('Origin',(266.9255,-5.53800000000001,18.3));
#4266=CARTESIAN_POINT('',(267.4255,-5.53800000000001,18.1));
#4267=CARTESIAN_POINT('',(267.4255,-5.53800000000001,18.1));
#4268=CARTESIAN_POINT('Origin',(266.9255,-5.53800000000001,18.1));
#4269=CARTESIAN_POINT('Origin',(267.6255,-35.76175,18.3));
#4270=CARTESIAN_POINT('',(267.4255,-24.038,18.1));
#4271=CARTESIAN_POINT('',(267.4255,-24.038,18.1));
#4272=CARTESIAN_POINT('',(267.4255,-35.76175,18.1));
#4273=CARTESIAN_POINT('Origin',(266.9255,-24.038,18.3));
#4274=CARTESIAN_POINT('',(266.9255,-24.538,18.1));
#4275=CARTESIAN_POINT('',(266.9255,-24.538,18.1));
#4276=CARTESIAN_POINT('Origin',(266.9255,-24.038,18.1));
#4277=CARTESIAN_POINT('Origin',(214.67575,-24.738,18.3));
#4278=CARTESIAN_POINT('',(191.2755,-24.538,18.1));
#4279=CARTESIAN_POINT('',(191.2755,-24.538,18.1));
#4280=CARTESIAN_POINT('',(214.67575,-24.538,18.1));
#4281=CARTESIAN_POINT('Origin',(191.2755,-24.038,18.3));
#4282=CARTESIAN_POINT('',(190.7755,-24.038,18.1));
#4283=CARTESIAN_POINT('',(190.7755,-24.038,18.1));
#4284=CARTESIAN_POINT('Origin',(191.2755,-24.038,18.1));
#4285=CARTESIAN_POINT('Origin',(190.5755,-45.01175,18.3));
#4286=CARTESIAN_POINT('',(190.7755,-5.538,18.1));
#4287=CARTESIAN_POINT('',(190.7755,-5.538,18.1));
#4288=CARTESIAN_POINT('',(190.7755,-45.01175,18.1));
#4289=CARTESIAN_POINT('Origin',(191.2755,-5.538,18.3));
#4290=CARTESIAN_POINT('Origin',(191.2755,-5.538,18.1));
#4291=CARTESIAN_POINT('Origin',(266.9255,-24.038,11.5));
#4292=CARTESIAN_POINT('',(267.4255,-24.038,11.5));
#4293=CARTESIAN_POINT('',(266.9255,-24.538,11.5));
#4294=CARTESIAN_POINT('Origin',(267.4255,-5.53800000000001,11.5));
#4295=CARTESIAN_POINT('',(267.4255,-5.53800000000001,11.5));
#4296=CARTESIAN_POINT('Origin',(266.9255,-5.53800000000001,11.5));
#4297=CARTESIAN_POINT('',(266.9255,-5.038,11.5));
#4298=CARTESIAN_POINT('Origin',(191.2755,-5.038,11.5));
#4299=CARTESIAN_POINT('',(191.2755,-5.038,11.5));
#4300=CARTESIAN_POINT('Origin',(136.3695,-4.838,18.3));
#4301=CARTESIAN_POINT('',(185.963,-5.038,18.1));
#4302=CARTESIAN_POINT('',(136.3695,-5.038,18.1));
#4303=CARTESIAN_POINT('',(185.963,-5.038,18.1));
#4304=CARTESIAN_POINT('Origin',(185.963,-5.53800000000001,18.3));
#4305=CARTESIAN_POINT('',(186.463,-5.53800000000001,18.1));
#4306=CARTESIAN_POINT('',(186.463,-5.53800000000001,18.1));
#4307=CARTESIAN_POINT('Origin',(185.963,-5.53800000000001,18.1));
#4308=CARTESIAN_POINT('Origin',(186.663,-35.76175,18.3));
#4309=CARTESIAN_POINT('',(186.463,-24.038,18.1));
#4310=CARTESIAN_POINT('',(186.463,-24.038,18.1));
#4311=CARTESIAN_POINT('',(186.463,-35.76175,18.1));
#4312=CARTESIAN_POINT('Origin',(185.963,-24.038,18.3));
#4313=CARTESIAN_POINT('Origin',(185.963,-24.038,18.1));
#4314=CARTESIAN_POINT('Origin',(185.963,-24.038,11.5));
#4315=CARTESIAN_POINT('',(186.463,-24.038,11.5));
#4316=CARTESIAN_POINT('Origin',(186.463,-5.53800000000001,11.5));
#4317=CARTESIAN_POINT('',(186.463,-5.53800000000001,11.5));
#4318=CARTESIAN_POINT('Origin',(185.963,-5.53800000000001,11.5));
#4319=CARTESIAN_POINT('',(185.963,-5.038,11.5));
#4320=CARTESIAN_POINT('Origin',(110.313,-5.038,11.5));
#4321=CARTESIAN_POINT('Origin',(76.2135,-141.54821723252,18.0061558297024));
#4322=CARTESIAN_POINT('',(330.851,-142.12643446504,17.5123116594049));
#4323=CARTESIAN_POINT('',(76.2135,-142.12643446504,17.5123116594049));
#4324=CARTESIAN_POINT('',(330.851,-142.12643446504,17.5123116594049));
#4325=CARTESIAN_POINT('Ctrl Pts',(334.851,-138.078523196699,17.5000046751655));
#4326=CARTESIAN_POINT('Ctrl Pts',(334.851,-138.966000315682,17.5001094234413));
#4327=CARTESIAN_POINT('Ctrl Pts',(334.152909784229,-141.073971171669,17.5053097079509));
#4328=CARTESIAN_POINT('Ctrl Pts',(332.064224172036,-142.12643446504,17.5123116594049));
#4329=CARTESIAN_POINT('Ctrl Pts',(330.851,-142.12643446504,17.5123116594049));
#4330=CARTESIAN_POINT('Ctrl Pts',(334.516896555217,-138.065617560491,17.8333364501103));
#4331=CARTESIAN_POINT('Ctrl Pts',(334.508275810921,-138.880444360984,17.8334062822942));
#4332=CARTESIAN_POINT('Ctrl Pts',(333.847251581831,-140.799556615482,17.836873138634));
#4333=CARTESIAN_POINT('Ctrl Pts',(331.9503575959,-141.740956310027,17.8415411062699));
#4334=CARTESIAN_POINT('Ctrl Pts',(330.851,-141.740956310027,17.8415411062699));
#4335=CARTESIAN_POINT('Ctrl Pts',(334.182793110434,-138.052711924283,18.1666682250552));
#4336=CARTESIAN_POINT('Ctrl Pts',(334.165551621841,-138.794888406287,18.1667031411471));
#4337=CARTESIAN_POINT('Ctrl Pts',(333.541593379434,-140.525142059295,18.168436569317));
#4338=CARTESIAN_POINT('Ctrl Pts',(331.836491019765,-141.355478155013,18.170770553135));
#4339=CARTESIAN_POINT('Ctrl Pts',(330.851,-141.355478155013,18.170770553135));
#4340=CARTESIAN_POINT('Ctrl Pts',(333.848689665651,-138.039806288075,18.5));
#4341=CARTESIAN_POINT('Ctrl Pts',(333.822827432762,-138.709332451589,18.5));
#4342=CARTESIAN_POINT('Ctrl Pts',(333.235935177036,-140.250727503107,18.5));
#4343=CARTESIAN_POINT('Ctrl Pts',(331.722624443629,-140.97,18.5));
#4344=CARTESIAN_POINT('Ctrl Pts',(330.851,-140.97,18.5));
#4345=CARTESIAN_POINT('',(334.851,-138.078523196699,17.5000046751655));
#4346=CARTESIAN_POINT('',(334.851,-138.078523196699,17.5000046751655));
#4347=CARTESIAN_POINT('Ctrl Pts',(330.851,-142.12643446504,17.5123116594049));
#4348=CARTESIAN_POINT('Ctrl Pts',(332.064224172036,-142.12643446504,17.5123116594049));
#4349=CARTESIAN_POINT('Ctrl Pts',(334.152909784229,-141.073971171669,17.5053097079509));
#4350=CARTESIAN_POINT('Ctrl Pts',(334.851,-138.966000315682,17.5001094234413));
#4351=CARTESIAN_POINT('Ctrl Pts',(334.851,-138.078523196699,17.5000046751655));
#4352=CARTESIAN_POINT('Origin',(334.351,-103.97775,18.));
#4353=CARTESIAN_POINT('',(334.851,5.999,17.5));
#4354=CARTESIAN_POINT('',(334.851,5.999,17.5));
#4355=CARTESIAN_POINT('',(334.851,-137.920139496848,17.5));
#4356=CARTESIAN_POINT('',(333.851,-137.920139496848,18.5));
#4357=CARTESIAN_POINT('',(334.851,-103.97775,17.5));
#4358=CARTESIAN_POINT('Origin',(330.851,5.999,18.));
#4359=CARTESIAN_POINT('Origin',(330.851,5.999,17.5));
#4360=CARTESIAN_POINT('Ctrl Pts',(333.848689665651,-138.039806288075,18.5));
#4361=CARTESIAN_POINT('Ctrl Pts',(333.850229678505,-137.99993815671,18.5));
#4362=CARTESIAN_POINT('Ctrl Pts',(333.851,-137.960038827732,18.5));
#4363=CARTESIAN_POINT('Ctrl Pts',(333.851,-137.920139496848,18.5));
#4364=CARTESIAN_POINT('Ctrl Pts',(334.182793110434,-138.052711924283,18.1666682250552));
#4365=CARTESIAN_POINT('Ctrl Pts',(334.18381978567,-138.00851769993,18.1666661459141));
#4366=CARTESIAN_POINT('Ctrl Pts',(334.184333333333,-137.964328604381,18.1666666666667));
#4367=CARTESIAN_POINT('Ctrl Pts',(334.184333333333,-137.920139496848,18.1666666666667));
#4368=CARTESIAN_POINT('Ctrl Pts',(334.516896555217,-138.065617560491,17.8333364501103));
#4369=CARTESIAN_POINT('Ctrl Pts',(334.517409892835,-138.01709724315,17.8333322918282));
#4370=CARTESIAN_POINT('Ctrl Pts',(334.517666666667,-137.96861838103,17.8333333333333));
#4371=CARTESIAN_POINT('Ctrl Pts',(334.517666666667,-137.920139496848,17.8333333333333));
#4372=CARTESIAN_POINT('Ctrl Pts',(334.851,-138.078523196699,17.5000046751655));
#4373=CARTESIAN_POINT('Ctrl Pts',(334.851,-138.02567678637,17.4999984377423));
#4374=CARTESIAN_POINT('Ctrl Pts',(334.851,-137.972908157678,17.5));
#4375=CARTESIAN_POINT('Ctrl Pts',(334.851,-137.920139496848,17.5));
#4376=CARTESIAN_POINT('Ctrl Pts',(334.851,-138.078523196699,17.5000046751655));
#4377=CARTESIAN_POINT('Ctrl Pts',(334.851,-138.02567678637,17.4999984377423));
#4378=CARTESIAN_POINT('Ctrl Pts',(334.851,-137.972908157678,17.5));
#4379=CARTESIAN_POINT('Ctrl Pts',(334.851,-137.920139496848,17.5));
#4380=CARTESIAN_POINT('Origin',(330.851,5.999,11.5));
#4381=CARTESIAN_POINT('',(334.851,5.999,11.5));
#4382=CARTESIAN_POINT('Origin',(-9.99899999999998,-143.065041255282,11.586181615834));
#4383=CARTESIAN_POINT('',(330.851,-143.058300367797,11.6287419044005));
#4384=CARTESIAN_POINT('Origin',(330.851,-139.107547005416,11.0030040442396));
#4385=CARTESIAN_POINT('',(334.851,-139.107547005416,11.0030040442396));
#4386=CARTESIAN_POINT('Origin',(317.563,-7.288,11.5));
#4387=CARTESIAN_POINT('',(318.063,-7.288,13.5));
#4388=CARTESIAN_POINT('',(318.063,-7.288,11.5));
#4389=CARTESIAN_POINT('',(317.563,-6.78799999999996,13.5));
#4390=CARTESIAN_POINT('Origin',(317.563,-7.288,13.5));
#4391=CARTESIAN_POINT('',(317.563,-6.78799999999996,11.5));
#4392=CARTESIAN_POINT('Origin',(318.063,-22.288,11.5));
#4393=CARTESIAN_POINT('',(318.063,-22.288,13.5));
#4394=CARTESIAN_POINT('',(318.063,-22.288,11.5));
#4395=CARTESIAN_POINT('',(318.063,-18.538,13.5));
#4396=CARTESIAN_POINT('Origin',(317.563,-22.288,11.5));
#4397=CARTESIAN_POINT('',(317.563,-22.788,13.5));
#4398=CARTESIAN_POINT('',(317.563,-22.788,11.5));
#4399=CARTESIAN_POINT('Origin',(317.563,-22.288,13.5));
#4400=CARTESIAN_POINT('Origin',(302.563,-22.788,11.5));
#4401=CARTESIAN_POINT('',(302.563,-22.788,13.5));
#4402=CARTESIAN_POINT('',(302.563,-22.788,11.5));
#4403=CARTESIAN_POINT('',(306.313,-22.788,13.5));
#4404=CARTESIAN_POINT('Origin',(302.563,-22.288,11.5));
#4405=CARTESIAN_POINT('',(302.063,-22.288,13.5));
#4406=CARTESIAN_POINT('',(302.063,-22.288,11.5));
#4407=CARTESIAN_POINT('Origin',(302.563,-22.288,13.5));
#4408=CARTESIAN_POINT('Origin',(302.063,-7.288,11.5));
#4409=CARTESIAN_POINT('',(302.063,-7.288,13.5));
#4410=CARTESIAN_POINT('',(302.063,-7.288,11.5));
#4411=CARTESIAN_POINT('',(302.063,-11.038,13.5));
#4412=CARTESIAN_POINT('Origin',(302.563,-7.288,11.5));
#4413=CARTESIAN_POINT('',(302.563,-6.788,13.5));
#4414=CARTESIAN_POINT('',(302.563,-6.788,11.5));
#4415=CARTESIAN_POINT('Origin',(302.563,-7.288,13.5));
#4416=CARTESIAN_POINT('Origin',(317.563,-6.788,11.5));
#4417=CARTESIAN_POINT('',(313.813,-6.788,13.5));
#4418=CARTESIAN_POINT('Origin',(310.063,-14.788,13.5));
#4419=CARTESIAN_POINT('',(306.063,-14.788,13.5));
#4420=CARTESIAN_POINT('Origin',(310.063,-14.788,13.5));
#4421=CARTESIAN_POINT('Origin',(310.063,-14.788,11.5));
#4422=CARTESIAN_POINT('',(306.063,-14.788,11.5));
#4423=CARTESIAN_POINT('Origin',(319.313,-29.3505,11.5));
#4424=CARTESIAN_POINT('',(319.313,-28.8505,11.5));
#4425=CARTESIAN_POINT('Origin',(300.813,-28.8505,11.5));
#4426=CARTESIAN_POINT('',(300.813,-28.8505,11.5));
#4427=CARTESIAN_POINT('Origin',(300.813,-29.3505,11.5));
#4428=CARTESIAN_POINT('',(300.313,-29.3505,11.5));
#4429=CARTESIAN_POINT('Origin',(300.313,-105.0005,11.5));
#4430=CARTESIAN_POINT('Origin',(191.2755,-5.538,11.5));
#4431=CARTESIAN_POINT('',(190.7755,-5.538,11.5));
#4432=CARTESIAN_POINT('Origin',(190.7755,-24.038,11.5));
#4433=CARTESIAN_POINT('',(190.7755,-24.038,11.5));
#4434=CARTESIAN_POINT('Origin',(191.2755,-24.038,11.5));
#4435=CARTESIAN_POINT('',(191.2755,-24.538,11.5));
#4436=CARTESIAN_POINT('Origin',(266.9255,-24.538,11.5));
#4437=CARTESIAN_POINT('Origin',(257.9505,-110.313,11.5));
#4438=CARTESIAN_POINT('',(257.4505,-110.313,11.5));
#4439=CARTESIAN_POINT('Origin',(257.4505,-128.813,11.5));
#4440=CARTESIAN_POINT('',(257.4505,-128.813,11.5));
#4441=CARTESIAN_POINT('Origin',(257.9505,-128.813,11.5));
#4442=CARTESIAN_POINT('',(257.9505,-129.313,11.5));
#4443=CARTESIAN_POINT('Origin',(314.5505,-129.313,11.5));
#4444=CARTESIAN_POINT('',(314.5505,-129.313,11.5));
#4445=CARTESIAN_POINT('Origin',(314.5505,-128.813,11.5));
#4446=CARTESIAN_POINT('',(315.0505,-128.813,11.5));
#4447=CARTESIAN_POINT('Origin',(315.0505,-110.313,11.5));
#4448=CARTESIAN_POINT('',(315.0505,-110.313,11.5));
#4449=CARTESIAN_POINT('Origin',(314.5505,-110.313,11.5));
#4450=CARTESIAN_POINT('',(314.5505,-109.813,11.5));
#4451=CARTESIAN_POINT('Origin',(296.5005,-109.813,11.5));
#4452=CARTESIAN_POINT('Origin',(252.638,-124.0505,11.5));
#4453=CARTESIAN_POINT('',(253.138,-124.0505,11.5));
#4454=CARTESIAN_POINT('Origin',(253.138,-106.0005,11.5));
#4455=CARTESIAN_POINT('',(253.138,-106.0005,11.5));
#4456=CARTESIAN_POINT('Origin',(253.638,-106.0005,11.5));
#4457=CARTESIAN_POINT('',(253.638,-105.5005,11.5));
#4458=CARTESIAN_POINT('Origin',(271.688,-105.5005,11.5));
#4459=CARTESIAN_POINT('Origin',(272.238,-5.538,11.5));
#4460=CARTESIAN_POINT('',(271.738,-5.538,11.5));
#4461=CARTESIAN_POINT('Origin',(271.738,-24.038,11.5));
#4462=CARTESIAN_POINT('',(271.738,-24.038,11.5));
#4463=CARTESIAN_POINT('Origin',(272.238,-24.038,11.5));
#4464=CARTESIAN_POINT('',(272.238,-24.538,11.5));
#4465=CARTESIAN_POINT('Origin',(290.738,-24.538,11.5));
#4466=CARTESIAN_POINT('Origin',(334.851,-141.97,11.5));
#4467=UNCERTAINTY_MEASURE_WITH_UNIT(LENGTH_MEASURE(0.01),#4471,
'DISTANCE_ACCURACY_VALUE',
'Maximum model space distance between geometric entities at asserted c
onnectivities');
#4468=UNCERTAINTY_MEASURE_WITH_UNIT(LENGTH_MEASURE(0.01),#4471,
'DISTANCE_ACCURACY_VALUE',
'Maximum model space distance between geometric entities at asserted c
onnectivities');
#4469=(
GEOMETRIC_REPRESENTATION_CONTEXT(3)
GLOBAL_UNCERTAINTY_ASSIGNED_CONTEXT((#4467))
GLOBAL_UNIT_ASSIGNED_CONTEXT((#4471,#4473,#4474))
REPRESENTATION_CONTEXT('','3D')
);
#4470=(
GEOMETRIC_REPRESENTATION_CONTEXT(3)
GLOBAL_UNCERTAINTY_ASSIGNED_CONTEXT((#4468))
GLOBAL_UNIT_ASSIGNED_CONTEXT((#4471,#4473,#4474))
REPRESENTATION_CONTEXT('','3D')
);
#4471=(
LENGTH_UNIT()
NAMED_UNIT(*)
SI_UNIT(.MILLI.,.METRE.)
);
#4472=(
LENGTH_UNIT()
NAMED_UNIT(*)
SI_UNIT($,.METRE.)
);
#4473=(
NAMED_UNIT(*)
PLANE_ANGLE_UNIT()
SI_UNIT($,.RADIAN.)
);
#4474=(
NAMED_UNIT(*)
SI_UNIT($,.STERADIAN.)
SOLID_ANGLE_UNIT()
);
#4475=SHAPE_DEFINITION_REPRESENTATION(#4476,#4477);
#4476=PRODUCT_DEFINITION_SHAPE('',$,#4479);
#4477=SHAPE_REPRESENTATION('',(#2636),#4469);
#4478=PRODUCT_DEFINITION_CONTEXT('part definition',#4483,'design');
#4479=PRODUCT_DEFINITION('Top Right','Top Right',#4480,#4478);
#4480=PRODUCT_DEFINITION_FORMATION('',$,#4485);
#4481=PRODUCT_RELATED_PRODUCT_CATEGORY('Top Right','Top Right',(#4485));
#4482=APPLICATION_PROTOCOL_DEFINITION('international standard',
'automotive_design',2009,#4483);
#4483=APPLICATION_CONTEXT(
'Core Data for Automotive Mechanical Design Process');
#4484=PRODUCT_CONTEXT('part definition',#4483,'mechanical');
#4485=PRODUCT('Top Right','Top Right',$,(#4484));
#4486=PRESENTATION_STYLE_ASSIGNMENT((#4488));
#4487=PRESENTATION_STYLE_ASSIGNMENT((#4489));
#4488=SURFACE_STYLE_USAGE(.BOTH.,#4490);
#4489=SURFACE_STYLE_USAGE(.BOTH.,#4491);
#4490=SURFACE_SIDE_STYLE('',(#4492));
#4491=SURFACE_SIDE_STYLE('',(#4493));
#4492=SURFACE_STYLE_FILL_AREA(#4494);
#4493=SURFACE_STYLE_FILL_AREA(#4495);
#4494=FILL_AREA_STYLE('Steel - Satin',(#4496));
#4495=FILL_AREA_STYLE('Plastic - Glossy (Black)',(#4497));
#4496=FILL_AREA_STYLE_COLOUR('Steel - Satin',#4498);
#4497=FILL_AREA_STYLE_COLOUR('Plastic - Glossy (Black)',#4499);
#4498=COLOUR_RGB('Steel - Satin',0.627450980392157,0.627450980392157,0.627450980392157);
#4499=COLOUR_RGB('Plastic - Glossy (Black)',0.0980392156862745,0.0980392156862745,
0.0980392156862745);
ENDSEC;
END-ISO-10303-21;
