ISO-10303-21;
HEADER;
/* Generated by software containing ST-Developer
 * from STEP Tools, Inc. (www.steptools.com) 
 */

FILE_DESCRIPTION(
/* description */ (''),
/* implementation_level */ '2;1');

FILE_NAME(
/* name */ 'Top_Left.step',
/* time_stamp */ '2026-07-31T15:21:06+05:30',
/* author */ (''),
/* organization */ (''),
/* preprocessor_version */ 'ST-DEVELOPER v20.1',
/* originating_system */ 'Autodesk Translation Framework v15.8.0.0',
/* authorisation */ '');

FILE_SCHEMA (('AUTOMOTIVE_DESIGN { 1 0 10303 214 3 1 1 }'));
ENDSEC;

DATA;
#10=MECHANICAL_DESIGN_GEOMETRIC_PRESENTATION_REPRESENTATION('',(#13),#2269);
#11=SHAPE_REPRESENTATION_RELATIONSHIP('SRR','None',#2276,#12);
#12=ADVANCED_BREP_SHAPE_REPRESENTATION('',(#14),#2268);
#13=STYLED_ITEM('',(#2286),#14);
#14=MANIFOLD_SOLID_BREP('Top Left',#1322);
#15=FACE_BOUND('',#225,.T.);
#16=FACE_BOUND('',#226,.T.);
#17=FACE_BOUND('',#231,.T.);
#18=FACE_BOUND('',#232,.T.);
#19=FACE_BOUND('',#233,.T.);
#20=FACE_BOUND('',#234,.T.);
#21=FACE_BOUND('',#235,.T.);
#22=CONICAL_SURFACE('',#1373,3.5,0.785398163397447);
#23=CONICAL_SURFACE('',#1383,0.700000000000001,0.785398163397448);
#24=CONICAL_SURFACE('',#1386,0.700000000000001,0.78539816339745);
#25=CONICAL_SURFACE('',#1389,0.699999999999999,0.78539816339745);
#26=CONICAL_SURFACE('',#1392,0.699999999999999,0.785398163397449);
#27=CONICAL_SURFACE('',#1403,0.700000000000001,0.78539816339745);
#28=CONICAL_SURFACE('',#1406,0.699999999999999,0.78539816339745);
#29=CONICAL_SURFACE('',#1409,0.699999999999994,0.785398163397438);
#30=CONICAL_SURFACE('',#1412,0.700000000000002,0.785398163397436);
#31=CONICAL_SURFACE('',#1415,0.699999999999996,0.785398163397438);
#32=CONICAL_SURFACE('',#1418,0.699999999999987,0.785398163397442);
#33=CONICAL_SURFACE('',#1420,0.699999999999999,0.785398163397449);
#34=CONICAL_SURFACE('',#1423,0.700000000000007,0.78539816339744);
#35=CONICAL_SURFACE('',#1433,2.15,0.785398163397448);
#36=CONICAL_SURFACE('',#1437,2.15,0.785398163397448);
#37=CONICAL_SURFACE('',#1441,2.15,0.785398163397467);
#38=B_SPLINE_SURFACE_WITH_KNOTS('',3,3,((#1969,#1970,#1971,#1972),(#1973,
#1974,#1975,#1976),(#1977,#1978,#1979,#1980),(#1981,#1982,#1983,#1984)),
 .UNSPECIFIED.,.F.,.F.,.F.,(4,4),(4,4),(0.,1.),(-1.5707963267949,-1.53170708350663),
 .UNSPECIFIED.);
#39=B_SPLINE_SURFACE_WITH_KNOTS('',3,3,((#2001,#2002,#2003,#2004,#2005),
(#2006,#2007,#2008,#2009,#2010),(#2011,#2012,#2013,#2014,#2015),(#2016,
#2017,#2018,#2019,#2020)),.UNSPECIFIED.,.F.,.F.,.F.,(4,4),(4,1,4),(0.,1.),
(-2.66453525910038E-15,0.656445892931413,1.53170708350663),
 .UNSPECIFIED.);
#40=ELLIPSE('',#1367,4.04986050315201,4.);
#41=B_SPLINE_CURVE_WITH_KNOTS('',3,(#1942,#1943,#1944,#1945,#1946),
 .UNSPECIFIED.,.F.,.F.,(4,1,4),(-1.53170708350663,-0.656445892931413,2.66453525910038E-15),
 .UNSPECIFIED.);
#42=B_SPLINE_CURVE_WITH_KNOTS('',3,(#1963,#1964,#1965,#1966),
 .UNSPECIFIED.,.F.,.F.,(4,4),(-1.5707963267949,-1.53170708350663),
 .UNSPECIFIED.);
#43=B_SPLINE_CURVE_WITH_KNOTS('',3,(#1988,#1989,#1990,#1991),
 .UNSPECIFIED.,.F.,.F.,(4,4),(1.53170708350663,1.5707963267949),
 .UNSPECIFIED.);
#44=B_SPLINE_CURVE_WITH_KNOTS('',3,(#2023,#2024,#2025,#2026,#2027),
 .UNSPECIFIED.,.F.,.F.,(4,1,4),(-2.66453525910038E-15,0.656445892931413,
1.53170708350663),.UNSPECIFIED.);
#45=PLANE('',#1339);
#46=PLANE('',#1346);
#47=PLANE('',#1350);
#48=PLANE('',#1354);
#49=PLANE('',#1358);
#50=PLANE('',#1362);
#51=PLANE('',#1371);
#52=PLANE('',#1372);
#53=PLANE('',#1375);
#54=PLANE('',#1379);
#55=PLANE('',#1385);
#56=PLANE('',#1388);
#57=PLANE('',#1391);
#58=PLANE('',#1394);
#59=PLANE('',#1395);
#60=PLANE('',#1399);
#61=PLANE('',#1405);
#62=PLANE('',#1408);
#63=PLANE('',#1411);
#64=PLANE('',#1414);
#65=PLANE('',#1417);
#66=PLANE('',#1422);
#67=PLANE('',#1425);
#68=PLANE('',#1427);
#69=PLANE('',#1429);
#70=PLANE('',#1443);
#71=PLANE('',#1444);
#72=PLANE('',#1445);
#73=PLANE('',#1446);
#74=PLANE('',#1447);
#75=PLANE('',#1448);
#76=PLANE('',#1449);
#77=PLANE('',#1450);
#78=PLANE('',#1451);
#79=PLANE('',#1452);
#80=PLANE('',#1453);
#81=PLANE('',#1454);
#82=PLANE('',#1455);
#83=PLANE('',#1456);
#84=PLANE('',#1457);
#85=PLANE('',#1458);
#86=PLANE('',#1459);
#87=FACE_OUTER_BOUND('',#164,.T.);
#88=FACE_OUTER_BOUND('',#165,.T.);
#89=FACE_OUTER_BOUND('',#166,.T.);
#90=FACE_OUTER_BOUND('',#167,.T.);
#91=FACE_OUTER_BOUND('',#168,.T.);
#92=FACE_OUTER_BOUND('',#169,.T.);
#93=FACE_OUTER_BOUND('',#170,.T.);
#94=FACE_OUTER_BOUND('',#171,.T.);
#95=FACE_OUTER_BOUND('',#172,.T.);
#96=FACE_OUTER_BOUND('',#173,.T.);
#97=FACE_OUTER_BOUND('',#174,.T.);
#98=FACE_OUTER_BOUND('',#175,.T.);
#99=FACE_OUTER_BOUND('',#176,.T.);
#100=FACE_OUTER_BOUND('',#177,.T.);
#101=FACE_OUTER_BOUND('',#178,.T.);
#102=FACE_OUTER_BOUND('',#179,.T.);
#103=FACE_OUTER_BOUND('',#180,.T.);
#104=FACE_OUTER_BOUND('',#181,.T.);
#105=FACE_OUTER_BOUND('',#182,.T.);
#106=FACE_OUTER_BOUND('',#183,.T.);
#107=FACE_OUTER_BOUND('',#184,.T.);
#108=FACE_OUTER_BOUND('',#185,.T.);
#109=FACE_OUTER_BOUND('',#186,.T.);
#110=FACE_OUTER_BOUND('',#187,.T.);
#111=FACE_OUTER_BOUND('',#188,.T.);
#112=FACE_OUTER_BOUND('',#189,.T.);
#113=FACE_OUTER_BOUND('',#190,.T.);
#114=FACE_OUTER_BOUND('',#191,.T.);
#115=FACE_OUTER_BOUND('',#192,.T.);
#116=FACE_OUTER_BOUND('',#193,.T.);
#117=FACE_OUTER_BOUND('',#194,.T.);
#118=FACE_OUTER_BOUND('',#195,.T.);
#119=FACE_OUTER_BOUND('',#196,.T.);
#120=FACE_OUTER_BOUND('',#197,.T.);
#121=FACE_OUTER_BOUND('',#198,.T.);
#122=FACE_OUTER_BOUND('',#199,.T.);
#123=FACE_OUTER_BOUND('',#200,.T.);
#124=FACE_OUTER_BOUND('',#201,.T.);
#125=FACE_OUTER_BOUND('',#202,.T.);
#126=FACE_OUTER_BOUND('',#203,.T.);
#127=FACE_OUTER_BOUND('',#204,.T.);
#128=FACE_OUTER_BOUND('',#205,.T.);
#129=FACE_OUTER_BOUND('',#206,.T.);
#130=FACE_OUTER_BOUND('',#207,.T.);
#131=FACE_OUTER_BOUND('',#208,.T.);
#132=FACE_OUTER_BOUND('',#209,.T.);
#133=FACE_OUTER_BOUND('',#210,.T.);
#134=FACE_OUTER_BOUND('',#211,.T.);
#135=FACE_OUTER_BOUND('',#212,.T.);
#136=FACE_OUTER_BOUND('',#213,.T.);
#137=FACE_OUTER_BOUND('',#214,.T.);
#138=FACE_OUTER_BOUND('',#215,.T.);
#139=FACE_OUTER_BOUND('',#216,.T.);
#140=FACE_OUTER_BOUND('',#217,.T.);
#141=FACE_OUTER_BOUND('',#218,.T.);
#142=FACE_OUTER_BOUND('',#219,.T.);
#143=FACE_OUTER_BOUND('',#220,.T.);
#144=FACE_OUTER_BOUND('',#221,.T.);
#145=FACE_OUTER_BOUND('',#222,.T.);
#146=FACE_OUTER_BOUND('',#223,.T.);
#147=FACE_OUTER_BOUND('',#224,.T.);
#148=FACE_OUTER_BOUND('',#227,.T.);
#149=FACE_OUTER_BOUND('',#228,.T.);
#150=FACE_OUTER_BOUND('',#229,.T.);
#151=FACE_OUTER_BOUND('',#230,.T.);
#152=FACE_OUTER_BOUND('',#236,.T.);
#153=FACE_OUTER_BOUND('',#237,.T.);
#154=FACE_OUTER_BOUND('',#238,.T.);
#155=FACE_OUTER_BOUND('',#239,.T.);
#156=FACE_OUTER_BOUND('',#240,.T.);
#157=FACE_OUTER_BOUND('',#241,.T.);
#158=FACE_OUTER_BOUND('',#242,.T.);
#159=FACE_OUTER_BOUND('',#243,.T.);
#160=FACE_OUTER_BOUND('',#244,.T.);
#161=FACE_OUTER_BOUND('',#245,.T.);
#162=FACE_OUTER_BOUND('',#246,.T.);
#163=FACE_OUTER_BOUND('',#247,.T.);
#164=EDGE_LOOP('',(#858,#859,#860,#861));
#165=EDGE_LOOP('',(#862,#863,#864,#865));
#166=EDGE_LOOP('',(#866,#867,#868,#869));
#167=EDGE_LOOP('',(#870,#871,#872,#873));
#168=EDGE_LOOP('',(#874,#875,#876,#877));
#169=EDGE_LOOP('',(#878,#879,#880,#881));
#170=EDGE_LOOP('',(#882,#883,#884,#885));
#171=EDGE_LOOP('',(#886,#887,#888,#889));
#172=EDGE_LOOP('',(#890,#891,#892,#893));
#173=EDGE_LOOP('',(#894,#895,#896,#897));
#174=EDGE_LOOP('',(#898,#899,#900,#901));
#175=EDGE_LOOP('',(#902,#903,#904,#905));
#176=EDGE_LOOP('',(#906,#907,#908,#909));
#177=EDGE_LOOP('',(#910,#911,#912,#913));
#178=EDGE_LOOP('',(#914,#915,#916,#917));
#179=EDGE_LOOP('',(#918,#919,#920,#921));
#180=EDGE_LOOP('',(#922,#923,#924,#925,#926));
#181=EDGE_LOOP('',(#927,#928,#929,#930));
#182=EDGE_LOOP('',(#931,#932,#933,#934));
#183=EDGE_LOOP('',(#935,#936,#937,#938));
#184=EDGE_LOOP('',(#939,#940,#941,#942));
#185=EDGE_LOOP('',(#943,#944,#945,#946));
#186=EDGE_LOOP('',(#947,#948,#949,#950));
#187=EDGE_LOOP('',(#951,#952,#953,#954));
#188=EDGE_LOOP('',(#955,#956,#957,#958));
#189=EDGE_LOOP('',(#959,#960,#961,#962));
#190=EDGE_LOOP('',(#963,#964,#965,#966));
#191=EDGE_LOOP('',(#967,#968,#969,#970));
#192=EDGE_LOOP('',(#971,#972,#973,#974));
#193=EDGE_LOOP('',(#975,#976,#977,#978));
#194=EDGE_LOOP('',(#979,#980,#981,#982));
#195=EDGE_LOOP('',(#983,#984,#985,#986));
#196=EDGE_LOOP('',(#987,#988,#989,#990));
#197=EDGE_LOOP('',(#991,#992,#993,#994));
#198=EDGE_LOOP('',(#995,#996,#997,#998));
#199=EDGE_LOOP('',(#999,#1000,#1001,#1002));
#200=EDGE_LOOP('',(#1003,#1004,#1005,#1006));
#201=EDGE_LOOP('',(#1007,#1008,#1009,#1010));
#202=EDGE_LOOP('',(#1011,#1012,#1013,#1014));
#203=EDGE_LOOP('',(#1015,#1016,#1017,#1018));
#204=EDGE_LOOP('',(#1019,#1020,#1021,#1022));
#205=EDGE_LOOP('',(#1023,#1024,#1025,#1026));
#206=EDGE_LOOP('',(#1027,#1028,#1029,#1030));
#207=EDGE_LOOP('',(#1031,#1032,#1033,#1034));
#208=EDGE_LOOP('',(#1035,#1036,#1037,#1038));
#209=EDGE_LOOP('',(#1039,#1040,#1041,#1042));
#210=EDGE_LOOP('',(#1043,#1044,#1045,#1046));
#211=EDGE_LOOP('',(#1047,#1048,#1049,#1050));
#212=EDGE_LOOP('',(#1051,#1052,#1053,#1054));
#213=EDGE_LOOP('',(#1055,#1056,#1057,#1058));
#214=EDGE_LOOP('',(#1059,#1060,#1061,#1062));
#215=EDGE_LOOP('',(#1063));
#216=EDGE_LOOP('',(#1064));
#217=EDGE_LOOP('',(#1065));
#218=EDGE_LOOP('',(#1066,#1067,#1068,#1069));
#219=EDGE_LOOP('',(#1070,#1071,#1072,#1073));
#220=EDGE_LOOP('',(#1074,#1075,#1076,#1077));
#221=EDGE_LOOP('',(#1078,#1079,#1080,#1081));
#222=EDGE_LOOP('',(#1082,#1083,#1084,#1085));
#223=EDGE_LOOP('',(#1086,#1087,#1088,#1089));
#224=EDGE_LOOP('',(#1090,#1091,#1092,#1093,#1094,#1095,#1096,#1097,#1098,
#1099,#1100,#1101,#1102,#1103,#1104,#1105,#1106,#1107,#1108));
#225=EDGE_LOOP('',(#1109,#1110,#1111,#1112,#1113,#1114,#1115,#1116));
#226=EDGE_LOOP('',(#1117,#1118,#1119,#1120,#1121,#1122,#1123,#1124));
#227=EDGE_LOOP('',(#1125,#1126,#1127,#1128));
#228=EDGE_LOOP('',(#1129,#1130,#1131,#1132));
#229=EDGE_LOOP('',(#1133,#1134,#1135,#1136));
#230=EDGE_LOOP('',(#1137,#1138,#1139,#1140,#1141,#1142,#1143,#1144,#1145,
#1146,#1147,#1148,#1149,#1150,#1151,#1152,#1153,#1154));
#231=EDGE_LOOP('',(#1155));
#232=EDGE_LOOP('',(#1156,#1157,#1158,#1159,#1160,#1161,#1162,#1163));
#233=EDGE_LOOP('',(#1164,#1165,#1166,#1167,#1168,#1169,#1170,#1171));
#234=EDGE_LOOP('',(#1172));
#235=EDGE_LOOP('',(#1173));
#236=EDGE_LOOP('',(#1174,#1175,#1176,#1177));
#237=EDGE_LOOP('',(#1178,#1179,#1180,#1181));
#238=EDGE_LOOP('',(#1182,#1183,#1184,#1185));
#239=EDGE_LOOP('',(#1186,#1187,#1188,#1189));
#240=EDGE_LOOP('',(#1190,#1191,#1192,#1193));
#241=EDGE_LOOP('',(#1194,#1195,#1196,#1197));
#242=EDGE_LOOP('',(#1198,#1199,#1200,#1201));
#243=EDGE_LOOP('',(#1202,#1203,#1204,#1205));
#244=EDGE_LOOP('',(#1206,#1207,#1208,#1209));
#245=EDGE_LOOP('',(#1210,#1211,#1212,#1213,#1214,#1215));
#246=EDGE_LOOP('',(#1216,#1217,#1218,#1219,#1220,#1221));
#247=EDGE_LOOP('',(#1222,#1223,#1224,#1225,#1226,#1227));
#248=LINE('',#1848,#380);
#249=LINE('',#1851,#381);
#250=LINE('',#1854,#382);
#251=LINE('',#1856,#383);
#252=LINE('',#1857,#384);
#253=LINE('',#1863,#385);
#254=LINE('',#1869,#386);
#255=LINE('',#1872,#387);
#256=LINE('',#1875,#388);
#257=LINE('',#1877,#389);
#258=LINE('',#1878,#390);
#259=LINE('',#1884,#391);
#260=LINE('',#1888,#392);
#261=LINE('',#1890,#393);
#262=LINE('',#1892,#394);
#263=LINE('',#1893,#395);
#264=LINE('',#1899,#396);
#265=LINE('',#1903,#397);
#266=LINE('',#1905,#398);
#267=LINE('',#1907,#399);
#268=LINE('',#1908,#400);
#269=LINE('',#1915,#401);
#270=LINE('',#1917,#402);
#271=LINE('',#1919,#403);
#272=LINE('',#1920,#404);
#273=LINE('',#1926,#405);
#274=LINE('',#1930,#406);
#275=LINE('',#1932,#407);
#276=LINE('',#1934,#408);
#277=LINE('',#1935,#409);
#278=LINE('',#1948,#410);
#279=LINE('',#1951,#411);
#280=LINE('',#1957,#412);
#281=LINE('',#1960,#413);
#282=LINE('',#1967,#414);
#283=LINE('',#1968,#415);
#284=LINE('',#1986,#416);
#285=LINE('',#1992,#417);
#286=LINE('',#1995,#418);
#287=LINE('',#1996,#419);
#288=LINE('',#1999,#420);
#289=LINE('',#2022,#421);
#290=LINE('',#2030,#422);
#291=LINE('',#2032,#423);
#292=LINE('',#2033,#424);
#293=LINE('',#2039,#425);
#294=LINE('',#2042,#426);
#295=LINE('',#2044,#427);
#296=LINE('',#2045,#428);
#297=LINE('',#2051,#429);
#298=LINE('',#2054,#430);
#299=LINE('',#2057,#431);
#300=LINE('',#2058,#432);
#301=LINE('',#2062,#433);
#302=LINE('',#2065,#434);
#303=LINE('',#2066,#435);
#304=LINE('',#2070,#436);
#305=LINE('',#2073,#437);
#306=LINE('',#2074,#438);
#307=LINE('',#2078,#439);
#308=LINE('',#2080,#440);
#309=LINE('',#2083,#441);
#310=LINE('',#2085,#442);
#311=LINE('',#2086,#443);
#312=LINE('',#2092,#444);
#313=LINE('',#2095,#445);
#314=LINE('',#2097,#446);
#315=LINE('',#2098,#447);
#316=LINE('',#2104,#448);
#317=LINE('',#2107,#449);
#318=LINE('',#2110,#450);
#319=LINE('',#2111,#451);
#320=LINE('',#2115,#452);
#321=LINE('',#2118,#453);
#322=LINE('',#2119,#454);
#323=LINE('',#2123,#455);
#324=LINE('',#2126,#456);
#325=LINE('',#2127,#457);
#326=LINE('',#2131,#458);
#327=LINE('',#2133,#459);
#328=LINE('',#2136,#460);
#329=LINE('',#2139,#461);
#330=LINE('',#2142,#462);
#331=LINE('',#2143,#463);
#332=LINE('',#2147,#464);
#333=LINE('',#2150,#465);
#334=LINE('',#2153,#466);
#335=LINE('',#2156,#467);
#336=LINE('',#2157,#468);
#337=LINE('',#2161,#469);
#338=LINE('',#2174,#470);
#339=LINE('',#2178,#471);
#340=LINE('',#2182,#472);
#341=LINE('',#2186,#473);
#342=LINE('',#2190,#474);
#343=LINE('',#2194,#475);
#344=LINE('',#2198,#476);
#345=LINE('',#2199,#477);
#346=LINE('',#2201,#478);
#347=LINE('',#2203,#479);
#348=LINE('',#2204,#480);
#349=LINE('',#2206,#481);
#350=LINE('',#2208,#482);
#351=LINE('',#2209,#483);
#352=LINE('',#2210,#484);
#353=LINE('',#2213,#485);
#354=LINE('',#2214,#486);
#355=LINE('',#2217,#487);
#356=LINE('',#2218,#488);
#357=LINE('',#2221,#489);
#358=LINE('',#2222,#490);
#359=LINE('',#2226,#491);
#360=LINE('',#2227,#492);
#361=LINE('',#2229,#493);
#362=LINE('',#2231,#494);
#363=LINE('',#2232,#495);
#364=LINE('',#2234,#496);
#365=LINE('',#2235,#497);
#366=LINE('',#2236,#498);
#367=LINE('',#2238,#499);
#368=LINE('',#2241,#500);
#369=LINE('',#2242,#501);
#370=LINE('',#2245,#502);
#371=LINE('',#2246,#503);
#372=LINE('',#2248,#504);
#373=LINE('',#2250,#505);
#374=LINE('',#2253,#506);
#375=LINE('',#2254,#507);
#376=LINE('',#2257,#508);
#377=LINE('',#2258,#509);
#378=LINE('',#2260,#510);
#379=LINE('',#2262,#511);
#380=VECTOR('',#1466,10.);
#381=VECTOR('',#1469,10.);
#382=VECTOR('',#1472,10.);
#383=VECTOR('',#1473,10.);
#384=VECTOR('',#1474,10.);
#385=VECTOR('',#1481,10.);
#386=VECTOR('',#1486,10.);
#387=VECTOR('',#1489,10.);
#388=VECTOR('',#1492,10.);
#389=VECTOR('',#1493,10.);
#390=VECTOR('',#1494,10.);
#391=VECTOR('',#1501,10.);
#392=VECTOR('',#1504,10.);
#393=VECTOR('',#1505,10.);
#394=VECTOR('',#1506,10.);
#395=VECTOR('',#1507,10.);
#396=VECTOR('',#1514,10.);
#397=VECTOR('',#1517,10.);
#398=VECTOR('',#1518,10.);
#399=VECTOR('',#1519,10.);
#400=VECTOR('',#1520,10.);
#401=VECTOR('',#1529,10.);
#402=VECTOR('',#1530,10.);
#403=VECTOR('',#1531,10.);
#404=VECTOR('',#1532,10.);
#405=VECTOR('',#1539,10.);
#406=VECTOR('',#1542,10.);
#407=VECTOR('',#1543,10.);
#408=VECTOR('',#1544,10.);
#409=VECTOR('',#1545,10.);
#410=VECTOR('',#1554,10.);
#411=VECTOR('',#1557,10.);
#412=VECTOR('',#1562,10.);
#413=VECTOR('',#1565,10.);
#414=VECTOR('',#1568,10.);
#415=VECTOR('',#1569,10.);
#416=VECTOR('',#1570,10.);
#417=VECTOR('',#1571,10.);
#418=VECTOR('',#1574,10.);
#419=VECTOR('',#1575,10.);
#420=VECTOR('',#1578,10.);
#421=VECTOR('',#1581,10.);
#422=VECTOR('',#1584,10.);
#423=VECTOR('',#1585,10.);
#424=VECTOR('',#1586,10.);
#425=VECTOR('',#1593,10.);
#426=VECTOR('',#1596,10.);
#427=VECTOR('',#1597,10.);
#428=VECTOR('',#1598,10.);
#429=VECTOR('',#1607,10.);
#430=VECTOR('',#1610,10.);
#431=VECTOR('',#1613,10.);
#432=VECTOR('',#1614,10.);
#433=VECTOR('',#1619,10.);
#434=VECTOR('',#1622,10.);
#435=VECTOR('',#1623,10.);
#436=VECTOR('',#1628,10.);
#437=VECTOR('',#1631,10.);
#438=VECTOR('',#1632,10.);
#439=VECTOR('',#1637,10.);
#440=VECTOR('',#1640,10.);
#441=VECTOR('',#1643,10.);
#442=VECTOR('',#1644,10.);
#443=VECTOR('',#1645,10.);
#444=VECTOR('',#1652,10.);
#445=VECTOR('',#1655,10.);
#446=VECTOR('',#1656,10.);
#447=VECTOR('',#1657,10.);
#448=VECTOR('',#1666,10.);
#449=VECTOR('',#1669,10.);
#450=VECTOR('',#1672,10.);
#451=VECTOR('',#1673,10.);
#452=VECTOR('',#1678,10.);
#453=VECTOR('',#1681,10.);
#454=VECTOR('',#1682,10.);
#455=VECTOR('',#1687,10.);
#456=VECTOR('',#1690,10.);
#457=VECTOR('',#1691,10.);
#458=VECTOR('',#1696,10.);
#459=VECTOR('',#1699,10.);
#460=VECTOR('',#1702,10.);
#461=VECTOR('',#1705,10.);
#462=VECTOR('',#1708,10.);
#463=VECTOR('',#1709,10.);
#464=VECTOR('',#1714,10.);
#465=VECTOR('',#1717,10.);
#466=VECTOR('',#1720,10.);
#467=VECTOR('',#1723,10.);
#468=VECTOR('',#1724,10.);
#469=VECTOR('',#1729,10.);
#470=VECTOR('',#1746,2.);
#471=VECTOR('',#1751,2.15);
#472=VECTOR('',#1756,2.);
#473=VECTOR('',#1761,2.15);
#474=VECTOR('',#1766,1.99999999999999);
#475=VECTOR('',#1771,2.15);
#476=VECTOR('',#1774,10.);
#477=VECTOR('',#1775,10.);
#478=VECTOR('',#1776,10.);
#479=VECTOR('',#1777,10.);
#480=VECTOR('',#1778,10.);
#481=VECTOR('',#1779,10.);
#482=VECTOR('',#1780,10.);
#483=VECTOR('',#1781,10.);
#484=VECTOR('',#1782,10.);
#485=VECTOR('',#1785,10.);
#486=VECTOR('',#1786,10.);
#487=VECTOR('',#1789,10.);
#488=VECTOR('',#1790,10.);
#489=VECTOR('',#1793,10.);
#490=VECTOR('',#1794,10.);
#491=VECTOR('',#1797,10.);
#492=VECTOR('',#1798,10.);
#493=VECTOR('',#1799,10.);
#494=VECTOR('',#1800,10.);
#495=VECTOR('',#1801,10.);
#496=VECTOR('',#1802,10.);
#497=VECTOR('',#1803,10.);
#498=VECTOR('',#1804,10.);
#499=VECTOR('',#1807,10.);
#500=VECTOR('',#1810,10.);
#501=VECTOR('',#1811,10.);
#502=VECTOR('',#1814,10.);
#503=VECTOR('',#1815,10.);
#504=VECTOR('',#1818,10.);
#505=VECTOR('',#1821,10.);
#506=VECTOR('',#1824,10.);
#507=VECTOR('',#1825,10.);
#508=VECTOR('',#1828,10.);
#509=VECTOR('',#1829,10.);
#510=VECTOR('',#1832,10.);
#511=VECTOR('',#1835,10.);
#512=CIRCLE('',#1337,0.499999999999989);
#513=CIRCLE('',#1338,0.499999999999989);
#514=CIRCLE('',#1341,0.5);
#515=CIRCLE('',#1342,0.5);
#516=CIRCLE('',#1344,0.50000000000001);
#517=CIRCLE('',#1345,0.50000000000001);
#518=CIRCLE('',#1348,0.499999999999998);
#519=CIRCLE('',#1349,0.499999999999998);
#520=CIRCLE('',#1352,0.5);
#521=CIRCLE('',#1353,0.5);
#522=CIRCLE('',#1356,0.5);
#523=CIRCLE('',#1357,0.5);
#524=CIRCLE('',#1360,0.5);
#525=CIRCLE('',#1361,0.5);
#526=CIRCLE('',#1364,0.499999999999998);
#527=CIRCLE('',#1365,0.499999999999998);
#528=CIRCLE('',#1369,4.);
#529=CIRCLE('',#1370,4.);
#530=CIRCLE('',#1374,3.);
#531=CIRCLE('',#1377,0.499999999999998);
#532=CIRCLE('',#1378,0.499999999999998);
#533=CIRCLE('',#1381,0.499999999999998);
#534=CIRCLE('',#1382,0.499999999999998);
#535=CIRCLE('',#1384,0.900000000000001);
#536=CIRCLE('',#1387,0.900000000000002);
#537=CIRCLE('',#1390,0.9);
#538=CIRCLE('',#1393,0.899999999999999);
#539=CIRCLE('',#1397,0.500000000000007);
#540=CIRCLE('',#1398,0.500000000000007);
#541=CIRCLE('',#1401,0.499999999999998);
#542=CIRCLE('',#1402,0.499999999999998);
#543=CIRCLE('',#1404,0.900000000000002);
#544=CIRCLE('',#1407,0.9);
#545=CIRCLE('',#1410,0.899999999999991);
#546=CIRCLE('',#1413,0.899999999999997);
#547=CIRCLE('',#1416,0.899999999999992);
#548=CIRCLE('',#1419,0.899999999999985);
#549=CIRCLE('',#1421,0.899999999999999);
#550=CIRCLE('',#1424,0.900000000000004);
#551=CIRCLE('',#1426,2.);
#552=CIRCLE('',#1428,1.99999999999999);
#553=CIRCLE('',#1430,2.);
#554=CIRCLE('',#1432,2.);
#555=CIRCLE('',#1434,2.3);
#556=CIRCLE('',#1436,2.);
#557=CIRCLE('',#1438,2.3);
#558=CIRCLE('',#1440,1.99999999999999);
#559=CIRCLE('',#1442,2.3);
#560=VERTEX_POINT('',#1844);
#561=VERTEX_POINT('',#1845);
#562=VERTEX_POINT('',#1847);
#563=VERTEX_POINT('',#1849);
#564=VERTEX_POINT('',#1853);
#565=VERTEX_POINT('',#1855);
#566=VERTEX_POINT('',#1859);
#567=VERTEX_POINT('',#1861);
#568=VERTEX_POINT('',#1865);
#569=VERTEX_POINT('',#1866);
#570=VERTEX_POINT('',#1868);
#571=VERTEX_POINT('',#1870);
#572=VERTEX_POINT('',#1874);
#573=VERTEX_POINT('',#1876);
#574=VERTEX_POINT('',#1880);
#575=VERTEX_POINT('',#1882);
#576=VERTEX_POINT('',#1886);
#577=VERTEX_POINT('',#1887);
#578=VERTEX_POINT('',#1889);
#579=VERTEX_POINT('',#1891);
#580=VERTEX_POINT('',#1895);
#581=VERTEX_POINT('',#1897);
#582=VERTEX_POINT('',#1901);
#583=VERTEX_POINT('',#1902);
#584=VERTEX_POINT('',#1904);
#585=VERTEX_POINT('',#1906);
#586=VERTEX_POINT('',#1913);
#587=VERTEX_POINT('',#1914);
#588=VERTEX_POINT('',#1916);
#589=VERTEX_POINT('',#1918);
#590=VERTEX_POINT('',#1922);
#591=VERTEX_POINT('',#1924);
#592=VERTEX_POINT('',#1928);
#593=VERTEX_POINT('',#1929);
#594=VERTEX_POINT('',#1931);
#595=VERTEX_POINT('',#1933);
#596=VERTEX_POINT('',#1940);
#597=VERTEX_POINT('',#1941);
#598=VERTEX_POINT('',#1947);
#599=VERTEX_POINT('',#1949);
#600=VERTEX_POINT('',#1953);
#601=VERTEX_POINT('',#1954);
#602=VERTEX_POINT('',#1956);
#603=VERTEX_POINT('',#1958);
#604=VERTEX_POINT('',#1962);
#605=VERTEX_POINT('',#1985);
#606=VERTEX_POINT('',#1987);
#607=VERTEX_POINT('',#1994);
#608=VERTEX_POINT('',#1998);
#609=VERTEX_POINT('',#2021);
#610=VERTEX_POINT('',#2029);
#611=VERTEX_POINT('',#2031);
#612=VERTEX_POINT('',#2035);
#613=VERTEX_POINT('',#2037);
#614=VERTEX_POINT('',#2041);
#615=VERTEX_POINT('',#2043);
#616=VERTEX_POINT('',#2050);
#617=VERTEX_POINT('',#2052);
#618=VERTEX_POINT('',#2056);
#619=VERTEX_POINT('',#2060);
#620=VERTEX_POINT('',#2064);
#621=VERTEX_POINT('',#2068);
#622=VERTEX_POINT('',#2072);
#623=VERTEX_POINT('',#2076);
#624=VERTEX_POINT('',#2082);
#625=VERTEX_POINT('',#2084);
#626=VERTEX_POINT('',#2088);
#627=VERTEX_POINT('',#2090);
#628=VERTEX_POINT('',#2094);
#629=VERTEX_POINT('',#2096);
#630=VERTEX_POINT('',#2103);
#631=VERTEX_POINT('',#2105);
#632=VERTEX_POINT('',#2109);
#633=VERTEX_POINT('',#2113);
#634=VERTEX_POINT('',#2117);
#635=VERTEX_POINT('',#2121);
#636=VERTEX_POINT('',#2125);
#637=VERTEX_POINT('',#2129);
#638=VERTEX_POINT('',#2135);
#639=VERTEX_POINT('',#2137);
#640=VERTEX_POINT('',#2141);
#641=VERTEX_POINT('',#2145);
#642=VERTEX_POINT('',#2149);
#643=VERTEX_POINT('',#2151);
#644=VERTEX_POINT('',#2155);
#645=VERTEX_POINT('',#2159);
#646=VERTEX_POINT('',#2163);
#647=VERTEX_POINT('',#2166);
#648=VERTEX_POINT('',#2169);
#649=VERTEX_POINT('',#2172);
#650=VERTEX_POINT('',#2176);
#651=VERTEX_POINT('',#2180);
#652=VERTEX_POINT('',#2184);
#653=VERTEX_POINT('',#2188);
#654=VERTEX_POINT('',#2192);
#655=VERTEX_POINT('',#2196);
#656=VERTEX_POINT('',#2197);
#657=VERTEX_POINT('',#2200);
#658=VERTEX_POINT('',#2202);
#659=VERTEX_POINT('',#2205);
#660=VERTEX_POINT('',#2207);
#661=VERTEX_POINT('',#2212);
#662=VERTEX_POINT('',#2216);
#663=VERTEX_POINT('',#2220);
#664=VERTEX_POINT('',#2224);
#665=VERTEX_POINT('',#2225);
#666=VERTEX_POINT('',#2228);
#667=VERTEX_POINT('',#2230);
#668=VERTEX_POINT('',#2233);
#669=VERTEX_POINT('',#2240);
#670=VERTEX_POINT('',#2244);
#671=VERTEX_POINT('',#2252);
#672=VERTEX_POINT('',#2256);
#673=EDGE_CURVE('',#560,#561,#512,.T.);
#674=EDGE_CURVE('',#562,#560,#248,.T.);
#675=EDGE_CURVE('',#563,#562,#513,.T.);
#676=EDGE_CURVE('',#563,#561,#249,.T.);
#677=EDGE_CURVE('',#561,#564,#250,.T.);
#678=EDGE_CURVE('',#565,#563,#251,.T.);
#679=EDGE_CURVE('',#565,#564,#252,.T.);
#680=EDGE_CURVE('',#564,#566,#514,.T.);
#681=EDGE_CURVE('',#567,#565,#515,.T.);
#682=EDGE_CURVE('',#567,#566,#253,.T.);
#683=EDGE_CURVE('',#568,#569,#516,.T.);
#684=EDGE_CURVE('',#570,#568,#254,.T.);
#685=EDGE_CURVE('',#571,#570,#517,.T.);
#686=EDGE_CURVE('',#571,#569,#255,.T.);
#687=EDGE_CURVE('',#569,#572,#256,.T.);
#688=EDGE_CURVE('',#573,#571,#257,.T.);
#689=EDGE_CURVE('',#573,#572,#258,.T.);
#690=EDGE_CURVE('',#572,#574,#518,.T.);
#691=EDGE_CURVE('',#575,#573,#519,.T.);
#692=EDGE_CURVE('',#575,#574,#259,.T.);
#693=EDGE_CURVE('',#576,#577,#260,.T.);
#694=EDGE_CURVE('',#578,#576,#261,.T.);
#695=EDGE_CURVE('',#579,#578,#262,.T.);
#696=EDGE_CURVE('',#579,#577,#263,.T.);
#697=EDGE_CURVE('',#577,#580,#520,.T.);
#698=EDGE_CURVE('',#581,#579,#521,.T.);
#699=EDGE_CURVE('',#581,#580,#264,.T.);
#700=EDGE_CURVE('',#582,#583,#265,.T.);
#701=EDGE_CURVE('',#584,#582,#266,.T.);
#702=EDGE_CURVE('',#585,#584,#267,.T.);
#703=EDGE_CURVE('',#585,#583,#268,.T.);
#704=EDGE_CURVE('',#583,#576,#522,.T.);
#705=EDGE_CURVE('',#578,#585,#523,.T.);
#706=EDGE_CURVE('',#586,#587,#269,.T.);
#707=EDGE_CURVE('',#588,#586,#270,.T.);
#708=EDGE_CURVE('',#589,#588,#271,.T.);
#709=EDGE_CURVE('',#589,#587,#272,.T.);
#710=EDGE_CURVE('',#587,#590,#524,.T.);
#711=EDGE_CURVE('',#591,#589,#525,.T.);
#712=EDGE_CURVE('',#591,#590,#273,.T.);
#713=EDGE_CURVE('',#592,#593,#274,.T.);
#714=EDGE_CURVE('',#594,#592,#275,.T.);
#715=EDGE_CURVE('',#595,#594,#276,.T.);
#716=EDGE_CURVE('',#595,#593,#277,.T.);
#717=EDGE_CURVE('',#593,#586,#526,.T.);
#718=EDGE_CURVE('',#588,#595,#527,.T.);
#719=EDGE_CURVE('',#596,#597,#41,.T.);
#720=EDGE_CURVE('',#596,#598,#278,.T.);
#721=EDGE_CURVE('',#598,#599,#40,.T.);
#722=EDGE_CURVE('',#599,#597,#279,.T.);
#723=EDGE_CURVE('',#600,#601,#528,.T.);
#724=EDGE_CURVE('',#600,#602,#280,.T.);
#725=EDGE_CURVE('',#602,#603,#529,.T.);
#726=EDGE_CURVE('',#603,#601,#281,.T.);
#727=EDGE_CURVE('',#604,#596,#42,.T.);
#728=EDGE_CURVE('',#601,#604,#282,.T.);
#729=EDGE_CURVE('',#598,#603,#283,.T.);
#730=EDGE_CURVE('',#605,#596,#284,.T.);
#731=EDGE_CURVE('',#605,#606,#43,.T.);
#732=EDGE_CURVE('',#604,#606,#285,.T.);
#733=EDGE_CURVE('',#606,#607,#286,.T.);
#734=EDGE_CURVE('',#601,#607,#287,.T.);
#735=EDGE_CURVE('',#600,#608,#288,.T.);
#736=EDGE_CURVE('',#607,#608,#530,.T.);
#737=EDGE_CURVE('',#597,#609,#289,.T.);
#738=EDGE_CURVE('',#609,#605,#44,.T.);
#739=EDGE_CURVE('',#580,#610,#290,.T.);
#740=EDGE_CURVE('',#611,#581,#291,.T.);
#741=EDGE_CURVE('',#611,#610,#292,.T.);
#742=EDGE_CURVE('',#610,#612,#531,.T.);
#743=EDGE_CURVE('',#613,#611,#532,.T.);
#744=EDGE_CURVE('',#613,#612,#293,.T.);
#745=EDGE_CURVE('',#612,#614,#294,.T.);
#746=EDGE_CURVE('',#615,#613,#295,.T.);
#747=EDGE_CURVE('',#615,#614,#296,.T.);
#748=EDGE_CURVE('',#614,#582,#533,.T.);
#749=EDGE_CURVE('',#584,#615,#534,.T.);
#750=EDGE_CURVE('',#616,#580,#297,.T.);
#751=EDGE_CURVE('',#616,#617,#535,.T.);
#752=EDGE_CURVE('',#577,#617,#298,.T.);
#753=EDGE_CURVE('',#617,#618,#299,.T.);
#754=EDGE_CURVE('',#576,#618,#300,.T.);
#755=EDGE_CURVE('',#618,#619,#536,.T.);
#756=EDGE_CURVE('',#583,#619,#301,.T.);
#757=EDGE_CURVE('',#619,#620,#302,.T.);
#758=EDGE_CURVE('',#582,#620,#303,.T.);
#759=EDGE_CURVE('',#620,#621,#537,.T.);
#760=EDGE_CURVE('',#614,#621,#304,.T.);
#761=EDGE_CURVE('',#621,#622,#305,.T.);
#762=EDGE_CURVE('',#612,#622,#306,.T.);
#763=EDGE_CURVE('',#622,#623,#538,.T.);
#764=EDGE_CURVE('',#610,#623,#307,.T.);
#765=EDGE_CURVE('',#623,#616,#308,.T.);
#766=EDGE_CURVE('',#590,#624,#309,.T.);
#767=EDGE_CURVE('',#625,#591,#310,.T.);
#768=EDGE_CURVE('',#625,#624,#311,.T.);
#769=EDGE_CURVE('',#624,#626,#539,.T.);
#770=EDGE_CURVE('',#627,#625,#540,.T.);
#771=EDGE_CURVE('',#627,#626,#312,.T.);
#772=EDGE_CURVE('',#626,#628,#313,.T.);
#773=EDGE_CURVE('',#629,#627,#314,.T.);
#774=EDGE_CURVE('',#629,#628,#315,.T.);
#775=EDGE_CURVE('',#628,#592,#541,.T.);
#776=EDGE_CURVE('',#594,#629,#542,.T.);
#777=EDGE_CURVE('',#630,#590,#316,.T.);
#778=EDGE_CURVE('',#630,#631,#543,.T.);
#779=EDGE_CURVE('',#587,#631,#317,.T.);
#780=EDGE_CURVE('',#631,#632,#318,.T.);
#781=EDGE_CURVE('',#586,#632,#319,.T.);
#782=EDGE_CURVE('',#632,#633,#544,.T.);
#783=EDGE_CURVE('',#593,#633,#320,.T.);
#784=EDGE_CURVE('',#633,#634,#321,.T.);
#785=EDGE_CURVE('',#592,#634,#322,.T.);
#786=EDGE_CURVE('',#634,#635,#545,.T.);
#787=EDGE_CURVE('',#628,#635,#323,.T.);
#788=EDGE_CURVE('',#635,#636,#324,.T.);
#789=EDGE_CURVE('',#626,#636,#325,.T.);
#790=EDGE_CURVE('',#636,#637,#546,.T.);
#791=EDGE_CURVE('',#624,#637,#326,.T.);
#792=EDGE_CURVE('',#637,#630,#327,.T.);
#793=EDGE_CURVE('',#638,#566,#328,.T.);
#794=EDGE_CURVE('',#638,#639,#547,.T.);
#795=EDGE_CURVE('',#564,#639,#329,.T.);
#796=EDGE_CURVE('',#639,#640,#330,.T.);
#797=EDGE_CURVE('',#561,#640,#331,.T.);
#798=EDGE_CURVE('',#640,#641,#548,.T.);
#799=EDGE_CURVE('',#560,#641,#332,.T.);
#800=EDGE_CURVE('',#642,#574,#333,.T.);
#801=EDGE_CURVE('',#642,#643,#549,.T.);
#802=EDGE_CURVE('',#572,#643,#334,.T.);
#803=EDGE_CURVE('',#643,#644,#335,.T.);
#804=EDGE_CURVE('',#569,#644,#336,.T.);
#805=EDGE_CURVE('',#644,#645,#550,.T.);
#806=EDGE_CURVE('',#568,#645,#337,.T.);
#807=EDGE_CURVE('',#646,#646,#551,.T.);
#808=EDGE_CURVE('',#647,#647,#552,.T.);
#809=EDGE_CURVE('',#648,#648,#553,.T.);
#810=EDGE_CURVE('',#649,#649,#554,.T.);
#811=EDGE_CURVE('',#649,#648,#338,.T.);
#812=EDGE_CURVE('',#650,#650,#555,.T.);
#813=EDGE_CURVE('',#650,#649,#339,.T.);
#814=EDGE_CURVE('',#651,#651,#556,.T.);
#815=EDGE_CURVE('',#651,#646,#340,.T.);
#816=EDGE_CURVE('',#652,#652,#557,.T.);
#817=EDGE_CURVE('',#652,#651,#341,.T.);
#818=EDGE_CURVE('',#653,#653,#558,.T.);
#819=EDGE_CURVE('',#653,#647,#342,.T.);
#820=EDGE_CURVE('',#654,#654,#559,.T.);
#821=EDGE_CURVE('',#654,#653,#343,.T.);
#822=EDGE_CURVE('',#655,#656,#344,.T.);
#823=EDGE_CURVE('',#608,#656,#345,.T.);
#824=EDGE_CURVE('',#657,#609,#346,.T.);
#825=EDGE_CURVE('',#657,#658,#347,.T.);
#826=EDGE_CURVE('',#645,#658,#348,.T.);
#827=EDGE_CURVE('',#659,#642,#349,.T.);
#828=EDGE_CURVE('',#659,#660,#350,.T.);
#829=EDGE_CURVE('',#641,#660,#351,.T.);
#830=EDGE_CURVE('',#655,#638,#352,.T.);
#831=EDGE_CURVE('',#661,#657,#353,.T.);
#832=EDGE_CURVE('',#597,#661,#354,.T.);
#833=EDGE_CURVE('',#658,#662,#355,.T.);
#834=EDGE_CURVE('',#662,#568,#356,.T.);
#835=EDGE_CURVE('',#663,#661,#357,.T.);
#836=EDGE_CURVE('',#663,#599,#358,.T.);
#837=EDGE_CURVE('',#664,#665,#359,.T.);
#838=EDGE_CURVE('',#665,#567,#360,.T.);
#839=EDGE_CURVE('',#562,#666,#361,.T.);
#840=EDGE_CURVE('',#666,#667,#362,.T.);
#841=EDGE_CURVE('',#667,#575,#363,.T.);
#842=EDGE_CURVE('',#570,#668,#364,.T.);
#843=EDGE_CURVE('',#668,#663,#365,.T.);
#844=EDGE_CURVE('',#602,#664,#366,.T.);
#845=EDGE_CURVE('',#662,#668,#367,.T.);
#846=EDGE_CURVE('',#669,#659,#368,.T.);
#847=EDGE_CURVE('',#574,#669,#369,.T.);
#848=EDGE_CURVE('',#660,#670,#370,.T.);
#849=EDGE_CURVE('',#670,#560,#371,.T.);
#850=EDGE_CURVE('',#667,#669,#372,.T.);
#851=EDGE_CURVE('',#670,#666,#373,.T.);
#852=EDGE_CURVE('',#671,#655,#374,.T.);
#853=EDGE_CURVE('',#566,#671,#375,.T.);
#854=EDGE_CURVE('',#656,#672,#376,.T.);
#855=EDGE_CURVE('',#672,#600,#377,.T.);
#856=EDGE_CURVE('',#665,#671,#378,.T.);
#857=EDGE_CURVE('',#672,#664,#379,.T.);
#858=ORIENTED_EDGE('',*,*,#673,.F.);
#859=ORIENTED_EDGE('',*,*,#674,.F.);
#860=ORIENTED_EDGE('',*,*,#675,.F.);
#861=ORIENTED_EDGE('',*,*,#676,.T.);
#862=ORIENTED_EDGE('',*,*,#677,.F.);
#863=ORIENTED_EDGE('',*,*,#676,.F.);
#864=ORIENTED_EDGE('',*,*,#678,.F.);
#865=ORIENTED_EDGE('',*,*,#679,.T.);
#866=ORIENTED_EDGE('',*,*,#680,.F.);
#867=ORIENTED_EDGE('',*,*,#679,.F.);
#868=ORIENTED_EDGE('',*,*,#681,.F.);
#869=ORIENTED_EDGE('',*,*,#682,.T.);
#870=ORIENTED_EDGE('',*,*,#683,.F.);
#871=ORIENTED_EDGE('',*,*,#684,.F.);
#872=ORIENTED_EDGE('',*,*,#685,.F.);
#873=ORIENTED_EDGE('',*,*,#686,.T.);
#874=ORIENTED_EDGE('',*,*,#687,.F.);
#875=ORIENTED_EDGE('',*,*,#686,.F.);
#876=ORIENTED_EDGE('',*,*,#688,.F.);
#877=ORIENTED_EDGE('',*,*,#689,.T.);
#878=ORIENTED_EDGE('',*,*,#690,.F.);
#879=ORIENTED_EDGE('',*,*,#689,.F.);
#880=ORIENTED_EDGE('',*,*,#691,.F.);
#881=ORIENTED_EDGE('',*,*,#692,.T.);
#882=ORIENTED_EDGE('',*,*,#693,.F.);
#883=ORIENTED_EDGE('',*,*,#694,.F.);
#884=ORIENTED_EDGE('',*,*,#695,.F.);
#885=ORIENTED_EDGE('',*,*,#696,.T.);
#886=ORIENTED_EDGE('',*,*,#697,.F.);
#887=ORIENTED_EDGE('',*,*,#696,.F.);
#888=ORIENTED_EDGE('',*,*,#698,.F.);
#889=ORIENTED_EDGE('',*,*,#699,.T.);
#890=ORIENTED_EDGE('',*,*,#700,.F.);
#891=ORIENTED_EDGE('',*,*,#701,.F.);
#892=ORIENTED_EDGE('',*,*,#702,.F.);
#893=ORIENTED_EDGE('',*,*,#703,.T.);
#894=ORIENTED_EDGE('',*,*,#704,.F.);
#895=ORIENTED_EDGE('',*,*,#703,.F.);
#896=ORIENTED_EDGE('',*,*,#705,.F.);
#897=ORIENTED_EDGE('',*,*,#694,.T.);
#898=ORIENTED_EDGE('',*,*,#706,.F.);
#899=ORIENTED_EDGE('',*,*,#707,.F.);
#900=ORIENTED_EDGE('',*,*,#708,.F.);
#901=ORIENTED_EDGE('',*,*,#709,.T.);
#902=ORIENTED_EDGE('',*,*,#710,.F.);
#903=ORIENTED_EDGE('',*,*,#709,.F.);
#904=ORIENTED_EDGE('',*,*,#711,.F.);
#905=ORIENTED_EDGE('',*,*,#712,.T.);
#906=ORIENTED_EDGE('',*,*,#713,.F.);
#907=ORIENTED_EDGE('',*,*,#714,.F.);
#908=ORIENTED_EDGE('',*,*,#715,.F.);
#909=ORIENTED_EDGE('',*,*,#716,.T.);
#910=ORIENTED_EDGE('',*,*,#717,.F.);
#911=ORIENTED_EDGE('',*,*,#716,.F.);
#912=ORIENTED_EDGE('',*,*,#718,.F.);
#913=ORIENTED_EDGE('',*,*,#707,.T.);
#914=ORIENTED_EDGE('',*,*,#719,.F.);
#915=ORIENTED_EDGE('',*,*,#720,.T.);
#916=ORIENTED_EDGE('',*,*,#721,.T.);
#917=ORIENTED_EDGE('',*,*,#722,.T.);
#918=ORIENTED_EDGE('',*,*,#723,.F.);
#919=ORIENTED_EDGE('',*,*,#724,.T.);
#920=ORIENTED_EDGE('',*,*,#725,.T.);
#921=ORIENTED_EDGE('',*,*,#726,.T.);
#922=ORIENTED_EDGE('',*,*,#727,.F.);
#923=ORIENTED_EDGE('',*,*,#728,.F.);
#924=ORIENTED_EDGE('',*,*,#726,.F.);
#925=ORIENTED_EDGE('',*,*,#729,.F.);
#926=ORIENTED_EDGE('',*,*,#720,.F.);
#927=ORIENTED_EDGE('',*,*,#730,.F.);
#928=ORIENTED_EDGE('',*,*,#731,.T.);
#929=ORIENTED_EDGE('',*,*,#732,.F.);
#930=ORIENTED_EDGE('',*,*,#727,.T.);
#931=ORIENTED_EDGE('',*,*,#732,.T.);
#932=ORIENTED_EDGE('',*,*,#733,.T.);
#933=ORIENTED_EDGE('',*,*,#734,.F.);
#934=ORIENTED_EDGE('',*,*,#728,.T.);
#935=ORIENTED_EDGE('',*,*,#735,.F.);
#936=ORIENTED_EDGE('',*,*,#723,.T.);
#937=ORIENTED_EDGE('',*,*,#734,.T.);
#938=ORIENTED_EDGE('',*,*,#736,.T.);
#939=ORIENTED_EDGE('',*,*,#730,.T.);
#940=ORIENTED_EDGE('',*,*,#719,.T.);
#941=ORIENTED_EDGE('',*,*,#737,.T.);
#942=ORIENTED_EDGE('',*,*,#738,.T.);
#943=ORIENTED_EDGE('',*,*,#739,.F.);
#944=ORIENTED_EDGE('',*,*,#699,.F.);
#945=ORIENTED_EDGE('',*,*,#740,.F.);
#946=ORIENTED_EDGE('',*,*,#741,.T.);
#947=ORIENTED_EDGE('',*,*,#742,.F.);
#948=ORIENTED_EDGE('',*,*,#741,.F.);
#949=ORIENTED_EDGE('',*,*,#743,.F.);
#950=ORIENTED_EDGE('',*,*,#744,.T.);
#951=ORIENTED_EDGE('',*,*,#745,.F.);
#952=ORIENTED_EDGE('',*,*,#744,.F.);
#953=ORIENTED_EDGE('',*,*,#746,.F.);
#954=ORIENTED_EDGE('',*,*,#747,.T.);
#955=ORIENTED_EDGE('',*,*,#748,.F.);
#956=ORIENTED_EDGE('',*,*,#747,.F.);
#957=ORIENTED_EDGE('',*,*,#749,.F.);
#958=ORIENTED_EDGE('',*,*,#701,.T.);
#959=ORIENTED_EDGE('',*,*,#750,.F.);
#960=ORIENTED_EDGE('',*,*,#751,.T.);
#961=ORIENTED_EDGE('',*,*,#752,.F.);
#962=ORIENTED_EDGE('',*,*,#697,.T.);
#963=ORIENTED_EDGE('',*,*,#752,.T.);
#964=ORIENTED_EDGE('',*,*,#753,.T.);
#965=ORIENTED_EDGE('',*,*,#754,.F.);
#966=ORIENTED_EDGE('',*,*,#693,.T.);
#967=ORIENTED_EDGE('',*,*,#754,.T.);
#968=ORIENTED_EDGE('',*,*,#755,.T.);
#969=ORIENTED_EDGE('',*,*,#756,.F.);
#970=ORIENTED_EDGE('',*,*,#704,.T.);
#971=ORIENTED_EDGE('',*,*,#756,.T.);
#972=ORIENTED_EDGE('',*,*,#757,.T.);
#973=ORIENTED_EDGE('',*,*,#758,.F.);
#974=ORIENTED_EDGE('',*,*,#700,.T.);
#975=ORIENTED_EDGE('',*,*,#758,.T.);
#976=ORIENTED_EDGE('',*,*,#759,.T.);
#977=ORIENTED_EDGE('',*,*,#760,.F.);
#978=ORIENTED_EDGE('',*,*,#748,.T.);
#979=ORIENTED_EDGE('',*,*,#760,.T.);
#980=ORIENTED_EDGE('',*,*,#761,.T.);
#981=ORIENTED_EDGE('',*,*,#762,.F.);
#982=ORIENTED_EDGE('',*,*,#745,.T.);
#983=ORIENTED_EDGE('',*,*,#762,.T.);
#984=ORIENTED_EDGE('',*,*,#763,.T.);
#985=ORIENTED_EDGE('',*,*,#764,.F.);
#986=ORIENTED_EDGE('',*,*,#742,.T.);
#987=ORIENTED_EDGE('',*,*,#764,.T.);
#988=ORIENTED_EDGE('',*,*,#765,.T.);
#989=ORIENTED_EDGE('',*,*,#750,.T.);
#990=ORIENTED_EDGE('',*,*,#739,.T.);
#991=ORIENTED_EDGE('',*,*,#766,.F.);
#992=ORIENTED_EDGE('',*,*,#712,.F.);
#993=ORIENTED_EDGE('',*,*,#767,.F.);
#994=ORIENTED_EDGE('',*,*,#768,.T.);
#995=ORIENTED_EDGE('',*,*,#769,.F.);
#996=ORIENTED_EDGE('',*,*,#768,.F.);
#997=ORIENTED_EDGE('',*,*,#770,.F.);
#998=ORIENTED_EDGE('',*,*,#771,.T.);
#999=ORIENTED_EDGE('',*,*,#772,.F.);
#1000=ORIENTED_EDGE('',*,*,#771,.F.);
#1001=ORIENTED_EDGE('',*,*,#773,.F.);
#1002=ORIENTED_EDGE('',*,*,#774,.T.);
#1003=ORIENTED_EDGE('',*,*,#775,.F.);
#1004=ORIENTED_EDGE('',*,*,#774,.F.);
#1005=ORIENTED_EDGE('',*,*,#776,.F.);
#1006=ORIENTED_EDGE('',*,*,#714,.T.);
#1007=ORIENTED_EDGE('',*,*,#777,.F.);
#1008=ORIENTED_EDGE('',*,*,#778,.T.);
#1009=ORIENTED_EDGE('',*,*,#779,.F.);
#1010=ORIENTED_EDGE('',*,*,#710,.T.);
#1011=ORIENTED_EDGE('',*,*,#779,.T.);
#1012=ORIENTED_EDGE('',*,*,#780,.T.);
#1013=ORIENTED_EDGE('',*,*,#781,.F.);
#1014=ORIENTED_EDGE('',*,*,#706,.T.);
#1015=ORIENTED_EDGE('',*,*,#781,.T.);
#1016=ORIENTED_EDGE('',*,*,#782,.T.);
#1017=ORIENTED_EDGE('',*,*,#783,.F.);
#1018=ORIENTED_EDGE('',*,*,#717,.T.);
#1019=ORIENTED_EDGE('',*,*,#783,.T.);
#1020=ORIENTED_EDGE('',*,*,#784,.T.);
#1021=ORIENTED_EDGE('',*,*,#785,.F.);
#1022=ORIENTED_EDGE('',*,*,#713,.T.);
#1023=ORIENTED_EDGE('',*,*,#785,.T.);
#1024=ORIENTED_EDGE('',*,*,#786,.T.);
#1025=ORIENTED_EDGE('',*,*,#787,.F.);
#1026=ORIENTED_EDGE('',*,*,#775,.T.);
#1027=ORIENTED_EDGE('',*,*,#787,.T.);
#1028=ORIENTED_EDGE('',*,*,#788,.T.);
#1029=ORIENTED_EDGE('',*,*,#789,.F.);
#1030=ORIENTED_EDGE('',*,*,#772,.T.);
#1031=ORIENTED_EDGE('',*,*,#789,.T.);
#1032=ORIENTED_EDGE('',*,*,#790,.T.);
#1033=ORIENTED_EDGE('',*,*,#791,.F.);
#1034=ORIENTED_EDGE('',*,*,#769,.T.);
#1035=ORIENTED_EDGE('',*,*,#791,.T.);
#1036=ORIENTED_EDGE('',*,*,#792,.T.);
#1037=ORIENTED_EDGE('',*,*,#777,.T.);
#1038=ORIENTED_EDGE('',*,*,#766,.T.);
#1039=ORIENTED_EDGE('',*,*,#793,.F.);
#1040=ORIENTED_EDGE('',*,*,#794,.T.);
#1041=ORIENTED_EDGE('',*,*,#795,.F.);
#1042=ORIENTED_EDGE('',*,*,#680,.T.);
#1043=ORIENTED_EDGE('',*,*,#795,.T.);
#1044=ORIENTED_EDGE('',*,*,#796,.T.);
#1045=ORIENTED_EDGE('',*,*,#797,.F.);
#1046=ORIENTED_EDGE('',*,*,#677,.T.);
#1047=ORIENTED_EDGE('',*,*,#797,.T.);
#1048=ORIENTED_EDGE('',*,*,#798,.T.);
#1049=ORIENTED_EDGE('',*,*,#799,.F.);
#1050=ORIENTED_EDGE('',*,*,#673,.T.);
#1051=ORIENTED_EDGE('',*,*,#800,.F.);
#1052=ORIENTED_EDGE('',*,*,#801,.T.);
#1053=ORIENTED_EDGE('',*,*,#802,.F.);
#1054=ORIENTED_EDGE('',*,*,#690,.T.);
#1055=ORIENTED_EDGE('',*,*,#802,.T.);
#1056=ORIENTED_EDGE('',*,*,#803,.T.);
#1057=ORIENTED_EDGE('',*,*,#804,.F.);
#1058=ORIENTED_EDGE('',*,*,#687,.T.);
#1059=ORIENTED_EDGE('',*,*,#804,.T.);
#1060=ORIENTED_EDGE('',*,*,#805,.T.);
#1061=ORIENTED_EDGE('',*,*,#806,.F.);
#1062=ORIENTED_EDGE('',*,*,#683,.T.);
#1063=ORIENTED_EDGE('',*,*,#807,.F.);
#1064=ORIENTED_EDGE('',*,*,#808,.F.);
#1065=ORIENTED_EDGE('',*,*,#809,.F.);
#1066=ORIENTED_EDGE('',*,*,#810,.F.);
#1067=ORIENTED_EDGE('',*,*,#811,.T.);
#1068=ORIENTED_EDGE('',*,*,#809,.T.);
#1069=ORIENTED_EDGE('',*,*,#811,.F.);
#1070=ORIENTED_EDGE('',*,*,#812,.T.);
#1071=ORIENTED_EDGE('',*,*,#813,.T.);
#1072=ORIENTED_EDGE('',*,*,#810,.T.);
#1073=ORIENTED_EDGE('',*,*,#813,.F.);
#1074=ORIENTED_EDGE('',*,*,#814,.F.);
#1075=ORIENTED_EDGE('',*,*,#815,.T.);
#1076=ORIENTED_EDGE('',*,*,#807,.T.);
#1077=ORIENTED_EDGE('',*,*,#815,.F.);
#1078=ORIENTED_EDGE('',*,*,#816,.T.);
#1079=ORIENTED_EDGE('',*,*,#817,.T.);
#1080=ORIENTED_EDGE('',*,*,#814,.T.);
#1081=ORIENTED_EDGE('',*,*,#817,.F.);
#1082=ORIENTED_EDGE('',*,*,#818,.F.);
#1083=ORIENTED_EDGE('',*,*,#819,.T.);
#1084=ORIENTED_EDGE('',*,*,#808,.T.);
#1085=ORIENTED_EDGE('',*,*,#819,.F.);
#1086=ORIENTED_EDGE('',*,*,#820,.T.);
#1087=ORIENTED_EDGE('',*,*,#821,.T.);
#1088=ORIENTED_EDGE('',*,*,#818,.T.);
#1089=ORIENTED_EDGE('',*,*,#821,.F.);
#1090=ORIENTED_EDGE('',*,*,#822,.T.);
#1091=ORIENTED_EDGE('',*,*,#823,.F.);
#1092=ORIENTED_EDGE('',*,*,#736,.F.);
#1093=ORIENTED_EDGE('',*,*,#733,.F.);
#1094=ORIENTED_EDGE('',*,*,#731,.F.);
#1095=ORIENTED_EDGE('',*,*,#738,.F.);
#1096=ORIENTED_EDGE('',*,*,#824,.F.);
#1097=ORIENTED_EDGE('',*,*,#825,.T.);
#1098=ORIENTED_EDGE('',*,*,#826,.F.);
#1099=ORIENTED_EDGE('',*,*,#805,.F.);
#1100=ORIENTED_EDGE('',*,*,#803,.F.);
#1101=ORIENTED_EDGE('',*,*,#801,.F.);
#1102=ORIENTED_EDGE('',*,*,#827,.F.);
#1103=ORIENTED_EDGE('',*,*,#828,.T.);
#1104=ORIENTED_EDGE('',*,*,#829,.F.);
#1105=ORIENTED_EDGE('',*,*,#798,.F.);
#1106=ORIENTED_EDGE('',*,*,#796,.F.);
#1107=ORIENTED_EDGE('',*,*,#794,.F.);
#1108=ORIENTED_EDGE('',*,*,#830,.F.);
#1109=ORIENTED_EDGE('',*,*,#792,.F.);
#1110=ORIENTED_EDGE('',*,*,#790,.F.);
#1111=ORIENTED_EDGE('',*,*,#788,.F.);
#1112=ORIENTED_EDGE('',*,*,#786,.F.);
#1113=ORIENTED_EDGE('',*,*,#784,.F.);
#1114=ORIENTED_EDGE('',*,*,#782,.F.);
#1115=ORIENTED_EDGE('',*,*,#780,.F.);
#1116=ORIENTED_EDGE('',*,*,#778,.F.);
#1117=ORIENTED_EDGE('',*,*,#765,.F.);
#1118=ORIENTED_EDGE('',*,*,#763,.F.);
#1119=ORIENTED_EDGE('',*,*,#761,.F.);
#1120=ORIENTED_EDGE('',*,*,#759,.F.);
#1121=ORIENTED_EDGE('',*,*,#757,.F.);
#1122=ORIENTED_EDGE('',*,*,#755,.F.);
#1123=ORIENTED_EDGE('',*,*,#753,.F.);
#1124=ORIENTED_EDGE('',*,*,#751,.F.);
#1125=ORIENTED_EDGE('',*,*,#831,.T.);
#1126=ORIENTED_EDGE('',*,*,#824,.T.);
#1127=ORIENTED_EDGE('',*,*,#737,.F.);
#1128=ORIENTED_EDGE('',*,*,#832,.T.);
#1129=ORIENTED_EDGE('',*,*,#833,.T.);
#1130=ORIENTED_EDGE('',*,*,#834,.T.);
#1131=ORIENTED_EDGE('',*,*,#806,.T.);
#1132=ORIENTED_EDGE('',*,*,#826,.T.);
#1133=ORIENTED_EDGE('',*,*,#835,.T.);
#1134=ORIENTED_EDGE('',*,*,#832,.F.);
#1135=ORIENTED_EDGE('',*,*,#722,.F.);
#1136=ORIENTED_EDGE('',*,*,#836,.F.);
#1137=ORIENTED_EDGE('',*,*,#837,.T.);
#1138=ORIENTED_EDGE('',*,*,#838,.T.);
#1139=ORIENTED_EDGE('',*,*,#681,.T.);
#1140=ORIENTED_EDGE('',*,*,#678,.T.);
#1141=ORIENTED_EDGE('',*,*,#675,.T.);
#1142=ORIENTED_EDGE('',*,*,#839,.T.);
#1143=ORIENTED_EDGE('',*,*,#840,.T.);
#1144=ORIENTED_EDGE('',*,*,#841,.T.);
#1145=ORIENTED_EDGE('',*,*,#691,.T.);
#1146=ORIENTED_EDGE('',*,*,#688,.T.);
#1147=ORIENTED_EDGE('',*,*,#685,.T.);
#1148=ORIENTED_EDGE('',*,*,#842,.T.);
#1149=ORIENTED_EDGE('',*,*,#843,.T.);
#1150=ORIENTED_EDGE('',*,*,#836,.T.);
#1151=ORIENTED_EDGE('',*,*,#721,.F.);
#1152=ORIENTED_EDGE('',*,*,#729,.T.);
#1153=ORIENTED_EDGE('',*,*,#725,.F.);
#1154=ORIENTED_EDGE('',*,*,#844,.T.);
#1155=ORIENTED_EDGE('',*,*,#816,.F.);
#1156=ORIENTED_EDGE('',*,*,#708,.T.);
#1157=ORIENTED_EDGE('',*,*,#718,.T.);
#1158=ORIENTED_EDGE('',*,*,#715,.T.);
#1159=ORIENTED_EDGE('',*,*,#776,.T.);
#1160=ORIENTED_EDGE('',*,*,#773,.T.);
#1161=ORIENTED_EDGE('',*,*,#770,.T.);
#1162=ORIENTED_EDGE('',*,*,#767,.T.);
#1163=ORIENTED_EDGE('',*,*,#711,.T.);
#1164=ORIENTED_EDGE('',*,*,#695,.T.);
#1165=ORIENTED_EDGE('',*,*,#705,.T.);
#1166=ORIENTED_EDGE('',*,*,#702,.T.);
#1167=ORIENTED_EDGE('',*,*,#749,.T.);
#1168=ORIENTED_EDGE('',*,*,#746,.T.);
#1169=ORIENTED_EDGE('',*,*,#743,.T.);
#1170=ORIENTED_EDGE('',*,*,#740,.T.);
#1171=ORIENTED_EDGE('',*,*,#698,.T.);
#1172=ORIENTED_EDGE('',*,*,#812,.F.);
#1173=ORIENTED_EDGE('',*,*,#820,.F.);
#1174=ORIENTED_EDGE('',*,*,#845,.T.);
#1175=ORIENTED_EDGE('',*,*,#842,.F.);
#1176=ORIENTED_EDGE('',*,*,#684,.T.);
#1177=ORIENTED_EDGE('',*,*,#834,.F.);
#1178=ORIENTED_EDGE('',*,*,#846,.T.);
#1179=ORIENTED_EDGE('',*,*,#827,.T.);
#1180=ORIENTED_EDGE('',*,*,#800,.T.);
#1181=ORIENTED_EDGE('',*,*,#847,.T.);
#1182=ORIENTED_EDGE('',*,*,#848,.T.);
#1183=ORIENTED_EDGE('',*,*,#849,.T.);
#1184=ORIENTED_EDGE('',*,*,#799,.T.);
#1185=ORIENTED_EDGE('',*,*,#829,.T.);
#1186=ORIENTED_EDGE('',*,*,#850,.T.);
#1187=ORIENTED_EDGE('',*,*,#847,.F.);
#1188=ORIENTED_EDGE('',*,*,#692,.F.);
#1189=ORIENTED_EDGE('',*,*,#841,.F.);
#1190=ORIENTED_EDGE('',*,*,#851,.T.);
#1191=ORIENTED_EDGE('',*,*,#839,.F.);
#1192=ORIENTED_EDGE('',*,*,#674,.T.);
#1193=ORIENTED_EDGE('',*,*,#849,.F.);
#1194=ORIENTED_EDGE('',*,*,#852,.T.);
#1195=ORIENTED_EDGE('',*,*,#830,.T.);
#1196=ORIENTED_EDGE('',*,*,#793,.T.);
#1197=ORIENTED_EDGE('',*,*,#853,.T.);
#1198=ORIENTED_EDGE('',*,*,#854,.T.);
#1199=ORIENTED_EDGE('',*,*,#855,.T.);
#1200=ORIENTED_EDGE('',*,*,#735,.T.);
#1201=ORIENTED_EDGE('',*,*,#823,.T.);
#1202=ORIENTED_EDGE('',*,*,#856,.T.);
#1203=ORIENTED_EDGE('',*,*,#853,.F.);
#1204=ORIENTED_EDGE('',*,*,#682,.F.);
#1205=ORIENTED_EDGE('',*,*,#838,.F.);
#1206=ORIENTED_EDGE('',*,*,#857,.T.);
#1207=ORIENTED_EDGE('',*,*,#844,.F.);
#1208=ORIENTED_EDGE('',*,*,#724,.F.);
#1209=ORIENTED_EDGE('',*,*,#855,.F.);
#1210=ORIENTED_EDGE('',*,*,#825,.F.);
#1211=ORIENTED_EDGE('',*,*,#831,.F.);
#1212=ORIENTED_EDGE('',*,*,#835,.F.);
#1213=ORIENTED_EDGE('',*,*,#843,.F.);
#1214=ORIENTED_EDGE('',*,*,#845,.F.);
#1215=ORIENTED_EDGE('',*,*,#833,.F.);
#1216=ORIENTED_EDGE('',*,*,#828,.F.);
#1217=ORIENTED_EDGE('',*,*,#846,.F.);
#1218=ORIENTED_EDGE('',*,*,#850,.F.);
#1219=ORIENTED_EDGE('',*,*,#840,.F.);
#1220=ORIENTED_EDGE('',*,*,#851,.F.);
#1221=ORIENTED_EDGE('',*,*,#848,.F.);
#1222=ORIENTED_EDGE('',*,*,#822,.F.);
#1223=ORIENTED_EDGE('',*,*,#852,.F.);
#1224=ORIENTED_EDGE('',*,*,#856,.F.);
#1225=ORIENTED_EDGE('',*,*,#837,.F.);
#1226=ORIENTED_EDGE('',*,*,#857,.F.);
#1227=ORIENTED_EDGE('',*,*,#854,.F.);
#1228=CYLINDRICAL_SURFACE('',#1336,0.499999999999989);
#1229=CYLINDRICAL_SURFACE('',#1340,0.5);
#1230=CYLINDRICAL_SURFACE('',#1343,0.50000000000001);
#1231=CYLINDRICAL_SURFACE('',#1347,0.499999999999998);
#1232=CYLINDRICAL_SURFACE('',#1351,0.5);
#1233=CYLINDRICAL_SURFACE('',#1355,0.5);
#1234=CYLINDRICAL_SURFACE('',#1359,0.5);
#1235=CYLINDRICAL_SURFACE('',#1363,0.499999999999998);
#1236=CYLINDRICAL_SURFACE('',#1366,4.);
#1237=CYLINDRICAL_SURFACE('',#1368,4.);
#1238=CYLINDRICAL_SURFACE('',#1376,0.499999999999998);
#1239=CYLINDRICAL_SURFACE('',#1380,0.499999999999998);
#1240=CYLINDRICAL_SURFACE('',#1396,0.500000000000007);
#1241=CYLINDRICAL_SURFACE('',#1400,0.499999999999998);
#1242=CYLINDRICAL_SURFACE('',#1431,2.);
#1243=CYLINDRICAL_SURFACE('',#1435,2.);
#1244=CYLINDRICAL_SURFACE('',#1439,1.99999999999999);
#1245=ADVANCED_FACE('',(#87),#1228,.F.);
#1246=ADVANCED_FACE('',(#88),#45,.T.);
#1247=ADVANCED_FACE('',(#89),#1229,.F.);
#1248=ADVANCED_FACE('',(#90),#1230,.F.);
#1249=ADVANCED_FACE('',(#91),#46,.T.);
#1250=ADVANCED_FACE('',(#92),#1231,.F.);
#1251=ADVANCED_FACE('',(#93),#47,.T.);
#1252=ADVANCED_FACE('',(#94),#1232,.F.);
#1253=ADVANCED_FACE('',(#95),#48,.T.);
#1254=ADVANCED_FACE('',(#96),#1233,.F.);
#1255=ADVANCED_FACE('',(#97),#49,.T.);
#1256=ADVANCED_FACE('',(#98),#1234,.F.);
#1257=ADVANCED_FACE('',(#99),#50,.T.);
#1258=ADVANCED_FACE('',(#100),#1235,.F.);
#1259=ADVANCED_FACE('',(#101),#1236,.T.);
#1260=ADVANCED_FACE('',(#102),#1237,.T.);
#1261=ADVANCED_FACE('',(#103),#51,.T.);
#1262=ADVANCED_FACE('',(#104),#38,.T.);
#1263=ADVANCED_FACE('',(#105),#52,.T.);
#1264=ADVANCED_FACE('',(#106),#22,.T.);
#1265=ADVANCED_FACE('',(#107),#39,.T.);
#1266=ADVANCED_FACE('',(#108),#53,.T.);
#1267=ADVANCED_FACE('',(#109),#1238,.F.);
#1268=ADVANCED_FACE('',(#110),#54,.T.);
#1269=ADVANCED_FACE('',(#111),#1239,.F.);
#1270=ADVANCED_FACE('',(#112),#23,.F.);
#1271=ADVANCED_FACE('',(#113),#55,.T.);
#1272=ADVANCED_FACE('',(#114),#24,.F.);
#1273=ADVANCED_FACE('',(#115),#56,.T.);
#1274=ADVANCED_FACE('',(#116),#25,.F.);
#1275=ADVANCED_FACE('',(#117),#57,.T.);
#1276=ADVANCED_FACE('',(#118),#26,.F.);
#1277=ADVANCED_FACE('',(#119),#58,.T.);
#1278=ADVANCED_FACE('',(#120),#59,.T.);
#1279=ADVANCED_FACE('',(#121),#1240,.F.);
#1280=ADVANCED_FACE('',(#122),#60,.T.);
#1281=ADVANCED_FACE('',(#123),#1241,.F.);
#1282=ADVANCED_FACE('',(#124),#27,.F.);
#1283=ADVANCED_FACE('',(#125),#61,.T.);
#1284=ADVANCED_FACE('',(#126),#28,.F.);
#1285=ADVANCED_FACE('',(#127),#62,.T.);
#1286=ADVANCED_FACE('',(#128),#29,.F.);
#1287=ADVANCED_FACE('',(#129),#63,.T.);
#1288=ADVANCED_FACE('',(#130),#30,.F.);
#1289=ADVANCED_FACE('',(#131),#64,.T.);
#1290=ADVANCED_FACE('',(#132),#31,.F.);
#1291=ADVANCED_FACE('',(#133),#65,.T.);
#1292=ADVANCED_FACE('',(#134),#32,.F.);
#1293=ADVANCED_FACE('',(#135),#33,.F.);
#1294=ADVANCED_FACE('',(#136),#66,.T.);
#1295=ADVANCED_FACE('',(#137),#34,.F.);
#1296=ADVANCED_FACE('',(#138),#67,.T.);
#1297=ADVANCED_FACE('',(#139),#68,.T.);
#1298=ADVANCED_FACE('',(#140),#69,.T.);
#1299=ADVANCED_FACE('',(#141),#1242,.F.);
#1300=ADVANCED_FACE('',(#142),#35,.F.);
#1301=ADVANCED_FACE('',(#143),#1243,.F.);
#1302=ADVANCED_FACE('',(#144),#36,.F.);
#1303=ADVANCED_FACE('',(#145),#1244,.F.);
#1304=ADVANCED_FACE('',(#146),#37,.F.);
#1305=ADVANCED_FACE('',(#147,#15,#16),#70,.T.);
#1306=ADVANCED_FACE('',(#148),#71,.T.);
#1307=ADVANCED_FACE('',(#149),#72,.T.);
#1308=ADVANCED_FACE('',(#150),#73,.T.);
#1309=ADVANCED_FACE('',(#151,#17,#18,#19,#20,#21),#74,.F.);
#1310=ADVANCED_FACE('',(#152),#75,.T.);
#1311=ADVANCED_FACE('',(#153),#76,.T.);
#1312=ADVANCED_FACE('',(#154),#77,.T.);
#1313=ADVANCED_FACE('',(#155),#78,.T.);
#1314=ADVANCED_FACE('',(#156),#79,.T.);
#1315=ADVANCED_FACE('',(#157),#80,.T.);
#1316=ADVANCED_FACE('',(#158),#81,.T.);
#1317=ADVANCED_FACE('',(#159),#82,.T.);
#1318=ADVANCED_FACE('',(#160),#83,.T.);
#1319=ADVANCED_FACE('',(#161),#84,.T.);
#1320=ADVANCED_FACE('',(#162),#85,.T.);
#1321=ADVANCED_FACE('',(#163),#86,.T.);
#1322=CLOSED_SHELL('',(#1245,#1246,#1247,#1248,#1249,#1250,#1251,#1252,
#1253,#1254,#1255,#1256,#1257,#1258,#1259,#1260,#1261,#1262,#1263,#1264,
#1265,#1266,#1267,#1268,#1269,#1270,#1271,#1272,#1273,#1274,#1275,#1276,
#1277,#1278,#1279,#1280,#1281,#1282,#1283,#1284,#1285,#1286,#1287,#1288,
#1289,#1290,#1291,#1292,#1293,#1294,#1295,#1296,#1297,#1298,#1299,#1300,
#1301,#1302,#1303,#1304,#1305,#1306,#1307,#1308,#1309,#1310,#1311,#1312,
#1313,#1314,#1315,#1316,#1317,#1318,#1319,#1320,#1321));
#1323=DERIVED_UNIT_ELEMENT(#1325,1.);
#1324=DERIVED_UNIT_ELEMENT(#2271,-3.);
#1325=(
MASS_UNIT()
NAMED_UNIT(*)
SI_UNIT(.KILO.,.GRAM.)
);
#1326=DERIVED_UNIT((#1323,#1324));
#1327=MEASURE_REPRESENTATION_ITEM('density measure',
POSITIVE_RATIO_MEASURE(7850.),#1326);
#1328=PROPERTY_DEFINITION_REPRESENTATION(#1333,#1330);
#1329=PROPERTY_DEFINITION_REPRESENTATION(#1334,#1331);
#1330=REPRESENTATION('material name',(#1332),#2268);
#1331=REPRESENTATION('density',(#1327),#2268);
#1332=DESCRIPTIVE_REPRESENTATION_ITEM('Steel','Steel');
#1333=PROPERTY_DEFINITION('material property','material name',#2278);
#1334=PROPERTY_DEFINITION('material property','density of part',#2278);
#1335=AXIS2_PLACEMENT_3D('',#1842,#1460,#1461);
#1336=AXIS2_PLACEMENT_3D('',#1843,#1462,#1463);
#1337=AXIS2_PLACEMENT_3D('',#1846,#1464,#1465);
#1338=AXIS2_PLACEMENT_3D('',#1850,#1467,#1468);
#1339=AXIS2_PLACEMENT_3D('',#1852,#1470,#1471);
#1340=AXIS2_PLACEMENT_3D('',#1858,#1475,#1476);
#1341=AXIS2_PLACEMENT_3D('',#1860,#1477,#1478);
#1342=AXIS2_PLACEMENT_3D('',#1862,#1479,#1480);
#1343=AXIS2_PLACEMENT_3D('',#1864,#1482,#1483);
#1344=AXIS2_PLACEMENT_3D('',#1867,#1484,#1485);
#1345=AXIS2_PLACEMENT_3D('',#1871,#1487,#1488);
#1346=AXIS2_PLACEMENT_3D('',#1873,#1490,#1491);
#1347=AXIS2_PLACEMENT_3D('',#1879,#1495,#1496);
#1348=AXIS2_PLACEMENT_3D('',#1881,#1497,#1498);
#1349=AXIS2_PLACEMENT_3D('',#1883,#1499,#1500);
#1350=AXIS2_PLACEMENT_3D('',#1885,#1502,#1503);
#1351=AXIS2_PLACEMENT_3D('',#1894,#1508,#1509);
#1352=AXIS2_PLACEMENT_3D('',#1896,#1510,#1511);
#1353=AXIS2_PLACEMENT_3D('',#1898,#1512,#1513);
#1354=AXIS2_PLACEMENT_3D('',#1900,#1515,#1516);
#1355=AXIS2_PLACEMENT_3D('',#1909,#1521,#1522);
#1356=AXIS2_PLACEMENT_3D('',#1910,#1523,#1524);
#1357=AXIS2_PLACEMENT_3D('',#1911,#1525,#1526);
#1358=AXIS2_PLACEMENT_3D('',#1912,#1527,#1528);
#1359=AXIS2_PLACEMENT_3D('',#1921,#1533,#1534);
#1360=AXIS2_PLACEMENT_3D('',#1923,#1535,#1536);
#1361=AXIS2_PLACEMENT_3D('',#1925,#1537,#1538);
#1362=AXIS2_PLACEMENT_3D('',#1927,#1540,#1541);
#1363=AXIS2_PLACEMENT_3D('',#1936,#1546,#1547);
#1364=AXIS2_PLACEMENT_3D('',#1937,#1548,#1549);
#1365=AXIS2_PLACEMENT_3D('',#1938,#1550,#1551);
#1366=AXIS2_PLACEMENT_3D('',#1939,#1552,#1553);
#1367=AXIS2_PLACEMENT_3D('',#1950,#1555,#1556);
#1368=AXIS2_PLACEMENT_3D('',#1952,#1558,#1559);
#1369=AXIS2_PLACEMENT_3D('',#1955,#1560,#1561);
#1370=AXIS2_PLACEMENT_3D('',#1959,#1563,#1564);
#1371=AXIS2_PLACEMENT_3D('',#1961,#1566,#1567);
#1372=AXIS2_PLACEMENT_3D('',#1993,#1572,#1573);
#1373=AXIS2_PLACEMENT_3D('',#1997,#1576,#1577);
#1374=AXIS2_PLACEMENT_3D('',#2000,#1579,#1580);
#1375=AXIS2_PLACEMENT_3D('',#2028,#1582,#1583);
#1376=AXIS2_PLACEMENT_3D('',#2034,#1587,#1588);
#1377=AXIS2_PLACEMENT_3D('',#2036,#1589,#1590);
#1378=AXIS2_PLACEMENT_3D('',#2038,#1591,#1592);
#1379=AXIS2_PLACEMENT_3D('',#2040,#1594,#1595);
#1380=AXIS2_PLACEMENT_3D('',#2046,#1599,#1600);
#1381=AXIS2_PLACEMENT_3D('',#2047,#1601,#1602);
#1382=AXIS2_PLACEMENT_3D('',#2048,#1603,#1604);
#1383=AXIS2_PLACEMENT_3D('',#2049,#1605,#1606);
#1384=AXIS2_PLACEMENT_3D('',#2053,#1608,#1609);
#1385=AXIS2_PLACEMENT_3D('',#2055,#1611,#1612);
#1386=AXIS2_PLACEMENT_3D('',#2059,#1615,#1616);
#1387=AXIS2_PLACEMENT_3D('',#2061,#1617,#1618);
#1388=AXIS2_PLACEMENT_3D('',#2063,#1620,#1621);
#1389=AXIS2_PLACEMENT_3D('',#2067,#1624,#1625);
#1390=AXIS2_PLACEMENT_3D('',#2069,#1626,#1627);
#1391=AXIS2_PLACEMENT_3D('',#2071,#1629,#1630);
#1392=AXIS2_PLACEMENT_3D('',#2075,#1633,#1634);
#1393=AXIS2_PLACEMENT_3D('',#2077,#1635,#1636);
#1394=AXIS2_PLACEMENT_3D('',#2079,#1638,#1639);
#1395=AXIS2_PLACEMENT_3D('',#2081,#1641,#1642);
#1396=AXIS2_PLACEMENT_3D('',#2087,#1646,#1647);
#1397=AXIS2_PLACEMENT_3D('',#2089,#1648,#1649);
#1398=AXIS2_PLACEMENT_3D('',#2091,#1650,#1651);
#1399=AXIS2_PLACEMENT_3D('',#2093,#1653,#1654);
#1400=AXIS2_PLACEMENT_3D('',#2099,#1658,#1659);
#1401=AXIS2_PLACEMENT_3D('',#2100,#1660,#1661);
#1402=AXIS2_PLACEMENT_3D('',#2101,#1662,#1663);
#1403=AXIS2_PLACEMENT_3D('',#2102,#1664,#1665);
#1404=AXIS2_PLACEMENT_3D('',#2106,#1667,#1668);
#1405=AXIS2_PLACEMENT_3D('',#2108,#1670,#1671);
#1406=AXIS2_PLACEMENT_3D('',#2112,#1674,#1675);
#1407=AXIS2_PLACEMENT_3D('',#2114,#1676,#1677);
#1408=AXIS2_PLACEMENT_3D('',#2116,#1679,#1680);
#1409=AXIS2_PLACEMENT_3D('',#2120,#1683,#1684);
#1410=AXIS2_PLACEMENT_3D('',#2122,#1685,#1686);
#1411=AXIS2_PLACEMENT_3D('',#2124,#1688,#1689);
#1412=AXIS2_PLACEMENT_3D('',#2128,#1692,#1693);
#1413=AXIS2_PLACEMENT_3D('',#2130,#1694,#1695);
#1414=AXIS2_PLACEMENT_3D('',#2132,#1697,#1698);
#1415=AXIS2_PLACEMENT_3D('',#2134,#1700,#1701);
#1416=AXIS2_PLACEMENT_3D('',#2138,#1703,#1704);
#1417=AXIS2_PLACEMENT_3D('',#2140,#1706,#1707);
#1418=AXIS2_PLACEMENT_3D('',#2144,#1710,#1711);
#1419=AXIS2_PLACEMENT_3D('',#2146,#1712,#1713);
#1420=AXIS2_PLACEMENT_3D('',#2148,#1715,#1716);
#1421=AXIS2_PLACEMENT_3D('',#2152,#1718,#1719);
#1422=AXIS2_PLACEMENT_3D('',#2154,#1721,#1722);
#1423=AXIS2_PLACEMENT_3D('',#2158,#1725,#1726);
#1424=AXIS2_PLACEMENT_3D('',#2160,#1727,#1728);
#1425=AXIS2_PLACEMENT_3D('',#2162,#1730,#1731);
#1426=AXIS2_PLACEMENT_3D('',#2164,#1732,#1733);
#1427=AXIS2_PLACEMENT_3D('',#2165,#1734,#1735);
#1428=AXIS2_PLACEMENT_3D('',#2167,#1736,#1737);
#1429=AXIS2_PLACEMENT_3D('',#2168,#1738,#1739);
#1430=AXIS2_PLACEMENT_3D('',#2170,#1740,#1741);
#1431=AXIS2_PLACEMENT_3D('',#2171,#1742,#1743);
#1432=AXIS2_PLACEMENT_3D('',#2173,#1744,#1745);
#1433=AXIS2_PLACEMENT_3D('',#2175,#1747,#1748);
#1434=AXIS2_PLACEMENT_3D('',#2177,#1749,#1750);
#1435=AXIS2_PLACEMENT_3D('',#2179,#1752,#1753);
#1436=AXIS2_PLACEMENT_3D('',#2181,#1754,#1755);
#1437=AXIS2_PLACEMENT_3D('',#2183,#1757,#1758);
#1438=AXIS2_PLACEMENT_3D('',#2185,#1759,#1760);
#1439=AXIS2_PLACEMENT_3D('',#2187,#1762,#1763);
#1440=AXIS2_PLACEMENT_3D('',#2189,#1764,#1765);
#1441=AXIS2_PLACEMENT_3D('',#2191,#1767,#1768);
#1442=AXIS2_PLACEMENT_3D('',#2193,#1769,#1770);
#1443=AXIS2_PLACEMENT_3D('',#2195,#1772,#1773);
#1444=AXIS2_PLACEMENT_3D('',#2211,#1783,#1784);
#1445=AXIS2_PLACEMENT_3D('',#2215,#1787,#1788);
#1446=AXIS2_PLACEMENT_3D('',#2219,#1791,#1792);
#1447=AXIS2_PLACEMENT_3D('',#2223,#1795,#1796);
#1448=AXIS2_PLACEMENT_3D('',#2237,#1805,#1806);
#1449=AXIS2_PLACEMENT_3D('',#2239,#1808,#1809);
#1450=AXIS2_PLACEMENT_3D('',#2243,#1812,#1813);
#1451=AXIS2_PLACEMENT_3D('',#2247,#1816,#1817);
#1452=AXIS2_PLACEMENT_3D('',#2249,#1819,#1820);
#1453=AXIS2_PLACEMENT_3D('',#2251,#1822,#1823);
#1454=AXIS2_PLACEMENT_3D('',#2255,#1826,#1827);
#1455=AXIS2_PLACEMENT_3D('',#2259,#1830,#1831);
#1456=AXIS2_PLACEMENT_3D('',#2261,#1833,#1834);
#1457=AXIS2_PLACEMENT_3D('',#2263,#1836,#1837);
#1458=AXIS2_PLACEMENT_3D('',#2264,#1838,#1839);
#1459=AXIS2_PLACEMENT_3D('',#2265,#1840,#1841);
#1460=DIRECTION('axis',(0.,0.,1.));
#1461=DIRECTION('refdir',(1.,0.,0.));
#1462=DIRECTION('center_axis',(0.,0.,1.));
#1463=DIRECTION('ref_axis',(-1.,0.,0.));
#1464=DIRECTION('center_axis',(0.,0.,-1.));
#1465=DIRECTION('ref_axis',(-1.,0.,0.));
#1466=DIRECTION('',(0.,0.,1.));
#1467=DIRECTION('center_axis',(0.,0.,1.));
#1468=DIRECTION('ref_axis',(-1.,0.,0.));
#1469=DIRECTION('',(0.,0.,1.));
#1470=DIRECTION('center_axis',(1.,0.,0.));
#1471=DIRECTION('ref_axis',(0.,1.,0.));
#1472=DIRECTION('',(0.,1.,0.));
#1473=DIRECTION('',(0.,-1.,0.));
#1474=DIRECTION('',(0.,0.,1.));
#1475=DIRECTION('center_axis',(0.,0.,1.));
#1476=DIRECTION('ref_axis',(0.,1.,0.));
#1477=DIRECTION('center_axis',(0.,0.,-1.));
#1478=DIRECTION('ref_axis',(0.,1.,0.));
#1479=DIRECTION('center_axis',(0.,0.,1.));
#1480=DIRECTION('ref_axis',(0.,1.,0.));
#1481=DIRECTION('',(0.,0.,1.));
#1482=DIRECTION('center_axis',(0.,0.,1.));
#1483=DIRECTION('ref_axis',(-1.,0.,0.));
#1484=DIRECTION('center_axis',(0.,0.,-1.));
#1485=DIRECTION('ref_axis',(-1.,0.,0.));
#1486=DIRECTION('',(0.,0.,1.));
#1487=DIRECTION('center_axis',(0.,0.,1.));
#1488=DIRECTION('ref_axis',(-1.,0.,0.));
#1489=DIRECTION('',(0.,0.,1.));
#1490=DIRECTION('center_axis',(1.,-1.17235799854821E-17,0.));
#1491=DIRECTION('ref_axis',(1.17235799854821E-17,1.,0.));
#1492=DIRECTION('',(1.17235799854821E-17,1.,0.));
#1493=DIRECTION('',(-1.17235799854821E-17,-1.,0.));
#1494=DIRECTION('',(0.,0.,1.));
#1495=DIRECTION('center_axis',(0.,0.,1.));
#1496=DIRECTION('ref_axis',(2.22044604925032E-15,1.,0.));
#1497=DIRECTION('center_axis',(0.,0.,-1.));
#1498=DIRECTION('ref_axis',(2.22044604925032E-15,1.,0.));
#1499=DIRECTION('center_axis',(0.,0.,1.));
#1500=DIRECTION('ref_axis',(2.22044604925032E-15,1.,0.));
#1501=DIRECTION('',(0.,0.,1.));
#1502=DIRECTION('center_axis',(1.,0.,0.));
#1503=DIRECTION('ref_axis',(0.,1.,0.));
#1504=DIRECTION('',(0.,1.,0.));
#1505=DIRECTION('',(0.,0.,1.));
#1506=DIRECTION('',(0.,-1.,0.));
#1507=DIRECTION('',(0.,0.,1.));
#1508=DIRECTION('center_axis',(0.,0.,1.));
#1509=DIRECTION('ref_axis',(0.,1.,0.));
#1510=DIRECTION('center_axis',(0.,0.,-1.));
#1511=DIRECTION('ref_axis',(0.,1.,0.));
#1512=DIRECTION('center_axis',(0.,0.,1.));
#1513=DIRECTION('ref_axis',(0.,1.,0.));
#1514=DIRECTION('',(0.,0.,1.));
#1515=DIRECTION('center_axis',(0.,1.,0.));
#1516=DIRECTION('ref_axis',(-1.,0.,0.));
#1517=DIRECTION('',(-1.,0.,0.));
#1518=DIRECTION('',(0.,0.,1.));
#1519=DIRECTION('',(1.,0.,0.));
#1520=DIRECTION('',(0.,0.,1.));
#1521=DIRECTION('center_axis',(0.,0.,1.));
#1522=DIRECTION('ref_axis',(-1.,0.,0.));
#1523=DIRECTION('center_axis',(0.,0.,-1.));
#1524=DIRECTION('ref_axis',(-1.,0.,0.));
#1525=DIRECTION('center_axis',(0.,0.,1.));
#1526=DIRECTION('ref_axis',(-1.,0.,0.));
#1527=DIRECTION('center_axis',(1.,0.,0.));
#1528=DIRECTION('ref_axis',(0.,1.,0.));
#1529=DIRECTION('',(0.,1.,0.));
#1530=DIRECTION('',(0.,0.,1.));
#1531=DIRECTION('',(0.,-1.,0.));
#1532=DIRECTION('',(0.,0.,1.));
#1533=DIRECTION('center_axis',(0.,0.,1.));
#1534=DIRECTION('ref_axis',(0.,1.,0.));
#1535=DIRECTION('center_axis',(0.,0.,-1.));
#1536=DIRECTION('ref_axis',(0.,1.,0.));
#1537=DIRECTION('center_axis',(0.,0.,1.));
#1538=DIRECTION('ref_axis',(0.,1.,0.));
#1539=DIRECTION('',(0.,0.,1.));
#1540=DIRECTION('center_axis',(0.,1.,0.));
#1541=DIRECTION('ref_axis',(-1.,0.,0.));
#1542=DIRECTION('',(-1.,0.,0.));
#1543=DIRECTION('',(0.,0.,1.));
#1544=DIRECTION('',(1.,0.,0.));
#1545=DIRECTION('',(0.,0.,1.));
#1546=DIRECTION('center_axis',(0.,0.,1.));
#1547=DIRECTION('ref_axis',(-1.,0.,0.));
#1548=DIRECTION('center_axis',(0.,0.,-1.));
#1549=DIRECTION('ref_axis',(-1.,0.,0.));
#1550=DIRECTION('center_axis',(0.,0.,1.));
#1551=DIRECTION('ref_axis',(-1.,0.,0.));
#1552=DIRECTION('center_axis',(0.,0.156434465040231,0.987688340595138));
#1553=DIRECTION('ref_axis',(-0.707106781186548,-0.69840112333371,0.110615871041236));
#1554=DIRECTION('',(0.,-0.156434465040231,-0.987688340595138));
#1555=DIRECTION('center_axis',(0.,0.,1.));
#1556=DIRECTION('ref_axis',(-5.48277168441268E-16,-1.,0.));
#1557=DIRECTION('',(0.,0.156434465040231,0.987688340595138));
#1558=DIRECTION('center_axis',(0.,0.,1.));
#1559=DIRECTION('ref_axis',(-0.707106781186546,0.707106781186549,0.));
#1560=DIRECTION('center_axis',(0.,0.,1.));
#1561=DIRECTION('ref_axis',(-0.707106781186546,0.707106781186549,0.));
#1562=DIRECTION('',(0.,0.,-1.));
#1563=DIRECTION('center_axis',(0.,0.,1.));
#1564=DIRECTION('ref_axis',(-0.707106781186546,0.707106781186549,0.));
#1565=DIRECTION('',(0.,0.,1.));
#1566=DIRECTION('center_axis',(-1.,0.,0.));
#1567=DIRECTION('ref_axis',(0.,-1.,0.));
#1568=DIRECTION('',(0.,-1.,0.));
#1569=DIRECTION('',(0.,1.,0.));
#1570=DIRECTION('',(-0.707659310055893,-0.0273352273296238,-0.706024848173246));
#1571=DIRECTION('',(0.707106781186549,0.,0.707106781186546));
#1572=DIRECTION('center_axis',(-0.707106781186546,0.,0.707106781186549));
#1573=DIRECTION('ref_axis',(0.707106781186549,0.,0.707106781186546));
#1574=DIRECTION('',(0.,1.,0.));
#1575=DIRECTION('',(0.707106781186541,0.,0.707106781186554));
#1576=DIRECTION('center_axis',(0.,0.,-1.));
#1577=DIRECTION('ref_axis',(-0.707106781186546,0.707106781186549,0.));
#1578=DIRECTION('',(0.,-0.707106781186547,0.707106781186547));
#1579=DIRECTION('center_axis',(0.,0.,-1.));
#1580=DIRECTION('ref_axis',(-0.707106781186546,0.707106781186549,0.));
#1581=DIRECTION('',(-1.02202790666478E-14,0.760405965600026,0.649448048330189));
#1582=DIRECTION('center_axis',(0.,-1.,0.));
#1583=DIRECTION('ref_axis',(1.,0.,0.));
#1584=DIRECTION('',(1.,0.,0.));
#1585=DIRECTION('',(-1.,0.,0.));
#1586=DIRECTION('',(0.,0.,1.));
#1587=DIRECTION('center_axis',(0.,0.,1.));
#1588=DIRECTION('ref_axis',(1.,0.,0.));
#1589=DIRECTION('center_axis',(0.,0.,-1.));
#1590=DIRECTION('ref_axis',(1.,0.,0.));
#1591=DIRECTION('center_axis',(0.,0.,1.));
#1592=DIRECTION('ref_axis',(1.,0.,0.));
#1593=DIRECTION('',(0.,0.,1.));
#1594=DIRECTION('center_axis',(-1.,0.,0.));
#1595=DIRECTION('ref_axis',(0.,-1.,0.));
#1596=DIRECTION('',(0.,-1.,0.));
#1597=DIRECTION('',(0.,1.,0.));
#1598=DIRECTION('',(0.,0.,1.));
#1599=DIRECTION('center_axis',(0.,0.,1.));
#1600=DIRECTION('ref_axis',(0.,-1.,0.));
#1601=DIRECTION('center_axis',(0.,0.,-1.));
#1602=DIRECTION('ref_axis',(0.,-1.,0.));
#1603=DIRECTION('center_axis',(0.,0.,1.));
#1604=DIRECTION('ref_axis',(0.,-1.,0.));
#1605=DIRECTION('center_axis',(0.,0.,1.));
#1606=DIRECTION('ref_axis',(0.,1.,0.));
#1607=DIRECTION('',(1.96261557335472E-15,-0.707106781186548,-0.707106781186548));
#1608=DIRECTION('center_axis',(0.,0.,1.));
#1609=DIRECTION('ref_axis',(0.,1.,0.));
#1610=DIRECTION('',(-0.707106781186547,3.92523114670944E-15,0.707106781186548));
#1611=DIRECTION('center_axis',(0.707106781186548,0.,0.707106781186548));
#1612=DIRECTION('ref_axis',(0.707106781186548,0.,-0.707106781186548));
#1613=DIRECTION('',(0.,-1.,0.));
#1614=DIRECTION('',(-0.707106781186548,0.,0.707106781186546));
#1615=DIRECTION('center_axis',(0.,0.,1.));
#1616=DIRECTION('ref_axis',(-1.,0.,0.));
#1617=DIRECTION('center_axis',(0.,0.,1.));
#1618=DIRECTION('ref_axis',(-1.,0.,0.));
#1619=DIRECTION('',(-1.96261557335471E-15,-0.707106781186551,0.707106781186544));
#1620=DIRECTION('center_axis',(0.,0.707106781186548,0.707106781186548));
#1621=DIRECTION('ref_axis',(1.,0.,0.));
#1622=DIRECTION('',(1.,0.,0.));
#1623=DIRECTION('',(0.,-0.707106781186548,0.707106781186548));
#1624=DIRECTION('center_axis',(0.,0.,1.));
#1625=DIRECTION('ref_axis',(0.,-1.,0.));
#1626=DIRECTION('center_axis',(0.,0.,1.));
#1627=DIRECTION('ref_axis',(0.,-1.,0.));
#1628=DIRECTION('',(0.707106781186548,0.,0.707106781186548));
#1629=DIRECTION('center_axis',(-0.707106781186548,0.,0.707106781186548));
#1630=DIRECTION('ref_axis',(0.707106781186548,0.,0.707106781186548));
#1631=DIRECTION('',(0.,1.,0.));
#1632=DIRECTION('',(0.707106781186548,0.,0.707106781186548));
#1633=DIRECTION('center_axis',(0.,0.,1.));
#1634=DIRECTION('ref_axis',(1.,0.,0.));
#1635=DIRECTION('center_axis',(0.,0.,1.));
#1636=DIRECTION('ref_axis',(1.,0.,0.));
#1637=DIRECTION('',(0.,0.707106781186549,0.707106781186546));
#1638=DIRECTION('center_axis',(0.,-0.707106781186548,0.707106781186548));
#1639=DIRECTION('ref_axis',(1.,0.,0.));
#1640=DIRECTION('',(-1.,0.,0.));
#1641=DIRECTION('center_axis',(0.,-1.,0.));
#1642=DIRECTION('ref_axis',(1.,0.,0.));
#1643=DIRECTION('',(1.,0.,0.));
#1644=DIRECTION('',(-1.,0.,0.));
#1645=DIRECTION('',(0.,0.,1.));
#1646=DIRECTION('center_axis',(0.,0.,1.));
#1647=DIRECTION('ref_axis',(1.,0.,0.));
#1648=DIRECTION('center_axis',(0.,0.,-1.));
#1649=DIRECTION('ref_axis',(1.,0.,0.));
#1650=DIRECTION('center_axis',(0.,0.,1.));
#1651=DIRECTION('ref_axis',(1.,0.,0.));
#1652=DIRECTION('',(0.,0.,1.));
#1653=DIRECTION('center_axis',(-1.,0.,0.));
#1654=DIRECTION('ref_axis',(0.,-1.,0.));
#1655=DIRECTION('',(0.,-1.,0.));
#1656=DIRECTION('',(0.,1.,0.));
#1657=DIRECTION('',(0.,0.,1.));
#1658=DIRECTION('center_axis',(0.,0.,1.));
#1659=DIRECTION('ref_axis',(0.,-1.,0.));
#1660=DIRECTION('center_axis',(0.,0.,-1.));
#1661=DIRECTION('ref_axis',(0.,-1.,0.));
#1662=DIRECTION('center_axis',(0.,0.,1.));
#1663=DIRECTION('ref_axis',(0.,-1.,0.));
#1664=DIRECTION('center_axis',(0.,0.,1.));
#1665=DIRECTION('ref_axis',(0.,1.,0.));
#1666=DIRECTION('',(-7.85046229341887E-15,-0.707106781186548,-0.707106781186548));
#1667=DIRECTION('center_axis',(0.,0.,1.));
#1668=DIRECTION('ref_axis',(0.,1.,0.));
#1669=DIRECTION('',(-0.70710678118654,3.92523114670948E-15,0.707106781186555));
#1670=DIRECTION('center_axis',(0.707106781186548,0.,0.707106781186548));
#1671=DIRECTION('ref_axis',(0.707106781186548,0.,-0.707106781186548));
#1672=DIRECTION('',(0.,-1.,0.));
#1673=DIRECTION('',(-0.707106781186548,0.,0.707106781186548));
#1674=DIRECTION('center_axis',(0.,0.,1.));
#1675=DIRECTION('ref_axis',(-1.,0.,0.));
#1676=DIRECTION('center_axis',(0.,0.,1.));
#1677=DIRECTION('ref_axis',(-1.,0.,0.));
#1678=DIRECTION('',(1.57009245868376E-14,-0.707106781186551,0.707106781186544));
#1679=DIRECTION('center_axis',(0.,0.707106781186548,0.707106781186548));
#1680=DIRECTION('ref_axis',(1.,0.,0.));
#1681=DIRECTION('',(1.,0.,0.));
#1682=DIRECTION('',(0.,-0.70710678118654,0.707106781186555));
#1683=DIRECTION('center_axis',(0.,0.,1.));
#1684=DIRECTION('ref_axis',(0.,-1.,0.));
#1685=DIRECTION('center_axis',(0.,0.,1.));
#1686=DIRECTION('ref_axis',(0.,-1.,0.));
#1687=DIRECTION('',(0.70710678118654,0.,0.707106781186555));
#1688=DIRECTION('center_axis',(-0.707106781186555,0.,0.70710678118654));
#1689=DIRECTION('ref_axis',(0.70710678118654,0.,0.707106781186555));
#1690=DIRECTION('',(0.,1.,0.));
#1691=DIRECTION('',(0.70710678118654,0.,0.707106781186555));
#1692=DIRECTION('center_axis',(0.,0.,1.));
#1693=DIRECTION('ref_axis',(1.,0.,0.));
#1694=DIRECTION('center_axis',(0.,0.,1.));
#1695=DIRECTION('ref_axis',(1.,0.,0.));
#1696=DIRECTION('',(0.,0.707106781186548,0.707106781186548));
#1697=DIRECTION('center_axis',(0.,-0.707106781186548,0.707106781186548));
#1698=DIRECTION('ref_axis',(1.,0.,0.));
#1699=DIRECTION('',(-1.,0.,0.));
#1700=DIRECTION('center_axis',(0.,0.,1.));
#1701=DIRECTION('ref_axis',(0.,1.,0.));
#1702=DIRECTION('',(0.,-0.707106781186548,-0.707106781186548));
#1703=DIRECTION('center_axis',(0.,0.,1.));
#1704=DIRECTION('ref_axis',(0.,1.,0.));
#1705=DIRECTION('',(-0.70710678118654,3.92523114670948E-15,0.707106781186555));
#1706=DIRECTION('center_axis',(0.707106781186555,0.,0.70710678118654));
#1707=DIRECTION('ref_axis',(0.70710678118654,0.,-0.707106781186555));
#1708=DIRECTION('',(0.,-1.,0.));
#1709=DIRECTION('',(-0.70710678118654,0.,0.707106781186555));
#1710=DIRECTION('center_axis',(0.,0.,1.));
#1711=DIRECTION('ref_axis',(-1.,0.,0.));
#1712=DIRECTION('center_axis',(0.,0.,1.));
#1713=DIRECTION('ref_axis',(-1.,0.,0.));
#1714=DIRECTION('',(0.,-0.707106781186551,0.707106781186544));
#1715=DIRECTION('center_axis',(0.,0.,1.));
#1716=DIRECTION('ref_axis',(2.22044604925032E-15,1.,0.));
#1717=DIRECTION('',(3.92523114670941E-15,-0.707106781186551,-0.707106781186544));
#1718=DIRECTION('center_axis',(0.,0.,1.));
#1719=DIRECTION('ref_axis',(2.22044604925032E-15,1.,0.));
#1720=DIRECTION('',(-0.70710678118654,0.,0.707106781186555));
#1721=DIRECTION('center_axis',(0.707106781186548,-8.28982290751729E-18,
0.707106781186548));
#1722=DIRECTION('ref_axis',(0.707106781186548,0.,-0.707106781186548));
#1723=DIRECTION('',(-1.17235799854821E-17,-1.,0.));
#1724=DIRECTION('',(-0.707106781186542,0.,0.707106781186553));
#1725=DIRECTION('center_axis',(0.,0.,1.));
#1726=DIRECTION('ref_axis',(-1.,0.,0.));
#1727=DIRECTION('center_axis',(0.,0.,1.));
#1728=DIRECTION('ref_axis',(-1.,0.,0.));
#1729=DIRECTION('',(2.74766180269663E-14,-0.70710678118654,0.707106781186555));
#1730=DIRECTION('center_axis',(0.,0.,-1.));
#1731=DIRECTION('ref_axis',(-1.,0.,0.));
#1732=DIRECTION('center_axis',(0.,0.,1.));
#1733=DIRECTION('ref_axis',(1.,0.,0.));
#1734=DIRECTION('center_axis',(0.,0.,-1.));
#1735=DIRECTION('ref_axis',(-1.,0.,0.));
#1736=DIRECTION('center_axis',(0.,0.,1.));
#1737=DIRECTION('ref_axis',(1.,0.,0.));
#1738=DIRECTION('center_axis',(0.,0.,-1.));
#1739=DIRECTION('ref_axis',(-1.,0.,0.));
#1740=DIRECTION('center_axis',(0.,0.,1.));
#1741=DIRECTION('ref_axis',(1.,0.,0.));
#1742=DIRECTION('center_axis',(0.,0.,1.));
#1743=DIRECTION('ref_axis',(1.,0.,0.));
#1744=DIRECTION('center_axis',(0.,0.,1.));
#1745=DIRECTION('ref_axis',(1.,0.,0.));
#1746=DIRECTION('',(0.,0.,1.));
#1747=DIRECTION('center_axis',(0.,0.,-1.));
#1748=DIRECTION('ref_axis',(1.,0.,0.));
#1749=DIRECTION('center_axis',(0.,0.,-1.));
#1750=DIRECTION('ref_axis',(1.,0.,0.));
#1751=DIRECTION('',(0.707106781186547,-8.65956056235493E-17,0.707106781186547));
#1752=DIRECTION('center_axis',(0.,0.,1.));
#1753=DIRECTION('ref_axis',(1.,0.,0.));
#1754=DIRECTION('center_axis',(0.,0.,1.));
#1755=DIRECTION('ref_axis',(1.,0.,0.));
#1756=DIRECTION('',(0.,0.,1.));
#1757=DIRECTION('center_axis',(0.,0.,-1.));
#1758=DIRECTION('ref_axis',(1.,0.,0.));
#1759=DIRECTION('center_axis',(0.,0.,-1.));
#1760=DIRECTION('ref_axis',(1.,0.,0.));
#1761=DIRECTION('',(0.707106781186547,-8.65956056235493E-17,0.707106781186547));
#1762=DIRECTION('center_axis',(0.,0.,1.));
#1763=DIRECTION('ref_axis',(1.,0.,0.));
#1764=DIRECTION('center_axis',(0.,0.,1.));
#1765=DIRECTION('ref_axis',(1.,0.,0.));
#1766=DIRECTION('',(0.,0.,1.));
#1767=DIRECTION('center_axis',(0.,0.,-1.));
#1768=DIRECTION('ref_axis',(1.,0.,0.));
#1769=DIRECTION('center_axis',(0.,0.,-1.));
#1770=DIRECTION('ref_axis',(1.,0.,0.));
#1771=DIRECTION('',(0.707106781186561,-8.65956056235509E-17,0.707106781186534));
#1772=DIRECTION('center_axis',(0.,0.,1.));
#1773=DIRECTION('ref_axis',(1.,0.,0.));
#1774=DIRECTION('',(0.,1.,0.));
#1775=DIRECTION('',(1.,0.,0.));
#1776=DIRECTION('',(-1.,0.,0.));
#1777=DIRECTION('',(0.,1.,0.));
#1778=DIRECTION('',(1.,0.,0.));
#1779=DIRECTION('',(-1.,0.,0.));
#1780=DIRECTION('',(0.,1.,0.));
#1781=DIRECTION('',(1.,0.,0.));
#1782=DIRECTION('',(-1.,0.,0.));
#1783=DIRECTION('center_axis',(0.,-0.649448048330185,0.76040596560003));
#1784=DIRECTION('ref_axis',(1.,0.,0.));
#1785=DIRECTION('',(0.,0.76040596560003,0.649448048330185));
#1786=DIRECTION('',(1.,0.,0.));
#1787=DIRECTION('center_axis',(0.,0.707106781186555,0.70710678118654));
#1788=DIRECTION('ref_axis',(1.,0.,0.));
#1789=DIRECTION('',(0.,0.70710678118654,-0.707106781186555));
#1790=DIRECTION('',(-1.,0.,0.));
#1791=DIRECTION('center_axis',(0.,-0.987688340595138,0.156434465040231));
#1792=DIRECTION('ref_axis',(1.,0.,0.));
#1793=DIRECTION('',(0.,0.156434465040231,0.987688340595138));
#1794=DIRECTION('',(-1.,0.,0.));
#1795=DIRECTION('center_axis',(0.,0.,1.));
#1796=DIRECTION('ref_axis',(1.,0.,0.));
#1797=DIRECTION('',(0.,-1.,0.));
#1798=DIRECTION('',(-1.,0.,0.));
#1799=DIRECTION('',(1.,0.,0.));
#1800=DIRECTION('',(0.,-1.,0.));
#1801=DIRECTION('',(-1.,0.,0.));
#1802=DIRECTION('',(1.,0.,0.));
#1803=DIRECTION('',(0.,-1.,0.));
#1804=DIRECTION('',(1.,0.,0.));
#1805=DIRECTION('center_axis',(0.,1.,0.));
#1806=DIRECTION('ref_axis',(-1.,0.,0.));
#1807=DIRECTION('',(0.,0.,-1.));
#1808=DIRECTION('center_axis',(0.,-0.707106781186548,0.707106781186548));
#1809=DIRECTION('ref_axis',(1.,0.,0.));
#1810=DIRECTION('',(0.,0.707106781186548,0.707106781186548));
#1811=DIRECTION('',(1.,0.,0.));
#1812=DIRECTION('center_axis',(0.,0.707106781186548,0.707106781186548));
#1813=DIRECTION('ref_axis',(1.,0.,0.));
#1814=DIRECTION('',(0.,0.707106781186548,-0.707106781186548));
#1815=DIRECTION('',(-1.,0.,0.));
#1816=DIRECTION('center_axis',(0.,-1.,0.));
#1817=DIRECTION('ref_axis',(1.,0.,0.));
#1818=DIRECTION('',(0.,0.,1.));
#1819=DIRECTION('center_axis',(0.,1.,0.));
#1820=DIRECTION('ref_axis',(-1.,0.,0.));
#1821=DIRECTION('',(0.,0.,-1.));
#1822=DIRECTION('center_axis',(0.,-0.707106781186548,0.707106781186548));
#1823=DIRECTION('ref_axis',(1.,0.,0.));
#1824=DIRECTION('',(0.,0.707106781186548,0.707106781186548));
#1825=DIRECTION('',(1.,0.,0.));
#1826=DIRECTION('center_axis',(0.,0.707106781186548,0.707106781186548));
#1827=DIRECTION('ref_axis',(1.,0.,0.));
#1828=DIRECTION('',(0.,0.707106781186548,-0.707106781186548));
#1829=DIRECTION('',(-1.,0.,0.));
#1830=DIRECTION('center_axis',(0.,-1.,0.));
#1831=DIRECTION('ref_axis',(1.,0.,0.));
#1832=DIRECTION('',(0.,0.,1.));
#1833=DIRECTION('center_axis',(0.,1.,0.));
#1834=DIRECTION('ref_axis',(-1.,0.,0.));
#1835=DIRECTION('',(0.,0.,-1.));
#1836=DIRECTION('center_axis',(1.,0.,0.));
#1837=DIRECTION('ref_axis',(0.,1.,0.));
#1838=DIRECTION('center_axis',(1.,0.,0.));
#1839=DIRECTION('ref_axis',(0.,1.,0.));
#1840=DIRECTION('center_axis',(1.,0.,0.));
#1841=DIRECTION('ref_axis',(0.,1.,0.));
#1842=CARTESIAN_POINT('',(0.,0.,0.));
#1843=CARTESIAN_POINT('Origin',(110.313,-24.038,11.5));
#1844=CARTESIAN_POINT('',(110.313,-24.538,18.1));
#1845=CARTESIAN_POINT('',(109.813,-24.038,18.1));
#1846=CARTESIAN_POINT('Origin',(110.313,-24.038,18.1));
#1847=CARTESIAN_POINT('',(110.313,-24.538,11.5));
#1848=CARTESIAN_POINT('',(110.313,-24.538,11.5));
#1849=CARTESIAN_POINT('',(109.813,-24.038,11.5));
#1850=CARTESIAN_POINT('Origin',(110.313,-24.038,11.5));
#1851=CARTESIAN_POINT('',(109.813,-24.038,11.5));
#1852=CARTESIAN_POINT('Origin',(109.813,-24.038,11.5));
#1853=CARTESIAN_POINT('',(109.813,-5.538,18.1));
#1854=CARTESIAN_POINT('',(109.813,-45.01175,18.1));
#1855=CARTESIAN_POINT('',(109.813,-5.538,11.5));
#1856=CARTESIAN_POINT('',(109.813,-45.01175,11.5));
#1857=CARTESIAN_POINT('',(109.813,-5.538,11.5));
#1858=CARTESIAN_POINT('Origin',(110.313,-5.538,11.5));
#1859=CARTESIAN_POINT('',(110.313,-5.038,18.1));
#1860=CARTESIAN_POINT('Origin',(110.313,-5.538,18.1));
#1861=CARTESIAN_POINT('',(110.313,-5.038,11.5));
#1862=CARTESIAN_POINT('Origin',(110.313,-5.538,11.5));
#1863=CARTESIAN_POINT('',(110.313,-5.038,11.5));
#1864=CARTESIAN_POINT('Origin',(5.53800000000002,-124.0505,11.5));
#1865=CARTESIAN_POINT('',(5.53800000000001,-124.5505,18.1));
#1866=CARTESIAN_POINT('',(5.03800000000001,-124.0505,18.1));
#1867=CARTESIAN_POINT('Origin',(5.53800000000002,-124.0505,18.1));
#1868=CARTESIAN_POINT('',(5.53800000000001,-124.5505,11.5));
#1869=CARTESIAN_POINT('',(5.53800000000001,-124.5505,11.5));
#1870=CARTESIAN_POINT('',(5.03800000000001,-124.0505,11.5));
#1871=CARTESIAN_POINT('Origin',(5.53800000000002,-124.0505,11.5));
#1872=CARTESIAN_POINT('',(5.03800000000001,-124.0505,11.5));
#1873=CARTESIAN_POINT('Origin',(5.03800000000002,-124.0505,11.5));
#1874=CARTESIAN_POINT('',(5.03800000000001,-29.3505,18.1));
#1875=CARTESIAN_POINT('',(5.03800000000002,-95.018,18.1));
#1876=CARTESIAN_POINT('',(5.03800000000001,-29.3505,11.5));
#1877=CARTESIAN_POINT('',(5.03800000000002,-95.018,11.5));
#1878=CARTESIAN_POINT('',(5.03800000000001,-29.3505,11.5));
#1879=CARTESIAN_POINT('Origin',(5.53800000000001,-29.3505,11.5));
#1880=CARTESIAN_POINT('',(5.53800000000001,-28.8505,18.1));
#1881=CARTESIAN_POINT('Origin',(5.53800000000001,-29.3505,18.1));
#1882=CARTESIAN_POINT('',(5.53800000000001,-28.8505,11.5));
#1883=CARTESIAN_POINT('Origin',(5.53800000000001,-29.3505,11.5));
#1884=CARTESIAN_POINT('',(5.53800000000001,-28.8505,11.5));
#1885=CARTESIAN_POINT('Origin',(5.03800000000001,-24.038,11.5));
#1886=CARTESIAN_POINT('',(5.03800000000001,-24.038,18.1));
#1887=CARTESIAN_POINT('',(5.03800000000001,-5.538,18.1));
#1888=CARTESIAN_POINT('',(5.03800000000001,-45.01175,18.1));
#1889=CARTESIAN_POINT('',(5.03800000000001,-24.038,11.5));
#1890=CARTESIAN_POINT('',(5.03800000000001,-24.038,11.5));
#1891=CARTESIAN_POINT('',(5.03800000000001,-5.538,11.5));
#1892=CARTESIAN_POINT('',(5.03800000000001,-45.01175,11.5));
#1893=CARTESIAN_POINT('',(5.03800000000001,-5.538,11.5));
#1894=CARTESIAN_POINT('Origin',(5.53800000000001,-5.538,11.5));
#1895=CARTESIAN_POINT('',(5.53800000000001,-5.038,18.1));
#1896=CARTESIAN_POINT('Origin',(5.53800000000001,-5.538,18.1));
#1897=CARTESIAN_POINT('',(5.53800000000001,-5.038,11.5));
#1898=CARTESIAN_POINT('Origin',(5.53800000000001,-5.538,11.5));
#1899=CARTESIAN_POINT('',(5.53800000000001,-5.038,11.5));
#1900=CARTESIAN_POINT('Origin',(24.038,-24.538,11.5));
#1901=CARTESIAN_POINT('',(24.038,-24.538,18.1));
#1902=CARTESIAN_POINT('',(5.53800000000001,-24.538,18.1));
#1903=CARTESIAN_POINT('',(93.232,-24.538,18.1));
#1904=CARTESIAN_POINT('',(24.038,-24.538,11.5));
#1905=CARTESIAN_POINT('',(24.038,-24.538,11.5));
#1906=CARTESIAN_POINT('',(5.53800000000001,-24.538,11.5));
#1907=CARTESIAN_POINT('',(93.232,-24.538,11.5));
#1908=CARTESIAN_POINT('',(5.53800000000001,-24.538,11.5));
#1909=CARTESIAN_POINT('Origin',(5.53800000000001,-24.038,11.5));
#1910=CARTESIAN_POINT('Origin',(5.53800000000001,-24.038,18.1));
#1911=CARTESIAN_POINT('Origin',(5.53800000000001,-24.038,11.5));
#1912=CARTESIAN_POINT('Origin',(28.8505,-24.038,11.5));
#1913=CARTESIAN_POINT('',(28.8505,-24.038,18.1));
#1914=CARTESIAN_POINT('',(28.8505,-5.538,18.1));
#1915=CARTESIAN_POINT('',(28.8505,-45.01175,18.1));
#1916=CARTESIAN_POINT('',(28.8505,-24.038,11.5));
#1917=CARTESIAN_POINT('',(28.8505,-24.038,11.5));
#1918=CARTESIAN_POINT('',(28.8505,-5.538,11.5));
#1919=CARTESIAN_POINT('',(28.8505,-45.01175,11.5));
#1920=CARTESIAN_POINT('',(28.8505,-5.538,11.5));
#1921=CARTESIAN_POINT('Origin',(29.3505,-5.538,11.5));
#1922=CARTESIAN_POINT('',(29.3505,-5.038,18.1));
#1923=CARTESIAN_POINT('Origin',(29.3505,-5.538,18.1));
#1924=CARTESIAN_POINT('',(29.3505,-5.038,11.5));
#1925=CARTESIAN_POINT('Origin',(29.3505,-5.538,11.5));
#1926=CARTESIAN_POINT('',(29.3505,-5.038,11.5));
#1927=CARTESIAN_POINT('Origin',(105.0005,-24.538,11.5));
#1928=CARTESIAN_POINT('',(105.0005,-24.538,18.1));
#1929=CARTESIAN_POINT('',(29.3505,-24.538,18.1));
#1930=CARTESIAN_POINT('',(133.71325,-24.538,18.1));
#1931=CARTESIAN_POINT('',(105.0005,-24.538,11.5));
#1932=CARTESIAN_POINT('',(105.0005,-24.538,11.5));
#1933=CARTESIAN_POINT('',(29.3505,-24.538,11.5));
#1934=CARTESIAN_POINT('',(133.71325,-24.538,11.5));
#1935=CARTESIAN_POINT('',(29.3505,-24.538,11.5));
#1936=CARTESIAN_POINT('Origin',(29.3505,-24.038,11.5));
#1937=CARTESIAN_POINT('Origin',(29.3505,-24.038,18.1));
#1938=CARTESIAN_POINT('Origin',(29.3505,-24.038,11.5));
#1939=CARTESIAN_POINT('Origin',(-5.999,-137.248073936631,22.7432549487812));
#1940=CARTESIAN_POINT('',(-9.999,-138.078523196699,17.5000046751655));
#1941=CARTESIAN_POINT('',(-5.999,-142.12643446504,17.5123116594049));
#1942=CARTESIAN_POINT('Ctrl Pts',(-9.999,-138.078523196699,17.5000046751655));
#1943=CARTESIAN_POINT('Ctrl Pts',(-9.99900000000001,-139.26182602201,17.5001443395332));
#1944=CARTESIAN_POINT('Ctrl Pts',(-9.03238502168117,-141.358358398139,17.5070946807013));
#1945=CARTESIAN_POINT('Ctrl Pts',(-6.90891812902697,-142.12643446504,17.5123116594049));
#1946=CARTESIAN_POINT('Ctrl Pts',(-5.99899999999999,-142.12643446504,17.5123116594049));
#1947=CARTESIAN_POINT('',(-9.999,-139.02883057912,11.5));
#1948=CARTESIAN_POINT('',(-9.999,-137.248073936631,22.7432549487812));
#1949=CARTESIAN_POINT('',(-5.99900000000001,-143.078691082272,11.5));
#1950=CARTESIAN_POINT('Origin',(-5.999,-139.02883057912,11.5));
#1951=CARTESIAN_POINT('',(-5.999,-141.198827299011,23.3689928089421));
#1952=CARTESIAN_POINT('Origin',(-5.99900000000002,5.999,11.5));
#1953=CARTESIAN_POINT('',(-5.99900000000002,9.999,17.5));
#1954=CARTESIAN_POINT('',(-9.999,5.999,17.5));
#1955=CARTESIAN_POINT('Origin',(-5.99900000000002,5.999,17.5));
#1956=CARTESIAN_POINT('',(-5.99900000000002,9.999,11.5));
#1957=CARTESIAN_POINT('',(-5.99900000000002,9.999,11.5));
#1958=CARTESIAN_POINT('',(-9.999,5.999,11.5));
#1959=CARTESIAN_POINT('Origin',(-5.99900000000002,5.999,11.5));
#1960=CARTESIAN_POINT('',(-9.999,5.999,11.5));
#1961=CARTESIAN_POINT('Origin',(-9.999,9.999,11.5));
#1962=CARTESIAN_POINT('',(-9.999,-137.920139496848,17.5));
#1963=CARTESIAN_POINT('Ctrl Pts',(-9.999,-137.920139496848,17.5));
#1964=CARTESIAN_POINT('Ctrl Pts',(-9.999,-137.972908157678,17.5));
#1965=CARTESIAN_POINT('Ctrl Pts',(-9.999,-138.02567678637,17.4999984377423));
#1966=CARTESIAN_POINT('Ctrl Pts',(-9.999,-138.078523196699,17.5000046751655));
#1967=CARTESIAN_POINT('',(-9.999,-27.99325,17.5));
#1968=CARTESIAN_POINT('',(-9.999,-27.99325,11.5));
#1969=CARTESIAN_POINT('Ctrl Pts',(-8.999,-137.920139496848,18.5));
#1970=CARTESIAN_POINT('Ctrl Pts',(-8.999,-137.960038827732,18.5));
#1971=CARTESIAN_POINT('Ctrl Pts',(-8.9982296785051,-137.99993815671,18.5));
#1972=CARTESIAN_POINT('Ctrl Pts',(-8.99668966565063,-138.039806288075,18.5));
#1973=CARTESIAN_POINT('Ctrl Pts',(-9.33233333333334,-137.920139496848,18.1666666666667));
#1974=CARTESIAN_POINT('Ctrl Pts',(-9.33233333333334,-137.964328604381,18.1666666666667));
#1975=CARTESIAN_POINT('Ctrl Pts',(-9.33181978567007,-138.00851769993,18.1666661459141));
#1976=CARTESIAN_POINT('Ctrl Pts',(-9.33079311043375,-138.052711924283,18.1666682250552));
#1977=CARTESIAN_POINT('Ctrl Pts',(-9.66566666666667,-137.920139496848,17.8333333333333));
#1978=CARTESIAN_POINT('Ctrl Pts',(-9.66566666666667,-137.96861838103,17.8333333333333));
#1979=CARTESIAN_POINT('Ctrl Pts',(-9.66540989283503,-138.01709724315,17.8333322918282));
#1980=CARTESIAN_POINT('Ctrl Pts',(-9.66489655521688,-138.065617560491,17.8333364501103));
#1981=CARTESIAN_POINT('Ctrl Pts',(-9.999,-137.920139496848,17.5));
#1982=CARTESIAN_POINT('Ctrl Pts',(-9.999,-137.972908157678,17.5));
#1983=CARTESIAN_POINT('Ctrl Pts',(-9.999,-138.02567678637,17.4999984377423));
#1984=CARTESIAN_POINT('Ctrl Pts',(-9.999,-138.078523196699,17.5000046751655));
#1985=CARTESIAN_POINT('',(-8.99668966565063,-138.039806288075,18.5));
#1986=CARTESIAN_POINT('',(-8.99668966565063,-138.039806288075,18.5));
#1987=CARTESIAN_POINT('',(-8.999,-137.920139496848,18.5));
#1988=CARTESIAN_POINT('Ctrl Pts',(-8.99668966565063,-138.039806288075,18.5));
#1989=CARTESIAN_POINT('Ctrl Pts',(-8.9982296785051,-137.99993815671,18.5));
#1990=CARTESIAN_POINT('Ctrl Pts',(-8.999,-137.960038827732,18.5));
#1991=CARTESIAN_POINT('Ctrl Pts',(-8.999,-137.920139496848,18.5));
#1992=CARTESIAN_POINT('',(-9.999,-137.920139496848,17.5));
#1993=CARTESIAN_POINT('Origin',(-9.499,-27.99325,18.));
#1994=CARTESIAN_POINT('',(-8.99900000000002,5.999,18.5));
#1995=CARTESIAN_POINT('',(-8.999,-27.99325,18.5));
#1996=CARTESIAN_POINT('',(-9.999,5.999,17.5));
#1997=CARTESIAN_POINT('Origin',(-5.99900000000002,5.999,18.));
#1998=CARTESIAN_POINT('',(-5.99900000000002,8.999,18.5));
#1999=CARTESIAN_POINT('',(-5.99900000000002,9.999,17.5));
#2000=CARTESIAN_POINT('Origin',(-5.99900000000002,5.999,18.5));
#2001=CARTESIAN_POINT('Ctrl Pts',(-5.99899999999999,-142.12643446504,17.5123116594049));
#2002=CARTESIAN_POINT('Ctrl Pts',(-6.90891812902697,-142.12643446504,17.5123116594049));
#2003=CARTESIAN_POINT('Ctrl Pts',(-9.03238502168117,-141.358358398139,17.5070946807013));
#2004=CARTESIAN_POINT('Ctrl Pts',(-9.99900000000001,-139.26182602201,17.5001443395332));
#2005=CARTESIAN_POINT('Ctrl Pts',(-9.999,-138.078523196699,17.5000046751655));
#2006=CARTESIAN_POINT('Ctrl Pts',(-5.99899999999999,-141.740956310027,17.8415411062699));
#2007=CARTESIAN_POINT('Ctrl Pts',(-6.82351819692529,-141.740956310027,17.8415411062699));
#2008=CARTESIAN_POINT('Ctrl Pts',(-8.74880838414471,-141.054543069514,17.8380631204676));
#2009=CARTESIAN_POINT('Ctrl Pts',(-9.65340222948841,-139.152053294482,17.8334295596888));
#2010=CARTESIAN_POINT('Ctrl Pts',(-9.66489655521688,-138.065617560491,17.8333364501103));
#2011=CARTESIAN_POINT('Ctrl Pts',(-5.99899999999999,-141.355478155013,18.170770553135));
#2012=CARTESIAN_POINT('Ctrl Pts',(-6.73811826482361,-141.355478155013,18.170770553135));
#2013=CARTESIAN_POINT('Ctrl Pts',(-8.46523174660825,-140.75072774089,18.1690315602338));
#2014=CARTESIAN_POINT('Ctrl Pts',(-9.30780445897682,-139.042280566954,18.1667147798444));
#2015=CARTESIAN_POINT('Ctrl Pts',(-9.33079311043375,-138.052711924283,18.1666682250552));
#2016=CARTESIAN_POINT('Ctrl Pts',(-5.99899999999998,-140.97,18.5));
#2017=CARTESIAN_POINT('Ctrl Pts',(-6.65271833272193,-140.97,18.5));
#2018=CARTESIAN_POINT('Ctrl Pts',(-8.18165510907179,-140.446912412265,18.5));
#2019=CARTESIAN_POINT('Ctrl Pts',(-8.96220668846522,-138.932507839427,18.5));
#2020=CARTESIAN_POINT('Ctrl Pts',(-8.99668966565063,-138.039806288075,18.5));
#2021=CARTESIAN_POINT('',(-5.99900000000002,-140.97,18.5));
#2022=CARTESIAN_POINT('',(-5.999,-142.12643446504,17.5123116594049));
#2023=CARTESIAN_POINT('Ctrl Pts',(-5.99899999999998,-140.97,18.5));
#2024=CARTESIAN_POINT('Ctrl Pts',(-6.65271833272193,-140.97,18.5));
#2025=CARTESIAN_POINT('Ctrl Pts',(-8.18165510907179,-140.446912412265,18.5));
#2026=CARTESIAN_POINT('Ctrl Pts',(-8.96220668846522,-138.932507839427,18.5));
#2027=CARTESIAN_POINT('Ctrl Pts',(-8.99668966565063,-138.039806288075,18.5));
#2028=CARTESIAN_POINT('Origin',(5.53800000000001,-5.038,11.5));
#2029=CARTESIAN_POINT('',(24.038,-5.038,18.1));
#2030=CARTESIAN_POINT('',(83.982,-5.038,18.1));
#2031=CARTESIAN_POINT('',(24.038,-5.038,11.5));
#2032=CARTESIAN_POINT('',(83.982,-5.038,11.5));
#2033=CARTESIAN_POINT('',(24.038,-5.038,11.5));
#2034=CARTESIAN_POINT('Origin',(24.038,-5.538,11.5));
#2035=CARTESIAN_POINT('',(24.538,-5.538,18.1));
#2036=CARTESIAN_POINT('Origin',(24.038,-5.538,18.1));
#2037=CARTESIAN_POINT('',(24.538,-5.538,11.5));
#2038=CARTESIAN_POINT('Origin',(24.038,-5.538,11.5));
#2039=CARTESIAN_POINT('',(24.538,-5.538,11.5));
#2040=CARTESIAN_POINT('Origin',(24.538,-5.538,11.5));
#2041=CARTESIAN_POINT('',(24.538,-24.038,18.1));
#2042=CARTESIAN_POINT('',(24.538,-35.76175,18.1));
#2043=CARTESIAN_POINT('',(24.538,-24.038,11.5));
#2044=CARTESIAN_POINT('',(24.538,-35.76175,11.5));
#2045=CARTESIAN_POINT('',(24.538,-24.038,11.5));
#2046=CARTESIAN_POINT('Origin',(24.038,-24.038,11.5));
#2047=CARTESIAN_POINT('Origin',(24.038,-24.038,18.1));
#2048=CARTESIAN_POINT('Origin',(24.038,-24.038,11.5));
#2049=CARTESIAN_POINT('Origin',(5.53800000000001,-5.538,18.3));
#2050=CARTESIAN_POINT('',(5.53800000000001,-4.638,18.5));
#2051=CARTESIAN_POINT('',(5.53800000000001,-4.638,18.5));
#2052=CARTESIAN_POINT('',(4.63800000000001,-5.538,18.5));
#2053=CARTESIAN_POINT('Origin',(5.53800000000001,-5.538,18.5));
#2054=CARTESIAN_POINT('',(5.03800000000001,-5.538,18.1));
#2055=CARTESIAN_POINT('Origin',(4.83800000000001,-45.01175,18.3));
#2056=CARTESIAN_POINT('',(4.63800000000001,-24.038,18.5));
#2057=CARTESIAN_POINT('',(4.63800000000001,-45.01175,18.5));
#2058=CARTESIAN_POINT('',(5.03800000000001,-24.038,18.1));
#2059=CARTESIAN_POINT('Origin',(5.53800000000001,-24.038,18.3));
#2060=CARTESIAN_POINT('',(5.53800000000001,-24.938,18.5));
#2061=CARTESIAN_POINT('Origin',(5.53800000000001,-24.038,18.5));
#2062=CARTESIAN_POINT('',(5.53800000000001,-24.538,18.1));
#2063=CARTESIAN_POINT('Origin',(93.232,-24.738,18.3));
#2064=CARTESIAN_POINT('',(24.038,-24.938,18.5));
#2065=CARTESIAN_POINT('',(93.232,-24.938,18.5));
#2066=CARTESIAN_POINT('',(24.038,-24.538,18.1));
#2067=CARTESIAN_POINT('Origin',(24.038,-24.038,18.3));
#2068=CARTESIAN_POINT('',(24.938,-24.038,18.5));
#2069=CARTESIAN_POINT('Origin',(24.038,-24.038,18.5));
#2070=CARTESIAN_POINT('',(24.538,-24.038,18.1));
#2071=CARTESIAN_POINT('Origin',(24.738,-35.76175,18.3));
#2072=CARTESIAN_POINT('',(24.938,-5.538,18.5));
#2073=CARTESIAN_POINT('',(24.938,-35.76175,18.5));
#2074=CARTESIAN_POINT('',(24.538,-5.538,18.1));
#2075=CARTESIAN_POINT('Origin',(24.038,-5.538,18.3));
#2076=CARTESIAN_POINT('',(24.038,-4.638,18.5));
#2077=CARTESIAN_POINT('Origin',(24.038,-5.538,18.5));
#2078=CARTESIAN_POINT('',(24.038,-5.038,18.1));
#2079=CARTESIAN_POINT('Origin',(83.982,-4.838,18.3));
#2080=CARTESIAN_POINT('',(83.982,-4.638,18.5));
#2081=CARTESIAN_POINT('Origin',(29.3505,-5.038,11.5));
#2082=CARTESIAN_POINT('',(105.0005,-5.038,18.1));
#2083=CARTESIAN_POINT('',(95.88825,-5.038,18.1));
#2084=CARTESIAN_POINT('',(105.0005,-5.038,11.5));
#2085=CARTESIAN_POINT('',(95.88825,-5.038,11.5));
#2086=CARTESIAN_POINT('',(105.0005,-5.038,11.5));
#2087=CARTESIAN_POINT('Origin',(105.0005,-5.53800000000001,11.5));
#2088=CARTESIAN_POINT('',(105.5005,-5.53800000000001,18.1));
#2089=CARTESIAN_POINT('Origin',(105.0005,-5.53800000000001,18.1));
#2090=CARTESIAN_POINT('',(105.5005,-5.53800000000001,11.5));
#2091=CARTESIAN_POINT('Origin',(105.0005,-5.53800000000001,11.5));
#2092=CARTESIAN_POINT('',(105.5005,-5.53800000000001,11.5));
#2093=CARTESIAN_POINT('Origin',(105.5005,-5.53800000000001,11.5));
#2094=CARTESIAN_POINT('',(105.5005,-24.038,18.1));
#2095=CARTESIAN_POINT('',(105.5005,-35.76175,18.1));
#2096=CARTESIAN_POINT('',(105.5005,-24.038,11.5));
#2097=CARTESIAN_POINT('',(105.5005,-35.76175,11.5));
#2098=CARTESIAN_POINT('',(105.5005,-24.038,11.5));
#2099=CARTESIAN_POINT('Origin',(105.0005,-24.038,11.5));
#2100=CARTESIAN_POINT('Origin',(105.0005,-24.038,18.1));
#2101=CARTESIAN_POINT('Origin',(105.0005,-24.038,11.5));
#2102=CARTESIAN_POINT('Origin',(29.3505,-5.538,18.3));
#2103=CARTESIAN_POINT('',(29.3505,-4.638,18.5));
#2104=CARTESIAN_POINT('',(29.3505,-4.638,18.5));
#2105=CARTESIAN_POINT('',(28.4505,-5.538,18.5));
#2106=CARTESIAN_POINT('Origin',(29.3505,-5.538,18.5));
#2107=CARTESIAN_POINT('',(28.8505,-5.538,18.1));
#2108=CARTESIAN_POINT('Origin',(28.6505,-45.01175,18.3));
#2109=CARTESIAN_POINT('',(28.4505,-24.038,18.5));
#2110=CARTESIAN_POINT('',(28.4505,-45.01175,18.5));
#2111=CARTESIAN_POINT('',(28.8505,-24.038,18.1));
#2112=CARTESIAN_POINT('Origin',(29.3505,-24.038,18.3));
#2113=CARTESIAN_POINT('',(29.3505,-24.938,18.5));
#2114=CARTESIAN_POINT('Origin',(29.3505,-24.038,18.5));
#2115=CARTESIAN_POINT('',(29.3505,-24.538,18.1));
#2116=CARTESIAN_POINT('Origin',(133.71325,-24.738,18.3));
#2117=CARTESIAN_POINT('',(105.0005,-24.938,18.5));
#2118=CARTESIAN_POINT('',(133.71325,-24.938,18.5));
#2119=CARTESIAN_POINT('',(105.0005,-24.538,18.1));
#2120=CARTESIAN_POINT('Origin',(105.0005,-24.038,18.3));
#2121=CARTESIAN_POINT('',(105.9005,-24.038,18.5));
#2122=CARTESIAN_POINT('Origin',(105.0005,-24.038,18.5));
#2123=CARTESIAN_POINT('',(105.5005,-24.038,18.1));
#2124=CARTESIAN_POINT('Origin',(105.7005,-35.76175,18.3));
#2125=CARTESIAN_POINT('',(105.9005,-5.53800000000001,18.5));
#2126=CARTESIAN_POINT('',(105.9005,-35.76175,18.5));
#2127=CARTESIAN_POINT('',(105.5005,-5.53800000000001,18.1));
#2128=CARTESIAN_POINT('Origin',(105.0005,-5.53800000000001,18.3));
#2129=CARTESIAN_POINT('',(105.0005,-4.638,18.5));
#2130=CARTESIAN_POINT('Origin',(105.0005,-5.53800000000001,18.5));
#2131=CARTESIAN_POINT('',(105.0005,-5.038,18.1));
#2132=CARTESIAN_POINT('Origin',(95.88825,-4.838,18.3));
#2133=CARTESIAN_POINT('',(95.88825,-4.638,18.5));
#2134=CARTESIAN_POINT('Origin',(110.313,-5.538,18.3));
#2135=CARTESIAN_POINT('',(110.313,-4.638,18.5));
#2136=CARTESIAN_POINT('',(110.313,-4.638,18.5));
#2137=CARTESIAN_POINT('',(109.413,-5.538,18.5));
#2138=CARTESIAN_POINT('Origin',(110.313,-5.538,18.5));
#2139=CARTESIAN_POINT('',(109.813,-5.538,18.1));
#2140=CARTESIAN_POINT('Origin',(109.613,-45.01175,18.3));
#2141=CARTESIAN_POINT('',(109.413,-24.038,18.5));
#2142=CARTESIAN_POINT('',(109.413,-45.01175,18.5));
#2143=CARTESIAN_POINT('',(109.813,-24.038,18.1));
#2144=CARTESIAN_POINT('Origin',(110.313,-24.038,18.3));
#2145=CARTESIAN_POINT('',(110.313,-24.938,18.5));
#2146=CARTESIAN_POINT('Origin',(110.313,-24.038,18.5));
#2147=CARTESIAN_POINT('',(110.313,-24.538,18.1));
#2148=CARTESIAN_POINT('Origin',(5.53800000000001,-29.3505,18.3));
#2149=CARTESIAN_POINT('',(5.53800000000001,-28.4505,18.5));
#2150=CARTESIAN_POINT('',(5.53800000000001,-28.4505,18.5));
#2151=CARTESIAN_POINT('',(4.63800000000002,-29.3505,18.5));
#2152=CARTESIAN_POINT('Origin',(5.53800000000001,-29.3505,18.5));
#2153=CARTESIAN_POINT('',(5.03800000000001,-29.3505,18.1));
#2154=CARTESIAN_POINT('Origin',(4.83800000000002,-95.018,18.3));
#2155=CARTESIAN_POINT('',(4.63800000000002,-124.0505,18.5));
#2156=CARTESIAN_POINT('',(4.63800000000002,-95.018,18.5));
#2157=CARTESIAN_POINT('',(5.03800000000001,-124.0505,18.1));
#2158=CARTESIAN_POINT('Origin',(5.53800000000002,-124.0505,18.3));
#2159=CARTESIAN_POINT('',(5.53800000000003,-124.9505,18.5));
#2160=CARTESIAN_POINT('Origin',(5.53800000000002,-124.0505,18.5));
#2161=CARTESIAN_POINT('',(5.53800000000001,-124.5505,18.1));
#2162=CARTESIAN_POINT('Origin',(162.426,-65.9855,15.5));
#2163=CARTESIAN_POINT('',(-6.99899999999999,-136.97,15.5));
#2164=CARTESIAN_POINT('Origin',(-4.99899999999999,-136.97,15.5));
#2165=CARTESIAN_POINT('Origin',(162.426,-65.9855,15.5));
#2166=CARTESIAN_POINT('',(160.426,-136.97,15.5));
#2167=CARTESIAN_POINT('Origin',(162.426,-136.97,15.5));
#2168=CARTESIAN_POINT('Origin',(162.426,-65.9855,15.5));
#2169=CARTESIAN_POINT('',(-6.99899999999999,4.999,15.5));
#2170=CARTESIAN_POINT('Origin',(-4.99899999999999,4.999,15.5));
#2171=CARTESIAN_POINT('Origin',(-4.99899999999999,4.999,11.5));
#2172=CARTESIAN_POINT('',(-6.99899999999999,4.999,11.8));
#2173=CARTESIAN_POINT('Origin',(-4.99899999999999,4.999,11.8));
#2174=CARTESIAN_POINT('',(-6.99899999999999,4.999,11.5));
#2175=CARTESIAN_POINT('Origin',(-4.99899999999999,4.999,11.65));
#2176=CARTESIAN_POINT('',(-7.29899999999999,4.999,11.5));
#2177=CARTESIAN_POINT('Origin',(-4.99899999999999,4.999,11.5));
#2178=CARTESIAN_POINT('',(-7.14899999999999,4.999,11.65));
#2179=CARTESIAN_POINT('Origin',(-4.99899999999999,-136.97,11.5));
#2180=CARTESIAN_POINT('',(-6.99899999999999,-136.97,11.8));
#2181=CARTESIAN_POINT('Origin',(-4.99899999999999,-136.97,11.8));
#2182=CARTESIAN_POINT('',(-6.99899999999999,-136.97,11.5));
#2183=CARTESIAN_POINT('Origin',(-4.99899999999999,-136.97,11.65));
#2184=CARTESIAN_POINT('',(-7.29899999999999,-136.97,11.5));
#2185=CARTESIAN_POINT('Origin',(-4.99899999999999,-136.97,11.5));
#2186=CARTESIAN_POINT('',(-7.14899999999999,-136.97,11.65));
#2187=CARTESIAN_POINT('Origin',(162.426,-136.97,11.5));
#2188=CARTESIAN_POINT('',(160.426,-136.97,11.8));
#2189=CARTESIAN_POINT('Origin',(162.426,-136.97,11.8));
#2190=CARTESIAN_POINT('',(160.426,-136.97,11.5));
#2191=CARTESIAN_POINT('Origin',(162.426,-136.97,11.65));
#2192=CARTESIAN_POINT('',(160.126,-136.97,11.5));
#2193=CARTESIAN_POINT('Origin',(162.426,-136.97,11.5));
#2194=CARTESIAN_POINT('',(160.276,-136.97,11.65));
#2195=CARTESIAN_POINT('Origin',(162.426,-65.9855,18.5));
#2196=CARTESIAN_POINT('',(150.276,-4.638,18.5));
#2197=CARTESIAN_POINT('',(150.276,8.999,18.5));
#2198=CARTESIAN_POINT('',(150.276,-35.8381265569792,18.5));
#2199=CARTESIAN_POINT('',(248.6385,8.999,18.5));
#2200=CARTESIAN_POINT('',(174.276,-140.97,18.5));
#2201=CARTESIAN_POINT('',(76.2135,-140.97,18.5));
#2202=CARTESIAN_POINT('',(174.276,-124.9505,18.5));
#2203=CARTESIAN_POINT('',(174.276,-105.838126556979,18.5));
#2204=CARTESIAN_POINT('',(207.532,-124.9505,18.5));
#2205=CARTESIAN_POINT('',(162.276,-28.4505,18.5));
#2206=CARTESIAN_POINT('',(83.982,-28.4505,18.5));
#2207=CARTESIAN_POINT('',(162.276,-24.938,18.5));
#2208=CARTESIAN_POINT('',(162.276,-93.3381265569792,18.5));
#2209=CARTESIAN_POINT('',(174.1945,-24.938,18.5));
#2210=CARTESIAN_POINT('',(136.3695,-4.638,18.5));
#2211=CARTESIAN_POINT('Origin',(76.2135,-141.54821723252,18.0061558297024));
#2212=CARTESIAN_POINT('',(174.276,-142.12643446504,17.5123116594049));
#2213=CARTESIAN_POINT('',(174.276,-144.352373612783,15.6111800263004));
#2214=CARTESIAN_POINT('',(76.2135,-142.12643446504,17.5123116594049));
#2215=CARTESIAN_POINT('Origin',(207.532,-124.7505,18.3));
#2216=CARTESIAN_POINT('',(174.276,-124.5505,18.1));
#2217=CARTESIAN_POINT('',(174.276,-128.28556327849,21.8350632784896));
#2218=CARTESIAN_POINT('',(207.532,-124.5505,18.1));
#2219=CARTESIAN_POINT('Origin',(-9.99899999999998,-143.065041255282,11.586181615834));
#2220=CARTESIAN_POINT('',(174.276,-143.078691082272,11.5));
#2221=CARTESIAN_POINT('',(174.276,-143.103827022648,11.3412979183788));
#2222=CARTESIAN_POINT('',(76.2135,-143.078691082272,11.5));
#2223=CARTESIAN_POINT('Origin',(162.426,-65.9855,11.5));
#2224=CARTESIAN_POINT('',(150.276,9.999,11.5));
#2225=CARTESIAN_POINT('',(150.276,-5.038,11.5));
#2226=CARTESIAN_POINT('',(150.276,-35.8381265569792,11.5));
#2227=CARTESIAN_POINT('',(136.3695,-5.038,11.5));
#2228=CARTESIAN_POINT('',(162.276,-24.538,11.5));
#2229=CARTESIAN_POINT('',(174.1945,-24.538,11.5));
#2230=CARTESIAN_POINT('',(162.276,-28.8505,11.5));
#2231=CARTESIAN_POINT('',(162.276,-93.3381265569792,11.5));
#2232=CARTESIAN_POINT('',(83.982,-28.8505,11.5));
#2233=CARTESIAN_POINT('',(174.276,-124.5505,11.5));
#2234=CARTESIAN_POINT('',(207.532,-124.5505,11.5));
#2235=CARTESIAN_POINT('',(174.276,-105.838126556979,11.5));
#2236=CARTESIAN_POINT('',(248.6385,9.999,11.5));
#2237=CARTESIAN_POINT('Origin',(252.638,-124.5505,11.5));
#2238=CARTESIAN_POINT('',(174.276,-124.5505,11.5));
#2239=CARTESIAN_POINT('Origin',(83.982,-28.6505,18.3));
#2240=CARTESIAN_POINT('',(162.276,-28.8505,18.1));
#2241=CARTESIAN_POINT('',(162.276,-53.3605632784896,-6.41006327848961));
#2242=CARTESIAN_POINT('',(83.982,-28.8505,18.1));
#2243=CARTESIAN_POINT('Origin',(174.1945,-24.738,18.3));
#2244=CARTESIAN_POINT('',(162.276,-24.538,18.1));
#2245=CARTESIAN_POINT('',(162.276,-47.0261882784896,40.5881882784896));
#2246=CARTESIAN_POINT('',(174.1945,-24.538,18.1));
#2247=CARTESIAN_POINT('Origin',(5.53800000000001,-28.8505,11.5));
#2248=CARTESIAN_POINT('',(162.276,-28.8505,11.5));
#2249=CARTESIAN_POINT('Origin',(185.963,-24.538,11.5));
#2250=CARTESIAN_POINT('',(162.276,-24.538,11.5));
#2251=CARTESIAN_POINT('Origin',(136.3695,-4.838,18.3));
#2252=CARTESIAN_POINT('',(150.276,-5.038,18.1));
#2253=CARTESIAN_POINT('',(150.276,-6.75118827848961,16.3868117215104));
#2254=CARTESIAN_POINT('',(136.3695,-5.038,18.1));
#2255=CARTESIAN_POINT('Origin',(248.6385,9.499,18.));
#2256=CARTESIAN_POINT('',(150.276,9.999,17.5));
#2257=CARTESIAN_POINT('',(150.276,7.32656172151039,20.1724382784896));
#2258=CARTESIAN_POINT('',(248.6385,9.999,17.5));
#2259=CARTESIAN_POINT('Origin',(110.313,-5.038,11.5));
#2260=CARTESIAN_POINT('',(150.276,-5.038,11.5));
#2261=CARTESIAN_POINT('Origin',(334.851,9.999,11.5));
#2262=CARTESIAN_POINT('',(150.276,9.999,11.5));
#2263=CARTESIAN_POINT('Origin',(174.276,-145.690753113958,11.5));
#2264=CARTESIAN_POINT('Origin',(162.276,-120.690753113958,11.5));
#2265=CARTESIAN_POINT('Origin',(150.276,-5.69075311395846,11.5));
#2266=UNCERTAINTY_MEASURE_WITH_UNIT(LENGTH_MEASURE(0.01),#2270,
'DISTANCE_ACCURACY_VALUE',
'Maximum model space distance between geometric entities at asserted c
onnectivities');
#2267=UNCERTAINTY_MEASURE_WITH_UNIT(LENGTH_MEASURE(0.01),#2270,
'DISTANCE_ACCURACY_VALUE',
'Maximum model space distance between geometric entities at asserted c
onnectivities');
#2268=(
GEOMETRIC_REPRESENTATION_CONTEXT(3)
GLOBAL_UNCERTAINTY_ASSIGNED_CONTEXT((#2266))
GLOBAL_UNIT_ASSIGNED_CONTEXT((#2270,#2272,#2273))
REPRESENTATION_CONTEXT('','3D')
);
#2269=(
GEOMETRIC_REPRESENTATION_CONTEXT(3)
GLOBAL_UNCERTAINTY_ASSIGNED_CONTEXT((#2267))
GLOBAL_UNIT_ASSIGNED_CONTEXT((#2270,#2272,#2273))
REPRESENTATION_CONTEXT('','3D')
);
#2270=(
LENGTH_UNIT()
NAMED_UNIT(*)
SI_UNIT(.MILLI.,.METRE.)
);
#2271=(
LENGTH_UNIT()
NAMED_UNIT(*)
SI_UNIT($,.METRE.)
);
#2272=(
NAMED_UNIT(*)
PLANE_ANGLE_UNIT()
SI_UNIT($,.RADIAN.)
);
#2273=(
NAMED_UNIT(*)
SI_UNIT($,.STERADIAN.)
SOLID_ANGLE_UNIT()
);
#2274=SHAPE_DEFINITION_REPRESENTATION(#2275,#2276);
#2275=PRODUCT_DEFINITION_SHAPE('',$,#2278);
#2276=SHAPE_REPRESENTATION('',(#1335),#2268);
#2277=PRODUCT_DEFINITION_CONTEXT('part definition',#2282,'design');
#2278=PRODUCT_DEFINITION('Top Left','Top Left',#2279,#2277);
#2279=PRODUCT_DEFINITION_FORMATION('',$,#2284);
#2280=PRODUCT_RELATED_PRODUCT_CATEGORY('Top Left','Top Left',(#2284));
#2281=APPLICATION_PROTOCOL_DEFINITION('international standard',
'automotive_design',2009,#2282);
#2282=APPLICATION_CONTEXT(
'Core Data for Automotive Mechanical Design Process');
#2283=PRODUCT_CONTEXT('part definition',#2282,'mechanical');
#2284=PRODUCT('Top Left','Top Left',$,(#2283));
#2285=PRESENTATION_STYLE_ASSIGNMENT((#2287));
#2286=PRESENTATION_STYLE_ASSIGNMENT((#2288));
#2287=SURFACE_STYLE_USAGE(.BOTH.,#2289);
#2288=SURFACE_STYLE_USAGE(.BOTH.,#2290);
#2289=SURFACE_SIDE_STYLE('',(#2291));
#2290=SURFACE_SIDE_STYLE('',(#2292));
#2291=SURFACE_STYLE_FILL_AREA(#2293);
#2292=SURFACE_STYLE_FILL_AREA(#2294);
#2293=FILL_AREA_STYLE('Steel - Satin',(#2295));
#2294=FILL_AREA_STYLE('Plastic - Glossy (Black)',(#2296));
#2295=FILL_AREA_STYLE_COLOUR('Steel - Satin',#2297);
#2296=FILL_AREA_STYLE_COLOUR('Plastic - Glossy (Black)',#2298);
#2297=COLOUR_RGB('Steel - Satin',0.627450980392157,0.627450980392157,0.627450980392157);
#2298=COLOUR_RGB('Plastic - Glossy (Black)',0.0980392156862745,0.0980392156862745,
0.0980392156862745);
ENDSEC;
END-ISO-10303-21;
